id	data	turno	escola_id	receita_id	item	porcoes_preparadas	porcoes_servidas	sobra_nao_distribuida	resto_no_prato	origem
062a81c5-601e-4fa4-9c57-093412ee279b	2025-09-26	MANHA	2	84f7e794-a400-5d46-9efe-1c8a8f2f711d	Suco de fruta natural	47	46	1	2	SINTETICO
f40f6e22-75bd-44b9-8ad0-173741074174	2025-09-26	MANHA	2	0db97b08-9e92-541d-b2d2-1bc810f8fbe8	Iogurte	18	18	0	1	SINTETICO
b9b8b6bf-0eaf-4dc2-afbd-9bfe64be13cd	2025-09-26	MANHA	2	8d81f03d-d710-5316-abc7-1763074292b4	Cenoura refogada	0	0	0	0	SINTETICO
f277afc4-b882-462c-9b14-6fbb7db00428	2025-09-26	MANHA	2	1b450f5b-ecde-5880-ad0a-91ce0920069d	Maca	66	64	2	3	SINTETICO
3dd1fd0d-b5fe-4f51-bfe8-3b637a70a533	2025-09-26	MANHA	2	9bf7d50c-378c-58f7-ba1a-0dccafffc54c	Bolacha doce	11	10	1	0	SINTETICO
d6208c67-9734-417f-9470-c6f4bfaaa1ff	2025-09-26	INTEGRAL	4	153737d9-caa6-55d5-b086-f7e83fdab4d2	Pao com manteiga	69	63	6	3	SINTETICO
8d245112-b1c9-4508-9c2d-553e540f9e5a	2025-09-26	INTEGRAL	4	1b450f5b-ecde-5880-ad0a-91ce0920069d	Maca	0	0	0	0	SINTETICO
f7559a1f-3b8e-45c2-800b-28cac22ba05d	2025-09-26	INTEGRAL	4	0db97b08-9e92-541d-b2d2-1bc810f8fbe8	Iogurte	0	0	0	0	SINTETICO
c8c8f94a-ba01-4742-9c5c-d6ddc4281726	2025-09-26	INTEGRAL	4	b6f014a3-eaad-57c0-8ee9-24eb9abb819a	Cuscuz	0	0	0	0	SINTETICO
aecfa41d-9140-4b34-a971-6798dad6018b	2025-09-26	INTEGRAL	4	6753aa6f-0f7e-5208-8cd6-9e7a8733ef22	Leite com achocolatado	9	8	1	0	SINTETICO
eacca324-7004-4e2a-9583-be366ff2ad86	2025-09-26	MANHA	5	b6f014a3-eaad-57c0-8ee9-24eb9abb819a	Cuscuz	390	351	39	38	SINTETICO
55d4b0c4-8772-4889-a007-dff124c07dcb	2025-09-26	MANHA	5	84f7e794-a400-5d46-9efe-1c8a8f2f711d	Suco de fruta natural	94	89	5	4	SINTETICO
f0ec3003-8450-48a3-ae89-d51f85d9017d	2025-09-26	MANHA	5	79ca1872-52e0-59dd-af29-543b793c0860	Macarrao ao sugo	14	13	1	1	SINTETICO
86ea3799-73b5-4b65-87c4-f984af5edd17	2025-09-26	MANHA	5	9bf7d50c-378c-58f7-ba1a-0dccafffc54c	Bolacha doce	26	23	3	1	SINTETICO
3d2092ea-c7a1-4fb6-b03b-345f24db8079	2025-09-26	TARDE	6	6753aa6f-0f7e-5208-8cd6-9e7a8733ef22	Leite com achocolatado	93	84	9	4	SINTETICO
70df002f-5f77-4e3c-a7f9-2ee0c5aeead4	2025-09-26	INTEGRAL	7	1b450f5b-ecde-5880-ad0a-91ce0920069d	Maca	5	4	1	0	SINTETICO
c206f1d5-ce26-44e8-b4dd-736711cbba27	2025-09-26	INTEGRAL	7	2f723cf1-ddd6-58e2-881e-3ab45db8cd2d	Feijao carioca	36	32	4	4	SINTETICO
c42e6949-4c50-4254-8649-deb11ae7652a	2025-09-26	INTEGRAL	7	84f7e794-a400-5d46-9efe-1c8a8f2f711d	Suco de fruta natural	55	54	1	3	SINTETICO
2d8e9c98-f4a6-4669-8bb2-47b86b9c4bef	2025-09-26	INTEGRAL	7	eed1d0ec-938c-53ef-94b9-626452f5fbd2	Sopa de legumes	68	63	5	16	SINTETICO
344e0aa4-e08b-4660-bfd8-1dcb6f3d5a8d	2025-09-26	INTEGRAL	7	153737d9-caa6-55d5-b086-f7e83fdab4d2	Pao com manteiga	33	29	4	2	SINTETICO
45a16851-09a0-480a-bf85-4fdd3dd7e6db	2025-09-26	INTEGRAL	8	2f723cf1-ddd6-58e2-881e-3ab45db8cd2d	Feijao carioca	93	86	7	9	SINTETICO
f449e562-b401-4ecb-870b-3e2626de0073	2025-09-26	INTEGRAL	8	153737d9-caa6-55d5-b086-f7e83fdab4d2	Pao com manteiga	30	29	1	1	SINTETICO
0c7312f6-8fee-4a41-ac59-c5964fbb72c7	2025-09-26	INTEGRAL	8	84f7e794-a400-5d46-9efe-1c8a8f2f711d	Suco de fruta natural	46	41	5	2	SINTETICO
03157f05-4cb8-4a58-8696-a75549db364e	2025-09-26	INTEGRAL	8	6753aa6f-0f7e-5208-8cd6-9e7a8733ef22	Leite com achocolatado	245	220	25	13	SINTETICO
f9cab21b-cc1d-4cf5-9646-9e15923d009f	2025-09-26	INTEGRAL	9	eed1d0ec-938c-53ef-94b9-626452f5fbd2	Sopa de legumes	51	50	1	13	SINTETICO
89fbc3e3-3bce-4e40-bbd9-169a74ca8af4	2025-09-26	INTEGRAL	9	6753aa6f-0f7e-5208-8cd6-9e7a8733ef22	Leite com achocolatado	11	11	0	1	SINTETICO
100fb602-0ee0-4d0f-8333-3c4ca95e1386	2025-09-26	INTEGRAL	9	153737d9-caa6-55d5-b086-f7e83fdab4d2	Pao com manteiga	1	1	0	0	SINTETICO
6a1daf0d-6fcf-4c71-aabd-f9053643c515	2025-09-26	INTEGRAL	10	1b450f5b-ecde-5880-ad0a-91ce0920069d	Maca	18	18	0	1	SINTETICO
38bd8be7-4c36-46fe-ae87-9b65f3eefeea	2025-09-26	INTEGRAL	10	b6cbc98d-85cf-5628-a89e-560cfa264267	Coxa e sobrecoxa de frango ao molho de tomate	38	35	3	5	SINTETICO
3b0a02cf-3b6d-4b65-9450-8e968a547ab1	2025-09-26	INTEGRAL	11	84f7e794-a400-5d46-9efe-1c8a8f2f711d	Suco de fruta natural	0	0	0	0	SINTETICO
5f2dd48e-3892-46f6-82a0-e4b1a406d464	2025-09-26	INTEGRAL	13	9bf7d50c-378c-58f7-ba1a-0dccafffc54c	Bolacha doce	332	331	1	18	SINTETICO
9bb6fb58-ac51-422f-845f-7020d417eea8	2025-09-26	INTEGRAL	13	153737d9-caa6-55d5-b086-f7e83fdab4d2	Pao com manteiga	9	8	1	0	SINTETICO
82bbdbbe-082e-4c97-8384-064d444af234	2025-09-26	INTEGRAL	13	6ce7a969-7c2b-5a21-b072-594a4412ab8b	Arroz branco	43	40	3	3	SINTETICO
79e05fba-c52d-4be4-8e81-9dc8ce64b0ca	2025-09-26	INTEGRAL	13	0db97b08-9e92-541d-b2d2-1bc810f8fbe8	Iogurte	75	70	5	5	SINTETICO
4fc306b6-0387-4d21-a203-be0f8c0ba1eb	2025-09-26	INTEGRAL	13	79ca1872-52e0-59dd-af29-543b793c0860	Macarrao ao sugo	2	2	0	0	SINTETICO
500144f4-17cd-42fe-bc7d-361e83197516	2025-09-26	TARDE	14	6ce7a969-7c2b-5a21-b072-594a4412ab8b	Arroz branco	99	92	7	5	SINTETICO
8211acfd-6313-4151-ad87-95c975036aca	2025-09-29	INTEGRAL	1	79ca1872-52e0-59dd-af29-543b793c0860	Macarrao ao sugo	65	65	0	10	SINTETICO
aa46f8ad-8ff8-45e2-ae0c-5351623378c2	2025-09-29	INTEGRAL	1	153737d9-caa6-55d5-b086-f7e83fdab4d2	Pao com manteiga	72	69	3	4	SINTETICO
d35a63c8-7f21-480d-bb60-ea996b06c9d3	2025-09-29	INTEGRAL	1	6ce7a969-7c2b-5a21-b072-594a4412ab8b	Arroz branco	55	51	4	3	SINTETICO
8802de65-2ba3-40ff-9f95-9915a29e2cb5	2025-09-29	MANHA	2	9bf7d50c-378c-58f7-ba1a-0dccafffc54c	Bolacha doce	2	2	0	0	SINTETICO
aa3a5df3-b965-4b11-97b4-886fe7aa5dee	2025-09-29	MANHA	2	84f7e794-a400-5d46-9efe-1c8a8f2f711d	Suco de fruta natural	9	9	0	1	SINTETICO
def72893-579c-43cb-8411-41a1f0d12fd2	2025-09-29	INTEGRAL	5	79ca1872-52e0-59dd-af29-543b793c0860	Macarrao ao sugo	35	33	2	4	SINTETICO
1cb9d2f2-a8d6-4155-ac47-d9b24ff7ec28	2025-09-29	MANHA	7	0db97b08-9e92-541d-b2d2-1bc810f8fbe8	Iogurte	1	1	0	0	SINTETICO
7998a0c5-d96c-4b4c-b247-5cf14087cac5	2025-09-29	MANHA	7	84f7e794-a400-5d46-9efe-1c8a8f2f711d	Suco de fruta natural	16	14	2	1	SINTETICO
a922dff0-48cb-4f10-a5d3-104a5857b47a	2025-09-29	MANHA	7	add956e1-36ad-584e-b1e4-a4a8db28315f	Banana	49	44	5	2	SINTETICO
0e1370fe-3224-4734-98cf-2b0b768191cd	2025-09-29	MANHA	8	153737d9-caa6-55d5-b086-f7e83fdab4d2	Pao com manteiga	8	7	1	0	SINTETICO
6790195a-2653-4229-95f1-4c512ddf1264	2025-09-29	TARDE	9	79ca1872-52e0-59dd-af29-543b793c0860	Macarrao ao sugo	179	165	14	22	SINTETICO
1266f692-04ab-4873-a397-4e94f373f935	2025-09-29	TARDE	9	1b450f5b-ecde-5880-ad0a-91ce0920069d	Maca	5	5	0	0	SINTETICO
b718b5d2-761e-4a72-a007-d5fd8860288e	2025-09-29	TARDE	9	d0f748b6-0ca4-5794-9480-45981f00672c	Ensopado de mandioca	33	30	3	5	SINTETICO
ea5724c9-fabb-40fc-84fe-c88bedcb58fa	2025-09-29	TARDE	9	b6f014a3-eaad-57c0-8ee9-24eb9abb819a	Cuscuz	2	2	0	0	SINTETICO
d0a70c46-2adc-49b7-be44-4d0acf6ccc42	2025-09-29	INTEGRAL	11	84f7e794-a400-5d46-9efe-1c8a8f2f711d	Suco de fruta natural	29	26	3	1	SINTETICO
ad9f3d24-5c87-408b-b366-db8cefa9be13	2025-09-29	INTEGRAL	11	153737d9-caa6-55d5-b086-f7e83fdab4d2	Pao com manteiga	10	9	1	0	SINTETICO
61f5075f-b47d-4c84-93a8-89eb908b649b	2025-09-29	INTEGRAL	11	b6f014a3-eaad-57c0-8ee9-24eb9abb819a	Cuscuz	63	60	3	8	SINTETICO
cf0d62d6-2cde-43ae-bc6d-c001046f7c82	2025-09-29	INTEGRAL	11	0db97b08-9e92-541d-b2d2-1bc810f8fbe8	Iogurte	25	23	2	1	SINTETICO
4b283357-1e02-4eb6-ba4d-8e1865a7357d	2025-09-29	INTEGRAL	11	6ce7a969-7c2b-5a21-b072-594a4412ab8b	Arroz branco	42	40	2	2	SINTETICO
d2e9a402-098c-4e1c-9edb-3c4cf8e28d33	2025-09-29	INTEGRAL	14	0db97b08-9e92-541d-b2d2-1bc810f8fbe8	Iogurte	288	256	32	12	SINTETICO
75017992-52ce-4df4-ae71-a6739e64a7e6	2025-09-29	INTEGRAL	15	eed1d0ec-938c-53ef-94b9-626452f5fbd2	Sopa de legumes	1	1	0	0	SINTETICO
70845ee0-f70d-4d52-97a5-46b17ea0ba48	2025-09-29	INTEGRAL	15	84f7e794-a400-5d46-9efe-1c8a8f2f711d	Suco de fruta natural	85	79	6	5	SINTETICO
1f6cae50-d89e-4864-9bab-100eb70a0c9a	2025-09-29	TARDE	16	78b49edf-4e8b-5161-8bc0-ae05e86853d0	Carne moida tipo pastel	7	7	0	1	SINTETICO
f1349891-a3e4-4551-be26-3f6aaea1274f	2025-09-29	INTEGRAL	18	0db97b08-9e92-541d-b2d2-1bc810f8fbe8	Iogurte	2	2	0	0	SINTETICO
cbb6f1d8-73c6-4d2f-a30b-13420064ac55	2025-09-30	TARDE	1	e9939964-7e5f-542e-9526-0c743b00ffb0	Salada de tomate	132	117	15	17	SINTETICO
366fa978-e60d-4c1f-b8b4-5311490e9c30	2025-09-30	INTEGRAL	2	153737d9-caa6-55d5-b086-f7e83fdab4d2	Pao com manteiga	3	3	0	0	SINTETICO
0451dafd-0083-480f-a88b-32d11fb6f308	2025-09-30	INTEGRAL	2	2f723cf1-ddd6-58e2-881e-3ab45db8cd2d	Feijao carioca	85	74	11	6	SINTETICO
71ce76d6-2e2b-4100-ad1e-149b12ccacac	2025-09-30	TARDE	4	79ca1872-52e0-59dd-af29-543b793c0860	Macarrao ao sugo	14	14	0	2	SINTETICO
423b1ada-6b5f-4853-8de3-547f6391f848	2025-09-30	TARDE	4	b6f014a3-eaad-57c0-8ee9-24eb9abb819a	Cuscuz	260	246	14	31	SINTETICO
85bf4cce-e393-4f61-a6b9-f0793fa87fa6	2025-09-30	TARDE	4	1b450f5b-ecde-5880-ad0a-91ce0920069d	Maca	60	55	5	2	SINTETICO
7fbba1bc-e904-4049-a533-1835c4a41b4b	2025-09-30	MANHA	5	84f7e794-a400-5d46-9efe-1c8a8f2f711d	Suco de fruta natural	405	371	34	20	SINTETICO
58639325-3b4e-49c7-a50f-945689b046ca	2025-09-30	MANHA	5	6ce7a969-7c2b-5a21-b072-594a4412ab8b	Arroz branco	19	17	2	1	SINTETICO
05b670b2-7dc3-4f72-aff6-ad862c51b7b8	2025-09-30	INTEGRAL	6	eed1d0ec-938c-53ef-94b9-626452f5fbd2	Sopa de legumes	48	45	3	16	SINTETICO
f255f1e9-3af3-4a17-9b8f-2f6ec46ff22c	2025-09-30	INTEGRAL	6	9bf7d50c-378c-58f7-ba1a-0dccafffc54c	Bolacha doce	0	0	0	0	SINTETICO
da29763c-fbb2-4af8-98cf-f96a4e0d54d3	2025-09-30	INTEGRAL	6	153737d9-caa6-55d5-b086-f7e83fdab4d2	Pao com manteiga	0	0	0	0	SINTETICO
84271687-b502-40e9-8230-0a55f48edca1	2025-09-30	INTEGRAL	6	79ca1872-52e0-59dd-af29-543b793c0860	Macarrao ao sugo	28	26	2	3	SINTETICO
b62f9c7e-fd19-4178-a607-d5670c94e0fc	2025-09-30	TARDE	7	84f7e794-a400-5d46-9efe-1c8a8f2f711d	Suco de fruta natural	55	49	6	2	SINTETICO
d682c9ad-81c3-499e-9bcc-e545e2d637d3	2025-09-30	TARDE	7	9bf7d50c-378c-58f7-ba1a-0dccafffc54c	Bolacha doce	18	17	1	1	SINTETICO
cd4bfaa5-d528-4f28-859e-1a1920729a89	2025-09-30	TARDE	7	b6f014a3-eaad-57c0-8ee9-24eb9abb819a	Cuscuz	2	2	0	0	SINTETICO
c6b389b1-be94-44be-bdc1-5b4f73b2e486	2025-09-30	TARDE	7	6753aa6f-0f7e-5208-8cd6-9e7a8733ef22	Leite com achocolatado	106	103	3	6	SINTETICO
f6b72b32-b795-4054-b2ec-98330b1b1d6b	2025-09-30	INTEGRAL	8	0db97b08-9e92-541d-b2d2-1bc810f8fbe8	Iogurte	45	40	5	2	SINTETICO
b5bcdd8d-5f95-46d6-81c2-b859452d1a6c	2025-09-30	INTEGRAL	8	79ca1872-52e0-59dd-af29-543b793c0860	Macarrao ao sugo	100	93	7	12	SINTETICO
8758e38b-4500-4467-97d7-c46410db9d4a	2025-09-30	INTEGRAL	8	add956e1-36ad-584e-b1e4-a4a8db28315f	Banana	106	93	13	4	SINTETICO
fe4a2ec4-4318-4057-876c-1ca6b0d489a7	2025-09-30	MANHA	11	9c858519-faab-50d6-9561-8f90f4f84567	Guisado com moranga	0	0	0	0	SINTETICO
45e46e7f-a3a5-456d-ba1f-23b6d87b4450	2025-09-30	MANHA	11	6ce7a969-7c2b-5a21-b072-594a4412ab8b	Arroz branco	16	14	2	1	SINTETICO
dbbdb1d7-1343-47ac-b407-6560b24c21a5	2025-09-30	INTEGRAL	12	eed1d0ec-938c-53ef-94b9-626452f5fbd2	Sopa de legumes	21	20	1	6	SINTETICO
bc2aece8-0a8b-4644-966c-824cd8f02f9d	2025-09-30	INTEGRAL	12	9c858519-faab-50d6-9561-8f90f4f84567	Guisado com moranga	45	41	4	9	SINTETICO
a8896c6b-8e63-4200-8e21-63b0ef52e87d	2025-09-30	INTEGRAL	18	9bf7d50c-378c-58f7-ba1a-0dccafffc54c	Bolacha doce	399	361	38	19	SINTETICO
bdd6a6af-2b14-4d3d-9b94-432879160e76	2025-09-30	INTEGRAL	18	add956e1-36ad-584e-b1e4-a4a8db28315f	Banana	4	4	0	0	SINTETICO
1aa55564-c16e-46e8-a437-d8eb298f1237	2025-10-01	INTEGRAL	1	9bf7d50c-378c-58f7-ba1a-0dccafffc54c	Bolacha doce	17	17	0	1	SINTETICO
65f514d4-437b-42ad-9e73-4018a8e2333b	2025-10-01	INTEGRAL	1	b6f014a3-eaad-57c0-8ee9-24eb9abb819a	Cuscuz	16	15	1	2	SINTETICO
9cede267-9d07-43ed-994c-fdd1d48fd148	2025-10-01	INTEGRAL	1	153737d9-caa6-55d5-b086-f7e83fdab4d2	Pao com manteiga	168	168	0	8	SINTETICO
7d087de9-9f00-406d-9c9e-8fa686731588	2025-10-01	MANHA	2	6753aa6f-0f7e-5208-8cd6-9e7a8733ef22	Leite com achocolatado	11	10	1	1	SINTETICO
7eb3b74a-1f5d-4d09-9c80-dca398f86abc	2025-10-01	MANHA	3	b6f014a3-eaad-57c0-8ee9-24eb9abb819a	Cuscuz	31	29	2	4	SINTETICO
6b02907f-f1f3-46a8-851a-81dc7439fd3e	2025-10-01	MANHA	3	79ca1872-52e0-59dd-af29-543b793c0860	Macarrao ao sugo	8	8	0	1	SINTETICO
d8173c52-704b-411b-8d07-a4b50e4a2137	2025-10-01	MANHA	3	6ce7a969-7c2b-5a21-b072-594a4412ab8b	Arroz branco	26	25	1	1	SINTETICO
8f5d8877-508b-422e-b365-e6b69090b670	2025-10-01	MANHA	3	2f723cf1-ddd6-58e2-881e-3ab45db8cd2d	Feijao carioca	79	73	6	6	SINTETICO
077c258f-f61e-494b-8bcb-af85fe77eda1	2025-10-01	MANHA	3	84f7e794-a400-5d46-9efe-1c8a8f2f711d	Suco de fruta natural	1	1	0	0	SINTETICO
6164c2e6-950e-4c47-87cb-85d92900cdcf	2025-10-01	INTEGRAL	4	2f723cf1-ddd6-58e2-881e-3ab45db8cd2d	Feijao carioca	41	36	5	3	SINTETICO
b142375d-e3ef-433c-ad7f-b0c052004637	2025-10-01	INTEGRAL	4	6ce7a969-7c2b-5a21-b072-594a4412ab8b	Arroz branco	37	36	1	3	SINTETICO
3f863196-9625-41a6-b67f-01d4c227fc07	2025-10-01	INTEGRAL	5	b6f014a3-eaad-57c0-8ee9-24eb9abb819a	Cuscuz	45	43	2	4	SINTETICO
533865d9-38ae-43a7-9ab7-76e75f2d5ec9	2025-10-01	INTEGRAL	5	9bf7d50c-378c-58f7-ba1a-0dccafffc54c	Bolacha doce	0	0	0	0	SINTETICO
2a8bdd88-0e83-499f-a5e2-16ccde439879	2025-10-01	INTEGRAL	6	6753aa6f-0f7e-5208-8cd6-9e7a8733ef22	Leite com achocolatado	8	7	1	0	SINTETICO
b5c0e3a2-ae9b-4525-8b28-892060f584d2	2025-10-01	INTEGRAL	6	2f723cf1-ddd6-58e2-881e-3ab45db8cd2d	Feijao carioca	284	250	34	18	SINTETICO
edc812ab-dd3a-44eb-8e69-799a312dd7f8	2025-10-01	INTEGRAL	6	1b450f5b-ecde-5880-ad0a-91ce0920069d	Maca	2	2	0	0	SINTETICO
4488b363-ea43-4392-ab42-a9793f8ac977	2025-10-01	INTEGRAL	6	3331b130-8600-5a59-9e35-f970f9ea497e	Ovo mexido	42	39	3	6	SINTETICO
584ee25f-b462-40a1-89b5-c109ebf68ad9	2025-10-01	INTEGRAL	6	0db97b08-9e92-541d-b2d2-1bc810f8fbe8	Iogurte	40	37	3	3	SINTETICO
3adea889-c1fb-4dec-8ea6-bc981bfdd051	2025-10-01	INTEGRAL	8	0db97b08-9e92-541d-b2d2-1bc810f8fbe8	Iogurte	49	47	2	2	SINTETICO
aee1bb63-89c1-4d7e-8443-1e0231c58d35	2025-10-01	INTEGRAL	9	79ca1872-52e0-59dd-af29-543b793c0860	Macarrao ao sugo	0	0	0	0	SINTETICO
15bd2276-df38-40b1-83cd-bb02b8a758a9	2025-10-01	INTEGRAL	9	add956e1-36ad-584e-b1e4-a4a8db28315f	Banana	51	50	1	2	SINTETICO
03d445ce-7167-4328-94ae-374a60019bb3	2025-10-01	INTEGRAL	9	6ce7a969-7c2b-5a21-b072-594a4412ab8b	Arroz branco	11	10	1	1	SINTETICO
033edd8d-4298-4de7-8932-2801f686d51c	2025-10-01	INTEGRAL	9	b6f014a3-eaad-57c0-8ee9-24eb9abb819a	Cuscuz	67	60	7	8	SINTETICO
f5730a6c-1737-471b-bd10-a83074f6ee5c	2025-10-01	INTEGRAL	9	0db97b08-9e92-541d-b2d2-1bc810f8fbe8	Iogurte	1	1	0	0	SINTETICO
56f72369-847b-4d07-bea6-a10085c0041f	2025-10-01	MANHA	10	2f723cf1-ddd6-58e2-881e-3ab45db8cd2d	Feijao carioca	110	106	4	9	SINTETICO
d9eff0ab-ac68-48be-a3a7-cbf68ad8a046	2025-10-01	INTEGRAL	11	1b450f5b-ecde-5880-ad0a-91ce0920069d	Maca	2	2	0	0	SINTETICO
a7d85326-9bda-4fc8-aa10-16a69a141d34	2025-10-01	INTEGRAL	11	2f723cf1-ddd6-58e2-881e-3ab45db8cd2d	Feijao carioca	45	41	4	3	SINTETICO
7382e135-aa56-493d-9b20-f717a117784d	2025-10-01	TARDE	12	b6f014a3-eaad-57c0-8ee9-24eb9abb819a	Cuscuz	113	105	8	16	SINTETICO
179d27f9-7d8b-4ccd-a0e6-b7d7087623bb	2025-10-01	TARDE	12	0db97b08-9e92-541d-b2d2-1bc810f8fbe8	Iogurte	0	0	0	0	SINTETICO
d3cda557-dee3-44ec-bd14-17be1cfa841b	2025-10-01	MANHA	13	2f723cf1-ddd6-58e2-881e-3ab45db8cd2d	Feijao carioca	3	3	0	0	SINTETICO
ce9be3dd-ba7a-4165-8a54-3cdf4186b0d6	2025-10-01	INTEGRAL	15	84f7e794-a400-5d46-9efe-1c8a8f2f711d	Suco de fruta natural	1	1	0	0	SINTETICO
42d6ba24-9d68-4ad8-873d-bbcdaf30e8b7	2025-10-01	INTEGRAL	16	84f7e794-a400-5d46-9efe-1c8a8f2f711d	Suco de fruta natural	65	59	6	2	SINTETICO
cead9222-cb61-4c1f-85c5-0dca4c30a5da	2025-10-01	INTEGRAL	16	9c858519-faab-50d6-9561-8f90f4f84567	Guisado com moranga	222	195	27	55	SINTETICO
81ab1e06-b2a3-4eae-ad37-2995e999b8f8	2025-10-01	INTEGRAL	17	153737d9-caa6-55d5-b086-f7e83fdab4d2	Pao com manteiga	46	43	3	3	SINTETICO
47f3fb6f-62d2-4f04-8ee9-f685b9c48f7e	2025-10-01	INTEGRAL	17	6ce7a969-7c2b-5a21-b072-594a4412ab8b	Arroz branco	9	9	0	1	SINTETICO
84079ddb-4689-4c3e-a1f8-3168dc10c597	2025-10-02	INTEGRAL	2	153737d9-caa6-55d5-b086-f7e83fdab4d2	Pao com manteiga	93	81	12	3	SINTETICO
cd96cbe3-cf93-4ffa-a79c-b4ddd18a0557	2025-10-02	INTEGRAL	2	add956e1-36ad-584e-b1e4-a4a8db28315f	Banana	43	43	0	2	SINTETICO
ddad60d2-2bb8-4867-8913-ebe2833ce268	2025-10-02	INTEGRAL	2	eed1d0ec-938c-53ef-94b9-626452f5fbd2	Sopa de legumes	79	76	3	25	SINTETICO
ba94a5e7-a6e4-4f0f-9a7d-d34963e2a466	2025-10-02	INTEGRAL	2	1b450f5b-ecde-5880-ad0a-91ce0920069d	Maca	45	40	5	2	SINTETICO
e946e2c8-5982-467c-9b2a-328d55fbd796	2025-10-02	INTEGRAL	3	79ca1872-52e0-59dd-af29-543b793c0860	Macarrao ao sugo	84	75	9	13	SINTETICO
4dc27473-15f0-4e4b-8964-a36210dae41d	2025-10-02	INTEGRAL	3	3331b130-8600-5a59-9e35-f970f9ea497e	Ovo mexido	27	26	1	3	SINTETICO
b4c2d74c-45cf-4cd2-b3e0-480562d7f29b	2025-10-02	INTEGRAL	5	eed1d0ec-938c-53ef-94b9-626452f5fbd2	Sopa de legumes	14	13	1	4	SINTETICO
a526c37b-b30b-47f1-9550-f1eab664a60a	2025-10-02	INTEGRAL	5	add956e1-36ad-584e-b1e4-a4a8db28315f	Banana	27	25	2	1	SINTETICO
a55fa856-ff4b-4295-8644-d848f11fed03	2025-10-02	INTEGRAL	6	877577bb-d17f-5df7-b369-9be72e456774	Chuchu	17	15	2	5	SINTETICO
ec0f7b7e-869f-4b26-9336-4fc5058ef67f	2025-10-02	INTEGRAL	7	2f723cf1-ddd6-58e2-881e-3ab45db8cd2d	Feijao carioca	9	8	1	1	SINTETICO
a1994a5f-565e-445f-9a85-a913aebffc41	2025-10-02	INTEGRAL	7	6753aa6f-0f7e-5208-8cd6-9e7a8733ef22	Leite com achocolatado	19	19	0	1	SINTETICO
4933f6ec-faa7-4d58-a6e1-6abb72a7ec1f	2025-10-02	TARDE	8	84f7e794-a400-5d46-9efe-1c8a8f2f711d	Suco de fruta natural	0	0	0	0	SINTETICO
2290e81a-5e9c-454d-9c92-50bf449a7eb1	2025-10-02	TARDE	8	b85fd879-2256-524c-b715-7f9cb93ccd01	Bolo de maca, sem acucar	2	2	0	0	SINTETICO
2932baa8-3099-4951-aa97-44efdb8d5f01	2025-10-02	MANHA	10	1b450f5b-ecde-5880-ad0a-91ce0920069d	Maca	53	47	6	3	SINTETICO
d57013d1-ad3d-4a4f-8781-6c419edcb69c	2025-10-02	MANHA	10	9bf7d50c-378c-58f7-ba1a-0dccafffc54c	Bolacha doce	1	1	0	0	SINTETICO
f52a3480-89c8-4d67-90e2-db1d8885c97a	2025-10-02	MANHA	10	b4612635-bcf9-56d3-bc95-ef912ff6a829	Cenoura cozida	44	39	5	5	SINTETICO
a0a2b0c8-c647-4505-8d31-b509c1d9bdfa	2025-10-02	INTEGRAL	12	79ca1872-52e0-59dd-af29-543b793c0860	Macarrao ao sugo	184	181	3	26	SINTETICO
c6bbd9c1-6b59-4a19-bdf2-49bea1bb7c86	2025-10-02	INTEGRAL	12	2f723cf1-ddd6-58e2-881e-3ab45db8cd2d	Feijao carioca	40	39	1	3	SINTETICO
a5ddbedc-ba3c-4c23-abe5-989381ca9b64	2025-10-02	INTEGRAL	12	add956e1-36ad-584e-b1e4-a4a8db28315f	Banana	18	16	2	0	SINTETICO
a1d619a4-9ee0-4347-bcbf-48b9024ba623	2025-10-02	INTEGRAL	12	6753aa6f-0f7e-5208-8cd6-9e7a8733ef22	Leite com achocolatado	137	126	11	6	SINTETICO
344e7f22-de9b-4cc4-851c-f6c0812a365d	2025-10-02	INTEGRAL	16	eed1d0ec-938c-53ef-94b9-626452f5fbd2	Sopa de legumes	3	3	0	1	SINTETICO
6f9ce12f-5c4e-4664-9177-7f9d40c142b4	2025-10-02	INTEGRAL	16	0db97b08-9e92-541d-b2d2-1bc810f8fbe8	Iogurte	48	42	6	2	SINTETICO
5ad4fe87-e2b6-4865-958d-69c61a274aff	2025-10-02	INTEGRAL	16	84f7e794-a400-5d46-9efe-1c8a8f2f711d	Suco de fruta natural	32	30	2	2	SINTETICO
9ac181b3-bd6c-40c6-8ecc-c2e06e1655e0	2025-10-02	INTEGRAL	16	cca859b8-2483-5cf4-ae24-67ba8ea4cb37	Pure de batata	111	101	10	12	SINTETICO
3ec3ed2a-7149-4dbd-860a-b715d9820c0f	2025-10-02	INTEGRAL	16	6753aa6f-0f7e-5208-8cd6-9e7a8733ef22	Leite com achocolatado	19	17	2	1	SINTETICO
5625f995-be00-433a-855a-c7e309cd10a1	2025-10-02	INTEGRAL	16	1b450f5b-ecde-5880-ad0a-91ce0920069d	Maca	1	1	0	0	SINTETICO
e5f2fd00-8fd8-4d6b-b108-55e6e5a870f3	2025-10-02	INTEGRAL	17	9bf7d50c-378c-58f7-ba1a-0dccafffc54c	Bolacha doce	56	49	7	2	SINTETICO
0e53dcf2-11a0-4b21-8571-ff7b69de119b	2025-10-03	MANHA	1	eed1d0ec-938c-53ef-94b9-626452f5fbd2	Sopa de legumes	47	44	3	16	SINTETICO
6f3ead77-cdb7-4544-aaea-078c3744b3e8	2025-10-03	MANHA	1	84f7e794-a400-5d46-9efe-1c8a8f2f711d	Suco de fruta natural	4	4	0	0	SINTETICO
f946a5fa-643d-43e3-9110-b8b74a28ae85	2025-10-03	MANHA	1	9bf7d50c-378c-58f7-ba1a-0dccafffc54c	Bolacha doce	0	0	0	0	SINTETICO
7bf81fa5-5750-4ee9-9c62-e0d67009336b	2025-10-03	INTEGRAL	2	1b450f5b-ecde-5880-ad0a-91ce0920069d	Maca	27	25	2	1	SINTETICO
6bf6e9c2-fd77-49cd-8329-e78e86ca8573	2025-10-03	INTEGRAL	2	79ca1872-52e0-59dd-af29-543b793c0860	Macarrao ao sugo	43	39	4	6	SINTETICO
cc78d848-083d-4c42-a636-a03843402b9a	2025-10-03	INTEGRAL	2	b6f014a3-eaad-57c0-8ee9-24eb9abb819a	Cuscuz	44	39	5	6	SINTETICO
580d63a2-3622-4a1f-a20a-d9109393d9ff	2025-10-03	MANHA	3	b6f014a3-eaad-57c0-8ee9-24eb9abb819a	Cuscuz	34	30	4	4	SINTETICO
92361766-8edb-482b-8cf3-332483d160c8	2025-10-03	MANHA	3	b85fd879-2256-524c-b715-7f9cb93ccd01	Bolo de maca, sem acucar	18	16	2	2	SINTETICO
d229dff3-2b0e-4f59-b416-afd73f92e1d1	2025-10-03	INTEGRAL	5	84f7e794-a400-5d46-9efe-1c8a8f2f711d	Suco de fruta natural	252	232	20	14	SINTETICO
2a204ae1-627f-41dc-bfb2-7215b23e0ccc	2025-10-03	INTEGRAL	7	84f7e794-a400-5d46-9efe-1c8a8f2f711d	Suco de fruta natural	22	21	1	1	SINTETICO
4eb3edc1-ccd4-49e2-9529-61970e910411	2025-10-03	MANHA	8	84f7e794-a400-5d46-9efe-1c8a8f2f711d	Suco de fruta natural	21	19	2	1	SINTETICO
ce3d1ab1-3a15-4cb3-8603-fb63aa01677e	2025-10-03	MANHA	8	2f723cf1-ddd6-58e2-881e-3ab45db8cd2d	Feijao carioca	14	12	2	1	SINTETICO
2eaf38a0-26ca-47ab-8074-5ff71f978212	2025-10-03	MANHA	8	79ca1872-52e0-59dd-af29-543b793c0860	Macarrao ao sugo	21	21	0	3	SINTETICO
aadcc08f-c63f-49e7-90a5-f4bcfdc43b9c	2025-10-03	MANHA	8	eed1d0ec-938c-53ef-94b9-626452f5fbd2	Sopa de legumes	10	9	1	3	SINTETICO
ad149841-24ff-40a7-a275-86bf6c205bc0	2025-10-03	MANHA	8	1b450f5b-ecde-5880-ad0a-91ce0920069d	Maca	49	43	6	2	SINTETICO
a649ae37-6cf8-4690-ac4a-ab52aea187e5	2025-10-03	MANHA	8	add956e1-36ad-584e-b1e4-a4a8db28315f	Banana	57	52	5	3	SINTETICO
0e7166fd-3d69-43e6-b1b2-c974d36cdfb0	2025-10-03	TARDE	9	eed1d0ec-938c-53ef-94b9-626452f5fbd2	Sopa de legumes	71	63	8	24	SINTETICO
03875752-62c2-4628-ab9a-8cec59a89681	2025-10-03	TARDE	9	0db97b08-9e92-541d-b2d2-1bc810f8fbe8	Iogurte	86	80	6	5	SINTETICO
c71d2ee9-c4ac-4ec9-85cd-c3749935b29f	2025-10-03	TARDE	9	b6f014a3-eaad-57c0-8ee9-24eb9abb819a	Cuscuz	100	95	5	11	SINTETICO
a62f4c60-2e67-48cb-9ace-e90a63c34072	2025-10-03	TARDE	9	153737d9-caa6-55d5-b086-f7e83fdab4d2	Pao com manteiga	55	50	5	2	SINTETICO
3cbd2b81-e2c1-45cb-a925-e5dbadba56a6	2025-10-03	INTEGRAL	10	6753aa6f-0f7e-5208-8cd6-9e7a8733ef22	Leite com achocolatado	102	95	7	6	SINTETICO
829045c4-231d-4929-8e6d-34dc6ed8f0a2	2025-10-03	INTEGRAL	10	79ca1872-52e0-59dd-af29-543b793c0860	Macarrao ao sugo	240	233	7	23	SINTETICO
975c7d1e-3d51-4c2c-b810-a49e2da2f175	2025-10-03	INTEGRAL	10	eed1d0ec-938c-53ef-94b9-626452f5fbd2	Sopa de legumes	7	7	0	2	SINTETICO
fbca06b7-827e-45e4-b1b7-94e7cebca44c	2025-10-03	INTEGRAL	11	6ce7a969-7c2b-5a21-b072-594a4412ab8b	Arroz branco	27	25	2	2	SINTETICO
b4f9ce42-a97f-4ca1-a762-261b4129e2d5	2025-10-03	MANHA	13	6753aa6f-0f7e-5208-8cd6-9e7a8733ef22	Leite com achocolatado	15	13	2	1	SINTETICO
9c175539-da88-411c-ac47-596b734f4fac	2025-10-03	MANHA	14	79ca1872-52e0-59dd-af29-543b793c0860	Macarrao ao sugo	0	0	0	0	SINTETICO
bcf48bfb-f66b-4f74-991c-9b5b527e2600	2025-10-03	INTEGRAL	15	153737d9-caa6-55d5-b086-f7e83fdab4d2	Pao com manteiga	13	13	0	1	SINTETICO
fbc9770d-a695-4f4d-9f6f-92ad371d2df4	2025-10-03	INTEGRAL	16	eed1d0ec-938c-53ef-94b9-626452f5fbd2	Sopa de legumes	0	0	0	0	SINTETICO
f012e13a-6190-42ff-a796-8ffa90321c64	2025-10-03	INTEGRAL	16	add956e1-36ad-584e-b1e4-a4a8db28315f	Banana	1	1	0	0	SINTETICO
ff430a91-25c0-469e-9e32-ca86da12f221	2025-10-03	INTEGRAL	16	2f723cf1-ddd6-58e2-881e-3ab45db8cd2d	Feijao carioca	0	0	0	0	SINTETICO
1b881754-86e4-4136-8c09-c581471a094a	2025-10-03	INTEGRAL	16	0db97b08-9e92-541d-b2d2-1bc810f8fbe8	Iogurte	59	56	3	4	SINTETICO
196dc283-1f17-4ef0-b0fa-09c5bbb93082	2025-10-03	INTEGRAL	16	9bf7d50c-378c-58f7-ba1a-0dccafffc54c	Bolacha doce	53	47	6	2	SINTETICO
61155606-8da3-43d5-9eb6-363bd0b7206c	2025-10-03	INTEGRAL	16	1b450f5b-ecde-5880-ad0a-91ce0920069d	Maca	92	87	5	4	SINTETICO
59fafa24-7494-4cc4-97e7-2ad07df0895d	2025-10-03	INTEGRAL	16	b85fd879-2256-524c-b715-7f9cb93ccd01	Bolo de maca, sem acucar	31	30	1	4	SINTETICO
5fede04a-092b-4a47-b8ce-1c87b43df852	2025-10-03	INTEGRAL	18	2f723cf1-ddd6-58e2-881e-3ab45db8cd2d	Feijao carioca	29	27	2	3	SINTETICO
386efcca-49a5-499d-901d-7c92c174b96f	2025-10-06	TARDE	1	79ca1872-52e0-59dd-af29-543b793c0860	Macarrao ao sugo	22	20	2	4	SINTETICO
3f0f98bb-24ca-433b-8044-01244da102f0	2025-10-06	INTEGRAL	2	add956e1-36ad-584e-b1e4-a4a8db28315f	Banana	56	51	5	2	SINTETICO
e987e3f0-29c8-4c2c-9f28-0af66b2bcd9c	2025-10-06	INTEGRAL	2	eed1d0ec-938c-53ef-94b9-626452f5fbd2	Sopa de legumes	23	21	2	4	SINTETICO
3d256e87-01b4-46f6-9d3d-07468472fca0	2025-10-06	INTEGRAL	4	9bf7d50c-378c-58f7-ba1a-0dccafffc54c	Bolacha doce	29	26	3	1	SINTETICO
20b95a22-4fff-462b-8a9e-9b1157ae0a2e	2025-10-06	INTEGRAL	4	6ce7a969-7c2b-5a21-b072-594a4412ab8b	Arroz branco	9	8	1	0	SINTETICO
e9500e4a-3dcd-4e93-ba4e-64ecb0d6ef9c	2025-10-06	INTEGRAL	4	1b450f5b-ecde-5880-ad0a-91ce0920069d	Maca	0	0	0	0	SINTETICO
05d17b89-c31b-4d87-8682-b1564920b599	2025-10-06	INTEGRAL	7	3331b130-8600-5a59-9e35-f970f9ea497e	Ovo mexido	87	83	4	8	SINTETICO
27704e03-f15b-45f0-9d36-aaca5fb1f19e	2025-10-06	INTEGRAL	8	2f723cf1-ddd6-58e2-881e-3ab45db8cd2d	Feijao carioca	44	42	2	4	SINTETICO
f0065eab-05a7-4221-a5da-0c547814332e	2025-10-06	TARDE	9	2f723cf1-ddd6-58e2-881e-3ab45db8cd2d	Feijao carioca	123	118	5	9	SINTETICO
559ad2f0-1baa-46f9-8ddc-7b0c1120e8a6	2025-10-06	TARDE	9	add956e1-36ad-584e-b1e4-a4a8db28315f	Banana	43	43	0	2	SINTETICO
fe7dcba3-b4b2-4229-8231-4658696b3e14	2025-10-06	MANHA	10	84f7e794-a400-5d46-9efe-1c8a8f2f711d	Suco de fruta natural	117	107	10	5	SINTETICO
a9630845-40c1-4e81-97c2-7a3d7a3da285	2025-10-06	INTEGRAL	13	0db97b08-9e92-541d-b2d2-1bc810f8fbe8	Iogurte	18	16	2	1	SINTETICO
02e9da76-7be7-45b3-b0c3-a122b8aed66f	2025-10-06	INTEGRAL	13	1b450f5b-ecde-5880-ad0a-91ce0920069d	Maca	0	0	0	0	SINTETICO
f94a0322-77b4-4456-b7f9-7e6b21b7ea71	2025-10-06	INTEGRAL	13	9bf7d50c-378c-58f7-ba1a-0dccafffc54c	Bolacha doce	35	31	4	1	SINTETICO
af089f90-74be-4784-b339-7ec5ae985a21	2025-10-06	INTEGRAL	14	6ce7a969-7c2b-5a21-b072-594a4412ab8b	Arroz branco	1	1	0	0	SINTETICO
29c74217-2f82-425c-bd01-56091f064a4a	2025-10-06	INTEGRAL	14	153737d9-caa6-55d5-b086-f7e83fdab4d2	Pao com manteiga	1	1	0	0	SINTETICO
09a2918c-4a23-4309-84eb-6869ac3c8549	2025-10-06	INTEGRAL	14	79ca1872-52e0-59dd-af29-543b793c0860	Macarrao ao sugo	0	0	0	0	SINTETICO
e880b2ee-b56f-431e-a3ee-1427e3fa6c61	2025-10-06	INTEGRAL	14	9bf7d50c-378c-58f7-ba1a-0dccafffc54c	Bolacha doce	62	59	3	4	SINTETICO
1e360bc5-7754-44c1-b197-5d8c410d26a6	2025-10-06	INTEGRAL	14	0db97b08-9e92-541d-b2d2-1bc810f8fbe8	Iogurte	92	91	1	7	SINTETICO
c626ccb0-0c54-4059-a0bb-64bf2e28c430	2025-10-06	INTEGRAL	15	2f723cf1-ddd6-58e2-881e-3ab45db8cd2d	Feijao carioca	2	2	0	0	SINTETICO
0cc6bfb5-2be7-4389-bee8-1be4c0c2dee0	2025-10-06	INTEGRAL	15	9bf7d50c-378c-58f7-ba1a-0dccafffc54c	Bolacha doce	403	377	26	17	SINTETICO
36daf220-18c3-4a9c-b30d-806b9d500b86	2025-10-06	INTEGRAL	17	1b450f5b-ecde-5880-ad0a-91ce0920069d	Maca	69	66	3	4	SINTETICO
cbb11aa2-b389-4c5c-90d5-32a0474aa5f3	2025-10-06	INTEGRAL	17	153737d9-caa6-55d5-b086-f7e83fdab4d2	Pao com manteiga	24	22	2	1	SINTETICO
f75d94bd-7c44-44bd-942f-c10c1992c946	2025-10-06	INTEGRAL	17	9bf7d50c-378c-58f7-ba1a-0dccafffc54c	Bolacha doce	67	59	8	4	SINTETICO
e942582f-87f8-4a65-808b-b0a1ff362807	2025-10-06	INTEGRAL	18	9bf7d50c-378c-58f7-ba1a-0dccafffc54c	Bolacha doce	2	2	0	0	SINTETICO
7e59407d-5a63-4532-98f8-a8fcc70ec19e	2025-10-06	INTEGRAL	18	84f7e794-a400-5d46-9efe-1c8a8f2f711d	Suco de fruta natural	14	13	1	1	SINTETICO
ed83609a-68ea-4207-974c-ea2560d38245	2025-10-06	INTEGRAL	18	6ce7a969-7c2b-5a21-b072-594a4412ab8b	Arroz branco	0	0	0	0	SINTETICO
a607efff-8403-48a3-b8cc-72dd663fe45f	2025-10-07	MANHA	1	84f7e794-a400-5d46-9efe-1c8a8f2f711d	Suco de fruta natural	7	6	1	0	SINTETICO
7aaa7922-1c80-42ee-9153-7e016bdb8857	2025-10-07	MANHA	1	eed1d0ec-938c-53ef-94b9-626452f5fbd2	Sopa de legumes	4	4	0	1	SINTETICO
fb4c6cc5-c18a-4da0-923a-4154282c1efb	2025-10-07	MANHA	1	1b450f5b-ecde-5880-ad0a-91ce0920069d	Maca	0	0	0	0	SINTETICO
7b45a840-064a-48ef-afd2-4bbeeb8fd079	2025-10-07	INTEGRAL	3	b6f014a3-eaad-57c0-8ee9-24eb9abb819a	Cuscuz	0	0	0	0	SINTETICO
bbaecd4e-7ec2-4f9f-a999-521b5e76bb6d	2025-10-07	MANHA	5	add956e1-36ad-584e-b1e4-a4a8db28315f	Banana	19	17	2	1	SINTETICO
4dadecbb-374b-4be1-bbcb-f5a9c669fa24	2025-10-07	MANHA	5	6ce7a969-7c2b-5a21-b072-594a4412ab8b	Arroz branco	80	72	8	4	SINTETICO
c998b96e-d345-4795-9445-712c9895fc99	2025-10-07	MANHA	5	84f7e794-a400-5d46-9efe-1c8a8f2f711d	Suco de fruta natural	55	51	4	2	SINTETICO
95d7225b-3adf-4324-9572-3a76076372ec	2025-10-07	INTEGRAL	6	6753aa6f-0f7e-5208-8cd6-9e7a8733ef22	Leite com achocolatado	67	62	5	5	SINTETICO
3e745831-1306-471e-858a-07c6e28c684a	2025-10-07	INTEGRAL	6	b6f014a3-eaad-57c0-8ee9-24eb9abb819a	Cuscuz	14	13	1	1	SINTETICO
895e7b04-d547-499e-bbb5-ffabde246cf7	2025-10-07	TARDE	7	1b450f5b-ecde-5880-ad0a-91ce0920069d	Maca	12	11	1	1	SINTETICO
88f1a0e6-3bf1-4562-aa3c-ac12001386cf	2025-10-07	TARDE	7	9bf7d50c-378c-58f7-ba1a-0dccafffc54c	Bolacha doce	229	212	17	10	SINTETICO
da3372ae-e57e-48e4-aa93-bf79d0ed9db0	2025-10-07	TARDE	7	153737d9-caa6-55d5-b086-f7e83fdab4d2	Pao com manteiga	347	306	41	18	SINTETICO
9f8f5521-1f4a-4149-883a-20e229765508	2025-10-07	MANHA	9	6753aa6f-0f7e-5208-8cd6-9e7a8733ef22	Leite com achocolatado	55	52	3	3	SINTETICO
4f5321eb-66ef-4537-8ac9-765627ec6ddb	2025-10-07	MANHA	9	b6f014a3-eaad-57c0-8ee9-24eb9abb819a	Cuscuz	48	46	2	7	SINTETICO
a6695ba2-6d23-458a-9328-9344317b15b0	2025-10-07	MANHA	9	9bf7d50c-378c-58f7-ba1a-0dccafffc54c	Bolacha doce	25	22	3	1	SINTETICO
f946c5a5-dd6a-49d3-8366-da02fed26921	2025-10-07	INTEGRAL	11	3d6a3f96-fe67-5811-98e8-2381c1ec5a70	Beterraba ralada	13	12	1	5	SINTETICO
7a05659e-e553-47cc-95c0-51518406b932	2025-10-07	INTEGRAL	11	0db97b08-9e92-541d-b2d2-1bc810f8fbe8	Iogurte	37	35	2	2	SINTETICO
5e4639c7-d0f6-47de-8f3f-5fa9fdb61de5	2025-10-07	INTEGRAL	12	79ca1872-52e0-59dd-af29-543b793c0860	Macarrao ao sugo	44	39	5	6	SINTETICO
cc56865c-d0f6-46e8-bba0-a3f34418bba9	2025-10-07	INTEGRAL	12	84f7e794-a400-5d46-9efe-1c8a8f2f711d	Suco de fruta natural	30	29	1	1	SINTETICO
562a7ac2-c59d-4d92-a861-0cc8fd17ce5a	2025-10-07	INTEGRAL	12	eed1d0ec-938c-53ef-94b9-626452f5fbd2	Sopa de legumes	23	22	1	8	SINTETICO
271dde9e-3aed-47ce-8955-a1b726565db4	2025-10-07	INTEGRAL	12	1b450f5b-ecde-5880-ad0a-91ce0920069d	Maca	2	2	0	0	SINTETICO
e5e3f026-4dd2-4432-85c8-1397a0bba7a5	2025-10-07	INTEGRAL	13	0db97b08-9e92-541d-b2d2-1bc810f8fbe8	Iogurte	14	14	0	1	SINTETICO
33b2f184-9cbd-4513-b57f-26e532496787	2025-10-07	INTEGRAL	13	add956e1-36ad-584e-b1e4-a4a8db28315f	Banana	0	0	0	0	SINTETICO
b8f2c502-eb06-483a-b141-68a3485069d9	2025-10-07	INTEGRAL	13	6ce7a969-7c2b-5a21-b072-594a4412ab8b	Arroz branco	372	356	16	20	SINTETICO
4aa24e55-027b-4f4d-8c8e-ea84726cdd9d	2025-10-07	MANHA	14	84f7e794-a400-5d46-9efe-1c8a8f2f711d	Suco de fruta natural	7	7	0	0	SINTETICO
0932c19d-41d2-4808-99b3-4be1adeb8bcf	2025-10-07	INTEGRAL	15	add956e1-36ad-584e-b1e4-a4a8db28315f	Banana	6	5	1	0	SINTETICO
744d731f-dda0-4886-8467-7941f06a562f	2025-10-07	INTEGRAL	15	2f723cf1-ddd6-58e2-881e-3ab45db8cd2d	Feijao carioca	3	3	0	0	SINTETICO
3807d76c-a449-441c-890f-c41d5c8006e4	2025-10-07	INTEGRAL	15	6753aa6f-0f7e-5208-8cd6-9e7a8733ef22	Leite com achocolatado	49	47	2	2	SINTETICO
81edd366-2848-415b-9ed2-c46d9068a725	2025-10-07	MANHA	16	eed1d0ec-938c-53ef-94b9-626452f5fbd2	Sopa de legumes	118	105	13	28	SINTETICO
9c4b63fe-dff9-4706-b4b9-9c7ba23b478e	2025-10-07	MANHA	16	153737d9-caa6-55d5-b086-f7e83fdab4d2	Pao com manteiga	315	287	28	17	SINTETICO
c900b491-a9bb-4570-a88e-24b477668bf6	2025-10-07	MANHA	16	9bf7d50c-378c-58f7-ba1a-0dccafffc54c	Bolacha doce	1	1	0	0	SINTETICO
3253edbf-1e30-4ca2-b2b2-86790da85c43	2025-10-07	MANHA	16	0db97b08-9e92-541d-b2d2-1bc810f8fbe8	Iogurte	134	117	17	6	SINTETICO
d3e9ff05-b053-4b9e-a8d3-a1acc1f166f8	2025-10-07	TARDE	17	1b450f5b-ecde-5880-ad0a-91ce0920069d	Maca	121	114	7	6	SINTETICO
f0a511d9-1591-4eda-abf8-c8d1390f7b6f	2025-10-07	TARDE	17	add956e1-36ad-584e-b1e4-a4a8db28315f	Banana	84	78	6	3	SINTETICO
7ba627ea-b211-4166-ad32-330f859b78ea	2025-10-07	TARDE	17	6753aa6f-0f7e-5208-8cd6-9e7a8733ef22	Leite com achocolatado	26	23	3	1	SINTETICO
4482c36a-41f9-413b-83c4-97096e15fb37	2025-10-07	MANHA	18	3d6a3f96-fe67-5811-98e8-2381c1ec5a70	Beterraba ralada	56	51	5	16	SINTETICO
fea38284-41aa-47df-a144-291df9097b5c	2025-10-07	MANHA	18	add956e1-36ad-584e-b1e4-a4a8db28315f	Banana	25	23	2	1	SINTETICO
509bcd70-69dc-4354-af00-4599a01575c7	2025-10-07	MANHA	18	0db97b08-9e92-541d-b2d2-1bc810f8fbe8	Iogurte	22	21	1	1	SINTETICO
0cf0c0af-d1da-4c0e-a364-5b52aa89304f	2025-10-07	MANHA	18	2f723cf1-ddd6-58e2-881e-3ab45db8cd2d	Feijao carioca	17	16	1	2	SINTETICO
5cbc3859-99e7-4824-8b29-aa818b6aad3a	2025-10-07	MANHA	18	79ca1872-52e0-59dd-af29-543b793c0860	Macarrao ao sugo	0	0	0	0	SINTETICO
da07c099-a5ee-46b0-b9b6-a73d2ccfa332	2025-10-07	MANHA	18	153737d9-caa6-55d5-b086-f7e83fdab4d2	Pao com manteiga	2	2	0	0	SINTETICO
81366366-9973-4444-bf36-0c7ee2bc8083	2025-10-08	TARDE	3	1b450f5b-ecde-5880-ad0a-91ce0920069d	Maca	1	1	0	0	SINTETICO
018b87c6-50f1-4db6-a22e-e21ad2a1a31f	2025-10-08	TARDE	3	153737d9-caa6-55d5-b086-f7e83fdab4d2	Pao com manteiga	5	5	0	0	SINTETICO
62f8f78d-fba2-443f-a731-f518807d9392	2025-10-08	TARDE	3	6ce7a969-7c2b-5a21-b072-594a4412ab8b	Arroz branco	67	64	3	4	SINTETICO
a365a092-7331-4bd7-87b6-3e9558ea48cc	2025-10-08	INTEGRAL	6	6ce7a969-7c2b-5a21-b072-594a4412ab8b	Arroz branco	9	9	0	1	SINTETICO
cc8f730b-2d51-4334-b5f9-728076ae1956	2025-10-08	INTEGRAL	6	0db97b08-9e92-541d-b2d2-1bc810f8fbe8	Iogurte	0	0	0	0	SINTETICO
75228dd4-80f4-436d-bb93-dbf97aa12e99	2025-10-08	TARDE	7	add956e1-36ad-584e-b1e4-a4a8db28315f	Banana	128	113	15	5	SINTETICO
573419f6-e96c-48d9-b1c9-df83e4eecf8c	2025-10-08	TARDE	7	2f723cf1-ddd6-58e2-881e-3ab45db8cd2d	Feijao carioca	4	4	0	0	SINTETICO
ad71c967-b2b1-46dc-a997-9b0110e28803	2025-10-08	TARDE	7	b6f014a3-eaad-57c0-8ee9-24eb9abb819a	Cuscuz	172	161	11	18	SINTETICO
0a797684-767e-4b67-a4f4-43b3f1d8dc89	2025-10-08	TARDE	7	b4612635-bcf9-56d3-bc95-ef912ff6a829	Cenoura cozida	0	0	0	0	SINTETICO
cb54c235-2fa2-4cbf-9d94-dc4eb241fcee	2025-10-08	INTEGRAL	8	153737d9-caa6-55d5-b086-f7e83fdab4d2	Pao com manteiga	2	2	0	0	SINTETICO
98b4bd2e-4015-438b-a591-b5fb57f24f53	2025-10-08	INTEGRAL	8	2f723cf1-ddd6-58e2-881e-3ab45db8cd2d	Feijao carioca	10	9	1	1	SINTETICO
a438363d-b43e-4190-9a85-0b4dc2fd641b	2025-10-08	INTEGRAL	8	79ca1872-52e0-59dd-af29-543b793c0860	Macarrao ao sugo	85	79	6	12	SINTETICO
b4ed2441-d642-4a8c-9e61-10076955f30a	2025-10-08	TARDE	10	b6f014a3-eaad-57c0-8ee9-24eb9abb819a	Cuscuz	117	106	11	13	SINTETICO
26ef8cb6-14d9-4743-9d89-5acb845b53f4	2025-10-08	TARDE	10	add956e1-36ad-584e-b1e4-a4a8db28315f	Banana	28	27	1	1	SINTETICO
ce4ad495-8b63-47b1-9c93-c9c62e9cbbc1	2025-10-08	MANHA	11	add956e1-36ad-584e-b1e4-a4a8db28315f	Banana	159	155	4	8	SINTETICO
408451fc-fe85-4652-9b01-e80b645e545e	2025-10-08	MANHA	11	79ca1872-52e0-59dd-af29-543b793c0860	Macarrao ao sugo	27	24	3	3	SINTETICO
9af8c12d-e2a1-4d75-bd4a-c9be5e0b842b	2025-10-08	MANHA	11	6ce7a969-7c2b-5a21-b072-594a4412ab8b	Arroz branco	8	8	0	0	SINTETICO
43d9c47b-a7f2-48ce-9662-290b588a0a58	2025-10-08	MANHA	11	0db97b08-9e92-541d-b2d2-1bc810f8fbe8	Iogurte	5	5	0	0	SINTETICO
7828b248-57cf-4dc7-8f5e-74114055a58e	2025-10-08	INTEGRAL	12	84f7e794-a400-5d46-9efe-1c8a8f2f711d	Suco de fruta natural	198	187	11	8	SINTETICO
2284fd55-56bc-4b10-8ad8-d00c5e583082	2025-10-08	INTEGRAL	13	84f7e794-a400-5d46-9efe-1c8a8f2f711d	Suco de fruta natural	114	104	10	4	SINTETICO
b221af9a-0677-4920-bdef-17be518e44e7	2025-10-08	INTEGRAL	14	b6f014a3-eaad-57c0-8ee9-24eb9abb819a	Cuscuz	14	14	0	2	SINTETICO
ccc643cc-3094-48b8-8668-0889dd038c05	2025-10-08	INTEGRAL	16	6ce7a969-7c2b-5a21-b072-594a4412ab8b	Arroz branco	108	104	4	8	SINTETICO
8a2f400c-ef9a-4492-b52d-f8a09d23ed82	2025-10-08	INTEGRAL	16	2f723cf1-ddd6-58e2-881e-3ab45db8cd2d	Feijao carioca	33	32	1	3	SINTETICO
60cb8dc8-3ba1-4559-b48e-d38c2de94aa3	2025-10-08	INTEGRAL	16	500ccd6c-b321-531f-81ae-3999b578c2e4	Pure de moranga	89	84	5	19	SINTETICO
336a94c6-e769-4cf7-abad-a2056a45234e	2025-10-08	INTEGRAL	17	79ca1872-52e0-59dd-af29-543b793c0860	Macarrao ao sugo	33	31	2	4	SINTETICO
9e5e82e4-0378-4f86-97fb-680730515295	2025-10-08	INTEGRAL	18	0db97b08-9e92-541d-b2d2-1bc810f8fbe8	Iogurte	2	2	0	0	SINTETICO
dcef527a-97f9-4d6d-b4ed-4d7645c77602	2025-10-08	INTEGRAL	18	6753aa6f-0f7e-5208-8cd6-9e7a8733ef22	Leite com achocolatado	0	0	0	0	SINTETICO
837de530-12f4-4d74-a8a7-4e1161d443d4	2025-10-08	INTEGRAL	18	84f7e794-a400-5d46-9efe-1c8a8f2f711d	Suco de fruta natural	9	9	0	0	SINTETICO
b21fd2e5-165f-4446-99b0-dcf493d05665	2025-10-08	INTEGRAL	18	9bf7d50c-378c-58f7-ba1a-0dccafffc54c	Bolacha doce	0	0	0	0	SINTETICO
a4efd8b3-88c9-465b-84e0-4858166121b1	2025-10-09	INTEGRAL	1	9bf7d50c-378c-58f7-ba1a-0dccafffc54c	Bolacha doce	42	37	5	2	SINTETICO
ef7a5e96-733b-4e5e-afa3-2e64067d1199	2025-10-09	INTEGRAL	1	6753aa6f-0f7e-5208-8cd6-9e7a8733ef22	Leite com achocolatado	0	0	0	0	SINTETICO
a4989f87-b531-4a5d-ba9a-2d116f2e99d5	2025-10-09	INTEGRAL	1	1b450f5b-ecde-5880-ad0a-91ce0920069d	Maca	50	46	4	2	SINTETICO
54938659-7c1f-4d93-ac43-511ccf243dd8	2025-10-09	INTEGRAL	6	0db97b08-9e92-541d-b2d2-1bc810f8fbe8	Iogurte	0	0	0	0	SINTETICO
6353ec2d-75a8-4238-8280-30704318fb77	2025-10-09	INTEGRAL	7	add956e1-36ad-584e-b1e4-a4a8db28315f	Banana	33	32	1	1	SINTETICO
6ef32f58-8231-4ead-9589-b2443dbbd14f	2025-10-09	INTEGRAL	7	0db97b08-9e92-541d-b2d2-1bc810f8fbe8	Iogurte	7	7	0	0	SINTETICO
39b61242-b8fb-426d-9c57-e6350c5e11aa	2025-10-09	MANHA	8	153737d9-caa6-55d5-b086-f7e83fdab4d2	Pao com manteiga	365	335	30	16	SINTETICO
de2d77b9-31a6-4bc8-a06b-3fba9636ef97	2025-10-09	MANHA	8	6ce7a969-7c2b-5a21-b072-594a4412ab8b	Arroz branco	260	234	26	16	SINTETICO
5f8939b6-e540-4d8f-9cb0-18b24d6084e4	2025-10-09	MANHA	8	2f723cf1-ddd6-58e2-881e-3ab45db8cd2d	Feijao carioca	96	94	2	10	SINTETICO
93b9633b-1afa-4c05-b082-1ff7ef2eb1f4	2025-10-09	MANHA	8	0db97b08-9e92-541d-b2d2-1bc810f8fbe8	Iogurte	103	95	8	4	SINTETICO
a6a8f3d3-6877-4d52-89a7-8938820c482f	2025-10-09	INTEGRAL	11	9bf7d50c-378c-58f7-ba1a-0dccafffc54c	Bolacha doce	19	17	2	1	SINTETICO
5acdf459-9f86-45c7-bf19-5e757fa99da3	2025-10-09	MANHA	12	1b450f5b-ecde-5880-ad0a-91ce0920069d	Maca	35	33	2	2	SINTETICO
1f5fb879-384d-4b05-822b-bc0f6ec3ce28	2025-10-09	MANHA	12	84f7e794-a400-5d46-9efe-1c8a8f2f711d	Suco de fruta natural	28	28	0	2	SINTETICO
699c675b-1d62-494d-8277-10cc97151f1b	2025-10-09	MANHA	12	6ce7a969-7c2b-5a21-b072-594a4412ab8b	Arroz branco	6	6	0	0	SINTETICO
cf28b83c-2ec4-4005-9559-fccc6bf108c1	2025-10-09	TARDE	14	eed1d0ec-938c-53ef-94b9-626452f5fbd2	Sopa de legumes	0	0	0	0	SINTETICO
a501ff41-4d75-4910-ba7f-2ca71e21e2cd	2025-10-09	TARDE	14	0db97b08-9e92-541d-b2d2-1bc810f8fbe8	Iogurte	514	494	20	28	SINTETICO
d998b50f-28c2-4636-89d5-d11ee700830c	2025-10-09	TARDE	14	b6f014a3-eaad-57c0-8ee9-24eb9abb819a	Cuscuz	35	32	3	3	SINTETICO
b13c40cf-695e-4a05-9fd3-63946ca84b19	2025-10-09	TARDE	14	add956e1-36ad-584e-b1e4-a4a8db28315f	Banana	81	72	9	4	SINTETICO
e6498c52-2cb2-458a-9253-1efbbee0e31e	2025-10-09	TARDE	14	2f723cf1-ddd6-58e2-881e-3ab45db8cd2d	Feijao carioca	159	141	18	11	SINTETICO
a390ccce-d22f-4190-93af-5c8ca65cfbfb	2025-10-09	TARDE	14	153737d9-caa6-55d5-b086-f7e83fdab4d2	Pao com manteiga	2	2	0	0	SINTETICO
8046fe93-44bc-47fc-8309-710f76fc6bb0	2025-10-09	TARDE	14	6ce7a969-7c2b-5a21-b072-594a4412ab8b	Arroz branco	183	165	18	9	SINTETICO
1ef51b51-b0c4-443d-b4c4-c2f92a729bc1	2025-10-09	MANHA	15	153737d9-caa6-55d5-b086-f7e83fdab4d2	Pao com manteiga	170	166	4	9	SINTETICO
4a35970e-aae9-4ab1-bd74-7f17f846509c	2025-10-09	MANHA	15	1b450f5b-ecde-5880-ad0a-91ce0920069d	Maca	101	92	9	5	SINTETICO
c43ed837-9d6e-41dd-a1c3-190b4c7e9ee9	2025-10-09	MANHA	15	84f7e794-a400-5d46-9efe-1c8a8f2f711d	Suco de fruta natural	15	15	0	1	SINTETICO
2e67b937-1931-48a2-82e9-2e1c8974291a	2025-10-09	MANHA	15	2f723cf1-ddd6-58e2-881e-3ab45db8cd2d	Feijao carioca	0	0	0	0	SINTETICO
e435923c-537e-43d4-8e34-77530675b08e	2025-10-09	MANHA	17	add956e1-36ad-584e-b1e4-a4a8db28315f	Banana	13	12	1	0	SINTETICO
6d62eaa9-151f-4a2d-936b-70f5754dd4d1	2025-10-10	MANHA	1	9bf7d50c-378c-58f7-ba1a-0dccafffc54c	Bolacha doce	61	54	7	2	SINTETICO
2ea67899-ee96-41f3-be5a-a692d7ea912e	2025-10-10	MANHA	1	add956e1-36ad-584e-b1e4-a4a8db28315f	Banana	4	4	0	0	SINTETICO
427425dc-c66a-4f21-a700-1ffd373b5cb4	2025-10-10	MANHA	1	0db97b08-9e92-541d-b2d2-1bc810f8fbe8	Iogurte	26	24	2	1	SINTETICO
c0079f57-ca38-4309-a4ef-2bf7182ad714	2025-10-10	MANHA	1	1b450f5b-ecde-5880-ad0a-91ce0920069d	Maca	20	18	2	1	SINTETICO
bfc8dbb5-2366-4283-a356-92e7d2801200	2025-10-10	INTEGRAL	2	153737d9-caa6-55d5-b086-f7e83fdab4d2	Pao com manteiga	22	21	1	2	SINTETICO
0850ec99-7551-4f6f-9553-c9a7b0221e01	2025-10-10	INTEGRAL	2	84f7e794-a400-5d46-9efe-1c8a8f2f711d	Suco de fruta natural	1	1	0	0	SINTETICO
83835449-bb39-4a7c-9a28-0ad941104612	2025-10-10	INTEGRAL	2	79ca1872-52e0-59dd-af29-543b793c0860	Macarrao ao sugo	60	59	1	8	SINTETICO
73e46f17-9eaa-42d9-8f00-7825a52fe87c	2025-10-10	TARDE	3	2f723cf1-ddd6-58e2-881e-3ab45db8cd2d	Feijao carioca	225	213	12	19	SINTETICO
4cfa525d-5d2b-491a-8875-6b257682e95d	2025-10-10	MANHA	5	153737d9-caa6-55d5-b086-f7e83fdab4d2	Pao com manteiga	0	0	0	0	SINTETICO
41cf705c-4ff9-4771-b8ca-e311576a2c6d	2025-10-10	MANHA	5	0db97b08-9e92-541d-b2d2-1bc810f8fbe8	Iogurte	43	39	4	2	SINTETICO
e983de4f-426c-4fc9-84ec-026c0f19e415	2025-10-10	MANHA	5	eed1d0ec-938c-53ef-94b9-626452f5fbd2	Sopa de legumes	18	17	1	4	SINTETICO
68725c20-86ce-43ed-a1c8-5b7092224119	2025-10-10	MANHA	7	2f723cf1-ddd6-58e2-881e-3ab45db8cd2d	Feijao carioca	62	57	5	7	SINTETICO
2e3d4c2d-d27a-447a-8463-48249a395a84	2025-10-10	MANHA	7	153737d9-caa6-55d5-b086-f7e83fdab4d2	Pao com manteiga	85	80	5	4	SINTETICO
680de08c-c9ce-4fc4-8060-eb76752ac8a9	2025-10-10	MANHA	7	add956e1-36ad-584e-b1e4-a4a8db28315f	Banana	281	270	11	13	SINTETICO
1a35682e-701a-4584-a000-f12ff7dc995f	2025-10-10	MANHA	9	9bf7d50c-378c-58f7-ba1a-0dccafffc54c	Bolacha doce	345	326	19	20	SINTETICO
24d15202-85b4-45da-b82d-a13a13debf75	2025-10-10	MANHA	9	6ce7a969-7c2b-5a21-b072-594a4412ab8b	Arroz branco	1	1	0	0	SINTETICO
cd4d8c2a-0f2f-44f3-a25e-c7d022c670bd	2025-10-10	INTEGRAL	10	eed1d0ec-938c-53ef-94b9-626452f5fbd2	Sopa de legumes	117	106	11	24	SINTETICO
ff4aa447-530d-4772-bdb8-78240318fffc	2025-10-10	TARDE	12	153737d9-caa6-55d5-b086-f7e83fdab4d2	Pao com manteiga	99	86	13	6	SINTETICO
d81123ed-f795-4e72-aa32-614a59b70998	2025-10-10	TARDE	12	6ce7a969-7c2b-5a21-b072-594a4412ab8b	Arroz branco	48	46	2	3	SINTETICO
06bc23f1-9822-4ad8-80a9-298859090b27	2025-10-10	TARDE	12	0db97b08-9e92-541d-b2d2-1bc810f8fbe8	Iogurte	7	7	0	0	SINTETICO
b260d3dc-b6dc-42fb-8408-86b8f32edd19	2025-10-10	INTEGRAL	13	1b450f5b-ecde-5880-ad0a-91ce0920069d	Maca	25	22	3	1	SINTETICO
440d83a7-965e-429e-a9e2-eda41afc888c	2025-10-10	INTEGRAL	13	153737d9-caa6-55d5-b086-f7e83fdab4d2	Pao com manteiga	9	8	1	0	SINTETICO
60ca0ba9-9522-4c7f-a7f9-d452b05bf3c6	2025-10-10	INTEGRAL	13	6753aa6f-0f7e-5208-8cd6-9e7a8733ef22	Leite com achocolatado	1	1	0	0	SINTETICO
c918f67b-812d-42aa-8e4b-3f787aa10e53	2025-10-10	INTEGRAL	13	6ce7a969-7c2b-5a21-b072-594a4412ab8b	Arroz branco	10	10	0	1	SINTETICO
0ccde1b2-36ff-4fd2-b5c5-ebe133639987	2025-10-10	INTEGRAL	13	b6f014a3-eaad-57c0-8ee9-24eb9abb819a	Cuscuz	11	10	1	2	SINTETICO
0a99d911-6aa3-47a2-99e5-915e901a057d	2025-10-10	INTEGRAL	14	9bf7d50c-378c-58f7-ba1a-0dccafffc54c	Bolacha doce	12	12	0	1	SINTETICO
e31c9b98-7310-4f86-a39e-87cff2f87357	2025-10-10	INTEGRAL	15	add956e1-36ad-584e-b1e4-a4a8db28315f	Banana	1	1	0	0	SINTETICO
7d8ce515-afb4-4f9a-9455-66eec0e72118	2025-10-10	INTEGRAL	15	6753aa6f-0f7e-5208-8cd6-9e7a8733ef22	Leite com achocolatado	26	23	3	1	SINTETICO
b96b1a08-4fae-49b6-9baf-66f1a251b0a9	2025-10-10	MANHA	16	153737d9-caa6-55d5-b086-f7e83fdab4d2	Pao com manteiga	25	23	2	2	SINTETICO
e338ee7a-c80e-456e-a10c-e918fdc2c6cb	2025-10-10	MANHA	16	1b450f5b-ecde-5880-ad0a-91ce0920069d	Maca	3	3	0	0	SINTETICO
724b804f-6f23-4c9f-902c-6c30d4dc13df	2025-10-10	MANHA	16	6753aa6f-0f7e-5208-8cd6-9e7a8733ef22	Leite com achocolatado	0	0	0	0	SINTETICO
559de11b-ce6f-4d9e-9581-ba0a7d548eb2	2025-10-10	MANHA	16	6ce7a969-7c2b-5a21-b072-594a4412ab8b	Arroz branco	33	29	4	2	SINTETICO
1fc99392-b43c-4a44-bdba-89b1195ed072	2025-10-10	INTEGRAL	18	0db97b08-9e92-541d-b2d2-1bc810f8fbe8	Iogurte	91	86	5	4	SINTETICO
6fd32561-e307-47f1-8a80-95227b64d91f	2025-10-10	INTEGRAL	18	eed1d0ec-938c-53ef-94b9-626452f5fbd2	Sopa de legumes	4	4	0	1	SINTETICO
b3ef0684-f7f3-4d9a-acf8-278b5cc93534	2025-10-10	INTEGRAL	18	54e9ea4c-63a9-5952-9616-b24ee0e6a0fa	Frango dourado, acebolado	23	21	2	1	SINTETICO
dccb42b8-4b23-483e-98ec-6a73dedd3c10	2025-10-13	INTEGRAL	1	6753aa6f-0f7e-5208-8cd6-9e7a8733ef22	Leite com achocolatado	1	1	0	0	SINTETICO
64b430eb-2280-4d98-96ee-dcedd1a2020a	2025-10-13	INTEGRAL	2	9bf7d50c-378c-58f7-ba1a-0dccafffc54c	Bolacha doce	67	64	3	3	SINTETICO
4a0b81d8-c342-4368-a39e-77b2f213c8fd	2025-10-13	INTEGRAL	2	1b450f5b-ecde-5880-ad0a-91ce0920069d	Maca	0	0	0	0	SINTETICO
3537c55e-9165-41b3-a9bd-36b56545782d	2025-10-13	TARDE	6	1b450f5b-ecde-5880-ad0a-91ce0920069d	Maca	0	0	0	0	SINTETICO
9bc1e692-e638-4ee8-9239-5dee921f7e96	2025-10-13	MANHA	8	79ca1872-52e0-59dd-af29-543b793c0860	Macarrao ao sugo	13	12	1	2	SINTETICO
044b0580-13ab-4013-a424-2a3a14be36c0	2025-10-13	MANHA	8	9bf7d50c-378c-58f7-ba1a-0dccafffc54c	Bolacha doce	93	83	10	5	SINTETICO
ab09cda5-55cc-4020-b7da-272bc003ec93	2025-10-13	INTEGRAL	9	6753aa6f-0f7e-5208-8cd6-9e7a8733ef22	Leite com achocolatado	6	6	0	0	SINTETICO
3249582f-85dc-42e0-9391-96e70a6d230f	2025-10-13	INTEGRAL	10	79ca1872-52e0-59dd-af29-543b793c0860	Macarrao ao sugo	206	191	15	19	SINTETICO
de06ac25-708b-4d68-b6a6-859d931ca209	2025-10-13	INTEGRAL	12	add956e1-36ad-584e-b1e4-a4a8db28315f	Banana	30	26	4	1	SINTETICO
81f96d42-ee93-4304-8dd4-24af79bb8926	2025-10-13	INTEGRAL	12	9bf7d50c-378c-58f7-ba1a-0dccafffc54c	Bolacha doce	1	1	0	0	SINTETICO
c1cd4d24-7e98-44bc-b243-75fb5299d76a	2025-10-13	INTEGRAL	12	79ca1872-52e0-59dd-af29-543b793c0860	Macarrao ao sugo	5	5	0	1	SINTETICO
bb897c86-f0fe-4bec-9254-413f36fa48fc	2025-10-13	INTEGRAL	12	84f7e794-a400-5d46-9efe-1c8a8f2f711d	Suco de fruta natural	170	163	7	6	SINTETICO
39f8b0a4-6261-48d8-ae59-8fc58f8a27a7	2025-10-13	INTEGRAL	13	b4612635-bcf9-56d3-bc95-ef912ff6a829	Cenoura cozida	0	0	0	0	SINTETICO
5da6f723-f4e4-4422-97c2-0fdd04025bb1	2025-10-13	INTEGRAL	13	79ca1872-52e0-59dd-af29-543b793c0860	Macarrao ao sugo	357	337	20	61	SINTETICO
b3b7a551-4827-4b71-8bf1-f847bcc2d391	2025-10-13	INTEGRAL	13	2f723cf1-ddd6-58e2-881e-3ab45db8cd2d	Feijao carioca	76	72	4	5	SINTETICO
ab735199-b42a-4e08-8540-1914ec97fc2b	2025-10-13	INTEGRAL	13	b6f014a3-eaad-57c0-8ee9-24eb9abb819a	Cuscuz	14	14	0	1	SINTETICO
2e6316e5-e309-4a90-930d-d36c85afeb9d	2025-10-13	INTEGRAL	13	4f15f44d-d9a3-5a55-8fd0-0b738c2e28a3	Polenta cozida	1	1	0	0	SINTETICO
da06bd27-c86d-4dbe-832a-823582106779	2025-10-13	MANHA	14	6ce7a969-7c2b-5a21-b072-594a4412ab8b	Arroz branco	298	295	3	19	SINTETICO
33d9ca34-3bee-47df-9e58-a30ea6eefeef	2025-10-13	TARDE	16	0db97b08-9e92-541d-b2d2-1bc810f8fbe8	Iogurte	48	42	6	2	SINTETICO
3b0e5466-9dbb-4dd1-8889-b3c50198f624	2025-10-13	TARDE	16	153737d9-caa6-55d5-b086-f7e83fdab4d2	Pao com manteiga	3	3	0	0	SINTETICO
890b755b-0e0c-49cd-bc03-24f26b9265cc	2025-10-13	TARDE	16	6753aa6f-0f7e-5208-8cd6-9e7a8733ef22	Leite com achocolatado	4	4	0	0	SINTETICO
62645ae6-28d5-4841-a86b-dcc470f56114	2025-10-13	TARDE	16	8d81f03d-d710-5316-abc7-1763074292b4	Cenoura refogada	8	8	0	1	SINTETICO
c6b23ad4-55f4-4032-b979-7e3168ac3e51	2025-10-13	TARDE	16	9bf7d50c-378c-58f7-ba1a-0dccafffc54c	Bolacha doce	79	69	10	3	SINTETICO
da87b6a4-61a4-4147-8d78-2efa42e0c7ce	2025-10-13	INTEGRAL	17	6753aa6f-0f7e-5208-8cd6-9e7a8733ef22	Leite com achocolatado	52	50	2	2	SINTETICO
4767a9c6-f5d9-4f95-be78-ff9a772dd1b4	2025-10-14	INTEGRAL	2	153737d9-caa6-55d5-b086-f7e83fdab4d2	Pao com manteiga	1	1	0	0	SINTETICO
70528d66-4aaf-4cf6-b3ad-a6d205ca5a29	2025-10-14	TARDE	3	eed1d0ec-938c-53ef-94b9-626452f5fbd2	Sopa de legumes	38	34	4	13	SINTETICO
97277ee3-e176-4078-959a-28df169a8983	2025-10-14	MANHA	5	84f7e794-a400-5d46-9efe-1c8a8f2f711d	Suco de fruta natural	0	0	0	0	SINTETICO
f01373ca-78b9-4c5b-97b7-b5d0911ebd64	2025-10-14	MANHA	5	0db97b08-9e92-541d-b2d2-1bc810f8fbe8	Iogurte	7	6	1	0	SINTETICO
7f9eddf9-666f-405f-9ba3-457b305292c0	2025-10-14	MANHA	5	b6f014a3-eaad-57c0-8ee9-24eb9abb819a	Cuscuz	20	18	2	2	SINTETICO
95adf5d2-710d-4e00-bcd2-f8649af7c5ec	2025-10-14	INTEGRAL	9	eed1d0ec-938c-53ef-94b9-626452f5fbd2	Sopa de legumes	42	40	2	11	SINTETICO
48d9ab0d-f3dd-40e2-b1e9-92e8e5199220	2025-10-14	INTEGRAL	11	6753aa6f-0f7e-5208-8cd6-9e7a8733ef22	Leite com achocolatado	2	2	0	0	SINTETICO
ec5e6066-5293-4dc6-b0a9-67a587b9b7f2	2025-10-14	INTEGRAL	11	6ce7a969-7c2b-5a21-b072-594a4412ab8b	Arroz branco	6	6	0	1	SINTETICO
f76154af-fe7a-4c6c-a462-6ca95af96f4b	2025-10-14	INTEGRAL	11	2f723cf1-ddd6-58e2-881e-3ab45db8cd2d	Feijao carioca	0	0	0	0	SINTETICO
bb835c13-4f11-4ecd-bd3c-639e2969c799	2025-10-14	INTEGRAL	13	6ce7a969-7c2b-5a21-b072-594a4412ab8b	Arroz branco	22	20	2	2	SINTETICO
a4a73848-04a7-4ff2-96a7-222765e66987	2025-10-14	INTEGRAL	14	0db97b08-9e92-541d-b2d2-1bc810f8fbe8	Iogurte	16	16	0	1	SINTETICO
4c2772e6-f157-4220-8591-f24e54e52102	2025-10-14	INTEGRAL	14	2f723cf1-ddd6-58e2-881e-3ab45db8cd2d	Feijao carioca	22	21	1	1	SINTETICO
8959ba49-464b-4322-8583-3858ca4c0771	2025-10-14	INTEGRAL	14	add956e1-36ad-584e-b1e4-a4a8db28315f	Banana	290	282	8	11	SINTETICO
3ef51cf9-e727-4d9a-8e0b-99be4a31a912	2025-10-14	INTEGRAL	14	d02df37a-5ddb-5d71-b171-5b2f6e16b1c8	Ovo cozido	32	31	1	4	SINTETICO
ecddde76-33e5-4007-bdd4-1e789af5f405	2025-10-14	INTEGRAL	14	eed1d0ec-938c-53ef-94b9-626452f5fbd2	Sopa de legumes	145	139	6	52	SINTETICO
b276df38-3308-44e9-9948-4197515af288	2025-10-14	INTEGRAL	14	84f7e794-a400-5d46-9efe-1c8a8f2f711d	Suco de fruta natural	2	2	0	0	SINTETICO
c82baee5-a299-4847-8fd2-d90466544457	2025-10-14	INTEGRAL	15	0db97b08-9e92-541d-b2d2-1bc810f8fbe8	Iogurte	22	21	1	1	SINTETICO
cb479b21-0870-43df-bbfb-8e957c2aa760	2025-10-14	INTEGRAL	17	add956e1-36ad-584e-b1e4-a4a8db28315f	Banana	6	6	0	0	SINTETICO
56356c36-6045-48c6-bea9-2ab3f26c1d84	2025-10-14	INTEGRAL	18	2f723cf1-ddd6-58e2-881e-3ab45db8cd2d	Feijao carioca	22	21	1	1	SINTETICO
ad4f3917-7fc9-4850-8c92-8b770ed9f040	2025-10-14	INTEGRAL	18	d0f748b6-0ca4-5794-9480-45981f00672c	Ensopado de mandioca	12	11	1	2	SINTETICO
d1e7379f-9363-48c2-81ef-ed9959e4265a	2025-10-14	INTEGRAL	18	6ce7a969-7c2b-5a21-b072-594a4412ab8b	Arroz branco	1	1	0	0	SINTETICO
297507dc-a698-4add-89e2-2edba7f360e1	2025-10-14	INTEGRAL	18	0db97b08-9e92-541d-b2d2-1bc810f8fbe8	Iogurte	287	266	21	12	SINTETICO
5e6be312-21c1-4360-8d37-73072e679ee0	2025-10-15	INTEGRAL	3	1b450f5b-ecde-5880-ad0a-91ce0920069d	Maca	13	12	1	1	SINTETICO
12a28e08-6de3-4dab-b53a-9c6cc3a4f248	2025-10-15	INTEGRAL	5	79ca1872-52e0-59dd-af29-543b793c0860	Macarrao ao sugo	1	1	0	0	SINTETICO
b108e392-9b40-4364-b318-2c58bb1eea49	2025-10-15	INTEGRAL	6	6753aa6f-0f7e-5208-8cd6-9e7a8733ef22	Leite com achocolatado	110	106	4	5	SINTETICO
b6bde131-2044-470f-aa9b-50fa19ce793d	2025-10-15	INTEGRAL	9	2f723cf1-ddd6-58e2-881e-3ab45db8cd2d	Feijao carioca	0	0	0	0	SINTETICO
6ef976b1-deb9-416f-959a-5feba7967b8f	2025-10-15	INTEGRAL	9	9c858519-faab-50d6-9561-8f90f4f84567	Guisado com moranga	2	2	0	1	SINTETICO
2b73e32d-a2b6-4f6a-9867-16b4b5ea985e	2025-10-15	INTEGRAL	9	add956e1-36ad-584e-b1e4-a4a8db28315f	Banana	50	45	5	2	SINTETICO
27c6f7d1-85be-49b2-afc9-2ae03c059fb2	2025-10-15	INTEGRAL	10	153737d9-caa6-55d5-b086-f7e83fdab4d2	Pao com manteiga	108	104	4	6	SINTETICO
47c59e85-c249-4fe6-8c8b-8dfaad6f068f	2025-10-15	INTEGRAL	10	2fbd4adb-108b-5436-b029-1072004a7cbc	Couve com farofa	21	19	2	5	SINTETICO
32b01d26-d621-484e-bd3b-61638c40751f	2025-10-15	INTEGRAL	11	0db97b08-9e92-541d-b2d2-1bc810f8fbe8	Iogurte	2	2	0	0	SINTETICO
845c90b5-7f86-42c6-9e87-93d3be941e95	2025-10-15	INTEGRAL	11	b6f014a3-eaad-57c0-8ee9-24eb9abb819a	Cuscuz	75	66	9	10	SINTETICO
18e034ad-2afc-4d4f-a404-8d36cdd76864	2025-10-15	INTEGRAL	11	79ca1872-52e0-59dd-af29-543b793c0860	Macarrao ao sugo	307	307	0	40	SINTETICO
0aa854e2-ed07-4e74-969a-f893c44affb5	2025-10-15	INTEGRAL	11	9bf7d50c-378c-58f7-ba1a-0dccafffc54c	Bolacha doce	55	52	3	2	SINTETICO
def272d7-650a-4ebd-912c-e28ee67f709a	2025-10-15	INTEGRAL	12	1b450f5b-ecde-5880-ad0a-91ce0920069d	Maca	97	96	1	5	SINTETICO
df6c4120-18b4-48a0-aebd-5e364802cb78	2025-10-15	INTEGRAL	12	9bf7d50c-378c-58f7-ba1a-0dccafffc54c	Bolacha doce	0	0	0	0	SINTETICO
62bcc1dd-ede5-4124-bc05-88112ab3e4a5	2025-10-15	INTEGRAL	14	b6f014a3-eaad-57c0-8ee9-24eb9abb819a	Cuscuz	8	7	1	1	SINTETICO
0a4b4fa6-4096-4530-8782-4c0eea6f5f3c	2025-10-15	INTEGRAL	14	84f7e794-a400-5d46-9efe-1c8a8f2f711d	Suco de fruta natural	200	194	6	8	SINTETICO
f4e36ccb-273d-4a22-a728-732eee22b789	2025-10-15	INTEGRAL	14	6753aa6f-0f7e-5208-8cd6-9e7a8733ef22	Leite com achocolatado	111	107	4	8	SINTETICO
cd319892-8683-458e-8073-bd5f111c43b7	2025-10-15	INTEGRAL	15	9bf7d50c-378c-58f7-ba1a-0dccafffc54c	Bolacha doce	15	15	0	1	SINTETICO
73d8e7a5-21c0-403c-8f84-f73779529c6c	2025-10-15	INTEGRAL	15	0db97b08-9e92-541d-b2d2-1bc810f8fbe8	Iogurte	11	10	1	1	SINTETICO
a860637e-41b0-495c-adb5-fe438a1e4205	2025-10-15	TARDE	17	84f7e794-a400-5d46-9efe-1c8a8f2f711d	Suco de fruta natural	137	124	13	6	SINTETICO
b98f8e40-1e08-46bc-9896-ac60b8a3c2a2	2025-10-15	TARDE	17	b6f014a3-eaad-57c0-8ee9-24eb9abb819a	Cuscuz	58	52	6	7	SINTETICO
dd0eeec2-2fd5-4fa1-82ee-3be9715b3eec	2025-10-15	INTEGRAL	18	0db97b08-9e92-541d-b2d2-1bc810f8fbe8	Iogurte	55	51	4	4	SINTETICO
a4dde299-4a17-434e-9564-96091ccde819	2025-10-15	INTEGRAL	18	b6f014a3-eaad-57c0-8ee9-24eb9abb819a	Cuscuz	1	1	0	0	SINTETICO
3c7e3021-749c-42e9-acdc-dfb1b8e6ca1f	2025-10-15	INTEGRAL	18	9bf7d50c-378c-58f7-ba1a-0dccafffc54c	Bolacha doce	19	19	0	1	SINTETICO
5d51016f-c093-4dd3-90a8-3173d85b3f2b	2025-10-15	INTEGRAL	18	d0f748b6-0ca4-5794-9480-45981f00672c	Ensopado de mandioca	20	19	1	3	SINTETICO
5d8a17a9-0b7c-4df3-86fd-d02c20267b50	2025-10-16	INTEGRAL	1	2f723cf1-ddd6-58e2-881e-3ab45db8cd2d	Feijao carioca	99	98	1	10	SINTETICO
8a5ea3f9-f564-4ff7-81bb-adf333655792	2025-10-16	INTEGRAL	1	b6f014a3-eaad-57c0-8ee9-24eb9abb819a	Cuscuz	36	35	1	4	SINTETICO
a8023caa-c23c-4fc7-9565-0ed939fdf69a	2025-10-16	TARDE	2	1b450f5b-ecde-5880-ad0a-91ce0920069d	Maca	18	16	2	1	SINTETICO
2ade0801-4a4e-487d-bf77-85e687ef0f53	2025-10-16	TARDE	2	153737d9-caa6-55d5-b086-f7e83fdab4d2	Pao com manteiga	0	0	0	0	SINTETICO
0b79510a-33aa-422a-851d-19d8373cf65d	2025-10-16	TARDE	2	79ca1872-52e0-59dd-af29-543b793c0860	Macarrao ao sugo	6	6	0	1	SINTETICO
ebf66495-dc6f-48c5-93dc-4de47854d575	2025-10-16	TARDE	2	add956e1-36ad-584e-b1e4-a4a8db28315f	Banana	117	112	5	4	SINTETICO
6671a06c-85bd-456a-a668-55432f62f2ca	2025-10-16	TARDE	2	84f7e794-a400-5d46-9efe-1c8a8f2f711d	Suco de fruta natural	533	494	39	31	SINTETICO
d1c1251d-3ed1-4bd8-992d-cf7da0c36c63	2025-10-16	INTEGRAL	3	2f723cf1-ddd6-58e2-881e-3ab45db8cd2d	Feijao carioca	0	0	0	0	SINTETICO
8215b447-2b93-44dc-8760-77dd918f352f	2025-10-16	INTEGRAL	3	b6cbc98d-85cf-5628-a89e-560cfa264267	Coxa e sobrecoxa de frango ao molho de tomate	68	67	1	7	SINTETICO
46a27015-9a55-45a1-a329-4152c2db6912	2025-10-16	INTEGRAL	3	0db97b08-9e92-541d-b2d2-1bc810f8fbe8	Iogurte	22	21	1	1	SINTETICO
5c049a21-df54-46b9-8afd-130433489d26	2025-10-16	INTEGRAL	4	9bf7d50c-378c-58f7-ba1a-0dccafffc54c	Bolacha doce	0	0	0	0	SINTETICO
cb8ac8ae-8539-4ace-a74b-3e00359378a5	2025-10-16	INTEGRAL	4	eed1d0ec-938c-53ef-94b9-626452f5fbd2	Sopa de legumes	19	17	2	4	SINTETICO
e4f82438-0ec8-46f2-85b5-7a1a5f58cb4f	2025-10-16	INTEGRAL	4	153737d9-caa6-55d5-b086-f7e83fdab4d2	Pao com manteiga	35	33	2	2	SINTETICO
7e094965-68ae-4f06-8b31-ab6d82efd0f2	2025-10-16	INTEGRAL	4	e9939964-7e5f-542e-9526-0c743b00ffb0	Salada de tomate	14	13	1	2	SINTETICO
b7e3c029-d1d5-4a0a-9755-9966a6fec291	2025-10-16	INTEGRAL	4	6753aa6f-0f7e-5208-8cd6-9e7a8733ef22	Leite com achocolatado	43	42	1	3	SINTETICO
2c4f4846-07e8-417b-b20c-a6ee1211a0ba	2025-10-16	INTEGRAL	7	b6f014a3-eaad-57c0-8ee9-24eb9abb819a	Cuscuz	6	5	1	0	SINTETICO
c7c2a82b-14e6-4d99-8aa5-4552770736a9	2025-10-16	INTEGRAL	7	6753aa6f-0f7e-5208-8cd6-9e7a8733ef22	Leite com achocolatado	99	88	11	7	SINTETICO
38854f6c-a95f-4ba5-8eb8-35fc3eed955b	2025-10-16	INTEGRAL	7	84f7e794-a400-5d46-9efe-1c8a8f2f711d	Suco de fruta natural	55	49	6	2	SINTETICO
35f9ceab-0533-4469-b485-efec52d2c6ef	2025-10-16	INTEGRAL	8	79ca1872-52e0-59dd-af29-543b793c0860	Macarrao ao sugo	0	0	0	0	SINTETICO
deb5c6b4-e759-4cab-8837-2f7f14373cbb	2025-10-16	MANHA	9	153737d9-caa6-55d5-b086-f7e83fdab4d2	Pao com manteiga	2	2	0	0	SINTETICO
09d1073a-432c-48d8-9bab-02d6a6beffa6	2025-10-16	MANHA	9	d0f748b6-0ca4-5794-9480-45981f00672c	Ensopado de mandioca	0	0	0	0	SINTETICO
5b7d341a-3f4e-4dde-a68e-ef31021ebf44	2025-10-16	INTEGRAL	13	79ca1872-52e0-59dd-af29-543b793c0860	Macarrao ao sugo	261	230	31	27	SINTETICO
e698a158-85f9-48f4-9d77-268c542aa1f3	2025-10-16	INTEGRAL	13	84f7e794-a400-5d46-9efe-1c8a8f2f711d	Suco de fruta natural	21	20	1	1	SINTETICO
9eb4c3ad-d6ae-4808-9d38-f2810e0dd07a	2025-10-16	INTEGRAL	15	6ce7a969-7c2b-5a21-b072-594a4412ab8b	Arroz branco	105	98	7	8	SINTETICO
8b1b3e6e-ce46-44b6-9117-c33a4f8cd168	2025-10-16	INTEGRAL	18	6753aa6f-0f7e-5208-8cd6-9e7a8733ef22	Leite com achocolatado	46	44	2	3	SINTETICO
54ca7bbe-a795-4143-b265-a542f17b5398	2025-10-16	INTEGRAL	18	1b450f5b-ecde-5880-ad0a-91ce0920069d	Maca	32	28	4	1	SINTETICO
0be835ff-258a-4aea-8ff2-1d119a9b1471	2025-10-17	MANHA	2	1b450f5b-ecde-5880-ad0a-91ce0920069d	Maca	2	2	0	0	SINTETICO
7e12bd2d-541d-43a2-a8c0-84ade7aa6c79	2025-10-17	MANHA	2	0db97b08-9e92-541d-b2d2-1bc810f8fbe8	Iogurte	327	301	26	19	SINTETICO
b813455c-38d1-46aa-a0f6-f5b074503958	2025-10-17	MANHA	3	6ce7a969-7c2b-5a21-b072-594a4412ab8b	Arroz branco	231	215	16	14	SINTETICO
b3392147-37fa-49fe-b207-acbd47cba2da	2025-10-17	MANHA	4	2f723cf1-ddd6-58e2-881e-3ab45db8cd2d	Feijao carioca	1	1	0	0	SINTETICO
90611f1b-ab15-4077-86f9-2d47a743ba2e	2025-10-17	MANHA	4	6ce7a969-7c2b-5a21-b072-594a4412ab8b	Arroz branco	3	3	0	0	SINTETICO
2ea1af2d-fc2d-42c7-a2ab-3a76e2cd91ff	2025-10-17	MANHA	4	0db97b08-9e92-541d-b2d2-1bc810f8fbe8	Iogurte	51	46	5	3	SINTETICO
49ccbd5a-7f61-469d-9fe5-9457a4a0f791	2025-10-17	MANHA	4	79ca1872-52e0-59dd-af29-543b793c0860	Macarrao ao sugo	22	20	2	3	SINTETICO
92581fb7-843e-4776-bb06-93685e669bb1	2025-10-17	MANHA	4	9bf7d50c-378c-58f7-ba1a-0dccafffc54c	Bolacha doce	2	2	0	0	SINTETICO
0ae79853-6cb3-4489-b462-b9a928e22f7a	2025-10-17	MANHA	4	6753aa6f-0f7e-5208-8cd6-9e7a8733ef22	Leite com achocolatado	167	145	22	9	SINTETICO
fc11cb19-d08e-45aa-adb6-f74e32f7c3ee	2025-10-17	MANHA	6	0db97b08-9e92-541d-b2d2-1bc810f8fbe8	Iogurte	75	70	5	5	SINTETICO
c386c4bb-57ae-4717-87c9-a3a9c9081202	2025-10-17	MANHA	9	2f723cf1-ddd6-58e2-881e-3ab45db8cd2d	Feijao carioca	1	1	0	0	SINTETICO
7797d451-eae6-4743-8e94-8a0a5be6598d	2025-10-17	MANHA	9	b6f014a3-eaad-57c0-8ee9-24eb9abb819a	Cuscuz	26	23	3	3	SINTETICO
9ec422f6-fc76-4df0-9702-5598727ad776	2025-10-17	INTEGRAL	12	0db97b08-9e92-541d-b2d2-1bc810f8fbe8	Iogurte	104	97	7	5	SINTETICO
69c579c0-8572-47e9-9502-4b18dba43f22	2025-10-17	INTEGRAL	12	9bf7d50c-378c-58f7-ba1a-0dccafffc54c	Bolacha doce	23	23	0	1	SINTETICO
8a0aef70-556d-41f0-a9ba-47780dc180a8	2025-10-17	MANHA	13	0db97b08-9e92-541d-b2d2-1bc810f8fbe8	Iogurte	336	324	12	20	SINTETICO
62dbd441-5d22-4639-af1d-17794c3960b2	2025-10-17	INTEGRAL	14	eed1d0ec-938c-53ef-94b9-626452f5fbd2	Sopa de legumes	349	338	11	123	SINTETICO
2de96b8e-d636-418d-b99a-69da71d8282b	2025-10-17	MANHA	15	1b450f5b-ecde-5880-ad0a-91ce0920069d	Maca	0	0	0	0	SINTETICO
a666f158-9477-4c5e-8109-520cfd7af153	2025-10-17	INTEGRAL	16	2f723cf1-ddd6-58e2-881e-3ab45db8cd2d	Feijao carioca	0	0	0	0	SINTETICO
83423680-d190-41b1-b2db-4d4cbe8e4298	2025-10-17	INTEGRAL	16	eed1d0ec-938c-53ef-94b9-626452f5fbd2	Sopa de legumes	1	1	0	0	SINTETICO
c12a2683-a44c-4a18-be20-bff76538737f	2025-10-17	INTEGRAL	17	b6f014a3-eaad-57c0-8ee9-24eb9abb819a	Cuscuz	37	36	1	5	SINTETICO
5ee88c2c-656d-424f-8ee9-ad5361bdad82	2025-10-17	INTEGRAL	17	9c858519-faab-50d6-9561-8f90f4f84567	Guisado com moranga	13	11	2	3	SINTETICO
2a6bc66e-ecd0-4cb8-a9bb-9e59d432db67	2025-10-17	INTEGRAL	17	6753aa6f-0f7e-5208-8cd6-9e7a8733ef22	Leite com achocolatado	350	314	36	20	SINTETICO
96d25f1c-9629-4eb3-ba9b-93ff612749e3	2025-10-17	INTEGRAL	18	153737d9-caa6-55d5-b086-f7e83fdab4d2	Pao com manteiga	35	32	3	2	SINTETICO
ccc20f42-09dd-4654-9e07-93bb5bc7d100	2025-10-20	INTEGRAL	1	2f723cf1-ddd6-58e2-881e-3ab45db8cd2d	Feijao carioca	95	84	11	7	SINTETICO
7279a940-b8dd-4c98-aebe-8539042b0f88	2025-10-20	INTEGRAL	1	6753aa6f-0f7e-5208-8cd6-9e7a8733ef22	Leite com achocolatado	85	75	10	4	SINTETICO
e98bfe1a-8d54-46b2-8788-4a47c7a0abe7	2025-10-20	INTEGRAL	1	ddeef647-cce4-5236-a3b1-dece44ed098e	Couve flor	0	0	0	0	SINTETICO
f3ddeb4c-48e2-4c19-8ade-b071f9edc3fc	2025-10-20	INTEGRAL	1	153737d9-caa6-55d5-b086-f7e83fdab4d2	Pao com manteiga	22	21	1	1	SINTETICO
8e7bf87f-dd16-4014-a246-cbe0f198ffb0	2025-10-20	INTEGRAL	1	84f7e794-a400-5d46-9efe-1c8a8f2f711d	Suco de fruta natural	21	21	0	1	SINTETICO
fd3de83d-a191-4826-9502-949d694d4dc4	2025-10-20	INTEGRAL	4	9bf7d50c-378c-58f7-ba1a-0dccafffc54c	Bolacha doce	0	0	0	0	SINTETICO
34be67b5-93cc-46bd-96d2-fdaffee1ced0	2025-10-20	INTEGRAL	6	eed1d0ec-938c-53ef-94b9-626452f5fbd2	Sopa de legumes	55	49	6	18	SINTETICO
71218c91-e6da-476c-b1cd-b61d98f63b92	2025-10-20	INTEGRAL	6	84f7e794-a400-5d46-9efe-1c8a8f2f711d	Suco de fruta natural	232	209	23	9	SINTETICO
e9a9ab5f-00f6-461e-aefb-4f4ff93d27b8	2025-10-20	INTEGRAL	7	6ce7a969-7c2b-5a21-b072-594a4412ab8b	Arroz branco	46	45	1	3	SINTETICO
7cb1d5bc-92a7-4b02-84ce-ffe4afa81eaa	2025-10-20	INTEGRAL	9	84f7e794-a400-5d46-9efe-1c8a8f2f711d	Suco de fruta natural	34	32	2	2	SINTETICO
aa62483d-3290-484f-bd59-dd2b2357f856	2025-10-20	INTEGRAL	9	eed1d0ec-938c-53ef-94b9-626452f5fbd2	Sopa de legumes	40	36	4	10	SINTETICO
e054d03a-9c3d-4eb4-8777-68c5a2a57ea5	2025-10-20	INTEGRAL	9	1b450f5b-ecde-5880-ad0a-91ce0920069d	Maca	46	42	4	2	SINTETICO
f478536f-c775-47a6-924f-de900c4d73e6	2025-10-20	INTEGRAL	9	6753aa6f-0f7e-5208-8cd6-9e7a8733ef22	Leite com achocolatado	11	10	1	0	SINTETICO
f26942c8-cd7f-4661-aab5-452dac46cf6c	2025-10-20	INTEGRAL	12	6753aa6f-0f7e-5208-8cd6-9e7a8733ef22	Leite com achocolatado	194	192	2	9	SINTETICO
c358f400-bbde-41c8-b946-dcf44af7197c	2025-10-20	INTEGRAL	12	6ce7a969-7c2b-5a21-b072-594a4412ab8b	Arroz branco	51	48	3	3	SINTETICO
28f767d3-379a-48f0-8b37-e3cf4ea68040	2025-10-20	INTEGRAL	12	eed1d0ec-938c-53ef-94b9-626452f5fbd2	Sopa de legumes	2	2	0	1	SINTETICO
0cdd5d05-80a1-46a8-a48f-4f515405eba9	2025-10-20	INTEGRAL	12	e9939964-7e5f-542e-9526-0c743b00ffb0	Salada de tomate	21	20	1	2	SINTETICO
f879cf6a-87e2-48a1-b4a1-c87e5983ce9c	2025-10-20	INTEGRAL	13	3331b130-8600-5a59-9e35-f970f9ea497e	Ovo mexido	1	1	0	0	SINTETICO
3e132751-30bf-4d0e-8663-547f1ea68d1c	2025-10-20	INTEGRAL	13	79ca1872-52e0-59dd-af29-543b793c0860	Macarrao ao sugo	3	3	0	0	SINTETICO
f1fe15d4-5e95-45bf-be37-09f95d4d7ed9	2025-10-20	INTEGRAL	13	eed1d0ec-938c-53ef-94b9-626452f5fbd2	Sopa de legumes	1	1	0	0	SINTETICO
0d105509-ff28-48a1-9ebf-640887f3a65c	2025-10-20	INTEGRAL	14	84f7e794-a400-5d46-9efe-1c8a8f2f711d	Suco de fruta natural	51	45	6	3	SINTETICO
7b4e8ef0-5676-4996-8b4f-fb0df4699a0b	2025-10-20	INTEGRAL	14	2f723cf1-ddd6-58e2-881e-3ab45db8cd2d	Feijao carioca	0	0	0	0	SINTETICO
871a1733-7630-42eb-b1d1-4f16c0bcd6d5	2025-10-20	INTEGRAL	14	1b450f5b-ecde-5880-ad0a-91ce0920069d	Maca	52	45	7	2	SINTETICO
633ccfc1-3cfc-4e51-823d-cd6e28e0bac3	2025-10-20	INTEGRAL	15	9bf7d50c-378c-58f7-ba1a-0dccafffc54c	Bolacha doce	0	0	0	0	SINTETICO
17797c32-7e49-4a2a-87c5-4a3a5bc64edf	2025-10-20	INTEGRAL	15	79ca1872-52e0-59dd-af29-543b793c0860	Macarrao ao sugo	80	73	7	12	SINTETICO
3aa413dc-b3a9-4f5d-a0ac-3a5f47bf295c	2025-10-20	INTEGRAL	16	1b450f5b-ecde-5880-ad0a-91ce0920069d	Maca	17	16	1	1	SINTETICO
2323db7c-5218-4e04-8de5-d27f979876bf	2025-10-20	INTEGRAL	16	6ce7a969-7c2b-5a21-b072-594a4412ab8b	Arroz branco	2	2	0	0	SINTETICO
8ffabc65-dba6-4a63-b069-1b07c9fc34c0	2025-10-20	INTEGRAL	17	9bf7d50c-378c-58f7-ba1a-0dccafffc54c	Bolacha doce	24	23	1	1	SINTETICO
c0981e25-d6bd-48c7-9c0c-8c27e9b7767e	2025-10-20	INTEGRAL	17	6753aa6f-0f7e-5208-8cd6-9e7a8733ef22	Leite com achocolatado	12	11	1	1	SINTETICO
dad7029d-29e1-49ed-bc10-f4d833731818	2025-10-20	INTEGRAL	18	1b450f5b-ecde-5880-ad0a-91ce0920069d	Maca	370	348	22	21	SINTETICO
e83081d4-95e9-4993-bcfc-a5bad4b466be	2025-10-20	INTEGRAL	18	153737d9-caa6-55d5-b086-f7e83fdab4d2	Pao com manteiga	359	312	47	13	SINTETICO
20b4ff44-2ffa-42b2-aac8-f3e60b75035a	2025-10-21	INTEGRAL	1	84f7e794-a400-5d46-9efe-1c8a8f2f711d	Suco de fruta natural	18	17	1	1	SINTETICO
7c4e320f-f59d-4298-95a9-8ed5763615ee	2025-10-21	MANHA	3	9bf7d50c-378c-58f7-ba1a-0dccafffc54c	Bolacha doce	98	91	7	4	SINTETICO
b16d128c-6026-4c84-8163-9bc92cf62329	2025-10-21	MANHA	3	84f7e794-a400-5d46-9efe-1c8a8f2f711d	Suco de fruta natural	395	349	46	17	SINTETICO
45a7edc2-b3c3-4c1f-bf66-8243e7ccfb65	2025-10-21	MANHA	3	0db97b08-9e92-541d-b2d2-1bc810f8fbe8	Iogurte	25	24	1	1	SINTETICO
9ba444ac-dbfc-46c4-8b8e-5c0c6134f2c0	2025-10-21	INTEGRAL	4	add956e1-36ad-584e-b1e4-a4a8db28315f	Banana	49	43	6	1	SINTETICO
9167c6ad-1687-413f-bfba-95b6fed513a2	2025-10-21	INTEGRAL	4	1b450f5b-ecde-5880-ad0a-91ce0920069d	Maca	11	10	1	0	SINTETICO
a75e9f16-059c-48fd-88b3-dc2f5e87d331	2025-10-21	INTEGRAL	4	84f7e794-a400-5d46-9efe-1c8a8f2f711d	Suco de fruta natural	41	36	5	2	SINTETICO
e1ca1dff-4866-4cb1-aa5e-c1ca6f8d10bb	2025-10-21	INTEGRAL	6	6753aa6f-0f7e-5208-8cd6-9e7a8733ef22	Leite com achocolatado	0	0	0	0	SINTETICO
9a8bf3a1-8508-41ba-a2ca-65be69a3a6bb	2025-10-21	INTEGRAL	6	add956e1-36ad-584e-b1e4-a4a8db28315f	Banana	19	18	1	1	SINTETICO
eecf3597-2713-4b5f-b6d6-e1858a29693a	2025-10-21	INTEGRAL	6	6ce7a969-7c2b-5a21-b072-594a4412ab8b	Arroz branco	278	273	5	21	SINTETICO
73d86f8b-dfbe-41c9-9a81-726257bc4ccd	2025-10-21	INTEGRAL	6	2f723cf1-ddd6-58e2-881e-3ab45db8cd2d	Feijao carioca	35	34	1	3	SINTETICO
291b5b39-cda9-41dc-80fc-6af164355483	2025-10-21	MANHA	9	2f723cf1-ddd6-58e2-881e-3ab45db8cd2d	Feijao carioca	17	17	0	2	SINTETICO
e3a77cab-39a2-4f19-91f4-b21495286069	2025-10-21	MANHA	9	9bf7d50c-378c-58f7-ba1a-0dccafffc54c	Bolacha doce	119	116	3	7	SINTETICO
826483da-7b14-46eb-addd-0725fa520f80	2025-10-21	INTEGRAL	11	153737d9-caa6-55d5-b086-f7e83fdab4d2	Pao com manteiga	17	15	2	1	SINTETICO
0df1ac3b-fce8-4518-adca-c943cdf84f38	2025-10-21	MANHA	13	2f723cf1-ddd6-58e2-881e-3ab45db8cd2d	Feijao carioca	417	368	49	38	SINTETICO
2efb7e36-e3b5-42cc-ba4f-fcd04cb84a7c	2025-10-21	MANHA	13	0db97b08-9e92-541d-b2d2-1bc810f8fbe8	Iogurte	78	72	6	5	SINTETICO
c8bf4a63-484b-463f-a558-7fdcafeb509b	2025-10-21	MANHA	13	add956e1-36ad-584e-b1e4-a4a8db28315f	Banana	12	11	1	0	SINTETICO
13be5546-b406-4ba6-bc71-4e78452ab27f	2025-10-21	MANHA	13	84f7e794-a400-5d46-9efe-1c8a8f2f711d	Suco de fruta natural	87	87	0	6	SINTETICO
63e3da1b-cd68-4d2e-ae8e-b039a2350ff6	2025-10-21	TARDE	14	6ce7a969-7c2b-5a21-b072-594a4412ab8b	Arroz branco	499	494	5	41	SINTETICO
c5a647f1-cc62-4ee5-ae95-9cf608b04c42	2025-10-21	TARDE	14	2f723cf1-ddd6-58e2-881e-3ab45db8cd2d	Feijao carioca	192	189	3	12	SINTETICO
c88d4946-558c-4e82-ac0a-a735bf718680	2025-10-21	TARDE	15	6ce7a969-7c2b-5a21-b072-594a4412ab8b	Arroz branco	225	208	17	10	SINTETICO
e16aee1d-7168-4b60-ba23-6e862cf38ef5	2025-10-21	TARDE	15	9bf7d50c-378c-58f7-ba1a-0dccafffc54c	Bolacha doce	48	42	6	3	SINTETICO
3856f504-330f-4fd8-9c03-26c52dc95b95	2025-10-21	INTEGRAL	16	eed1d0ec-938c-53ef-94b9-626452f5fbd2	Sopa de legumes	42	37	5	9	SINTETICO
5cf08336-9c1c-4b7f-8b5e-30f14124b44c	2025-10-21	INTEGRAL	16	6753aa6f-0f7e-5208-8cd6-9e7a8733ef22	Leite com achocolatado	42	41	1	2	SINTETICO
b84129f0-3e7e-4275-a9a6-8c9f2b02c783	2025-10-21	INTEGRAL	16	2f723cf1-ddd6-58e2-881e-3ab45db8cd2d	Feijao carioca	23	21	2	2	SINTETICO
da89f2b8-394e-48b8-9198-d2d1c5cc766b	2025-10-21	INTEGRAL	16	153737d9-caa6-55d5-b086-f7e83fdab4d2	Pao com manteiga	3	3	0	0	SINTETICO
25711e00-d128-43a8-b93a-d73e4307a71c	2025-10-21	INTEGRAL	16	9bf7d50c-378c-58f7-ba1a-0dccafffc54c	Bolacha doce	23	22	1	1	SINTETICO
f87a6d5d-aeb0-4d07-bc7f-6815da39bd9f	2025-10-22	INTEGRAL	2	84f7e794-a400-5d46-9efe-1c8a8f2f711d	Suco de fruta natural	20	18	2	1	SINTETICO
092be024-077e-408b-91d9-3dbf5e6559f5	2025-10-22	INTEGRAL	2	0db97b08-9e92-541d-b2d2-1bc810f8fbe8	Iogurte	39	36	3	3	SINTETICO
bb7b0f09-9f6a-461d-879b-24ab6d68b5a4	2025-10-22	INTEGRAL	2	1b450f5b-ecde-5880-ad0a-91ce0920069d	Maca	274	250	24	13	SINTETICO
425610b8-974e-40ce-ae86-71b5e699e0a6	2025-10-22	INTEGRAL	4	153737d9-caa6-55d5-b086-f7e83fdab4d2	Pao com manteiga	0	0	0	0	SINTETICO
eeaeaa90-0d68-461e-bb1a-000492eadab0	2025-10-22	TARDE	6	add956e1-36ad-584e-b1e4-a4a8db28315f	Banana	40	39	1	1	SINTETICO
61638091-c0bf-4380-96a6-2e31b6c82c5a	2025-10-22	TARDE	6	79ca1872-52e0-59dd-af29-543b793c0860	Macarrao ao sugo	0	0	0	0	SINTETICO
aa2e102b-0bf4-4bd1-8239-f6d95e22249f	2025-10-22	TARDE	6	eed1d0ec-938c-53ef-94b9-626452f5fbd2	Sopa de legumes	7	6	1	2	SINTETICO
c014ab89-a9bb-413c-adb1-90c92e7d28fd	2025-10-22	TARDE	6	1b450f5b-ecde-5880-ad0a-91ce0920069d	Maca	79	78	1	4	SINTETICO
ab97aa67-6fd2-4685-a6d3-68bece942999	2025-10-22	TARDE	6	b6f014a3-eaad-57c0-8ee9-24eb9abb819a	Cuscuz	81	74	7	8	SINTETICO
8fcd9053-5728-4ade-9d5d-d1d421e146d5	2025-10-22	MANHA	7	79ca1872-52e0-59dd-af29-543b793c0860	Macarrao ao sugo	112	98	14	16	SINTETICO
965bc804-a3ae-4399-b04c-2aba597b1ebf	2025-10-22	MANHA	7	d02df37a-5ddb-5d71-b171-5b2f6e16b1c8	Ovo cozido	15	14	1	2	SINTETICO
b53d425e-9750-455e-a4ab-a72785111bd4	2025-10-22	INTEGRAL	9	84f7e794-a400-5d46-9efe-1c8a8f2f711d	Suco de fruta natural	17	17	0	1	SINTETICO
076056de-2197-4078-ad99-ec00f26db0c0	2025-10-22	TARDE	10	9bf7d50c-378c-58f7-ba1a-0dccafffc54c	Bolacha doce	519	494	25	28	SINTETICO
df03db57-f701-4119-8d22-72bfd52f22c2	2025-10-22	TARDE	10	79ca1872-52e0-59dd-af29-543b793c0860	Macarrao ao sugo	227	211	16	31	SINTETICO
a4bbc449-96ab-4611-81e4-c39ce8abb62f	2025-10-22	TARDE	10	eed1d0ec-938c-53ef-94b9-626452f5fbd2	Sopa de legumes	52	47	5	13	SINTETICO
90c04a10-da66-4319-aca4-04860bd31b80	2025-10-22	TARDE	10	84f7e794-a400-5d46-9efe-1c8a8f2f711d	Suco de fruta natural	111	109	2	4	SINTETICO
d4abeb73-fba8-4f81-84cf-3e2d5d277b18	2025-10-22	MANHA	12	6ce7a969-7c2b-5a21-b072-594a4412ab8b	Arroz branco	29	27	2	2	SINTETICO
c7a221b4-ea3a-4c67-874b-5e143a579110	2025-10-22	MANHA	13	b6f014a3-eaad-57c0-8ee9-24eb9abb819a	Cuscuz	12	12	0	1	SINTETICO
f5ff92c6-2069-4f6c-b3d1-55a3f5c4be89	2025-10-22	MANHA	13	f8c11e3f-147e-575c-879e-d8653a2b447f	Chuchu com tempero verde	27	25	2	8	SINTETICO
d9164144-cd75-4dd2-bcf4-5f03c41f6a0b	2025-10-22	MANHA	13	eed1d0ec-938c-53ef-94b9-626452f5fbd2	Sopa de legumes	46	43	3	11	SINTETICO
975b1a3b-f20b-49ae-b4ba-2a21282930bd	2025-10-22	MANHA	13	9bf7d50c-378c-58f7-ba1a-0dccafffc54c	Bolacha doce	412	370	42	14	SINTETICO
5d09c54d-a34d-4873-9155-e3d30d348095	2025-10-22	MANHA	13	84f7e794-a400-5d46-9efe-1c8a8f2f711d	Suco de fruta natural	0	0	0	0	SINTETICO
9deadc08-2c85-46a7-92c5-266694884f5a	2025-10-22	MANHA	14	eed1d0ec-938c-53ef-94b9-626452f5fbd2	Sopa de legumes	275	240	35	77	SINTETICO
4e46688b-bbac-4f79-99c4-ed27cd47d01a	2025-10-22	MANHA	14	84f7e794-a400-5d46-9efe-1c8a8f2f711d	Suco de fruta natural	43	38	5	2	SINTETICO
c8fe2b9e-5793-4280-a627-092b6cca5b88	2025-10-22	MANHA	14	0db97b08-9e92-541d-b2d2-1bc810f8fbe8	Iogurte	18	17	1	1	SINTETICO
b6a53902-8200-4dbe-8900-b815ba68a5c7	2025-10-22	MANHA	14	1b450f5b-ecde-5880-ad0a-91ce0920069d	Maca	3	3	0	0	SINTETICO
fe1023ec-4ec8-4948-b8d1-41ad01425793	2025-10-22	MANHA	15	6753aa6f-0f7e-5208-8cd6-9e7a8733ef22	Leite com achocolatado	315	276	39	12	SINTETICO
15ca9f2d-3980-4de5-b852-c4d9d5c19a0c	2025-10-22	MANHA	15	1b450f5b-ecde-5880-ad0a-91ce0920069d	Maca	17	15	2	1	SINTETICO
6f14c98c-c784-4ddb-b3f1-92fb3be9b97b	2025-10-22	MANHA	15	84f7e794-a400-5d46-9efe-1c8a8f2f711d	Suco de fruta natural	23	22	1	1	SINTETICO
f28a5ad2-cc56-40bd-b40d-3ef192a9080a	2025-10-22	MANHA	15	2f723cf1-ddd6-58e2-881e-3ab45db8cd2d	Feijao carioca	38	37	1	2	SINTETICO
e21af9fe-58cd-449b-8388-4e305a49d8bf	2025-10-22	MANHA	15	2fb8016f-a7e8-5297-ba7c-fbdbc176e301	Molho de tomate caseiro	86	85	1	9	SINTETICO
9f870ffd-1e2b-4860-8156-8f209bfa1afb	2025-10-22	MANHA	15	9bf7d50c-378c-58f7-ba1a-0dccafffc54c	Bolacha doce	3	3	0	0	SINTETICO
79a8b2a5-97f7-479f-aa12-82cd6349c3d7	2025-10-22	TARDE	16	6ce7a969-7c2b-5a21-b072-594a4412ab8b	Arroz branco	44	38	6	2	SINTETICO
8db465c0-e475-4211-b7ef-9371e41e8271	2025-10-22	TARDE	16	2f723cf1-ddd6-58e2-881e-3ab45db8cd2d	Feijao carioca	42	40	2	4	SINTETICO
6dbed205-5539-4803-a372-da58b3729448	2025-10-23	INTEGRAL	1	0db97b08-9e92-541d-b2d2-1bc810f8fbe8	Iogurte	118	108	10	5	SINTETICO
28f554b6-da99-4387-82e8-2841a2f22471	2025-10-23	INTEGRAL	2	b6f014a3-eaad-57c0-8ee9-24eb9abb819a	Cuscuz	38	35	3	5	SINTETICO
09006662-ecc1-4567-8caf-c322c43cb3ad	2025-10-23	INTEGRAL	2	79ca1872-52e0-59dd-af29-543b793c0860	Macarrao ao sugo	1	1	0	0	SINTETICO
2c822ec5-28d9-41ba-8467-11baa1e116cf	2025-10-23	INTEGRAL	2	eed1d0ec-938c-53ef-94b9-626452f5fbd2	Sopa de legumes	12	12	0	3	SINTETICO
efc1f7a6-f9ba-4db6-b8b7-7053ae0583e8	2025-10-23	INTEGRAL	2	9bf7d50c-378c-58f7-ba1a-0dccafffc54c	Bolacha doce	1	1	0	0	SINTETICO
621a1592-4f5d-43de-9b0a-188b8f5dee2f	2025-10-23	INTEGRAL	4	6ce7a969-7c2b-5a21-b072-594a4412ab8b	Arroz branco	54	51	3	4	SINTETICO
9f5369dd-c2ab-4062-9091-d8255aefff82	2025-10-23	INTEGRAL	4	add956e1-36ad-584e-b1e4-a4a8db28315f	Banana	3	3	0	0	SINTETICO
c3c90bb5-86d9-49b8-b6a9-364cdf4168c1	2025-10-23	INTEGRAL	4	9bf7d50c-378c-58f7-ba1a-0dccafffc54c	Bolacha doce	21	19	2	1	SINTETICO
d339ffba-cfb8-4558-9424-08554ba11dfc	2025-10-23	MANHA	5	add956e1-36ad-584e-b1e4-a4a8db28315f	Banana	39	35	4	2	SINTETICO
5aefcdf9-c9ca-4649-936d-c59d3b6c32bf	2025-10-23	INTEGRAL	7	79ca1872-52e0-59dd-af29-543b793c0860	Macarrao ao sugo	9	9	0	1	SINTETICO
b1956486-bfbf-4ef0-a90f-677c3f0bcf04	2025-10-23	INTEGRAL	7	eed1d0ec-938c-53ef-94b9-626452f5fbd2	Sopa de legumes	18	17	1	4	SINTETICO
c10b0e75-6615-45f7-8418-b27f669444fe	2025-10-23	INTEGRAL	7	add956e1-36ad-584e-b1e4-a4a8db28315f	Banana	6	6	0	0	SINTETICO
90171b1a-56ec-40db-84d4-c7967d53f618	2025-10-23	INTEGRAL	7	6753aa6f-0f7e-5208-8cd6-9e7a8733ef22	Leite com achocolatado	28	25	3	2	SINTETICO
a7988c45-e5d0-4b82-94fc-71e00e160476	2025-10-23	INTEGRAL	8	eed1d0ec-938c-53ef-94b9-626452f5fbd2	Sopa de legumes	0	0	0	0	SINTETICO
e2e61e0a-0c08-40d6-9982-966c2b65bb5d	2025-10-23	INTEGRAL	8	9bf7d50c-378c-58f7-ba1a-0dccafffc54c	Bolacha doce	0	0	0	0	SINTETICO
49effc9e-9978-4775-af48-1d4d3b1e9429	2025-10-23	INTEGRAL	9	153737d9-caa6-55d5-b086-f7e83fdab4d2	Pao com manteiga	3	3	0	0	SINTETICO
360b78ea-5710-4bc3-be42-fb70dcd248e7	2025-10-23	INTEGRAL	9	84f7e794-a400-5d46-9efe-1c8a8f2f711d	Suco de fruta natural	1	1	0	0	SINTETICO
ca8bb352-d0ab-4e7c-a77b-8fdea4191cae	2025-10-23	TARDE	10	eed1d0ec-938c-53ef-94b9-626452f5fbd2	Sopa de legumes	62	60	2	18	SINTETICO
defe5d90-cbc7-40c3-8e74-24e9aa8f2690	2025-10-23	INTEGRAL	11	eed1d0ec-938c-53ef-94b9-626452f5fbd2	Sopa de legumes	34	31	3	11	SINTETICO
605f4844-ed58-483f-a5fb-4af2a6236c10	2025-10-23	INTEGRAL	11	9bf7d50c-378c-58f7-ba1a-0dccafffc54c	Bolacha doce	223	208	15	8	SINTETICO
61af1341-8506-462e-ba1b-130897f740c2	2025-10-23	INTEGRAL	11	3331b130-8600-5a59-9e35-f970f9ea497e	Ovo mexido	45	42	3	6	SINTETICO
c8ed5fc4-fd4f-4866-8cd5-f23cdc0eb557	2025-10-23	INTEGRAL	12	6ce7a969-7c2b-5a21-b072-594a4412ab8b	Arroz branco	41	37	4	3	SINTETICO
2f28f32a-c0c6-4876-8b56-4ebc11597fdd	2025-10-23	INTEGRAL	13	eed1d0ec-938c-53ef-94b9-626452f5fbd2	Sopa de legumes	1	1	0	0	SINTETICO
8d628e57-8038-44c5-8e1b-8bf096e8bd9d	2025-10-23	INTEGRAL	13	78b49edf-4e8b-5161-8bc0-ae05e86853d0	Carne moida tipo pastel	19	17	2	2	SINTETICO
dceab36e-bd38-4c7e-9633-85d5c1e68226	2025-10-23	INTEGRAL	13	6753aa6f-0f7e-5208-8cd6-9e7a8733ef22	Leite com achocolatado	321	295	26	14	SINTETICO
e72dbd45-2ace-4aa8-a5ea-68b789b9fa8d	2025-10-23	MANHA	17	2f723cf1-ddd6-58e2-881e-3ab45db8cd2d	Feijao carioca	2	2	0	0	SINTETICO
7680990e-8fdc-420c-b809-f8e13f042006	2025-10-23	MANHA	17	79ca1872-52e0-59dd-af29-543b793c0860	Macarrao ao sugo	15	13	2	2	SINTETICO
85d8ddc2-bdbe-4aaa-8078-2e9d8ef35217	2025-10-23	MANHA	17	add956e1-36ad-584e-b1e4-a4a8db28315f	Banana	117	115	2	3	SINTETICO
436731bb-a1c6-479e-96e9-b81170f85c8c	2025-10-23	MANHA	17	1b450f5b-ecde-5880-ad0a-91ce0920069d	Maca	37	34	3	2	SINTETICO
b9a955cf-e502-4f4d-928a-ef752cb2af3b	2025-10-23	MANHA	17	9bf7d50c-378c-58f7-ba1a-0dccafffc54c	Bolacha doce	53	46	7	2	SINTETICO
e35c0f4a-c621-4300-a982-0eb3e585b77d	2025-10-23	INTEGRAL	18	79ca1872-52e0-59dd-af29-543b793c0860	Macarrao ao sugo	31	30	1	5	SINTETICO
ce3f4d47-6844-4bee-b3c0-097bd6b96f21	2025-10-24	MANHA	2	b6f014a3-eaad-57c0-8ee9-24eb9abb819a	Cuscuz	1	1	0	0	SINTETICO
5d7f355e-0b41-4c6d-acaf-7f5065d04cd5	2025-10-24	MANHA	2	0db97b08-9e92-541d-b2d2-1bc810f8fbe8	Iogurte	1	1	0	0	SINTETICO
2091394c-bb6f-4de5-802b-99c67b3957ab	2025-10-24	MANHA	2	add956e1-36ad-584e-b1e4-a4a8db28315f	Banana	36	35	1	2	SINTETICO
75191cf9-7ccb-44eb-860e-f902e9b8475d	2025-10-24	MANHA	2	4d3eeba1-ad77-55d4-9ed8-296ad424338e	Molho de frango desfiado	0	0	0	0	SINTETICO
3937f7af-201f-4a71-b7cf-4c9ff297b0cf	2025-10-24	MANHA	2	79ca1872-52e0-59dd-af29-543b793c0860	Macarrao ao sugo	28	25	3	4	SINTETICO
adf43892-7d0b-4004-b004-f93dcf87d8ff	2025-10-24	MANHA	2	eed1d0ec-938c-53ef-94b9-626452f5fbd2	Sopa de legumes	80	73	7	19	SINTETICO
5e000b7e-78fe-4562-a244-dae3dd14a4ca	2025-10-24	MANHA	2	6753aa6f-0f7e-5208-8cd6-9e7a8733ef22	Leite com achocolatado	82	79	3	6	SINTETICO
abddb8e9-fecc-48c8-b80c-cb09acbde9da	2025-10-24	MANHA	3	9bf7d50c-378c-58f7-ba1a-0dccafffc54c	Bolacha doce	14	13	1	1	SINTETICO
8946d303-1184-4e21-bbe5-bb5200e0827e	2025-10-24	MANHA	3	add956e1-36ad-584e-b1e4-a4a8db28315f	Banana	85	74	11	2	SINTETICO
fd35e039-f613-457d-ac68-a93582693240	2025-10-24	MANHA	3	b6f014a3-eaad-57c0-8ee9-24eb9abb819a	Cuscuz	30	28	2	4	SINTETICO
ec75fbcc-a779-4cfd-98f9-afa9aad54768	2025-10-24	INTEGRAL	4	153737d9-caa6-55d5-b086-f7e83fdab4d2	Pao com manteiga	14	13	1	1	SINTETICO
6cba91b7-8bc8-455d-91b8-f4cead309cf3	2025-10-24	MANHA	6	6753aa6f-0f7e-5208-8cd6-9e7a8733ef22	Leite com achocolatado	0	0	0	0	SINTETICO
a61aeac5-2aab-44fe-a7cb-a13d2333a391	2025-10-24	MANHA	6	84f7e794-a400-5d46-9efe-1c8a8f2f711d	Suco de fruta natural	52	50	2	3	SINTETICO
f9ec0b93-6dc7-4ebe-9196-36e4e5698f3e	2025-10-24	MANHA	6	153737d9-caa6-55d5-b086-f7e83fdab4d2	Pao com manteiga	48	42	6	2	SINTETICO
6e385026-879e-428d-bfd9-95e8e5a92d0d	2025-10-24	MANHA	8	b99afe70-33ca-5504-9840-345a82dc68a3	Cenoura ralada	53	51	2	9	SINTETICO
ae43f8e5-3ac3-46e3-bbbd-cbdffcb0cfb3	2025-10-24	INTEGRAL	10	f8c11e3f-147e-575c-879e-d8653a2b447f	Chuchu com tempero verde	135	122	13	47	SINTETICO
813aeeca-ae1d-4065-a594-9168c4fc0c4f	2025-10-24	INTEGRAL	11	6ce7a969-7c2b-5a21-b072-594a4412ab8b	Arroz branco	25	22	3	1	SINTETICO
c8c9effb-c1bf-45b3-ad39-675210398aef	2025-10-24	INTEGRAL	11	6753aa6f-0f7e-5208-8cd6-9e7a8733ef22	Leite com achocolatado	8	7	1	1	SINTETICO
88e2a189-380d-424e-8775-8e04b8e567e3	2025-10-24	INTEGRAL	14	6ce7a969-7c2b-5a21-b072-594a4412ab8b	Arroz branco	0	0	0	0	SINTETICO
67140934-815f-434e-b336-e12fa2c2646b	2025-10-24	INTEGRAL	14	add956e1-36ad-584e-b1e4-a4a8db28315f	Banana	46	46	0	2	SINTETICO
ac7e1d5f-1717-4a3e-946c-853ed5d57555	2025-10-24	INTEGRAL	15	6753aa6f-0f7e-5208-8cd6-9e7a8733ef22	Leite com achocolatado	12	11	1	1	SINTETICO
8df3c5c1-1be0-4a8f-9684-0482546e8726	2025-10-24	INTEGRAL	15	b6f014a3-eaad-57c0-8ee9-24eb9abb819a	Cuscuz	0	0	0	0	SINTETICO
825abd6b-a2df-4254-a948-5e21b99cfecb	2025-10-24	TARDE	16	eed1d0ec-938c-53ef-94b9-626452f5fbd2	Sopa de legumes	37	34	3	12	SINTETICO
2386fa66-24ee-484c-8db8-1a9d743b2471	2025-10-24	INTEGRAL	17	2f723cf1-ddd6-58e2-881e-3ab45db8cd2d	Feijao carioca	44	41	3	4	SINTETICO
9a16b69f-bd83-4e3c-a915-3962c49c28fc	2025-10-24	INTEGRAL	17	0db97b08-9e92-541d-b2d2-1bc810f8fbe8	Iogurte	31	27	4	2	SINTETICO
fec291e2-eef4-403d-93a3-3ad0cf4e22d5	2025-10-24	INTEGRAL	18	153737d9-caa6-55d5-b086-f7e83fdab4d2	Pao com manteiga	8	7	1	1	SINTETICO
c6a0927e-27b1-4216-bae7-602fb4f90810	2025-10-27	INTEGRAL	3	6ce7a969-7c2b-5a21-b072-594a4412ab8b	Arroz branco	1	1	0	0	SINTETICO
ba71ce1b-410a-46ce-8564-1cf955f27d39	2025-10-27	INTEGRAL	3	79ca1872-52e0-59dd-af29-543b793c0860	Macarrao ao sugo	52	49	3	6	SINTETICO
c6b66c06-5069-4442-84ba-9097bf2db7ce	2025-10-27	INTEGRAL	4	6753aa6f-0f7e-5208-8cd6-9e7a8733ef22	Leite com achocolatado	35	32	3	2	SINTETICO
88d3a919-a302-4237-9530-84079d9f21f6	2025-10-27	INTEGRAL	4	b6f014a3-eaad-57c0-8ee9-24eb9abb819a	Cuscuz	1	1	0	0	SINTETICO
df85c1c7-2716-4c10-8629-83baf271bc76	2025-10-27	INTEGRAL	4	eed1d0ec-938c-53ef-94b9-626452f5fbd2	Sopa de legumes	40	40	0	14	SINTETICO
0a15b765-afc4-47f2-a2d4-d5fe0a2541b4	2025-10-27	INTEGRAL	4	1b450f5b-ecde-5880-ad0a-91ce0920069d	Maca	48	43	5	3	SINTETICO
52e0619d-65c4-488e-b5ab-7ac5be838c5b	2025-10-27	INTEGRAL	4	153737d9-caa6-55d5-b086-f7e83fdab4d2	Pao com manteiga	12	11	1	0	SINTETICO
93f33478-d0dd-4c26-b23d-28147ab6dcb3	2025-10-27	INTEGRAL	4	9bf7d50c-378c-58f7-ba1a-0dccafffc54c	Bolacha doce	30	28	2	2	SINTETICO
492033ce-9d1a-4789-86b5-dde5d7108353	2025-10-27	INTEGRAL	4	84f7e794-a400-5d46-9efe-1c8a8f2f711d	Suco de fruta natural	12	12	0	1	SINTETICO
62c24cab-c494-4451-83fd-3aae9925bd00	2025-10-27	TARDE	6	6ce7a969-7c2b-5a21-b072-594a4412ab8b	Arroz branco	45	40	5	2	SINTETICO
81a50020-851d-4f1d-a855-73b000bd8dae	2025-10-27	TARDE	6	eed1d0ec-938c-53ef-94b9-626452f5fbd2	Sopa de legumes	88	85	3	30	SINTETICO
beda16a7-8b02-49eb-88e0-15c73441db57	2025-10-27	TARDE	6	1b450f5b-ecde-5880-ad0a-91ce0920069d	Maca	1	1	0	0	SINTETICO
2421589a-5438-4aa2-847a-f3213ae2a27d	2025-10-27	TARDE	7	153737d9-caa6-55d5-b086-f7e83fdab4d2	Pao com manteiga	35	31	4	2	SINTETICO
8ad02117-79ee-401b-90c0-6e796f5493dc	2025-10-27	TARDE	7	eed1d0ec-938c-53ef-94b9-626452f5fbd2	Sopa de legumes	192	174	18	50	SINTETICO
52fbe5d7-51d2-4cba-8a4a-bdacd8671387	2025-10-27	TARDE	7	045210e2-4f88-5f7b-950a-db8c8dacab7e	Repolho	89	86	3	18	SINTETICO
0fe0ebdb-b3bd-4397-b820-b3f0c71afd94	2025-10-27	TARDE	7	add956e1-36ad-584e-b1e4-a4a8db28315f	Banana	47	43	4	1	SINTETICO
ea7cf85a-4d51-4e96-bbd5-1b3e55e2c145	2025-10-27	TARDE	7	9bf7d50c-378c-58f7-ba1a-0dccafffc54c	Bolacha doce	221	197	24	10	SINTETICO
748049ae-466a-4cff-b8d9-57ee7747dc4e	2025-10-27	TARDE	7	2f723cf1-ddd6-58e2-881e-3ab45db8cd2d	Feijao carioca	103	94	9	6	SINTETICO
7c09d9c1-15bd-4766-9ca2-8f2e33a2fc91	2025-10-27	INTEGRAL	9	9bf7d50c-378c-58f7-ba1a-0dccafffc54c	Bolacha doce	18	18	0	1	SINTETICO
8c85bca7-c68e-472f-8f26-31e28e2a320d	2025-10-27	INTEGRAL	9	47fbd9af-ac57-5250-a6e2-0018c6bd21c0	Couve	10	9	1	2	SINTETICO
fda789ed-d066-4faf-8657-7b3c0223146a	2025-10-27	INTEGRAL	9	eed1d0ec-938c-53ef-94b9-626452f5fbd2	Sopa de legumes	40	37	3	14	SINTETICO
571c876a-b90a-4a69-9039-d32cf98702d1	2025-10-27	INTEGRAL	10	2f723cf1-ddd6-58e2-881e-3ab45db8cd2d	Feijao carioca	288	258	30	21	SINTETICO
1a199584-5943-4c02-a61e-38df68b216be	2025-10-27	INTEGRAL	10	79ca1872-52e0-59dd-af29-543b793c0860	Macarrao ao sugo	50	46	4	7	SINTETICO
5c0db9e0-a425-4145-b560-3c863655e6c4	2025-10-27	INTEGRAL	10	6753aa6f-0f7e-5208-8cd6-9e7a8733ef22	Leite com achocolatado	97	91	6	5	SINTETICO
14686d8a-b919-453d-9ef8-38bfb564e7fb	2025-10-27	INTEGRAL	10	1b450f5b-ecde-5880-ad0a-91ce0920069d	Maca	2	2	0	0	SINTETICO
9501d98a-d0a0-4692-a4ce-fbd13f786246	2025-10-27	MANHA	13	2f723cf1-ddd6-58e2-881e-3ab45db8cd2d	Feijao carioca	42	37	5	3	SINTETICO
238be5b1-9db8-4b99-8eb0-9aef5a037527	2025-10-27	MANHA	13	eed1d0ec-938c-53ef-94b9-626452f5fbd2	Sopa de legumes	268	260	8	100	SINTETICO
1bf594b6-de03-4ba6-a4bb-d1f3f0c0ecc2	2025-10-27	INTEGRAL	14	9bf7d50c-378c-58f7-ba1a-0dccafffc54c	Bolacha doce	0	0	0	0	SINTETICO
1435209b-f9e2-4794-bf69-f1f1a0b29094	2025-10-27	INTEGRAL	14	153737d9-caa6-55d5-b086-f7e83fdab4d2	Pao com manteiga	14	14	0	1	SINTETICO
589a9ab6-ba59-43e1-8888-d1949ae44439	2025-10-27	INTEGRAL	14	1b450f5b-ecde-5880-ad0a-91ce0920069d	Maca	52	51	1	2	SINTETICO
908be777-2842-4e68-9b85-ef5d8e0686c0	2025-10-27	INTEGRAL	15	eed1d0ec-938c-53ef-94b9-626452f5fbd2	Sopa de legumes	15	14	1	4	SINTETICO
1c43cb2f-a88f-46de-a768-47e40ecc8e45	2025-10-27	INTEGRAL	15	b6f014a3-eaad-57c0-8ee9-24eb9abb819a	Cuscuz	16	16	0	2	SINTETICO
6b181cfa-cde9-4d11-85c7-e86d8d7163e9	2025-10-27	INTEGRAL	15	add956e1-36ad-584e-b1e4-a4a8db28315f	Banana	23	20	3	1	SINTETICO
0b20e30f-cd31-479c-830f-77bb526a8213	2025-10-27	MANHA	16	6ce7a969-7c2b-5a21-b072-594a4412ab8b	Arroz branco	61	54	7	4	SINTETICO
7ce6181b-1744-400d-9db2-e703817ad460	2025-10-27	MANHA	17	b6f014a3-eaad-57c0-8ee9-24eb9abb819a	Cuscuz	61	56	5	7	SINTETICO
baba7ebc-da4c-4a3c-8b10-5330582c3646	2025-10-27	INTEGRAL	18	6753aa6f-0f7e-5208-8cd6-9e7a8733ef22	Leite com achocolatado	3	3	0	0	SINTETICO
1c1f9db3-b2be-4fd5-9015-aaa299e06159	2025-10-28	INTEGRAL	1	153737d9-caa6-55d5-b086-f7e83fdab4d2	Pao com manteiga	0	0	0	0	SINTETICO
a15da98b-3f35-4233-a318-91601767cd55	2025-10-28	INTEGRAL	1	add956e1-36ad-584e-b1e4-a4a8db28315f	Banana	0	0	0	0	SINTETICO
00cf81a5-7060-4b5c-8440-44601dc40754	2025-10-28	INTEGRAL	1	84f7e794-a400-5d46-9efe-1c8a8f2f711d	Suco de fruta natural	0	0	0	0	SINTETICO
cf51d4ec-88b6-43d5-8b29-241cd387e4c8	2025-10-28	INTEGRAL	2	153737d9-caa6-55d5-b086-f7e83fdab4d2	Pao com manteiga	283	277	6	18	SINTETICO
0d3c028c-012c-4492-95df-877df21418fc	2025-10-28	INTEGRAL	2	0db97b08-9e92-541d-b2d2-1bc810f8fbe8	Iogurte	56	51	5	3	SINTETICO
f9155bbb-2a1c-427c-a2f1-ae68a27d2855	2025-10-28	INTEGRAL	2	1b450f5b-ecde-5880-ad0a-91ce0920069d	Maca	337	329	8	16	SINTETICO
818bb389-270f-47eb-8337-746c668545ef	2025-10-28	MANHA	3	0db97b08-9e92-541d-b2d2-1bc810f8fbe8	Iogurte	78	72	6	4	SINTETICO
7d6d79f7-38ca-47eb-9033-944f9fede337	2025-10-28	MANHA	3	eed1d0ec-938c-53ef-94b9-626452f5fbd2	Sopa de legumes	14	13	1	3	SINTETICO
992d81a0-b967-48d7-a1f6-f85c7f31d783	2025-10-28	INTEGRAL	4	eed1d0ec-938c-53ef-94b9-626452f5fbd2	Sopa de legumes	55	49	6	15	SINTETICO
d661cfe2-97f8-4d43-b7a8-eb00b63f0fe0	2025-10-28	INTEGRAL	4	add956e1-36ad-584e-b1e4-a4a8db28315f	Banana	0	0	0	0	SINTETICO
2f5a52f6-1bb1-4773-b4e0-246bd1429473	2025-10-28	INTEGRAL	4	6ce7a969-7c2b-5a21-b072-594a4412ab8b	Arroz branco	190	174	16	15	SINTETICO
525764a6-2677-4f2a-a374-d61785f31663	2025-10-28	INTEGRAL	4	2f723cf1-ddd6-58e2-881e-3ab45db8cd2d	Feijao carioca	3	3	0	0	SINTETICO
586b125d-47e8-430e-89ca-6c5f0a3669b1	2025-10-28	INTEGRAL	4	79ca1872-52e0-59dd-af29-543b793c0860	Macarrao ao sugo	43	41	2	4	SINTETICO
798f719d-c79a-4db2-8a0e-137cb0ffbe23	2025-10-28	INTEGRAL	4	b6f014a3-eaad-57c0-8ee9-24eb9abb819a	Cuscuz	274	248	26	27	SINTETICO
a494e7ea-3c9f-43e8-ae1e-439da85b9cc0	2025-10-28	TARDE	5	0db97b08-9e92-541d-b2d2-1bc810f8fbe8	Iogurte	51	50	1	3	SINTETICO
d37d17ec-a4e4-4ea9-a8ef-a06e2792ac45	2025-10-28	TARDE	5	b6f014a3-eaad-57c0-8ee9-24eb9abb819a	Cuscuz	1	1	0	0	SINTETICO
754c0a73-0337-4389-a4f9-80cedf87bd0e	2025-10-28	INTEGRAL	6	b6f014a3-eaad-57c0-8ee9-24eb9abb819a	Cuscuz	20	19	1	2	SINTETICO
1bfd8006-05a8-47c4-a53f-a64914773ffb	2025-10-28	INTEGRAL	7	add956e1-36ad-584e-b1e4-a4a8db28315f	Banana	316	280	36	11	SINTETICO
591b7533-47f9-4dc6-8cc8-7f5b668c8eef	2025-10-28	INTEGRAL	7	1b450f5b-ecde-5880-ad0a-91ce0920069d	Maca	6	6	0	0	SINTETICO
01faace7-5081-4d1e-941b-6e85ede44599	2025-10-28	INTEGRAL	7	eed1d0ec-938c-53ef-94b9-626452f5fbd2	Sopa de legumes	238	223	15	71	SINTETICO
51f3b9d8-f359-4e44-8d5a-da9436b7e026	2025-10-28	INTEGRAL	7	2f723cf1-ddd6-58e2-881e-3ab45db8cd2d	Feijao carioca	98	93	5	10	SINTETICO
5ec33c49-6590-4382-8f94-a86a439dda59	2025-10-28	INTEGRAL	9	6753aa6f-0f7e-5208-8cd6-9e7a8733ef22	Leite com achocolatado	0	0	0	0	SINTETICO
73c9d7c4-fbc8-451b-bd54-fbb0eec88633	2025-10-28	INTEGRAL	9	1b450f5b-ecde-5880-ad0a-91ce0920069d	Maca	7	7	0	0	SINTETICO
c2e6bac1-e424-4680-8e00-145c353530f6	2025-10-28	INTEGRAL	9	b6f014a3-eaad-57c0-8ee9-24eb9abb819a	Cuscuz	231	229	2	34	SINTETICO
0317b183-d73c-40c7-9dad-3af618e75ecb	2025-10-28	INTEGRAL	9	2f723cf1-ddd6-58e2-881e-3ab45db8cd2d	Feijao carioca	22	20	2	2	SINTETICO
8611ccb0-0869-4c18-998c-871cdd22c78b	2025-10-28	INTEGRAL	9	9bf7d50c-378c-58f7-ba1a-0dccafffc54c	Bolacha doce	47	46	1	2	SINTETICO
18b8a3e2-ae2f-47f3-b5fb-65ac119c2a7c	2025-10-28	INTEGRAL	9	0db97b08-9e92-541d-b2d2-1bc810f8fbe8	Iogurte	0	0	0	0	SINTETICO
ad872c74-516f-4016-a2cb-bdb106f9ddce	2025-10-28	TARDE	10	6753aa6f-0f7e-5208-8cd6-9e7a8733ef22	Leite com achocolatado	191	185	6	10	SINTETICO
c0e021e5-9ee0-4566-a85a-6d71a645cc50	2025-10-28	TARDE	10	b6cbc98d-85cf-5628-a89e-560cfa264267	Coxa e sobrecoxa de frango ao molho de tomate	41	40	1	5	SINTETICO
c19fe49a-6966-496e-a865-3956ff21f33b	2025-10-28	TARDE	10	2f723cf1-ddd6-58e2-881e-3ab45db8cd2d	Feijao carioca	0	0	0	0	SINTETICO
281def96-a74e-4621-9964-c863de032ffc	2025-10-28	INTEGRAL	11	eed1d0ec-938c-53ef-94b9-626452f5fbd2	Sopa de legumes	223	219	4	54	SINTETICO
e7cc1be3-b9c8-4c1a-8c8c-3a3d3958a341	2025-10-28	INTEGRAL	11	6ce7a969-7c2b-5a21-b072-594a4412ab8b	Arroz branco	0	0	0	0	SINTETICO
85417e11-8b7f-48f1-8459-b752022131f3	2025-10-28	INTEGRAL	12	b6f014a3-eaad-57c0-8ee9-24eb9abb819a	Cuscuz	3	3	0	0	SINTETICO
799beea4-3a13-4bdf-8632-75e516265ed7	2025-10-28	INTEGRAL	12	6ce7a969-7c2b-5a21-b072-594a4412ab8b	Arroz branco	0	0	0	0	SINTETICO
f37ef9be-4a9a-434c-a399-385ef6e4fb77	2025-10-28	INTEGRAL	12	6753aa6f-0f7e-5208-8cd6-9e7a8733ef22	Leite com achocolatado	42	41	1	3	SINTETICO
983b7113-7666-4b3b-b058-f13f2c6b162f	2025-10-28	INTEGRAL	12	84f7e794-a400-5d46-9efe-1c8a8f2f711d	Suco de fruta natural	52	46	6	2	SINTETICO
1164185d-6c3b-4b51-b03b-14c26f80dffc	2025-10-28	INTEGRAL	12	0db97b08-9e92-541d-b2d2-1bc810f8fbe8	Iogurte	0	0	0	0	SINTETICO
d93008ba-4d7a-4b4d-8139-a640c5895df8	2025-10-28	INTEGRAL	13	9bf7d50c-378c-58f7-ba1a-0dccafffc54c	Bolacha doce	3	3	0	0	SINTETICO
9b6fc29d-43d3-4d83-a22e-d97ac6add95f	2025-10-28	INTEGRAL	13	6ce7a969-7c2b-5a21-b072-594a4412ab8b	Arroz branco	7	6	1	0	SINTETICO
132a2a64-4ce4-4986-bcd1-c7e26b2ccd81	2025-10-28	INTEGRAL	15	153737d9-caa6-55d5-b086-f7e83fdab4d2	Pao com manteiga	22	20	2	1	SINTETICO
db378d17-c53e-4477-9dd9-c6118d6d9cb3	2025-10-28	INTEGRAL	15	2fb8016f-a7e8-5297-ba7c-fbdbc176e301	Molho de tomate caseiro	2	2	0	0	SINTETICO
39ce4df9-6c03-4ee5-9784-209c0c26a39e	2025-10-28	INTEGRAL	15	84f7e794-a400-5d46-9efe-1c8a8f2f711d	Suco de fruta natural	34	30	4	1	SINTETICO
4058b8af-3a08-4be4-8586-f9801d9dec45	2025-10-28	MANHA	16	2f723cf1-ddd6-58e2-881e-3ab45db8cd2d	Feijao carioca	33	31	2	4	SINTETICO
fe734064-23b4-4a31-b5a4-7304bf86dfda	2025-10-28	MANHA	16	add956e1-36ad-584e-b1e4-a4a8db28315f	Banana	47	46	1	2	SINTETICO
2f8a013e-fe06-4312-b37d-e4ed3964c699	2025-10-28	MANHA	16	0db97b08-9e92-541d-b2d2-1bc810f8fbe8	Iogurte	30	28	2	2	SINTETICO
dca60ab7-13cb-48e1-9ca8-034d1314f038	2025-10-28	MANHA	16	153737d9-caa6-55d5-b086-f7e83fdab4d2	Pao com manteiga	99	90	9	7	SINTETICO
2794595c-dbf0-47e9-9128-75f21faed323	2025-10-28	MANHA	16	9bf7d50c-378c-58f7-ba1a-0dccafffc54c	Bolacha doce	0	0	0	0	SINTETICO
44d8d6e3-3346-4a70-a4cd-8c45cf18eb56	2025-10-28	INTEGRAL	17	84f7e794-a400-5d46-9efe-1c8a8f2f711d	Suco de fruta natural	47	47	0	2	SINTETICO
a34b3d41-c363-4dc3-a6e7-af48bc06b21c	2025-10-29	INTEGRAL	1	eed1d0ec-938c-53ef-94b9-626452f5fbd2	Sopa de legumes	1	1	0	0	SINTETICO
a2b87b23-9872-4d2f-8492-ee356c7e6b32	2025-10-29	INTEGRAL	1	2f723cf1-ddd6-58e2-881e-3ab45db8cd2d	Feijao carioca	54	49	5	5	SINTETICO
0aa68deb-8470-4173-b271-cb027c625958	2025-10-29	INTEGRAL	2	e8c59186-e147-5530-a4ba-b728fd7852c3	Arroz com galinha	7	7	0	1	SINTETICO
90fac887-10fc-4d4b-88b0-fae3bd86ffb8	2025-10-29	INTEGRAL	2	79ca1872-52e0-59dd-af29-543b793c0860	Macarrao ao sugo	4	4	0	0	SINTETICO
d8972492-dd4f-4a68-86af-b23731c1a638	2025-10-29	INTEGRAL	2	9bf7d50c-378c-58f7-ba1a-0dccafffc54c	Bolacha doce	0	0	0	0	SINTETICO
53dcd586-2d7f-4872-a02d-73b36556a920	2025-10-29	INTEGRAL	2	1b450f5b-ecde-5880-ad0a-91ce0920069d	Maca	79	75	4	5	SINTETICO
85405e9a-48f4-44f8-8d2a-29a797dec99c	2025-10-29	INTEGRAL	4	1b450f5b-ecde-5880-ad0a-91ce0920069d	Maca	88	85	3	4	SINTETICO
e26cbc5a-3570-4d7d-8400-56c61e724637	2025-10-29	INTEGRAL	4	79ca1872-52e0-59dd-af29-543b793c0860	Macarrao ao sugo	76	72	4	12	SINTETICO
a0753439-61cf-4390-9cfb-41d6dbe7ba75	2025-10-29	INTEGRAL	4	84f7e794-a400-5d46-9efe-1c8a8f2f711d	Suco de fruta natural	1	1	0	0	SINTETICO
8c2c3fbf-c031-486c-bdf0-d5450ecca0ff	2025-10-29	INTEGRAL	4	add956e1-36ad-584e-b1e4-a4a8db28315f	Banana	38	37	1	2	SINTETICO
e9a00763-ffff-4dee-9f18-ed0aaccbffe9	2025-10-29	MANHA	6	b6f014a3-eaad-57c0-8ee9-24eb9abb819a	Cuscuz	3	3	0	0	SINTETICO
a45ae394-1389-4ab2-bba2-730868d119ee	2025-10-29	INTEGRAL	8	6ce7a969-7c2b-5a21-b072-594a4412ab8b	Arroz branco	10	9	1	0	SINTETICO
54db5f51-8736-4546-81ae-dc509a2dc8c8	2025-10-29	INTEGRAL	8	153737d9-caa6-55d5-b086-f7e83fdab4d2	Pao com manteiga	3	3	0	0	SINTETICO
e03a4936-2825-4cd3-b2dd-6743e2d6ac25	2025-10-29	INTEGRAL	8	500ccd6c-b321-531f-81ae-3999b578c2e4	Pure de moranga	16	15	1	5	SINTETICO
a1527e6f-34dc-48d6-9fac-809077354d32	2025-10-29	INTEGRAL	10	79ca1872-52e0-59dd-af29-543b793c0860	Macarrao ao sugo	50	44	6	7	SINTETICO
93a8528a-d3c6-4f55-a831-c328664fcc57	2025-10-29	INTEGRAL	10	153737d9-caa6-55d5-b086-f7e83fdab4d2	Pao com manteiga	1	1	0	0	SINTETICO
35c31f30-c7d9-4a83-8b9e-caa7b5e8cc0f	2025-10-29	INTEGRAL	10	6753aa6f-0f7e-5208-8cd6-9e7a8733ef22	Leite com achocolatado	19	17	2	1	SINTETICO
2d39c344-2efd-4780-99e8-76712ddf1803	2025-10-29	INTEGRAL	12	79ca1872-52e0-59dd-af29-543b793c0860	Macarrao ao sugo	276	268	8	32	SINTETICO
24ce6cde-896b-46cd-9197-145d948e9be6	2025-10-29	INTEGRAL	12	153737d9-caa6-55d5-b086-f7e83fdab4d2	Pao com manteiga	6	6	0	0	SINTETICO
8e0c0729-e71a-4478-8bd9-a8a4152018dc	2025-10-29	INTEGRAL	14	153737d9-caa6-55d5-b086-f7e83fdab4d2	Pao com manteiga	9	9	0	0	SINTETICO
60c2c472-f1c1-4da6-80cd-b43b6f182cc6	2025-10-29	INTEGRAL	14	6753aa6f-0f7e-5208-8cd6-9e7a8733ef22	Leite com achocolatado	374	336	38	17	SINTETICO
06ed1601-8abb-4118-a864-74d1d041790b	2025-10-29	INTEGRAL	14	0db97b08-9e92-541d-b2d2-1bc810f8fbe8	Iogurte	0	0	0	0	SINTETICO
668047cf-f032-4681-8af1-6324f69d541e	2025-10-29	INTEGRAL	15	2f723cf1-ddd6-58e2-881e-3ab45db8cd2d	Feijao carioca	25	22	3	2	SINTETICO
6cc8c041-ba3e-46f3-919c-548ecfa104bc	2025-10-29	INTEGRAL	15	153737d9-caa6-55d5-b086-f7e83fdab4d2	Pao com manteiga	3	3	0	0	SINTETICO
fa6f8696-4e91-43ea-ab8a-36aec56265ed	2025-10-29	INTEGRAL	16	3331b130-8600-5a59-9e35-f970f9ea497e	Ovo mexido	35	31	4	4	SINTETICO
7bf61664-0189-46c4-859e-d97769517fdc	2025-10-29	INTEGRAL	17	153737d9-caa6-55d5-b086-f7e83fdab4d2	Pao com manteiga	33	32	1	1	SINTETICO
5f642b67-3055-4bf5-a883-5b1c8782051b	2025-10-29	MANHA	18	0db97b08-9e92-541d-b2d2-1bc810f8fbe8	Iogurte	38	37	1	2	SINTETICO
be01b006-369b-46a7-a0de-3f2a3dc9fb91	2025-10-29	MANHA	18	eed1d0ec-938c-53ef-94b9-626452f5fbd2	Sopa de legumes	358	320	38	69	SINTETICO
b23f2f81-2ad5-4d87-bbb2-730767bed82a	2025-10-30	INTEGRAL	1	6ce7a969-7c2b-5a21-b072-594a4412ab8b	Arroz branco	109	103	6	6	SINTETICO
8529c5d0-ca28-4042-baee-dbb893ea1003	2025-10-30	INTEGRAL	1	b6f014a3-eaad-57c0-8ee9-24eb9abb819a	Cuscuz	0	0	0	0	SINTETICO
ae6dfb9f-5c46-4c52-a84c-7354f26fcd92	2025-10-30	INTEGRAL	3	6753aa6f-0f7e-5208-8cd6-9e7a8733ef22	Leite com achocolatado	5	5	0	0	SINTETICO
72af51aa-7a18-4c5f-a8cf-977b56182222	2025-10-30	INTEGRAL	4	add956e1-36ad-584e-b1e4-a4a8db28315f	Banana	10	9	1	0	SINTETICO
b4304dee-d8c4-420b-b7d9-1b5116275e3c	2025-10-30	INTEGRAL	8	6ce7a969-7c2b-5a21-b072-594a4412ab8b	Arroz branco	52	50	2	3	SINTETICO
df52ff2e-087f-4be3-8498-2045853e3e18	2025-10-30	INTEGRAL	8	79ca1872-52e0-59dd-af29-543b793c0860	Macarrao ao sugo	50	45	5	6	SINTETICO
1239e57f-5ab3-4801-a94e-a33b73c08230	2025-10-30	INTEGRAL	8	b6cbc98d-85cf-5628-a89e-560cfa264267	Coxa e sobrecoxa de frango ao molho de tomate	2	2	0	0	SINTETICO
7512702d-13a5-4a44-ada4-a2cf93ed4dfc	2025-10-30	TARDE	9	6ce7a969-7c2b-5a21-b072-594a4412ab8b	Arroz branco	94	92	2	7	SINTETICO
a6a87023-a94e-490b-9a6b-0a1b09ed9d21	2025-10-30	TARDE	9	0db97b08-9e92-541d-b2d2-1bc810f8fbe8	Iogurte	513	494	19	26	SINTETICO
505a0c40-94cf-4ee0-8539-f4470935819f	2025-10-30	TARDE	9	1b450f5b-ecde-5880-ad0a-91ce0920069d	Maca	4	4	0	0	SINTETICO
d6fc9b99-c36a-4ec3-a211-396d10bb0f0d	2025-10-30	TARDE	9	b6f014a3-eaad-57c0-8ee9-24eb9abb819a	Cuscuz	32	31	1	5	SINTETICO
80cd132c-1915-4d9d-adea-cbb46fc4aa60	2025-10-30	INTEGRAL	10	2f723cf1-ddd6-58e2-881e-3ab45db8cd2d	Feijao carioca	100	99	1	11	SINTETICO
c148fc8d-8cc1-466c-994e-ceeacbf96c35	2025-10-30	INTEGRAL	10	84f7e794-a400-5d46-9efe-1c8a8f2f711d	Suco de fruta natural	47	41	6	3	SINTETICO
a2263ce9-5ded-45e4-b9ff-e07b2754bf17	2025-10-30	INTEGRAL	14	6753aa6f-0f7e-5208-8cd6-9e7a8733ef22	Leite com achocolatado	77	75	2	4	SINTETICO
6fd24534-c22f-4c90-8a26-46fe0ea4ec1d	2025-10-30	INTEGRAL	16	eed1d0ec-938c-53ef-94b9-626452f5fbd2	Sopa de legumes	47	46	1	11	SINTETICO
3cbd3a05-8c41-47ff-89d4-92c97269d2b3	2025-10-30	INTEGRAL	16	6753aa6f-0f7e-5208-8cd6-9e7a8733ef22	Leite com achocolatado	54	49	5	3	SINTETICO
880c6466-a963-4495-acbd-2fa32df7934a	2025-10-30	INTEGRAL	16	0db97b08-9e92-541d-b2d2-1bc810f8fbe8	Iogurte	0	0	0	0	SINTETICO
d8b113a2-03db-45f9-a6c2-4a9ee4174e14	2025-10-30	INTEGRAL	16	79ca1872-52e0-59dd-af29-543b793c0860	Macarrao ao sugo	81	72	9	13	SINTETICO
49ea8cd8-a5f2-44ae-89e2-7426b50d6beb	2025-10-30	TARDE	17	0db97b08-9e92-541d-b2d2-1bc810f8fbe8	Iogurte	1	1	0	0	SINTETICO
93fefa81-bc18-4bf4-9862-e9b7cade4d0c	2025-10-30	INTEGRAL	18	add956e1-36ad-584e-b1e4-a4a8db28315f	Banana	48	45	3	2	SINTETICO
0b050257-d7c8-4aef-84f7-21e8d0b7d7a7	2025-10-30	INTEGRAL	18	0db97b08-9e92-541d-b2d2-1bc810f8fbe8	Iogurte	41	39	2	2	SINTETICO
cbba0961-a472-4ba6-b6da-83221e2636fc	2025-10-30	INTEGRAL	18	6ce7a969-7c2b-5a21-b072-594a4412ab8b	Arroz branco	379	369	10	28	SINTETICO
6de0095f-9bce-4761-be7c-9bb7ff021cbb	2025-10-31	INTEGRAL	1	1b450f5b-ecde-5880-ad0a-91ce0920069d	Maca	34	33	1	1	SINTETICO
32220878-327a-43ff-8c57-4f8b02a4ea18	2025-10-31	TARDE	3	153737d9-caa6-55d5-b086-f7e83fdab4d2	Pao com manteiga	0	0	0	0	SINTETICO
10b6fa3e-ccd8-4c42-a36a-c9848f1b898c	2025-10-31	TARDE	3	79ca1872-52e0-59dd-af29-543b793c0860	Macarrao ao sugo	249	230	19	31	SINTETICO
6ab7adc7-eee8-420a-92cf-7092b2db64b1	2025-10-31	TARDE	3	9bf7d50c-378c-58f7-ba1a-0dccafffc54c	Bolacha doce	295	292	3	18	SINTETICO
53a294c9-05bc-4f4c-885b-e2bd7f13bb44	2025-10-31	TARDE	3	84f7e794-a400-5d46-9efe-1c8a8f2f711d	Suco de fruta natural	49	45	4	3	SINTETICO
b9085f92-bb4c-4652-a4de-b7231f9de4c4	2025-10-31	MANHA	4	9bf7d50c-378c-58f7-ba1a-0dccafffc54c	Bolacha doce	0	0	0	0	SINTETICO
baa805fd-b3c7-4036-abae-298356c8dc2e	2025-10-31	MANHA	7	84f7e794-a400-5d46-9efe-1c8a8f2f711d	Suco de fruta natural	55	49	6	2	SINTETICO
acbdc33c-b66e-47bd-80aa-a0c499f6014b	2025-10-31	MANHA	7	79ca1872-52e0-59dd-af29-543b793c0860	Macarrao ao sugo	8	7	1	1	SINTETICO
53ff65c6-6b2b-4402-8c6d-967108ffb937	2025-10-31	MANHA	7	6ce7a969-7c2b-5a21-b072-594a4412ab8b	Arroz branco	29	29	0	2	SINTETICO
50a8cc1f-3ba7-4cf5-80a1-3115672b7997	2025-10-31	MANHA	7	b6f014a3-eaad-57c0-8ee9-24eb9abb819a	Cuscuz	27	25	2	3	SINTETICO
b7775428-5386-431f-8e68-3a0eee064d8d	2025-10-31	INTEGRAL	9	0db97b08-9e92-541d-b2d2-1bc810f8fbe8	Iogurte	48	47	1	2	SINTETICO
3a6a4167-f8ec-4e72-9bf3-2a2713af1c82	2025-10-31	INTEGRAL	9	6753aa6f-0f7e-5208-8cd6-9e7a8733ef22	Leite com achocolatado	91	90	1	4	SINTETICO
d5e035b1-559a-4825-83f4-88c693580c17	2025-10-31	INTEGRAL	9	eed1d0ec-938c-53ef-94b9-626452f5fbd2	Sopa de legumes	0	0	0	0	SINTETICO
40faa56d-2133-44e8-af06-49f21df7748a	2025-10-31	INTEGRAL	11	6ce7a969-7c2b-5a21-b072-594a4412ab8b	Arroz branco	0	0	0	0	SINTETICO
3ba20505-f50c-4c1d-a521-f52fb413a5c1	2025-10-31	INTEGRAL	11	79ca1872-52e0-59dd-af29-543b793c0860	Macarrao ao sugo	19	18	1	2	SINTETICO
e8950e7e-a9a9-49f6-a7c0-d9ffe42a751f	2025-10-31	INTEGRAL	11	add956e1-36ad-584e-b1e4-a4a8db28315f	Banana	55	52	3	2	SINTETICO
18cbf5a3-855d-4881-aa5d-7989dac9cca7	2025-10-31	INTEGRAL	11	153737d9-caa6-55d5-b086-f7e83fdab4d2	Pao com manteiga	2	2	0	0	SINTETICO
bca3b4d1-4cb3-4aaf-a9fe-889910cba00f	2025-10-31	INTEGRAL	11	b6f014a3-eaad-57c0-8ee9-24eb9abb819a	Cuscuz	12	11	1	1	SINTETICO
55be94c1-6400-4eb7-9ac1-464c23e67376	2025-10-31	INTEGRAL	11	6753aa6f-0f7e-5208-8cd6-9e7a8733ef22	Leite com achocolatado	77	72	5	3	SINTETICO
85a9b437-ada4-41fe-8d20-89048f56848a	2025-10-31	INTEGRAL	12	0db97b08-9e92-541d-b2d2-1bc810f8fbe8	Iogurte	13	12	1	1	SINTETICO
3b8b845f-9b3a-437a-85fb-07c9094e0e0a	2025-10-31	INTEGRAL	12	2f723cf1-ddd6-58e2-881e-3ab45db8cd2d	Feijao carioca	3	3	0	0	SINTETICO
36655fc9-5070-47da-941e-acc51aa11db4	2025-10-31	INTEGRAL	12	6ce7a969-7c2b-5a21-b072-594a4412ab8b	Arroz branco	41	40	1	3	SINTETICO
c93fdae0-49c9-42b6-9ce1-5ba10b421200	2025-10-31	INTEGRAL	12	79ca1872-52e0-59dd-af29-543b793c0860	Macarrao ao sugo	4	4	0	1	SINTETICO
b3e52b4b-ad3e-498e-8788-07ba384dc5dc	2025-10-31	INTEGRAL	12	84f7e794-a400-5d46-9efe-1c8a8f2f711d	Suco de fruta natural	9	9	0	0	SINTETICO
45a80d11-044b-4854-86ef-0af8de8478f1	2025-10-31	INTEGRAL	12	500ccd6c-b321-531f-81ae-3999b578c2e4	Pure de moranga	0	0	0	0	SINTETICO
b14d49e0-468f-45bc-b844-0e3d51a5f2ee	2025-10-31	INTEGRAL	12	add956e1-36ad-584e-b1e4-a4a8db28315f	Banana	17	15	2	1	SINTETICO
4fe92c21-d2aa-4a73-8e85-42b6d410c89e	2025-10-31	INTEGRAL	13	0db97b08-9e92-541d-b2d2-1bc810f8fbe8	Iogurte	230	200	30	14	SINTETICO
1d4571cd-2777-42f7-97cc-ab5f9e092434	2025-10-31	INTEGRAL	13	add956e1-36ad-584e-b1e4-a4a8db28315f	Banana	20	19	1	1	SINTETICO
55f8b811-d282-4fdf-8501-a475f4b56b76	2025-10-31	INTEGRAL	13	b85fd879-2256-524c-b715-7f9cb93ccd01	Bolo de maca, sem acucar	0	0	0	0	SINTETICO
1df12ef3-f1be-4eab-a111-fea834f2baef	2025-10-31	INTEGRAL	13	79ca1872-52e0-59dd-af29-543b793c0860	Macarrao ao sugo	180	158	22	28	SINTETICO
53e0bee8-1678-44b2-a115-b59e5924632e	2025-10-31	INTEGRAL	13	153737d9-caa6-55d5-b086-f7e83fdab4d2	Pao com manteiga	87	80	7	6	SINTETICO
476d5df5-2007-4bb7-b0aa-086741f2ca13	2025-10-31	INTEGRAL	13	84f7e794-a400-5d46-9efe-1c8a8f2f711d	Suco de fruta natural	15	14	1	1	SINTETICO
76235ae2-35a5-4e46-b01c-96f19fb4b254	2025-10-31	INTEGRAL	15	2f723cf1-ddd6-58e2-881e-3ab45db8cd2d	Feijao carioca	0	0	0	0	SINTETICO
5868606f-b230-4d2d-ab09-b40624ddeb97	2025-10-31	INTEGRAL	15	b6f014a3-eaad-57c0-8ee9-24eb9abb819a	Cuscuz	4	4	0	1	SINTETICO
c4dce264-9dd3-4fd4-87fd-0758572a8133	2025-10-31	TARDE	16	add956e1-36ad-584e-b1e4-a4a8db28315f	Banana	0	0	0	0	SINTETICO
4325c57c-289f-4cdf-b1b2-f0d001b436d6	2025-10-31	MANHA	17	153737d9-caa6-55d5-b086-f7e83fdab4d2	Pao com manteiga	8	8	0	0	SINTETICO
2536bc97-d647-43ef-bd03-99963949a162	2025-10-31	MANHA	17	6753aa6f-0f7e-5208-8cd6-9e7a8733ef22	Leite com achocolatado	21	21	0	1	SINTETICO
cab687aa-227e-4f1a-8cf8-3606db2a15a2	2025-10-31	MANHA	17	79ca1872-52e0-59dd-af29-543b793c0860	Macarrao ao sugo	7	6	1	1	SINTETICO
075af60f-ec7e-4464-9372-ed37345674cb	2025-10-31	MANHA	17	add956e1-36ad-584e-b1e4-a4a8db28315f	Banana	24	22	2	1	SINTETICO
6c8acfca-4e3c-4c09-96a7-ff0b9ec23fe8	2025-10-31	MANHA	17	0db97b08-9e92-541d-b2d2-1bc810f8fbe8	Iogurte	269	245	24	18	SINTETICO
d1680fd9-bca5-4438-9943-fbdbdfd56566	2025-11-03	INTEGRAL	1	79ca1872-52e0-59dd-af29-543b793c0860	Macarrao ao sugo	0	0	0	0	SINTETICO
031a6987-0e98-4803-bce1-f614bdff5f1e	2025-11-03	INTEGRAL	1	84f7e794-a400-5d46-9efe-1c8a8f2f711d	Suco de fruta natural	37	33	4	2	SINTETICO
9bd60143-65da-4605-a597-09eadf1c1125	2025-11-03	INTEGRAL	1	6ce7a969-7c2b-5a21-b072-594a4412ab8b	Arroz branco	39	37	2	3	SINTETICO
9e1aefaf-a5ad-4e66-bf8f-feb5333be6b8	2025-11-03	INTEGRAL	1	2f723cf1-ddd6-58e2-881e-3ab45db8cd2d	Feijao carioca	16	15	1	1	SINTETICO
8c897307-54a4-4d86-9b24-951a6d3c7721	2025-11-03	INTEGRAL	1	153737d9-caa6-55d5-b086-f7e83fdab4d2	Pao com manteiga	1	1	0	0	SINTETICO
8a9cfadb-d95e-4f1b-bd87-f743e9064cb0	2025-11-03	INTEGRAL	1	9bf7d50c-378c-58f7-ba1a-0dccafffc54c	Bolacha doce	12	11	1	0	SINTETICO
838c87c2-5f48-4157-ae2b-113535508743	2025-11-03	INTEGRAL	1	b6f014a3-eaad-57c0-8ee9-24eb9abb819a	Cuscuz	56	49	7	5	SINTETICO
245a5ebc-56bd-421b-89dc-a4089464b3ab	2025-11-03	INTEGRAL	2	b6f014a3-eaad-57c0-8ee9-24eb9abb819a	Cuscuz	0	0	0	0	SINTETICO
f56d893a-c0fa-4068-9e39-6861ca69c562	2025-11-03	INTEGRAL	5	add956e1-36ad-584e-b1e4-a4a8db28315f	Banana	23	22	1	1	SINTETICO
7a38769c-b97d-4a45-b8a7-1133802e1196	2025-11-03	INTEGRAL	5	b6f014a3-eaad-57c0-8ee9-24eb9abb819a	Cuscuz	15	15	0	2	SINTETICO
a628aae1-5eee-4c2d-92da-b78ef785a347	2025-11-03	INTEGRAL	5	094e6e93-4244-5901-b94b-836b2b9b21be	Carne suina acebolada	2	2	0	0	SINTETICO
4126ddd9-f737-4db7-9f1c-0b621e3f952f	2025-11-03	MANHA	7	6753aa6f-0f7e-5208-8cd6-9e7a8733ef22	Leite com achocolatado	17	15	2	1	SINTETICO
62e332d4-8e83-4c98-a230-60a6c2136874	2025-11-03	MANHA	7	b6f014a3-eaad-57c0-8ee9-24eb9abb819a	Cuscuz	1	1	0	0	SINTETICO
778fcd19-ccde-4d1a-97aa-3c44387724e3	2025-11-03	INTEGRAL	9	b6f014a3-eaad-57c0-8ee9-24eb9abb819a	Cuscuz	0	0	0	0	SINTETICO
fcda5caa-537e-49a2-90df-b653a0a8d103	2025-11-03	INTEGRAL	9	9bf7d50c-378c-58f7-ba1a-0dccafffc54c	Bolacha doce	298	273	25	17	SINTETICO
279b39ec-a125-4417-a5f3-fd7c1eb5788b	2025-11-03	INTEGRAL	9	eed1d0ec-938c-53ef-94b9-626452f5fbd2	Sopa de legumes	3	3	0	1	SINTETICO
4a2fd1a8-fd14-474f-993f-0d2fce46e81e	2025-11-03	INTEGRAL	9	877577bb-d17f-5df7-b369-9be72e456774	Chuchu	107	95	12	26	SINTETICO
4ae70798-a03a-4179-bc63-59ce85405658	2025-11-03	INTEGRAL	10	add956e1-36ad-584e-b1e4-a4a8db28315f	Banana	94	89	5	4	SINTETICO
92d09b3e-f527-4610-bce6-27c26fe90358	2025-11-03	INTEGRAL	10	84f7e794-a400-5d46-9efe-1c8a8f2f711d	Suco de fruta natural	21	19	2	1	SINTETICO
dabff52c-693c-4569-9717-59c97cb95133	2025-11-03	INTEGRAL	11	2f723cf1-ddd6-58e2-881e-3ab45db8cd2d	Feijao carioca	26	23	3	3	SINTETICO
b1a16fc7-dc36-46c3-8ab2-27f71e00d2a0	2025-11-03	INTEGRAL	11	eed1d0ec-938c-53ef-94b9-626452f5fbd2	Sopa de legumes	15	14	1	3	SINTETICO
c3bc0392-f728-4379-9dc6-a73b45be3d5d	2025-11-03	INTEGRAL	11	6ce7a969-7c2b-5a21-b072-594a4412ab8b	Arroz branco	2	2	0	0	SINTETICO
d97299d2-d0e7-4ed9-a965-0a7d30be0df1	2025-11-03	INTEGRAL	11	b6f014a3-eaad-57c0-8ee9-24eb9abb819a	Cuscuz	28	28	0	3	SINTETICO
0ce85373-396b-4920-a004-bad8d42f988c	2025-11-03	INTEGRAL	16	add956e1-36ad-584e-b1e4-a4a8db28315f	Banana	39	37	2	1	SINTETICO
cdd70eaa-fd3b-493a-b68d-ccbbd92a8f03	2025-11-03	INTEGRAL	17	eed1d0ec-938c-53ef-94b9-626452f5fbd2	Sopa de legumes	15	15	0	5	SINTETICO
ce06f0ff-8c68-4a5e-91df-8cd6926b9a55	2025-11-03	INTEGRAL	17	6753aa6f-0f7e-5208-8cd6-9e7a8733ef22	Leite com achocolatado	4	4	0	0	SINTETICO
328d969d-0107-47f1-a12e-42a42fe7f3cd	2025-11-03	MANHA	18	153737d9-caa6-55d5-b086-f7e83fdab4d2	Pao com manteiga	88	81	7	5	SINTETICO
7e92b15e-ab73-4b22-ae64-bc605c56259f	2025-11-04	TARDE	1	1b450f5b-ecde-5880-ad0a-91ce0920069d	Maca	357	323	34	16	SINTETICO
78fd2f23-8e8d-4158-bd30-21f41d7ae604	2025-11-04	TARDE	1	eed1d0ec-938c-53ef-94b9-626452f5fbd2	Sopa de legumes	47	46	1	13	SINTETICO
e70b07ba-038e-415e-99d5-5b18c5e11611	2025-11-04	INTEGRAL	2	6ce7a969-7c2b-5a21-b072-594a4412ab8b	Arroz branco	84	73	11	6	SINTETICO
b3c0d720-2a07-409a-aa95-2e8055527b69	2025-11-04	INTEGRAL	2	6753aa6f-0f7e-5208-8cd6-9e7a8733ef22	Leite com achocolatado	3	3	0	0	SINTETICO
16fbb06f-7a82-46be-8b6a-93896ab8617d	2025-11-04	INTEGRAL	2	2f723cf1-ddd6-58e2-881e-3ab45db8cd2d	Feijao carioca	35	32	3	3	SINTETICO
2c7e280e-81e9-4331-9fba-cbf827e1835a	2025-11-04	INTEGRAL	2	79ca1872-52e0-59dd-af29-543b793c0860	Macarrao ao sugo	48	48	0	8	SINTETICO
44ed0408-8149-44cb-8b69-47a24ecd6810	2025-11-04	INTEGRAL	2	1b450f5b-ecde-5880-ad0a-91ce0920069d	Maca	7	6	1	0	SINTETICO
eed2396a-b0e7-49bb-86eb-18d9c6a52d14	2025-11-04	INTEGRAL	3	9bf7d50c-378c-58f7-ba1a-0dccafffc54c	Bolacha doce	30	27	3	2	SINTETICO
c8214979-d08f-4c73-ac40-e15d81e85571	2025-11-04	INTEGRAL	4	2f723cf1-ddd6-58e2-881e-3ab45db8cd2d	Feijao carioca	13	12	1	1	SINTETICO
b4ea4b36-9b7f-4826-8562-623b391c7ed0	2025-11-04	INTEGRAL	4	0db97b08-9e92-541d-b2d2-1bc810f8fbe8	Iogurte	120	106	14	6	SINTETICO
e9cfb8e2-6050-46be-b1ad-69f5aa5e9929	2025-11-04	MANHA	5	6753aa6f-0f7e-5208-8cd6-9e7a8733ef22	Leite com achocolatado	102	93	9	7	SINTETICO
391f4f9f-b26c-4862-a9f6-9899914c852d	2025-11-04	MANHA	5	2b907759-340a-5ede-88d3-7739822c9e55	Molho de carne moida	55	51	4	9	SINTETICO
1fb427f2-f893-4a96-b734-748694618c46	2025-11-04	MANHA	5	2f723cf1-ddd6-58e2-881e-3ab45db8cd2d	Feijao carioca	4	4	0	0	SINTETICO
14c8f08f-dfc3-4b2c-abeb-1e1909d9797e	2025-11-04	MANHA	6	9bf7d50c-378c-58f7-ba1a-0dccafffc54c	Bolacha doce	60	60	0	2	SINTETICO
cb4e4315-048e-4b71-b82a-67b572a523bf	2025-11-04	MANHA	6	6753aa6f-0f7e-5208-8cd6-9e7a8733ef22	Leite com achocolatado	0	0	0	0	SINTETICO
62e47c16-3d89-4b26-937b-f8a014b1aa72	2025-11-04	MANHA	6	b6f014a3-eaad-57c0-8ee9-24eb9abb819a	Cuscuz	29	26	3	4	SINTETICO
0a51d160-b3ac-40a0-803a-be9a3b6b3678	2025-11-04	MANHA	8	0db97b08-9e92-541d-b2d2-1bc810f8fbe8	Iogurte	9	9	0	0	SINTETICO
073cd3ea-2e5d-49e3-9150-3e12a9c34ee0	2025-11-04	MANHA	9	153737d9-caa6-55d5-b086-f7e83fdab4d2	Pao com manteiga	100	89	11	6	SINTETICO
48f05722-69eb-4373-9bb5-42dd8f1db5a6	2025-11-04	MANHA	9	b6f014a3-eaad-57c0-8ee9-24eb9abb819a	Cuscuz	110	98	12	9	SINTETICO
e351572b-6193-44c7-a8cb-864893edb021	2025-11-04	MANHA	9	1b450f5b-ecde-5880-ad0a-91ce0920069d	Maca	44	40	4	2	SINTETICO
7e6265fe-1296-4a4f-a8b4-7131188d5a13	2025-11-04	MANHA	9	6753aa6f-0f7e-5208-8cd6-9e7a8733ef22	Leite com achocolatado	93	84	9	4	SINTETICO
1946f595-f1de-46ad-82ae-56f8d9a06c2a	2025-11-04	TARDE	11	eed1d0ec-938c-53ef-94b9-626452f5fbd2	Sopa de legumes	24	22	2	5	SINTETICO
12ec3c5a-cd4a-466d-9670-1ccaedb118d0	2025-11-04	TARDE	11	153737d9-caa6-55d5-b086-f7e83fdab4d2	Pao com manteiga	83	75	8	5	SINTETICO
a2be686d-37e8-4093-8133-c4e4142c7b26	2025-11-04	TARDE	11	9bf7d50c-378c-58f7-ba1a-0dccafffc54c	Bolacha doce	496	494	2	29	SINTETICO
9e2e9da5-2b7c-4b3a-8103-cbbab61b2349	2025-11-04	INTEGRAL	12	2f723cf1-ddd6-58e2-881e-3ab45db8cd2d	Feijao carioca	11	10	1	1	SINTETICO
276162ec-689d-44b3-9da3-a135a9f05244	2025-11-04	MANHA	13	2f723cf1-ddd6-58e2-881e-3ab45db8cd2d	Feijao carioca	55	53	2	5	SINTETICO
f936dab5-f892-43d4-b2aa-ae8c9c917da7	2025-11-04	INTEGRAL	16	0db97b08-9e92-541d-b2d2-1bc810f8fbe8	Iogurte	46	42	4	3	SINTETICO
ac0bd04f-5453-4ed3-9c11-9b486b44795d	2025-11-04	INTEGRAL	16	2f723cf1-ddd6-58e2-881e-3ab45db8cd2d	Feijao carioca	7	6	1	1	SINTETICO
7d08bc6d-e248-4788-879e-0ffe4bfe8d74	2025-11-04	INTEGRAL	17	2f723cf1-ddd6-58e2-881e-3ab45db8cd2d	Feijao carioca	0	0	0	0	SINTETICO
08df8004-2c8c-4596-b9f2-ba52865a025f	2025-11-05	INTEGRAL	1	b6f014a3-eaad-57c0-8ee9-24eb9abb819a	Cuscuz	0	0	0	0	SINTETICO
2612f059-f079-4d16-8111-a98a8722d8a9	2025-11-05	INTEGRAL	1	0db97b08-9e92-541d-b2d2-1bc810f8fbe8	Iogurte	0	0	0	0	SINTETICO
50be93d1-a436-49d4-9bd5-e0cc1378487b	2025-11-05	INTEGRAL	1	6753aa6f-0f7e-5208-8cd6-9e7a8733ef22	Leite com achocolatado	30	27	3	1	SINTETICO
016ff3a6-0e21-497a-b8f6-0baf1c806beb	2025-11-05	INTEGRAL	1	2f723cf1-ddd6-58e2-881e-3ab45db8cd2d	Feijao carioca	40	40	0	3	SINTETICO
02da8d58-24ca-4b24-9c56-3f5cbe3aa018	2025-11-05	INTEGRAL	1	9bf7d50c-378c-58f7-ba1a-0dccafffc54c	Bolacha doce	101	91	10	4	SINTETICO
dc871954-406d-4d5f-84f6-d13e30d8135f	2025-11-05	TARDE	2	6ce7a969-7c2b-5a21-b072-594a4412ab8b	Arroz branco	47	46	1	3	SINTETICO
4ab800f1-807e-4241-a1ea-aab1425ecf4c	2025-11-05	TARDE	2	2f723cf1-ddd6-58e2-881e-3ab45db8cd2d	Feijao carioca	31	29	2	2	SINTETICO
695d809a-8707-4090-b6a8-63ea81f3f53a	2025-11-05	TARDE	2	6753aa6f-0f7e-5208-8cd6-9e7a8733ef22	Leite com achocolatado	0	0	0	0	SINTETICO
76c43e39-363b-4e61-a52c-d10f1f0e9045	2025-11-05	INTEGRAL	3	6753aa6f-0f7e-5208-8cd6-9e7a8733ef22	Leite com achocolatado	0	0	0	0	SINTETICO
be2ee466-bf25-49ba-b8b3-0ba583cd70a9	2025-11-05	INTEGRAL	4	6ce7a969-7c2b-5a21-b072-594a4412ab8b	Arroz branco	124	113	11	8	SINTETICO
861be6aa-e701-42ec-b55a-62260fb80021	2025-11-05	INTEGRAL	5	b6f014a3-eaad-57c0-8ee9-24eb9abb819a	Cuscuz	40	36	4	5	SINTETICO
ee25449c-cfa0-4c08-8f50-f019a8d62409	2025-11-05	INTEGRAL	5	6753aa6f-0f7e-5208-8cd6-9e7a8733ef22	Leite com achocolatado	88	83	5	6	SINTETICO
65d1225a-4086-4e89-b004-65ff3eb4e48a	2025-11-05	INTEGRAL	6	6753aa6f-0f7e-5208-8cd6-9e7a8733ef22	Leite com achocolatado	0	0	0	0	SINTETICO
a8a7802a-785f-49cc-94d8-cb4bbb27a035	2025-11-05	INTEGRAL	6	add956e1-36ad-584e-b1e4-a4a8db28315f	Banana	40	36	4	2	SINTETICO
1381700d-d4f1-4e91-adb8-6f59584b0b34	2025-11-05	INTEGRAL	7	0db97b08-9e92-541d-b2d2-1bc810f8fbe8	Iogurte	98	96	2	5	SINTETICO
a096bb8a-cc0a-40c3-b991-fb8b8c8a01bb	2025-11-05	INTEGRAL	7	b6f014a3-eaad-57c0-8ee9-24eb9abb819a	Cuscuz	12	11	1	1	SINTETICO
3f2e71da-5c16-462f-afa4-121bf3b289af	2025-11-05	INTEGRAL	7	6753aa6f-0f7e-5208-8cd6-9e7a8733ef22	Leite com achocolatado	0	0	0	0	SINTETICO
856e4460-76a1-4fc9-b9cd-dd80b6d1e6b0	2025-11-05	INTEGRAL	7	3331b130-8600-5a59-9e35-f970f9ea497e	Ovo mexido	24	24	0	3	SINTETICO
e91b62c8-6712-45c3-9939-e74caf0266c3	2025-11-05	INTEGRAL	7	6ce7a969-7c2b-5a21-b072-594a4412ab8b	Arroz branco	71	68	3	4	SINTETICO
98ec53b9-7362-4fef-9191-f4e74a673878	2025-11-05	INTEGRAL	7	1b450f5b-ecde-5880-ad0a-91ce0920069d	Maca	176	168	8	7	SINTETICO
68a7d9a3-e96e-4222-9da2-fef94effa846	2025-11-05	INTEGRAL	7	2f723cf1-ddd6-58e2-881e-3ab45db8cd2d	Feijao carioca	1	1	0	0	SINTETICO
d876bed8-b39f-4325-8681-9900f0ed3ef8	2025-11-05	INTEGRAL	11	9bf7d50c-378c-58f7-ba1a-0dccafffc54c	Bolacha doce	0	0	0	0	SINTETICO
7fa5f249-28c6-446e-a06f-3df79f33ca9b	2025-11-05	INTEGRAL	15	153737d9-caa6-55d5-b086-f7e83fdab4d2	Pao com manteiga	391	342	49	15	SINTETICO
25c011fe-b206-4bfd-acf3-922bee2fd9a1	2025-11-05	INTEGRAL	15	0db97b08-9e92-541d-b2d2-1bc810f8fbe8	Iogurte	1	1	0	0	SINTETICO
84eee0a4-f709-4803-bd02-018a11243089	2025-11-05	MANHA	17	1b450f5b-ecde-5880-ad0a-91ce0920069d	Maca	0	0	0	0	SINTETICO
1bc2ab9a-9bf9-4081-bb99-8a82b1f5013c	2025-11-05	INTEGRAL	18	0db97b08-9e92-541d-b2d2-1bc810f8fbe8	Iogurte	15	14	1	1	SINTETICO
ee4126ec-0e1e-4f55-ab7a-1af65ac144e8	2025-11-05	INTEGRAL	18	6ce7a969-7c2b-5a21-b072-594a4412ab8b	Arroz branco	39	39	0	2	SINTETICO
cd469274-acd3-4456-ac70-2fd0d15b1d1a	2025-11-05	INTEGRAL	18	1b450f5b-ecde-5880-ad0a-91ce0920069d	Maca	44	40	4	2	SINTETICO
9af30d60-7df8-4262-a85a-37b378be5f0b	2025-11-06	INTEGRAL	1	6ce7a969-7c2b-5a21-b072-594a4412ab8b	Arroz branco	0	0	0	0	SINTETICO
bf1880d9-ac58-4074-9066-3f5be5f0c86f	2025-11-06	INTEGRAL	1	add956e1-36ad-584e-b1e4-a4a8db28315f	Banana	39	35	4	1	SINTETICO
fb5c9d73-e70f-4f39-9065-614fd2b30099	2025-11-06	INTEGRAL	1	84f7e794-a400-5d46-9efe-1c8a8f2f711d	Suco de fruta natural	55	50	5	3	SINTETICO
b44ed83f-80b1-4242-9022-581aba5d6184	2025-11-06	INTEGRAL	3	79ca1872-52e0-59dd-af29-543b793c0860	Macarrao ao sugo	36	34	2	4	SINTETICO
50620765-d983-4c89-9ec9-be2fc046311d	2025-11-06	INTEGRAL	4	2f723cf1-ddd6-58e2-881e-3ab45db8cd2d	Feijao carioca	55	49	6	4	SINTETICO
fa13b569-b4d9-4a33-b3cf-3f11295acb24	2025-11-06	INTEGRAL	4	1b450f5b-ecde-5880-ad0a-91ce0920069d	Maca	0	0	0	0	SINTETICO
7edb0670-b8b6-417f-8258-f6c3705959e3	2025-11-06	INTEGRAL	4	6753aa6f-0f7e-5208-8cd6-9e7a8733ef22	Leite com achocolatado	1	1	0	0	SINTETICO
3da7690e-f021-4a8a-ac3e-94056182c867	2025-11-06	INTEGRAL	4	153737d9-caa6-55d5-b086-f7e83fdab4d2	Pao com manteiga	25	23	2	1	SINTETICO
8b5a5613-7d0d-486c-898d-812361656602	2025-11-06	INTEGRAL	4	add956e1-36ad-584e-b1e4-a4a8db28315f	Banana	6	5	1	0	SINTETICO
6c532d47-3097-4e09-b9da-2b7fb856245a	2025-11-06	MANHA	5	6ce7a969-7c2b-5a21-b072-594a4412ab8b	Arroz branco	1	1	0	0	SINTETICO
69704a66-01e0-4617-bcca-dda2cd87a55f	2025-11-06	MANHA	5	b6f014a3-eaad-57c0-8ee9-24eb9abb819a	Cuscuz	24	24	0	3	SINTETICO
7a295d9f-4185-4c5e-8326-32e9f217ba48	2025-11-06	MANHA	5	0db97b08-9e92-541d-b2d2-1bc810f8fbe8	Iogurte	49	47	2	4	SINTETICO
e1aca489-4ca1-4fda-b7d0-bb1c624fbf5b	2025-11-06	INTEGRAL	7	84f7e794-a400-5d46-9efe-1c8a8f2f711d	Suco de fruta natural	24	23	1	1	SINTETICO
0283cec4-e665-4bbd-a4b3-4a3f2569a759	2025-11-06	INTEGRAL	8	b6f014a3-eaad-57c0-8ee9-24eb9abb819a	Cuscuz	6	6	0	1	SINTETICO
4d33e989-d725-4ad1-918c-44cc331cf971	2025-11-06	INTEGRAL	8	79ca1872-52e0-59dd-af29-543b793c0860	Macarrao ao sugo	8	7	1	1	SINTETICO
b2078a43-fc0e-4763-b4c3-af90914a3110	2025-11-06	INTEGRAL	9	b6f014a3-eaad-57c0-8ee9-24eb9abb819a	Cuscuz	44	40	4	4	SINTETICO
aba6e2d2-62b5-40fe-a676-52355672b1f9	2025-11-06	INTEGRAL	9	79ca1872-52e0-59dd-af29-543b793c0860	Macarrao ao sugo	48	44	4	8	SINTETICO
ec3dd42a-0047-4e65-95a1-c9f6b84b129e	2025-11-06	INTEGRAL	9	84f7e794-a400-5d46-9efe-1c8a8f2f711d	Suco de fruta natural	281	258	23	10	SINTETICO
5ea04bc8-2d21-417f-aebf-5b1127a014aa	2025-11-06	INTEGRAL	9	9bf7d50c-378c-58f7-ba1a-0dccafffc54c	Bolacha doce	2	2	0	0	SINTETICO
ff06dbfb-189a-4af5-b8ca-31c9e8bb444f	2025-11-06	INTEGRAL	9	6753aa6f-0f7e-5208-8cd6-9e7a8733ef22	Leite com achocolatado	56	56	0	3	SINTETICO
4074beb0-045e-4dd6-a1a5-18294c3167b6	2025-11-06	INTEGRAL	9	153737d9-caa6-55d5-b086-f7e83fdab4d2	Pao com manteiga	28	25	3	1	SINTETICO
c38c4608-414f-4d8a-8f8d-4a32133b58a3	2025-11-06	INTEGRAL	9	2f723cf1-ddd6-58e2-881e-3ab45db8cd2d	Feijao carioca	44	39	5	4	SINTETICO
f5bc6a85-bc89-4481-86bd-3bc482309312	2025-11-06	MANHA	10	9bf7d50c-378c-58f7-ba1a-0dccafffc54c	Bolacha doce	7	6	1	0	SINTETICO
9518e2b0-fca0-46ba-8702-d2bd97411054	2025-11-06	INTEGRAL	12	1b450f5b-ecde-5880-ad0a-91ce0920069d	Maca	2	2	0	0	SINTETICO
d7ebf42e-a9c8-4a23-88e7-1fa34f8992d5	2025-11-06	INTEGRAL	17	0db97b08-9e92-541d-b2d2-1bc810f8fbe8	Iogurte	21	20	1	1	SINTETICO
93b58560-072c-40c5-a885-7084a47fdde4	2025-11-06	INTEGRAL	17	1b450f5b-ecde-5880-ad0a-91ce0920069d	Maca	3	3	0	0	SINTETICO
237e34c3-b8c1-420c-8d15-eca69e42301d	2025-11-06	INTEGRAL	17	153737d9-caa6-55d5-b086-f7e83fdab4d2	Pao com manteiga	22	21	1	1	SINTETICO
4e3f6996-8a3f-4c4f-abcf-07dff491284a	2025-11-06	INTEGRAL	17	79ca1872-52e0-59dd-af29-543b793c0860	Macarrao ao sugo	56	55	1	9	SINTETICO
be6719ab-947b-4c1c-b436-6341bae90588	2025-11-06	INTEGRAL	17	84f7e794-a400-5d46-9efe-1c8a8f2f711d	Suco de fruta natural	54	49	5	3	SINTETICO
9fb7d40b-37da-4121-ae2e-d1041e52ab71	2025-11-07	INTEGRAL	1	9bf7d50c-378c-58f7-ba1a-0dccafffc54c	Bolacha doce	14	12	2	0	SINTETICO
86838f11-3689-4f14-b70d-d89968b14743	2025-11-07	INTEGRAL	1	79ca1872-52e0-59dd-af29-543b793c0860	Macarrao ao sugo	15	14	1	2	SINTETICO
270ef5cf-4be6-4eda-bc3b-1b9f886cd2c8	2025-11-07	INTEGRAL	1	6753aa6f-0f7e-5208-8cd6-9e7a8733ef22	Leite com achocolatado	3	3	0	0	SINTETICO
59b82621-baa0-4413-8005-62e78619b598	2025-11-07	INTEGRAL	1	add956e1-36ad-584e-b1e4-a4a8db28315f	Banana	0	0	0	0	SINTETICO
03003d1d-0181-4245-bffa-c9eababb4853	2025-11-07	INTEGRAL	1	2f723cf1-ddd6-58e2-881e-3ab45db8cd2d	Feijao carioca	0	0	0	0	SINTETICO
98cedbe2-c88a-41eb-85c7-5c9f6f5bd4fa	2025-11-07	INTEGRAL	1	0db97b08-9e92-541d-b2d2-1bc810f8fbe8	Iogurte	0	0	0	0	SINTETICO
c3158b77-13e6-4925-8220-1cae4e848eb0	2025-11-07	INTEGRAL	1	6ce7a969-7c2b-5a21-b072-594a4412ab8b	Arroz branco	1	1	0	0	SINTETICO
c7430782-d302-45c9-a247-a8c5d4d1e2ba	2025-11-07	INTEGRAL	2	84f7e794-a400-5d46-9efe-1c8a8f2f711d	Suco de fruta natural	38	36	2	2	SINTETICO
1f3024ed-4fa7-49c1-a08e-3a0a96cc99e9	2025-11-07	MANHA	3	2f723cf1-ddd6-58e2-881e-3ab45db8cd2d	Feijao carioca	95	94	1	8	SINTETICO
723f4b73-2f5b-4bec-b890-253dea92c9cf	2025-11-07	MANHA	3	79ca1872-52e0-59dd-af29-543b793c0860	Macarrao ao sugo	11	10	1	2	SINTETICO
52ba8b7f-583b-4f21-bd5f-e1cca9cc821f	2025-11-07	MANHA	3	add956e1-36ad-584e-b1e4-a4a8db28315f	Banana	54	52	2	2	SINTETICO
b550439f-1da4-4c6b-9d49-b12dec8b821b	2025-11-07	MANHA	5	6ce7a969-7c2b-5a21-b072-594a4412ab8b	Arroz branco	15	15	0	1	SINTETICO
e47f3b32-f311-4ed7-a014-287f36ca934e	2025-11-07	MANHA	5	84f7e794-a400-5d46-9efe-1c8a8f2f711d	Suco de fruta natural	33	32	1	1	SINTETICO
4e34b197-d621-4650-beb8-f91338fbbc75	2025-11-07	MANHA	5	eed1d0ec-938c-53ef-94b9-626452f5fbd2	Sopa de legumes	135	118	17	41	SINTETICO
6cdeebe0-7a85-4e46-b6b1-71bf1a396085	2025-11-07	INTEGRAL	6	9bf7d50c-378c-58f7-ba1a-0dccafffc54c	Bolacha doce	68	60	8	3	SINTETICO
81043562-8cd0-4593-8fe5-e4518f774b71	2025-11-07	INTEGRAL	6	84f7e794-a400-5d46-9efe-1c8a8f2f711d	Suco de fruta natural	25	24	1	1	SINTETICO
f8824720-b6b6-4849-bb00-36265ada3d49	2025-11-07	INTEGRAL	6	2f723cf1-ddd6-58e2-881e-3ab45db8cd2d	Feijao carioca	36	33	3	3	SINTETICO
9a7bb566-070f-4862-b609-1a767bb0f3a0	2025-11-07	INTEGRAL	6	0db97b08-9e92-541d-b2d2-1bc810f8fbe8	Iogurte	124	117	7	9	SINTETICO
457c014f-cbf1-49b9-9f05-faa3f24c0e82	2025-11-07	INTEGRAL	7	0db97b08-9e92-541d-b2d2-1bc810f8fbe8	Iogurte	31	27	4	2	SINTETICO
ca81716a-5718-4ade-bdb8-f86eddef9612	2025-11-07	INTEGRAL	7	79ca1872-52e0-59dd-af29-543b793c0860	Macarrao ao sugo	50	44	6	7	SINTETICO
347acde6-cbb5-4063-b5d0-65d56942fb86	2025-11-07	INTEGRAL	7	9bf7d50c-378c-58f7-ba1a-0dccafffc54c	Bolacha doce	41	37	4	1	SINTETICO
37ce8307-772c-49fd-8b31-2837915ba1f4	2025-11-07	MANHA	8	1b450f5b-ecde-5880-ad0a-91ce0920069d	Maca	2	2	0	0	SINTETICO
9caf8899-cbe3-40d0-9ceb-0c2e1bd56c3b	2025-11-07	INTEGRAL	10	b6f014a3-eaad-57c0-8ee9-24eb9abb819a	Cuscuz	53	47	6	5	SINTETICO
e7f9f1cd-730e-4527-b4a5-6af9015655ea	2025-11-07	TARDE	11	0db97b08-9e92-541d-b2d2-1bc810f8fbe8	Iogurte	91	80	11	5	SINTETICO
1fe6f82f-a76e-4f8d-98c5-b09f54bb788d	2025-11-07	TARDE	11	2f723cf1-ddd6-58e2-881e-3ab45db8cd2d	Feijao carioca	167	165	2	10	SINTETICO
573d15e2-b73e-468f-86ea-09ce1e1551f0	2025-11-07	INTEGRAL	12	6753aa6f-0f7e-5208-8cd6-9e7a8733ef22	Leite com achocolatado	110	98	12	5	SINTETICO
366da309-8b4f-4d3d-9016-e9d2f22bee67	2025-11-07	INTEGRAL	13	2f723cf1-ddd6-58e2-881e-3ab45db8cd2d	Feijao carioca	29	29	0	2	SINTETICO
f31e0edc-5477-43f5-a055-add6176a4ff2	2025-11-07	MANHA	14	1b450f5b-ecde-5880-ad0a-91ce0920069d	Maca	40	39	1	2	SINTETICO
ddc6b632-e276-43e4-9b72-814dbe900467	2025-11-07	TARDE	16	84f7e794-a400-5d46-9efe-1c8a8f2f711d	Suco de fruta natural	74	66	8	3	SINTETICO
4ca05b29-7e9f-483e-a917-3167a52b3917	2025-11-07	INTEGRAL	17	add956e1-36ad-584e-b1e4-a4a8db28315f	Banana	59	53	6	2	SINTETICO
f0e56a62-7d22-40d8-9726-6a8b18dbfa55	2025-11-07	INTEGRAL	18	9bf7d50c-378c-58f7-ba1a-0dccafffc54c	Bolacha doce	0	0	0	0	SINTETICO
743bea73-03c7-4fe9-8bec-a42bbc22dd93	2025-11-07	INTEGRAL	18	b6f014a3-eaad-57c0-8ee9-24eb9abb819a	Cuscuz	172	164	8	23	SINTETICO
927cbe8f-1c30-4e57-bb0d-ddfbfd9a1dba	2025-11-07	INTEGRAL	18	153737d9-caa6-55d5-b086-f7e83fdab4d2	Pao com manteiga	3	3	0	0	SINTETICO
112deb19-717a-44b8-91c9-5cb88eac59ee	2025-11-07	INTEGRAL	18	3d6a3f96-fe67-5811-98e8-2381c1ec5a70	Beterraba ralada	18	17	1	4	SINTETICO
181d15d8-c403-4c2a-8500-608dc2fc2835	2025-11-10	MANHA	1	79ca1872-52e0-59dd-af29-543b793c0860	Macarrao ao sugo	0	0	0	0	SINTETICO
5c6470b6-afb0-411c-aa89-d0dad40887eb	2025-11-10	MANHA	1	153737d9-caa6-55d5-b086-f7e83fdab4d2	Pao com manteiga	11	10	1	1	SINTETICO
c27615a5-23e1-4db2-a2a3-d7eeddfd6b09	2025-11-10	MANHA	3	b6f014a3-eaad-57c0-8ee9-24eb9abb819a	Cuscuz	63	56	7	7	SINTETICO
098f4e5d-93ee-466a-a684-b6a9951bfd1b	2025-11-10	MANHA	3	79ca1872-52e0-59dd-af29-543b793c0860	Macarrao ao sugo	26	26	0	3	SINTETICO
e81fc83b-41b1-45dd-8193-639d385c927f	2025-11-10	MANHA	3	add956e1-36ad-584e-b1e4-a4a8db28315f	Banana	6	6	0	0	SINTETICO
8780b1f7-bab6-4a90-b3c9-045af96d6017	2025-11-10	INTEGRAL	4	79ca1872-52e0-59dd-af29-543b793c0860	Macarrao ao sugo	80	76	4	8	SINTETICO
d3f5e08f-3939-4b81-83e5-df070c8b975e	2025-11-10	MANHA	6	add956e1-36ad-584e-b1e4-a4a8db28315f	Banana	57	52	5	3	SINTETICO
2be63754-cf7a-4207-a4b8-2e45397a3a22	2025-11-10	MANHA	9	79ca1872-52e0-59dd-af29-543b793c0860	Macarrao ao sugo	110	98	12	13	SINTETICO
ff1ca928-6303-47c0-bf9b-993a425fcb52	2025-11-10	MANHA	9	6753aa6f-0f7e-5208-8cd6-9e7a8733ef22	Leite com achocolatado	358	332	26	24	SINTETICO
4e311581-eb4f-4448-91b4-6aaa04d876dc	2025-11-10	INTEGRAL	10	0db97b08-9e92-541d-b2d2-1bc810f8fbe8	Iogurte	3	3	0	0	SINTETICO
3bbe432a-4643-4b5e-8226-da350874b03e	2025-11-10	INTEGRAL	11	9bf7d50c-378c-58f7-ba1a-0dccafffc54c	Bolacha doce	7	7	0	0	SINTETICO
ecb76306-98a2-46dd-a300-b6a8b650d843	2025-11-10	INTEGRAL	11	2f723cf1-ddd6-58e2-881e-3ab45db8cd2d	Feijao carioca	76	70	6	5	SINTETICO
f4146dce-8d6e-46df-b994-3f97f009ae14	2025-11-10	INTEGRAL	11	84f7e794-a400-5d46-9efe-1c8a8f2f711d	Suco de fruta natural	27	26	1	1	SINTETICO
72de93dd-4785-4046-b9a5-417adf467990	2025-11-10	INTEGRAL	12	eed1d0ec-938c-53ef-94b9-626452f5fbd2	Sopa de legumes	22	22	0	8	SINTETICO
f0b2be32-e479-41a9-811c-857af277904a	2025-11-10	INTEGRAL	12	2f723cf1-ddd6-58e2-881e-3ab45db8cd2d	Feijao carioca	16	15	1	1	SINTETICO
dbb7eae2-e98d-49b1-b21b-d340ff456703	2025-11-10	INTEGRAL	12	b6f014a3-eaad-57c0-8ee9-24eb9abb819a	Cuscuz	68	68	0	6	SINTETICO
eeec6daf-5e76-486e-bdf7-5f9dce6aeaca	2025-11-10	INTEGRAL	14	6753aa6f-0f7e-5208-8cd6-9e7a8733ef22	Leite com achocolatado	3	3	0	0	SINTETICO
66269648-ad9c-44f7-bae0-7bb80b5699b6	2025-11-10	INTEGRAL	14	eed1d0ec-938c-53ef-94b9-626452f5fbd2	Sopa de legumes	3	3	0	1	SINTETICO
6dc9cca2-3e67-451c-8049-7e9d46e97796	2025-11-10	INTEGRAL	14	add956e1-36ad-584e-b1e4-a4a8db28315f	Banana	3	3	0	0	SINTETICO
871ce308-7a2c-4381-aa69-6d294be96d2d	2025-11-10	INTEGRAL	14	84f7e794-a400-5d46-9efe-1c8a8f2f711d	Suco de fruta natural	3	3	0	0	SINTETICO
cc5f5ac8-447a-46b5-b491-a3ad17326889	2025-11-10	INTEGRAL	14	b6f014a3-eaad-57c0-8ee9-24eb9abb819a	Cuscuz	50	49	1	5	SINTETICO
e028b7c7-acf3-487d-9c8e-0e5df3655bab	2025-11-10	INTEGRAL	16	2f723cf1-ddd6-58e2-881e-3ab45db8cd2d	Feijao carioca	0	0	0	0	SINTETICO
5aec163d-df96-47ed-a8a2-2477a4d36e7f	2025-11-10	INTEGRAL	18	79ca1872-52e0-59dd-af29-543b793c0860	Macarrao ao sugo	9	8	1	1	SINTETICO
b69a3b3d-e0da-4955-bb00-21bc225f964b	2025-11-10	INTEGRAL	18	6ce7a969-7c2b-5a21-b072-594a4412ab8b	Arroz branco	27	26	1	2	SINTETICO
4e72d557-bde7-4fb4-8b36-5ed78293d88f	2025-11-10	INTEGRAL	18	eed1d0ec-938c-53ef-94b9-626452f5fbd2	Sopa de legumes	32	31	1	12	SINTETICO
5fc60cf2-d4b0-491b-875a-77dbe0ad70dc	2025-11-10	INTEGRAL	18	b85fd879-2256-524c-b715-7f9cb93ccd01	Bolo de maca, sem acucar	25	23	2	3	SINTETICO
3f6201d9-c1dc-4b2c-9281-aa13ad3546a0	2025-11-11	MANHA	1	79ca1872-52e0-59dd-af29-543b793c0860	Macarrao ao sugo	76	75	1	9	SINTETICO
11902576-5835-4580-9b84-92696563127c	2025-11-11	INTEGRAL	2	9bf7d50c-378c-58f7-ba1a-0dccafffc54c	Bolacha doce	13	11	2	1	SINTETICO
6d4d642e-5a30-4c97-941f-99ef3b85916d	2025-11-11	INTEGRAL	2	2f723cf1-ddd6-58e2-881e-3ab45db8cd2d	Feijao carioca	0	0	0	0	SINTETICO
57760255-7dd5-404d-8962-79c2f7d621af	2025-11-11	INTEGRAL	2	79ca1872-52e0-59dd-af29-543b793c0860	Macarrao ao sugo	24	24	0	4	SINTETICO
36a5b937-9f5b-45ec-b485-2c334ce2920a	2025-11-11	INTEGRAL	2	6753aa6f-0f7e-5208-8cd6-9e7a8733ef22	Leite com achocolatado	15	15	0	1	SINTETICO
8cf51cb6-83f1-4413-8d6b-9660836fa1dc	2025-11-11	INTEGRAL	2	add956e1-36ad-584e-b1e4-a4a8db28315f	Banana	31	29	2	1	SINTETICO
b06ea08d-a1b5-4113-bc32-f980841a1afa	2025-11-11	INTEGRAL	2	6ce7a969-7c2b-5a21-b072-594a4412ab8b	Arroz branco	20	18	2	2	SINTETICO
7db6162f-b60f-46a9-bfc7-ad98c8592301	2025-11-11	INTEGRAL	2	cca859b8-2483-5cf4-ae24-67ba8ea4cb37	Pure de batata	50	46	4	5	SINTETICO
44f5d9a9-2986-45a0-a86a-bd992d67ec63	2025-11-11	INTEGRAL	2	b6f014a3-eaad-57c0-8ee9-24eb9abb819a	Cuscuz	47	43	4	5	SINTETICO
ed6a9699-96b6-4545-be17-aacce7f23a24	2025-11-11	INTEGRAL	3	6ce7a969-7c2b-5a21-b072-594a4412ab8b	Arroz branco	11	10	1	1	SINTETICO
2466d45f-59bb-4f80-9ba5-0becdb7165d1	2025-11-11	INTEGRAL	3	6753aa6f-0f7e-5208-8cd6-9e7a8733ef22	Leite com achocolatado	5	4	1	0	SINTETICO
ad7ac4b7-6718-4f0f-997a-2f012cacbe7b	2025-11-11	INTEGRAL	3	84f7e794-a400-5d46-9efe-1c8a8f2f711d	Suco de fruta natural	26	26	0	1	SINTETICO
a2202e77-0003-4282-a75e-b7a477dc2f12	2025-11-11	INTEGRAL	3	0db97b08-9e92-541d-b2d2-1bc810f8fbe8	Iogurte	6	5	1	0	SINTETICO
b99679b1-5ece-4f64-8676-69e5a806d2d2	2025-11-11	INTEGRAL	3	eed1d0ec-938c-53ef-94b9-626452f5fbd2	Sopa de legumes	77	71	6	26	SINTETICO
124f5d59-af95-49cc-831b-e36fbe1e12d8	2025-11-11	INTEGRAL	3	6f1d5964-e195-53e5-b25d-c4128c0b139a	Iscas de frango acebolada	6	5	1	0	SINTETICO
3f8e0988-33f0-426b-8271-42bd0d367904	2025-11-11	INTEGRAL	3	2f723cf1-ddd6-58e2-881e-3ab45db8cd2d	Feijao carioca	7	7	0	1	SINTETICO
48b35568-18fa-4bc0-be14-a37ff291f2a1	2025-11-11	MANHA	4	add956e1-36ad-584e-b1e4-a4a8db28315f	Banana	20	18	2	1	SINTETICO
dab39718-71fd-4158-b806-de8ddd88014a	2025-11-11	INTEGRAL	6	79ca1872-52e0-59dd-af29-543b793c0860	Macarrao ao sugo	0	0	0	0	SINTETICO
05a9cc2e-3f46-4e55-8881-470d49445220	2025-11-11	INTEGRAL	6	153737d9-caa6-55d5-b086-f7e83fdab4d2	Pao com manteiga	95	88	7	5	SINTETICO
58187402-6b24-4d01-b672-dfd49e9e4427	2025-11-11	INTEGRAL	6	6753aa6f-0f7e-5208-8cd6-9e7a8733ef22	Leite com achocolatado	123	118	5	6	SINTETICO
7b8b69bc-21a1-4a9b-b13b-80e400c39aea	2025-11-11	INTEGRAL	6	2f723cf1-ddd6-58e2-881e-3ab45db8cd2d	Feijao carioca	66	64	2	7	SINTETICO
3586653d-1fbc-4661-a97e-5c69deabe9eb	2025-11-11	INTEGRAL	8	153737d9-caa6-55d5-b086-f7e83fdab4d2	Pao com manteiga	2	2	0	0	SINTETICO
5e54aad7-d75d-41b1-a9f9-0ec648ee9369	2025-11-11	INTEGRAL	8	6753aa6f-0f7e-5208-8cd6-9e7a8733ef22	Leite com achocolatado	26	23	3	1	SINTETICO
7a506434-bc43-48f2-8f07-1baef26ef883	2025-11-11	INTEGRAL	8	2f723cf1-ddd6-58e2-881e-3ab45db8cd2d	Feijao carioca	1	1	0	0	SINTETICO
8a1037cf-3a95-4743-b8da-5bf8b6a6639d	2025-11-11	INTEGRAL	11	eed1d0ec-938c-53ef-94b9-626452f5fbd2	Sopa de legumes	0	0	0	0	SINTETICO
b6c0dc93-78a5-40fa-8cc6-3ce659fa1e8b	2025-11-11	INTEGRAL	11	2f723cf1-ddd6-58e2-881e-3ab45db8cd2d	Feijao carioca	246	216	30	22	SINTETICO
ed3d413a-fde3-4fb9-b4b1-ab30a4067eba	2025-11-11	INTEGRAL	11	b6f014a3-eaad-57c0-8ee9-24eb9abb819a	Cuscuz	71	62	9	6	SINTETICO
d6feb66d-6ea7-4223-beb7-6643b9672ae1	2025-11-11	INTEGRAL	11	6753aa6f-0f7e-5208-8cd6-9e7a8733ef22	Leite com achocolatado	15	15	0	1	SINTETICO
b03c7d92-f028-475b-a34f-52c88ce0baa8	2025-11-11	INTEGRAL	11	1b450f5b-ecde-5880-ad0a-91ce0920069d	Maca	51	49	2	3	SINTETICO
ec6b9ab9-62f6-4eaa-aabb-1582946c00da	2025-11-11	MANHA	12	6ce7a969-7c2b-5a21-b072-594a4412ab8b	Arroz branco	42	40	2	2	SINTETICO
c106cebc-9188-4e1e-aa6c-a21fa7cfcfdf	2025-11-11	MANHA	12	84f7e794-a400-5d46-9efe-1c8a8f2f711d	Suco de fruta natural	58	54	4	3	SINTETICO
4b93a0fb-44d7-4d0e-b3eb-b67ccd5a7782	2025-11-11	MANHA	12	6753aa6f-0f7e-5208-8cd6-9e7a8733ef22	Leite com achocolatado	39	35	4	2	SINTETICO
a5df5f76-aa47-45d2-856e-f8290bbf98e6	2025-11-11	INTEGRAL	13	84f7e794-a400-5d46-9efe-1c8a8f2f711d	Suco de fruta natural	39	39	0	2	SINTETICO
ba000df3-af4e-4315-8d0b-bfa330361824	2025-11-11	INTEGRAL	13	6753aa6f-0f7e-5208-8cd6-9e7a8733ef22	Leite com achocolatado	1	1	0	0	SINTETICO
e1637277-1a0d-4295-8716-2cc161bf63ac	2025-11-11	INTEGRAL	13	0db97b08-9e92-541d-b2d2-1bc810f8fbe8	Iogurte	0	0	0	0	SINTETICO
5fbaacbd-e5ab-4324-9ed1-68961518ccd0	2025-11-11	INTEGRAL	13	79ca1872-52e0-59dd-af29-543b793c0860	Macarrao ao sugo	115	107	8	12	SINTETICO
1a64abbc-dde1-4353-9052-5f5e2ecfb44b	2025-11-11	MANHA	18	b6f014a3-eaad-57c0-8ee9-24eb9abb819a	Cuscuz	119	104	15	13	SINTETICO
68ba9232-3ec0-416c-b785-0e169b55c894	2025-11-12	INTEGRAL	2	add956e1-36ad-584e-b1e4-a4a8db28315f	Banana	1	1	0	0	SINTETICO
1fc37995-b5bb-44b8-bf87-f3cfab55371c	2025-11-12	INTEGRAL	2	2f723cf1-ddd6-58e2-881e-3ab45db8cd2d	Feijao carioca	41	38	3	3	SINTETICO
485eae5a-ae1c-4e02-b538-60973da99c22	2025-11-12	MANHA	5	84f7e794-a400-5d46-9efe-1c8a8f2f711d	Suco de fruta natural	64	63	1	3	SINTETICO
bb18c5fd-53cc-46cf-a70b-331309896c2f	2025-11-12	INTEGRAL	7	79ca1872-52e0-59dd-af29-543b793c0860	Macarrao ao sugo	17	16	1	3	SINTETICO
c300d649-9f38-4973-b6b0-af9105023daf	2025-11-12	INTEGRAL	7	153737d9-caa6-55d5-b086-f7e83fdab4d2	Pao com manteiga	0	0	0	0	SINTETICO
d277a351-fbd9-4c2c-a9f7-9a87bf90dbcd	2025-11-12	INTEGRAL	8	add956e1-36ad-584e-b1e4-a4a8db28315f	Banana	21	21	0	1	SINTETICO
52a73d13-26ee-4b6c-8cbb-a57a65313e1e	2025-11-12	INTEGRAL	8	153737d9-caa6-55d5-b086-f7e83fdab4d2	Pao com manteiga	226	215	11	9	SINTETICO
c7e03517-eeca-459a-99cd-543aa946fb91	2025-11-12	TARDE	10	153737d9-caa6-55d5-b086-f7e83fdab4d2	Pao com manteiga	77	77	0	5	SINTETICO
53df2163-c53f-4f43-bbcc-04d396df7f2b	2025-11-12	TARDE	10	79ca1872-52e0-59dd-af29-543b793c0860	Macarrao ao sugo	561	494	67	78	SINTETICO
02a646f0-aec0-49bf-9ec4-ae364cd790b5	2025-11-12	MANHA	11	153737d9-caa6-55d5-b086-f7e83fdab4d2	Pao com manteiga	27	24	3	2	SINTETICO
2e50b18b-fdd1-4a0d-9644-e92d68a36b96	2025-11-12	INTEGRAL	12	6753aa6f-0f7e-5208-8cd6-9e7a8733ef22	Leite com achocolatado	31	30	1	2	SINTETICO
4de6cf63-9a69-49a2-a0b0-68d909d572e5	2025-11-12	INTEGRAL	13	0db97b08-9e92-541d-b2d2-1bc810f8fbe8	Iogurte	0	0	0	0	SINTETICO
d94b2525-25cc-45f3-99df-dac742f65cd0	2025-11-12	INTEGRAL	13	eed1d0ec-938c-53ef-94b9-626452f5fbd2	Sopa de legumes	33	32	1	7	SINTETICO
9b031b58-f074-4ca0-ab70-c48a53cb55ca	2025-11-12	INTEGRAL	13	b6f014a3-eaad-57c0-8ee9-24eb9abb819a	Cuscuz	188	185	3	29	SINTETICO
112a33e2-efad-4b85-b96f-2deb37609016	2025-11-12	INTEGRAL	16	84f7e794-a400-5d46-9efe-1c8a8f2f711d	Suco de fruta natural	35	33	2	2	SINTETICO
953de07c-9c8f-4528-84af-d92791a4fbc4	2025-11-12	INTEGRAL	16	eed1d0ec-938c-53ef-94b9-626452f5fbd2	Sopa de legumes	21	21	0	8	SINTETICO
1d1a0991-5c83-4cae-a953-5e4d49affcb3	2025-11-12	INTEGRAL	16	79ca1872-52e0-59dd-af29-543b793c0860	Macarrao ao sugo	32	29	3	3	SINTETICO
9f0bb9a9-884e-4400-8c62-699703e3993b	2025-11-12	INTEGRAL	18	153737d9-caa6-55d5-b086-f7e83fdab4d2	Pao com manteiga	32	28	4	2	SINTETICO
a4137bb4-0400-4413-886d-a52350f0a5e9	2025-11-12	INTEGRAL	18	6753aa6f-0f7e-5208-8cd6-9e7a8733ef22	Leite com achocolatado	0	0	0	0	SINTETICO
ab80cb18-824a-4ddf-b28c-ce013d41b54e	2025-11-13	INTEGRAL	1	79ca1872-52e0-59dd-af29-543b793c0860	Macarrao ao sugo	74	69	5	10	SINTETICO
6cea443d-b206-4cff-9418-735b955514d8	2025-11-13	INTEGRAL	1	9bf7d50c-378c-58f7-ba1a-0dccafffc54c	Bolacha doce	50	45	5	2	SINTETICO
3a55c544-2f2b-44e1-9507-fce5f1a487f2	2025-11-13	INTEGRAL	1	6ce7a969-7c2b-5a21-b072-594a4412ab8b	Arroz branco	7	7	0	0	SINTETICO
ef49f6cc-8619-4fd7-af6b-89549ae9ba72	2025-11-13	INTEGRAL	2	b6f014a3-eaad-57c0-8ee9-24eb9abb819a	Cuscuz	2	2	0	0	SINTETICO
4c25651d-0fdd-4031-ae37-da7fcab2ff52	2025-11-13	INTEGRAL	2	1b450f5b-ecde-5880-ad0a-91ce0920069d	Maca	0	0	0	0	SINTETICO
1a8f38e2-d013-4d7e-b067-dcac5a9ffa58	2025-11-13	INTEGRAL	5	0db97b08-9e92-541d-b2d2-1bc810f8fbe8	Iogurte	0	0	0	0	SINTETICO
05dcabd8-e86e-4cd8-83ca-bb88dc6e88c0	2025-11-13	INTEGRAL	5	54e9ea4c-63a9-5952-9616-b24ee0e6a0fa	Frango dourado, acebolado	18	18	0	2	SINTETICO
dd78afd9-333e-440b-9284-d58eae43303e	2025-11-13	INTEGRAL	5	9bf7d50c-378c-58f7-ba1a-0dccafffc54c	Bolacha doce	0	0	0	0	SINTETICO
317bb9e9-1ec0-4ef2-b3ab-a21cb6a0953b	2025-11-13	INTEGRAL	6	9bf7d50c-378c-58f7-ba1a-0dccafffc54c	Bolacha doce	9	8	1	0	SINTETICO
d88b9327-9496-43a4-8eb7-69c5470b5703	2025-11-13	INTEGRAL	7	153737d9-caa6-55d5-b086-f7e83fdab4d2	Pao com manteiga	29	27	2	2	SINTETICO
b0e7c133-e492-4769-90b4-e11f7adc3d12	2025-11-13	INTEGRAL	9	8d81f03d-d710-5316-abc7-1763074292b4	Cenoura refogada	56	49	7	10	SINTETICO
43f186da-cb01-4750-9ccf-ce9fc98c5b73	2025-11-13	TARDE	10	9bf7d50c-378c-58f7-ba1a-0dccafffc54c	Bolacha doce	38	36	2	2	SINTETICO
7af486de-8cb7-4ec7-b037-aeb0eb223599	2025-11-13	TARDE	10	84f7e794-a400-5d46-9efe-1c8a8f2f711d	Suco de fruta natural	1	1	0	0	SINTETICO
a327de1a-2c8d-471c-9e58-270f0742c720	2025-11-13	INTEGRAL	11	add956e1-36ad-584e-b1e4-a4a8db28315f	Banana	32	28	4	1	SINTETICO
e4fb622b-d0f1-4905-9d63-72d8ae2e8d5e	2025-11-13	INTEGRAL	11	9bf7d50c-378c-58f7-ba1a-0dccafffc54c	Bolacha doce	64	60	4	3	SINTETICO
89424ff1-1d49-41b9-b5c3-a516cad95f29	2025-11-13	TARDE	12	6ce7a969-7c2b-5a21-b072-594a4412ab8b	Arroz branco	119	117	2	9	SINTETICO
996c69e7-2314-4826-bb29-4198bb32e404	2025-11-13	TARDE	12	1b450f5b-ecde-5880-ad0a-91ce0920069d	Maca	1	1	0	0	SINTETICO
7f720cb9-74b7-413a-a7a5-ed405bde77bb	2025-11-13	MANHA	13	6753aa6f-0f7e-5208-8cd6-9e7a8733ef22	Leite com achocolatado	37	36	1	2	SINTETICO
a28a3ef7-361d-47f5-877b-308e3b627f65	2025-11-13	MANHA	13	6ce7a969-7c2b-5a21-b072-594a4412ab8b	Arroz branco	16	15	1	1	SINTETICO
37210852-52e2-4c5e-bb6c-e0aeac2559c8	2025-11-13	MANHA	13	add956e1-36ad-584e-b1e4-a4a8db28315f	Banana	202	187	15	6	SINTETICO
d1662f26-c50f-4e5a-a862-a1fdebb03c0f	2025-11-13	MANHA	13	153737d9-caa6-55d5-b086-f7e83fdab4d2	Pao com manteiga	0	0	0	0	SINTETICO
1ab1a060-ea7e-4bfa-bbb7-70f2ec844404	2025-11-13	INTEGRAL	15	153737d9-caa6-55d5-b086-f7e83fdab4d2	Pao com manteiga	25	22	3	1	SINTETICO
b931b6e1-5104-4f60-a233-6013926a0320	2025-11-13	INTEGRAL	16	eed1d0ec-938c-53ef-94b9-626452f5fbd2	Sopa de legumes	99	96	3	27	SINTETICO
3e6d44e2-ff89-439d-9f24-3488bbd8f09b	2025-11-13	INTEGRAL	16	9bf7d50c-378c-58f7-ba1a-0dccafffc54c	Bolacha doce	38	38	0	1	SINTETICO
fcd67cbd-be99-4aa3-98d5-aa7b69c1d882	2025-11-13	MANHA	17	eed1d0ec-938c-53ef-94b9-626452f5fbd2	Sopa de legumes	28	25	3	6	SINTETICO
ccb3cccf-8dfc-48fc-a889-8ad648f65c16	2025-11-13	MANHA	17	0db97b08-9e92-541d-b2d2-1bc810f8fbe8	Iogurte	284	281	3	15	SINTETICO
0482ceb7-1ffe-4be2-9a66-e5fa7da32e66	2025-11-13	MANHA	17	153737d9-caa6-55d5-b086-f7e83fdab4d2	Pao com manteiga	41	39	2	2	SINTETICO
7fe0f937-fa65-4f94-a96a-c7643d949042	2025-11-13	INTEGRAL	18	79ca1872-52e0-59dd-af29-543b793c0860	Macarrao ao sugo	50	49	1	7	SINTETICO
d742921c-849b-40fc-81e0-558524adfd9b	2025-11-14	MANHA	4	6753aa6f-0f7e-5208-8cd6-9e7a8733ef22	Leite com achocolatado	16	16	0	1	SINTETICO
90bfce53-4cc0-4af5-84b8-33bca1994de5	2025-11-14	INTEGRAL	5	6ce7a969-7c2b-5a21-b072-594a4412ab8b	Arroz branco	92	89	3	7	SINTETICO
b2b28598-249d-44dd-a514-6b9f72b8a70e	2025-11-14	INTEGRAL	5	b6f014a3-eaad-57c0-8ee9-24eb9abb819a	Cuscuz	17	16	1	2	SINTETICO
a3da7e20-1986-44fe-bfa9-701055761c4c	2025-11-14	INTEGRAL	5	add956e1-36ad-584e-b1e4-a4a8db28315f	Banana	22	20	2	1	SINTETICO
46ed7118-b20e-4b36-987b-7c43b2704408	2025-11-14	TARDE	6	b94bd7bf-252f-5c97-9722-163c6d7e2412	Brocolis	11	10	1	2	SINTETICO
12fd98cc-12a8-47ed-9944-229d1f8045bc	2025-11-14	INTEGRAL	8	79eb9045-ebdc-53c5-9ede-a0e5d2b7b378	Requeijao caseiro	0	0	0	0	SINTETICO
4dfe7848-0c47-42d9-9faa-f1c79b84d756	2025-11-14	INTEGRAL	8	2f723cf1-ddd6-58e2-881e-3ab45db8cd2d	Feijao carioca	68	65	3	5	SINTETICO
b71648a2-e08c-42d9-8965-d72274c3e0b4	2025-11-14	INTEGRAL	10	6ce7a969-7c2b-5a21-b072-594a4412ab8b	Arroz branco	19	18	1	1	SINTETICO
5a9a432e-c2c9-4057-a3d3-0d83400b32f8	2025-11-14	MANHA	11	eed1d0ec-938c-53ef-94b9-626452f5fbd2	Sopa de legumes	34	32	2	11	SINTETICO
dee5df23-35c0-48d2-8925-42b4627c9b78	2025-11-14	INTEGRAL	12	1b450f5b-ecde-5880-ad0a-91ce0920069d	Maca	14	13	1	1	SINTETICO
096595b2-5896-4349-ab33-3175d4769cd1	2025-11-14	TARDE	13	6ce7a969-7c2b-5a21-b072-594a4412ab8b	Arroz branco	191	173	18	12	SINTETICO
6c55a074-ad57-4f40-a633-6ac2787bda5d	2025-11-14	TARDE	13	6753aa6f-0f7e-5208-8cd6-9e7a8733ef22	Leite com achocolatado	22	22	0	1	SINTETICO
2edf6d32-2fd2-4841-91eb-babd1f2653dc	2025-11-14	TARDE	13	eed1d0ec-938c-53ef-94b9-626452f5fbd2	Sopa de legumes	4	4	0	1	SINTETICO
6ada2a60-656c-45d1-a3c9-6c1d866eeed9	2025-11-14	TARDE	13	84f7e794-a400-5d46-9efe-1c8a8f2f711d	Suco de fruta natural	125	116	9	5	SINTETICO
cbfb866d-f822-4616-b1b8-180548a00ca9	2025-11-14	MANHA	14	eed1d0ec-938c-53ef-94b9-626452f5fbd2	Sopa de legumes	3	3	0	1	SINTETICO
89f2233a-0384-4f00-a3b3-4ac33d61d3af	2025-11-14	MANHA	14	6ce7a969-7c2b-5a21-b072-594a4412ab8b	Arroz branco	20	19	1	2	SINTETICO
197da35f-49c2-4312-9e33-3118e53653bd	2025-11-14	MANHA	14	79ca1872-52e0-59dd-af29-543b793c0860	Macarrao ao sugo	33	31	2	4	SINTETICO
4595933e-d299-43e0-a091-8e60f6e4e78e	2025-11-14	MANHA	14	add956e1-36ad-584e-b1e4-a4a8db28315f	Banana	44	43	1	2	SINTETICO
95beeeb1-4cd0-4290-a7cb-3f64ea6b0443	2025-11-14	MANHA	14	9bf7d50c-378c-58f7-ba1a-0dccafffc54c	Bolacha doce	13	11	2	0	SINTETICO
33075d00-956e-4b5a-9a20-cd5902bca066	2025-11-14	MANHA	14	2f723cf1-ddd6-58e2-881e-3ab45db8cd2d	Feijao carioca	38	37	1	4	SINTETICO
a59075ef-8797-4e85-8474-64bfb971ea58	2025-11-14	MANHA	14	b6f014a3-eaad-57c0-8ee9-24eb9abb819a	Cuscuz	76	76	0	8	SINTETICO
b08912b0-75b5-4e27-9ec4-7fae766c78f0	2025-11-14	TARDE	15	153737d9-caa6-55d5-b086-f7e83fdab4d2	Pao com manteiga	0	0	0	0	SINTETICO
6dfe6663-97e7-4733-a5cb-0ba5f97b74d1	2025-11-14	TARDE	15	eed1d0ec-938c-53ef-94b9-626452f5fbd2	Sopa de legumes	47	41	6	12	SINTETICO
a186b613-5443-4bc2-89c3-d983bcebf33e	2025-11-14	INTEGRAL	16	eed1d0ec-938c-53ef-94b9-626452f5fbd2	Sopa de legumes	10	9	1	3	SINTETICO
09957cd2-f9e7-4c3d-be77-a09bb4a458ca	2025-11-14	INTEGRAL	16	153737d9-caa6-55d5-b086-f7e83fdab4d2	Pao com manteiga	25	24	1	2	SINTETICO
4e7ff1f2-e9fc-4d8c-b4da-01c58b4f2abf	2025-11-14	INTEGRAL	16	2f723cf1-ddd6-58e2-881e-3ab45db8cd2d	Feijao carioca	28	25	3	2	SINTETICO
78448dbd-81be-4455-a4d8-dc6a5bcf8799	2025-11-14	TARDE	17	6ce7a969-7c2b-5a21-b072-594a4412ab8b	Arroz branco	39	37	2	2	SINTETICO
7efad8b1-767b-40fa-9dd0-9b72cab589b4	2025-11-14	TARDE	17	79ca1872-52e0-59dd-af29-543b793c0860	Macarrao ao sugo	53	50	3	5	SINTETICO
60261c32-c287-4716-b97e-acc2ffe54736	2025-11-14	INTEGRAL	18	b6f014a3-eaad-57c0-8ee9-24eb9abb819a	Cuscuz	39	37	2	4	SINTETICO
7eb93679-92e3-4809-9a62-89aa6eff0d30	2025-11-14	INTEGRAL	18	add956e1-36ad-584e-b1e4-a4a8db28315f	Banana	146	139	7	7	SINTETICO
80d78d71-7be7-482e-a764-4100615299b2	2025-11-14	INTEGRAL	18	0db97b08-9e92-541d-b2d2-1bc810f8fbe8	Iogurte	0	0	0	0	SINTETICO
9ac39433-95e2-4698-8352-1ef4404481e5	2025-11-17	INTEGRAL	1	9bf7d50c-378c-58f7-ba1a-0dccafffc54c	Bolacha doce	84	81	3	5	SINTETICO
d23975e6-5aed-4389-b837-abce9cdd85db	2025-11-17	INTEGRAL	1	b6f014a3-eaad-57c0-8ee9-24eb9abb819a	Cuscuz	5	4	1	0	SINTETICO
bca3f65d-4a02-4af3-b196-8714ad38fe9a	2025-11-17	MANHA	5	9bf7d50c-378c-58f7-ba1a-0dccafffc54c	Bolacha doce	0	0	0	0	SINTETICO
c09be6ee-5b9c-49c1-aa06-f70fb1a43d2a	2025-11-17	INTEGRAL	6	153737d9-caa6-55d5-b086-f7e83fdab4d2	Pao com manteiga	2	2	0	0	SINTETICO
4968748a-bf6d-4273-a1b9-cc79409a57ad	2025-11-17	INTEGRAL	6	9bf7d50c-378c-58f7-ba1a-0dccafffc54c	Bolacha doce	3	3	0	0	SINTETICO
8120f8c3-ca45-4ac2-9a85-8591ade4dc1c	2025-11-17	MANHA	7	d02df37a-5ddb-5d71-b171-5b2f6e16b1c8	Ovo cozido	98	89	9	12	SINTETICO
4fb8ad02-55fa-4fce-ab31-0650c3b9bc93	2025-11-17	MANHA	7	045210e2-4f88-5f7b-950a-db8c8dacab7e	Repolho	17	17	0	3	SINTETICO
7d3a869d-be0c-4107-8d5c-b06c6f03ed81	2025-11-17	MANHA	7	b6f014a3-eaad-57c0-8ee9-24eb9abb819a	Cuscuz	0	0	0	0	SINTETICO
d2e5b939-aa20-4d72-a20b-fde13a76ccf3	2025-11-17	MANHA	7	153737d9-caa6-55d5-b086-f7e83fdab4d2	Pao com manteiga	10	10	0	1	SINTETICO
db991e22-a716-4f41-98d5-a6d02e3d95b8	2025-11-17	MANHA	7	6ce7a969-7c2b-5a21-b072-594a4412ab8b	Arroz branco	280	268	12	15	SINTETICO
51211557-3bb8-4f82-b992-9a41aa8eff2f	2025-11-17	MANHA	7	84f7e794-a400-5d46-9efe-1c8a8f2f711d	Suco de fruta natural	4	4	0	0	SINTETICO
8535f569-71be-4457-adb0-f1fee2ba8813	2025-11-17	INTEGRAL	9	eed1d0ec-938c-53ef-94b9-626452f5fbd2	Sopa de legumes	77	77	0	21	SINTETICO
feb345cd-d3c1-4612-9b3d-1b5b867b386d	2025-11-17	INTEGRAL	9	6753aa6f-0f7e-5208-8cd6-9e7a8733ef22	Leite com achocolatado	29	26	3	2	SINTETICO
a96c20aa-11ca-4109-b3f8-428ec92e2b1b	2025-11-17	INTEGRAL	10	add956e1-36ad-584e-b1e4-a4a8db28315f	Banana	6	6	0	0	SINTETICO
f787450e-d073-4611-a1ae-b41742be1150	2025-11-17	INTEGRAL	10	1b450f5b-ecde-5880-ad0a-91ce0920069d	Maca	2	2	0	0	SINTETICO
c63e774d-f195-4f83-87e0-1cd390d7226a	2025-11-17	INTEGRAL	10	6ce7a969-7c2b-5a21-b072-594a4412ab8b	Arroz branco	270	267	3	16	SINTETICO
beb3221c-446f-4b98-ba4a-c878cb92dc05	2025-11-17	INTEGRAL	11	b6f014a3-eaad-57c0-8ee9-24eb9abb819a	Cuscuz	1	1	0	0	SINTETICO
43fa7806-9e88-4ab0-817d-d0d1f91f6012	2025-11-17	TARDE	12	79eb9045-ebdc-53c5-9ede-a0e5d2b7b378	Requeijao caseiro	23	20	3	1	SINTETICO
56bc2a90-77de-4a2f-b586-b72e09cf537b	2025-11-17	MANHA	13	6753aa6f-0f7e-5208-8cd6-9e7a8733ef22	Leite com achocolatado	6	5	1	0	SINTETICO
b4678eab-d844-49b1-bf6f-21dd7c2a101f	2025-11-17	MANHA	13	153737d9-caa6-55d5-b086-f7e83fdab4d2	Pao com manteiga	17	16	1	1	SINTETICO
a76aba90-ea9c-4d07-a0c2-cbb78c4f1092	2025-11-17	INTEGRAL	18	79ca1872-52e0-59dd-af29-543b793c0860	Macarrao ao sugo	101	100	1	13	SINTETICO
5aae2864-70dd-4de7-9306-1367252fe04c	2025-11-17	INTEGRAL	18	add956e1-36ad-584e-b1e4-a4a8db28315f	Banana	0	0	0	0	SINTETICO
c489fb83-2055-47aa-9a87-47f532f0dda1	2025-11-18	INTEGRAL	1	6ce7a969-7c2b-5a21-b072-594a4412ab8b	Arroz branco	0	0	0	0	SINTETICO
906eb919-ac44-415d-86e7-cfb68f1cb2fa	2025-11-18	INTEGRAL	2	84f7e794-a400-5d46-9efe-1c8a8f2f711d	Suco de fruta natural	12	11	1	0	SINTETICO
e87c007f-dca0-48f6-97b2-fbcaa17edb7a	2025-11-18	INTEGRAL	2	1b450f5b-ecde-5880-ad0a-91ce0920069d	Maca	117	107	10	4	SINTETICO
a6442801-e621-4755-966e-cea46fdca01a	2025-11-18	INTEGRAL	2	6ce7a969-7c2b-5a21-b072-594a4412ab8b	Arroz branco	42	37	5	2	SINTETICO
33d2da3d-92fb-4a01-ad84-d0b264086f4d	2025-11-18	INTEGRAL	2	9bf7d50c-378c-58f7-ba1a-0dccafffc54c	Bolacha doce	27	24	3	1	SINTETICO
2e85b0c2-cd61-4362-b24e-ba703c295548	2025-11-18	INTEGRAL	2	6753aa6f-0f7e-5208-8cd6-9e7a8733ef22	Leite com achocolatado	13	12	1	1	SINTETICO
e1153aca-8434-4437-bc90-e5a901e622d7	2025-11-18	INTEGRAL	4	153737d9-caa6-55d5-b086-f7e83fdab4d2	Pao com manteiga	0	0	0	0	SINTETICO
30c825ef-a03f-4639-b828-741697483e65	2025-11-18	INTEGRAL	7	500ccd6c-b321-531f-81ae-3999b578c2e4	Pure de moranga	0	0	0	0	SINTETICO
d4f5a0cd-ab92-44ce-a08d-9389471c5a24	2025-11-18	INTEGRAL	7	1b450f5b-ecde-5880-ad0a-91ce0920069d	Maca	124	113	11	4	SINTETICO
ccb5906d-da11-4e83-a885-5eea7187ce1e	2025-11-18	INTEGRAL	7	9bf7d50c-378c-58f7-ba1a-0dccafffc54c	Bolacha doce	64	63	1	3	SINTETICO
9559acc4-1a98-4918-82bd-6bd542855c38	2025-11-18	INTEGRAL	9	79ca1872-52e0-59dd-af29-543b793c0860	Macarrao ao sugo	61	53	8	8	SINTETICO
220d1e47-caab-428c-add0-f95670e3f14e	2025-11-18	INTEGRAL	9	1b450f5b-ecde-5880-ad0a-91ce0920069d	Maca	0	0	0	0	SINTETICO
6f288949-383f-4aa6-9c6d-6994d90ac0e2	2025-11-18	MANHA	12	153737d9-caa6-55d5-b086-f7e83fdab4d2	Pao com manteiga	48	46	2	3	SINTETICO
4b40ef94-9b2c-44db-83d1-98a70f35f7fe	2025-11-18	MANHA	12	9bf7d50c-378c-58f7-ba1a-0dccafffc54c	Bolacha doce	24	23	1	1	SINTETICO
c7c6a873-c6f2-4327-b1b7-e4b46e5d694e	2025-11-18	MANHA	12	6753aa6f-0f7e-5208-8cd6-9e7a8733ef22	Leite com achocolatado	0	0	0	0	SINTETICO
f5504fcf-941b-4bf0-a44a-89b4c23ad07a	2025-11-18	MANHA	12	eed1d0ec-938c-53ef-94b9-626452f5fbd2	Sopa de legumes	382	347	35	80	SINTETICO
917ee48d-98a9-4ac0-8240-9b327a5c7933	2025-11-18	INTEGRAL	14	6ce7a969-7c2b-5a21-b072-594a4412ab8b	Arroz branco	108	96	12	6	SINTETICO
c045794d-2322-4406-9958-74bfcb17db7b	2025-11-18	INTEGRAL	14	eed1d0ec-938c-53ef-94b9-626452f5fbd2	Sopa de legumes	22	21	1	5	SINTETICO
50a8e849-3631-4d81-83bb-92a3a981ee48	2025-11-18	INTEGRAL	15	153737d9-caa6-55d5-b086-f7e83fdab4d2	Pao com manteiga	37	35	2	3	SINTETICO
51a64ca9-a63d-4978-8195-b67559d0b6d7	2025-11-18	INTEGRAL	16	0db97b08-9e92-541d-b2d2-1bc810f8fbe8	Iogurte	7	6	1	0	SINTETICO
86cdc6c5-fae1-4be0-9be2-b35d3184479e	2025-11-18	INTEGRAL	16	1b450f5b-ecde-5880-ad0a-91ce0920069d	Maca	37	34	3	2	SINTETICO
962d445a-7c08-4060-9d61-bb5b2963dad8	2025-11-18	INTEGRAL	16	add956e1-36ad-584e-b1e4-a4a8db28315f	Banana	2	2	0	0	SINTETICO
4449a4d7-c051-448e-8e1a-f1408d6bd2fa	2025-11-19	TARDE	1	0db97b08-9e92-541d-b2d2-1bc810f8fbe8	Iogurte	26	25	1	1	SINTETICO
fa8997a7-edd6-4718-92c4-3a2c35943d84	2025-11-19	TARDE	1	9bf7d50c-378c-58f7-ba1a-0dccafffc54c	Bolacha doce	7	6	1	0	SINTETICO
0d506cba-2114-4a41-9f79-3a271f8c8cba	2025-11-19	INTEGRAL	2	6ce7a969-7c2b-5a21-b072-594a4412ab8b	Arroz branco	0	0	0	0	SINTETICO
c88aef03-df25-4668-a08c-37c385e011a5	2025-11-19	INTEGRAL	2	6753aa6f-0f7e-5208-8cd6-9e7a8733ef22	Leite com achocolatado	3	3	0	0	SINTETICO
189063e6-7f35-480f-a004-0d9bed1d3f98	2025-11-19	INTEGRAL	3	9bf7d50c-378c-58f7-ba1a-0dccafffc54c	Bolacha doce	394	370	24	18	SINTETICO
a6c19992-82fa-477f-884a-e4247ff8f487	2025-11-19	TARDE	4	6ce7a969-7c2b-5a21-b072-594a4412ab8b	Arroz branco	0	0	0	0	SINTETICO
238f118e-c469-4e86-aac0-61c10c154a71	2025-11-19	MANHA	5	153737d9-caa6-55d5-b086-f7e83fdab4d2	Pao com manteiga	394	380	14	17	SINTETICO
2749ebc8-03ab-4da5-8b3e-98a5aaf5f336	2025-11-19	MANHA	5	0db97b08-9e92-541d-b2d2-1bc810f8fbe8	Iogurte	318	284	34	22	SINTETICO
2fa87845-79e4-4911-977e-6676f0a9a671	2025-11-19	INTEGRAL	6	153737d9-caa6-55d5-b086-f7e83fdab4d2	Pao com manteiga	20	20	0	1	SINTETICO
2db72a74-cecf-41f0-822d-01f97c5184b4	2025-11-19	INTEGRAL	6	9bf7d50c-378c-58f7-ba1a-0dccafffc54c	Bolacha doce	50	44	6	2	SINTETICO
fad4a637-ea39-4c72-a862-50555b74e334	2025-11-19	INTEGRAL	6	2f723cf1-ddd6-58e2-881e-3ab45db8cd2d	Feijao carioca	5	4	1	0	SINTETICO
edd636e3-fcbe-45e3-b1a6-e8d53eaf27db	2025-11-19	INTEGRAL	6	6753aa6f-0f7e-5208-8cd6-9e7a8733ef22	Leite com achocolatado	1	1	0	0	SINTETICO
ea6e5b22-4ab7-42b0-a1b6-292085e4cceb	2025-11-19	INTEGRAL	6	ddeef647-cce4-5236-a3b1-dece44ed098e	Couve flor	2	2	0	0	SINTETICO
1ba35e30-5440-42b9-bdd3-87ed54f5f872	2025-11-19	MANHA	7	153737d9-caa6-55d5-b086-f7e83fdab4d2	Pao com manteiga	358	321	37	18	SINTETICO
10861a33-1b49-48a8-8700-af1b33df2da9	2025-11-19	MANHA	7	9bf7d50c-378c-58f7-ba1a-0dccafffc54c	Bolacha doce	27	26	1	1	SINTETICO
0aad8fa8-d822-455d-9029-8f8b5d723f86	2025-11-19	MANHA	7	6ce7a969-7c2b-5a21-b072-594a4412ab8b	Arroz branco	2	2	0	0	SINTETICO
8995a774-42c1-4f97-ac2d-7e4c145e11a7	2025-11-19	INTEGRAL	10	b6f014a3-eaad-57c0-8ee9-24eb9abb819a	Cuscuz	16	15	1	1	SINTETICO
09048514-74c7-4cac-afd4-b5a137f6f619	2025-11-19	INTEGRAL	14	b6f014a3-eaad-57c0-8ee9-24eb9abb819a	Cuscuz	17	17	0	2	SINTETICO
ef86242e-8965-432d-8247-14cd48a6afa4	2025-11-19	MANHA	16	eed1d0ec-938c-53ef-94b9-626452f5fbd2	Sopa de legumes	2	2	0	1	SINTETICO
055a63ff-850d-453b-a6af-d8c89b241d62	2025-11-19	MANHA	17	1b450f5b-ecde-5880-ad0a-91ce0920069d	Maca	75	68	7	3	SINTETICO
a8bad3db-5cf3-4004-9ea4-11fcf0a20e32	2025-11-19	MANHA	17	b6f014a3-eaad-57c0-8ee9-24eb9abb819a	Cuscuz	17	16	1	2	SINTETICO
3385d8ad-0393-4264-8a02-4e755c430daf	2025-11-19	MANHA	17	153737d9-caa6-55d5-b086-f7e83fdab4d2	Pao com manteiga	3	3	0	0	SINTETICO
bfc9230a-cbfe-48a3-93c9-e0d1f8596e17	2025-11-20	TARDE	1	2fb8016f-a7e8-5297-ba7c-fbdbc176e301	Molho de tomate caseiro	68	65	3	11	SINTETICO
9ec9c4d5-06d6-439a-a2fe-f808a321a262	2025-11-20	TARDE	1	79ca1872-52e0-59dd-af29-543b793c0860	Macarrao ao sugo	78	70	8	12	SINTETICO
603c7330-30e2-437c-955a-89e33551e8ed	2025-11-20	INTEGRAL	2	add956e1-36ad-584e-b1e4-a4a8db28315f	Banana	76	76	0	3	SINTETICO
9ff41661-3cbc-4c41-a124-0408672329ed	2025-11-20	INTEGRAL	2	1b450f5b-ecde-5880-ad0a-91ce0920069d	Maca	2	2	0	0	SINTETICO
e7301a43-9f18-4713-a6cb-14642eb1a5ac	2025-11-20	INTEGRAL	2	79ca1872-52e0-59dd-af29-543b793c0860	Macarrao ao sugo	133	123	10	22	SINTETICO
1822eab2-4abd-47bc-834a-247c8276c1df	2025-11-20	INTEGRAL	2	6753aa6f-0f7e-5208-8cd6-9e7a8733ef22	Leite com achocolatado	13	12	1	1	SINTETICO
d900c0a2-0c14-4658-9b75-ebcd3262fda1	2025-11-20	INTEGRAL	2	9bf7d50c-378c-58f7-ba1a-0dccafffc54c	Bolacha doce	335	320	15	17	SINTETICO
f21735df-110c-400f-8de6-e8151c02f09b	2025-11-20	INTEGRAL	2	78b49edf-4e8b-5161-8bc0-ae05e86853d0	Carne moida tipo pastel	59	58	1	4	SINTETICO
a13b3223-c3ba-40d7-82aa-a790ad424069	2025-11-20	INTEGRAL	3	0db97b08-9e92-541d-b2d2-1bc810f8fbe8	Iogurte	212	192	20	9	SINTETICO
d08a63a8-7a04-4b87-9b9e-d8859826d171	2025-11-20	INTEGRAL	3	2f723cf1-ddd6-58e2-881e-3ab45db8cd2d	Feijao carioca	63	56	7	5	SINTETICO
cda46f6b-77d8-4d3a-b68d-6f53a3817661	2025-11-20	INTEGRAL	3	6753aa6f-0f7e-5208-8cd6-9e7a8733ef22	Leite com achocolatado	62	59	3	4	SINTETICO
21c5f784-d246-4fc6-aa2d-459d2a7ba0aa	2025-11-20	INTEGRAL	3	add956e1-36ad-584e-b1e4-a4a8db28315f	Banana	7	7	0	0	SINTETICO
4e01b3af-e107-4f50-a032-fac5c2fbb739	2025-11-20	TARDE	5	153737d9-caa6-55d5-b086-f7e83fdab4d2	Pao com manteiga	10	9	1	1	SINTETICO
93deb120-1949-43d8-9e95-41781c4c1c7b	2025-11-20	TARDE	5	1b450f5b-ecde-5880-ad0a-91ce0920069d	Maca	2	2	0	0	SINTETICO
21649c9f-bb53-4cd6-a4ea-bb0586b4b00d	2025-11-20	INTEGRAL	7	153737d9-caa6-55d5-b086-f7e83fdab4d2	Pao com manteiga	52	51	1	3	SINTETICO
ecd2e167-c2be-476b-9448-05b3ac42f920	2025-11-20	INTEGRAL	7	84f7e794-a400-5d46-9efe-1c8a8f2f711d	Suco de fruta natural	27	25	2	1	SINTETICO
82c49436-5d59-4c19-bb62-5732a833a016	2025-11-20	INTEGRAL	7	eed1d0ec-938c-53ef-94b9-626452f5fbd2	Sopa de legumes	2	2	0	1	SINTETICO
12ad8040-34a3-4d2c-8c27-39e9d9bcc5b5	2025-11-20	INTEGRAL	7	2f723cf1-ddd6-58e2-881e-3ab45db8cd2d	Feijao carioca	79	78	1	6	SINTETICO
a3530be6-bb46-47c3-9b22-9bbee1b34d97	2025-11-20	INTEGRAL	7	b6f014a3-eaad-57c0-8ee9-24eb9abb819a	Cuscuz	31	28	3	3	SINTETICO
9d5ab38f-aa23-4240-af6d-a06932c12f43	2025-11-20	INTEGRAL	7	add956e1-36ad-584e-b1e4-a4a8db28315f	Banana	80	76	4	3	SINTETICO
3d90fcbe-262d-4604-b2b4-b5023eb6cc6f	2025-11-20	INTEGRAL	8	2f723cf1-ddd6-58e2-881e-3ab45db8cd2d	Feijao carioca	20	18	2	2	SINTETICO
98e262cb-fbfb-482a-a374-204ff2f63f92	2025-11-20	INTEGRAL	10	84f7e794-a400-5d46-9efe-1c8a8f2f711d	Suco de fruta natural	30	27	3	2	SINTETICO
5c32076b-ad7b-4744-8f51-7b08d023e625	2025-11-20	INTEGRAL	11	1b450f5b-ecde-5880-ad0a-91ce0920069d	Maca	2	2	0	0	SINTETICO
2847862e-1cee-4ba5-8237-f4e516790182	2025-11-20	INTEGRAL	11	add956e1-36ad-584e-b1e4-a4a8db28315f	Banana	0	0	0	0	SINTETICO
9a1145ec-9792-4754-9894-82c75a4b53e1	2025-11-20	INTEGRAL	11	6ce7a969-7c2b-5a21-b072-594a4412ab8b	Arroz branco	0	0	0	0	SINTETICO
db4d0a1d-6787-4f7a-8801-5130af3fce24	2025-11-20	INTEGRAL	12	b6f014a3-eaad-57c0-8ee9-24eb9abb819a	Cuscuz	32	29	3	4	SINTETICO
793da070-59be-4e89-9125-8efb8ad017bf	2025-11-20	MANHA	13	b6f014a3-eaad-57c0-8ee9-24eb9abb819a	Cuscuz	408	355	53	45	SINTETICO
4895cee9-9a5f-4d37-994b-bfb99fbdc8e9	2025-11-20	MANHA	13	79ca1872-52e0-59dd-af29-543b793c0860	Macarrao ao sugo	79	77	2	8	SINTETICO
16d7c994-a5f0-438a-9f63-f1ea7ee1fdda	2025-11-20	INTEGRAL	14	0db97b08-9e92-541d-b2d2-1bc810f8fbe8	Iogurte	5	5	0	0	SINTETICO
7ed6c08c-b496-4dd7-9a64-da29e109b227	2025-11-20	INTEGRAL	14	9bf7d50c-378c-58f7-ba1a-0dccafffc54c	Bolacha doce	16	15	1	1	SINTETICO
fe21b29a-363f-4843-803a-c7c3337420ef	2025-11-20	INTEGRAL	14	add956e1-36ad-584e-b1e4-a4a8db28315f	Banana	11	10	1	0	SINTETICO
e8823227-44ad-415c-a0a4-de1a3241a073	2025-11-20	INTEGRAL	15	6753aa6f-0f7e-5208-8cd6-9e7a8733ef22	Leite com achocolatado	34	33	1	2	SINTETICO
6e8ca3c2-d4a6-4e22-b502-26b5dd599fc9	2025-11-20	INTEGRAL	15	9bf7d50c-378c-58f7-ba1a-0dccafffc54c	Bolacha doce	50	44	6	2	SINTETICO
6339327f-c2da-4195-a0f5-8a04d8112f80	2025-11-20	INTEGRAL	15	0db97b08-9e92-541d-b2d2-1bc810f8fbe8	Iogurte	2	2	0	0	SINTETICO
9dbda64a-f4d1-41bb-ad6c-796660f1598d	2025-11-20	MANHA	17	500ccd6c-b321-531f-81ae-3999b578c2e4	Pure de moranga	223	195	28	61	SINTETICO
b775a585-ee4c-4a47-be92-98ccb1d6906e	2025-11-20	INTEGRAL	18	0db97b08-9e92-541d-b2d2-1bc810f8fbe8	Iogurte	18	17	1	1	SINTETICO
001f43c5-4381-4d88-8df5-75fbf28177a5	2025-11-20	INTEGRAL	18	eed1d0ec-938c-53ef-94b9-626452f5fbd2	Sopa de legumes	41	39	2	13	SINTETICO
f3aad663-56fb-43aa-a03f-bf50405cc59e	2025-11-21	INTEGRAL	2	0db97b08-9e92-541d-b2d2-1bc810f8fbe8	Iogurte	70	66	4	3	SINTETICO
d0557a21-cb96-44b8-8688-c51bcd44330f	2025-11-21	INTEGRAL	2	b6f014a3-eaad-57c0-8ee9-24eb9abb819a	Cuscuz	51	45	6	6	SINTETICO
3616ffbe-d8a0-4f5b-883b-ac233da1feef	2025-11-21	INTEGRAL	3	1b450f5b-ecde-5880-ad0a-91ce0920069d	Maca	58	51	7	3	SINTETICO
e0fab10a-cd8d-4362-8bad-dc6b2d5bf263	2025-11-21	INTEGRAL	3	6753aa6f-0f7e-5208-8cd6-9e7a8733ef22	Leite com achocolatado	0	0	0	0	SINTETICO
87aae85d-b631-4c31-8f33-64a5ad9d0f40	2025-11-21	INTEGRAL	4	79ca1872-52e0-59dd-af29-543b793c0860	Macarrao ao sugo	11	11	0	2	SINTETICO
676c67d2-e2b0-4fe0-99a9-e5f4ff2247fe	2025-11-21	INTEGRAL	4	2f723cf1-ddd6-58e2-881e-3ab45db8cd2d	Feijao carioca	35	33	2	3	SINTETICO
b23a8b1e-6bf4-47d5-abb3-229a96584655	2025-11-21	INTEGRAL	7	9bf7d50c-378c-58f7-ba1a-0dccafffc54c	Bolacha doce	38	34	4	2	SINTETICO
27ab6b31-c9f5-4a48-8ee3-ca5090304e56	2025-11-21	INTEGRAL	8	2f723cf1-ddd6-58e2-881e-3ab45db8cd2d	Feijao carioca	1	1	0	0	SINTETICO
168c6781-0e0b-4765-8a85-e4828d6bdbf8	2025-11-21	INTEGRAL	8	84f7e794-a400-5d46-9efe-1c8a8f2f711d	Suco de fruta natural	34	31	3	2	SINTETICO
89599c16-55af-4f73-8309-bc77764902c2	2025-11-21	INTEGRAL	9	84f7e794-a400-5d46-9efe-1c8a8f2f711d	Suco de fruta natural	0	0	0	0	SINTETICO
facdc21f-aced-4335-86f3-f5b554460e0c	2025-11-21	INTEGRAL	10	6753aa6f-0f7e-5208-8cd6-9e7a8733ef22	Leite com achocolatado	88	86	2	4	SINTETICO
1a968c87-aeff-4d74-82db-edec4b0e8e05	2025-11-21	INTEGRAL	10	79ca1872-52e0-59dd-af29-543b793c0860	Macarrao ao sugo	49	45	4	6	SINTETICO
8c922878-fc71-4b28-b306-5067e19fe32c	2025-11-21	INTEGRAL	10	0db97b08-9e92-541d-b2d2-1bc810f8fbe8	Iogurte	29	28	1	1	SINTETICO
817f80b8-14c9-4bcf-a2ae-3091acc68cb0	2025-11-21	INTEGRAL	10	6ce7a969-7c2b-5a21-b072-594a4412ab8b	Arroz branco	18	18	0	1	SINTETICO
e1828320-7998-4236-a681-3d51e401d367	2025-11-21	INTEGRAL	10	153737d9-caa6-55d5-b086-f7e83fdab4d2	Pao com manteiga	56	53	3	3	SINTETICO
04da2a82-eb07-469e-8e46-f8c57167dac4	2025-11-21	INTEGRAL	11	add956e1-36ad-584e-b1e4-a4a8db28315f	Banana	87	79	8	4	SINTETICO
f3348340-e561-44de-8f32-47b5214b037e	2025-11-21	INTEGRAL	11	6ce7a969-7c2b-5a21-b072-594a4412ab8b	Arroz branco	84	82	2	7	SINTETICO
78fc413b-ce39-4bd2-aff3-92578a35232a	2025-11-21	INTEGRAL	14	9bf7d50c-378c-58f7-ba1a-0dccafffc54c	Bolacha doce	312	284	28	10	SINTETICO
dffcd159-165f-44c4-afa7-bfac0e5bd9af	2025-11-21	INTEGRAL	15	d0f748b6-0ca4-5794-9480-45981f00672c	Ensopado de mandioca	63	62	1	9	SINTETICO
9d26ce05-d2ad-4980-90a0-dc457cda2126	2025-11-21	INTEGRAL	16	6ce7a969-7c2b-5a21-b072-594a4412ab8b	Arroz branco	2	2	0	0	SINTETICO
280e88be-1b02-4091-ad36-2f5562d0a390	2025-11-21	INTEGRAL	16	b6f014a3-eaad-57c0-8ee9-24eb9abb819a	Cuscuz	0	0	0	0	SINTETICO
8d13fbc7-8e21-4f21-850c-ddc639dbd38f	2025-11-21	INTEGRAL	16	79ca1872-52e0-59dd-af29-543b793c0860	Macarrao ao sugo	51	46	5	7	SINTETICO
9c0f4615-7ad1-40e8-ade9-953ce2b75544	2025-11-21	INTEGRAL	18	6753aa6f-0f7e-5208-8cd6-9e7a8733ef22	Leite com achocolatado	37	34	3	2	SINTETICO
4d848434-ba26-42c2-b8e1-f21d11235d43	2025-11-21	INTEGRAL	18	9bf7d50c-378c-58f7-ba1a-0dccafffc54c	Bolacha doce	42	39	3	2	SINTETICO
62a7f0c2-f63f-4395-bccf-d3919a034495	2025-11-21	INTEGRAL	18	0db97b08-9e92-541d-b2d2-1bc810f8fbe8	Iogurte	49	43	6	2	SINTETICO
e66677d8-9ad1-42e2-b173-c74645490f52	2025-11-24	INTEGRAL	1	84f7e794-a400-5d46-9efe-1c8a8f2f711d	Suco de fruta natural	32	30	2	1	SINTETICO
5e423cd2-92f0-4492-a987-f7f035cd5c46	2025-11-24	INTEGRAL	1	79ca1872-52e0-59dd-af29-543b793c0860	Macarrao ao sugo	36	33	3	5	SINTETICO
2168fbe7-e5e6-4d4f-8162-5fb4dc6ff365	2025-11-24	INTEGRAL	3	79ca1872-52e0-59dd-af29-543b793c0860	Macarrao ao sugo	1	1	0	0	SINTETICO
f64f5267-6aeb-49ba-bbf5-66795049b6bd	2025-11-24	INTEGRAL	3	153737d9-caa6-55d5-b086-f7e83fdab4d2	Pao com manteiga	68	67	1	5	SINTETICO
323bf62e-5ec0-4cc7-9102-d0535b0572dc	2025-11-24	INTEGRAL	3	eed1d0ec-938c-53ef-94b9-626452f5fbd2	Sopa de legumes	17	17	0	5	SINTETICO
ff35ee81-e9a9-429c-b94e-cafba1e86262	2025-11-24	INTEGRAL	5	b6f014a3-eaad-57c0-8ee9-24eb9abb819a	Cuscuz	1	1	0	0	SINTETICO
6174fa85-c0f0-4c9b-99b2-c9c0894fed58	2025-11-24	INTEGRAL	5	6753aa6f-0f7e-5208-8cd6-9e7a8733ef22	Leite com achocolatado	34	31	3	2	SINTETICO
e2cd7c3d-f7ed-4a4e-85eb-43d81991a3d3	2025-11-24	INTEGRAL	6	6753aa6f-0f7e-5208-8cd6-9e7a8733ef22	Leite com achocolatado	14	12	2	1	SINTETICO
ac87d0ea-fa1a-4236-bee2-e30ae6e76b8b	2025-11-24	INTEGRAL	6	eed1d0ec-938c-53ef-94b9-626452f5fbd2	Sopa de legumes	112	101	11	36	SINTETICO
e2f809a8-8b36-43c4-aa1b-5cd4f492dde7	2025-11-24	INTEGRAL	7	153737d9-caa6-55d5-b086-f7e83fdab4d2	Pao com manteiga	91	89	2	6	SINTETICO
c6e2ebbd-ca9f-4f9e-ac18-df50d9f6b031	2025-11-24	INTEGRAL	7	2f723cf1-ddd6-58e2-881e-3ab45db8cd2d	Feijao carioca	78	68	10	8	SINTETICO
3e28512a-9838-4074-a993-a1bb8b861669	2025-11-24	INTEGRAL	7	1b450f5b-ecde-5880-ad0a-91ce0920069d	Maca	0	0	0	0	SINTETICO
72e5e53e-32f1-49a4-971b-18e024f3a5d3	2025-11-24	INTEGRAL	7	add956e1-36ad-584e-b1e4-a4a8db28315f	Banana	52	51	1	2	SINTETICO
48c99e06-8af3-4e07-9778-a18661d9324e	2025-11-24	INTEGRAL	7	0db97b08-9e92-541d-b2d2-1bc810f8fbe8	Iogurte	31	30	1	2	SINTETICO
37d86196-827a-4ad7-a51e-e32405db171d	2025-11-24	INTEGRAL	8	0db97b08-9e92-541d-b2d2-1bc810f8fbe8	Iogurte	290	268	22	17	SINTETICO
eb7125cb-4d82-4e32-b998-3ad3eaeeadbb	2025-11-24	INTEGRAL	9	2f723cf1-ddd6-58e2-881e-3ab45db8cd2d	Feijao carioca	116	102	14	9	SINTETICO
12549dc2-9a71-464a-8d7c-8df217970c11	2025-11-24	INTEGRAL	9	eed1d0ec-938c-53ef-94b9-626452f5fbd2	Sopa de legumes	35	31	4	7	SINTETICO
3883e1e9-1c10-40a5-92e2-fa86f134dabb	2025-11-24	INTEGRAL	9	79ca1872-52e0-59dd-af29-543b793c0860	Macarrao ao sugo	28	27	1	3	SINTETICO
54e3a42d-c05a-4aff-86b1-4ebd45ff1a9e	2025-11-24	INTEGRAL	9	1b450f5b-ecde-5880-ad0a-91ce0920069d	Maca	45	39	6	1	SINTETICO
9d752f02-369e-4cf4-bd83-1f609aa11c1f	2025-11-24	INTEGRAL	9	0db97b08-9e92-541d-b2d2-1bc810f8fbe8	Iogurte	330	312	18	24	SINTETICO
5ec25286-30fc-47f3-a08b-fc04aaabbe05	2025-11-24	MANHA	10	1b450f5b-ecde-5880-ad0a-91ce0920069d	Maca	36	36	0	2	SINTETICO
29dad56c-5fc9-460f-902e-f9b2047c51c3	2025-11-24	MANHA	10	add956e1-36ad-584e-b1e4-a4a8db28315f	Banana	166	147	19	5	SINTETICO
b0175b73-b704-499f-9e7e-4e3e5172756e	2025-11-24	MANHA	10	9bf7d50c-378c-58f7-ba1a-0dccafffc54c	Bolacha doce	0	0	0	0	SINTETICO
6fdf7c54-24f7-468e-a97a-4b73d8a3aec8	2025-11-24	MANHA	10	6ce7a969-7c2b-5a21-b072-594a4412ab8b	Arroz branco	7	6	1	0	SINTETICO
0a5cbc20-41f6-43ed-a631-2eed996b3bb6	2025-11-24	MANHA	10	84f7e794-a400-5d46-9efe-1c8a8f2f711d	Suco de fruta natural	47	41	6	2	SINTETICO
67010477-c613-4bfe-9927-e130590e3e78	2025-11-24	INTEGRAL	11	153737d9-caa6-55d5-b086-f7e83fdab4d2	Pao com manteiga	73	65	8	3	SINTETICO
add7069c-fe79-49ec-b16f-8a2042d4576f	2025-11-24	INTEGRAL	11	1b450f5b-ecde-5880-ad0a-91ce0920069d	Maca	8	7	1	0	SINTETICO
0591df6d-72c5-493c-b7c0-9bee96e2d7c0	2025-11-24	INTEGRAL	12	6753aa6f-0f7e-5208-8cd6-9e7a8733ef22	Leite com achocolatado	82	80	2	5	SINTETICO
e190a3bd-05c6-4977-b9bb-3dd6a5dae5d9	2025-11-24	INTEGRAL	12	b6f014a3-eaad-57c0-8ee9-24eb9abb819a	Cuscuz	10	9	1	1	SINTETICO
8b3fd109-57dd-4a73-ba03-370bbeeda4a2	2025-11-24	INTEGRAL	12	add956e1-36ad-584e-b1e4-a4a8db28315f	Banana	104	92	12	4	SINTETICO
5483505d-c13b-4939-a7fd-11ae37283f6a	2025-11-24	INTEGRAL	14	84f7e794-a400-5d46-9efe-1c8a8f2f711d	Suco de fruta natural	25	24	1	1	SINTETICO
17d7c06e-f40c-469d-98d9-260554b3e2e8	2025-11-24	INTEGRAL	14	add956e1-36ad-584e-b1e4-a4a8db28315f	Banana	19	18	1	1	SINTETICO
c8cdf9f0-a610-408a-8d62-fb4d1c5a60a0	2025-11-24	INTEGRAL	14	6ce7a969-7c2b-5a21-b072-594a4412ab8b	Arroz branco	5	5	0	0	SINTETICO
f1920351-fe0f-4b36-a5a0-dcf0749a0561	2025-11-24	INTEGRAL	14	b6f014a3-eaad-57c0-8ee9-24eb9abb819a	Cuscuz	28	25	3	3	SINTETICO
d255f6ad-da23-4af4-b0c7-f59fe517aacc	2025-11-24	INTEGRAL	16	b6f014a3-eaad-57c0-8ee9-24eb9abb819a	Cuscuz	0	0	0	0	SINTETICO
810bb8c4-c312-40e7-9fe8-f07e69fb64e6	2025-11-24	INTEGRAL	16	153737d9-caa6-55d5-b086-f7e83fdab4d2	Pao com manteiga	1	1	0	0	SINTETICO
d9ba5416-9614-4338-aeb4-d01738486531	2025-11-24	INTEGRAL	16	9bf7d50c-378c-58f7-ba1a-0dccafffc54c	Bolacha doce	38	34	4	2	SINTETICO
91f73086-70d4-4271-bfeb-d3f3bfc3f551	2025-11-24	INTEGRAL	16	add956e1-36ad-584e-b1e4-a4a8db28315f	Banana	29	29	0	1	SINTETICO
3f8247c4-1d47-4ceb-8e4c-e2194bc729af	2025-11-24	INTEGRAL	16	eed1d0ec-938c-53ef-94b9-626452f5fbd2	Sopa de legumes	96	87	9	25	SINTETICO
c619b2a8-3689-4d09-b954-f4f8beba3458	2025-11-24	INTEGRAL	18	79ca1872-52e0-59dd-af29-543b793c0860	Macarrao ao sugo	2	2	0	0	SINTETICO
fce6cfc8-8dff-4c2c-bd55-f38cdd5464e2	2025-11-24	INTEGRAL	18	84f7e794-a400-5d46-9efe-1c8a8f2f711d	Suco de fruta natural	16	16	0	1	SINTETICO
a92485ae-517d-4a21-96ec-8f98fd7ef4f0	2025-11-25	INTEGRAL	2	add956e1-36ad-584e-b1e4-a4a8db28315f	Banana	69	65	4	2	SINTETICO
aaf2b215-7621-4dad-b0cc-5b062eb681d4	2025-11-25	INTEGRAL	2	2f723cf1-ddd6-58e2-881e-3ab45db8cd2d	Feijao carioca	6	5	1	0	SINTETICO
8166bac0-3913-49c2-b75b-6fd40bb110fa	2025-11-25	INTEGRAL	2	153737d9-caa6-55d5-b086-f7e83fdab4d2	Pao com manteiga	6	6	0	0	SINTETICO
ebd4f8d7-dec7-406d-ac94-e4dca48b8977	2025-11-25	INTEGRAL	3	6753aa6f-0f7e-5208-8cd6-9e7a8733ef22	Leite com achocolatado	179	156	23	11	SINTETICO
b46b8a39-492f-48ee-91da-e7e8f18aedd9	2025-11-25	INTEGRAL	4	79ca1872-52e0-59dd-af29-543b793c0860	Macarrao ao sugo	46	41	5	4	SINTETICO
3c8da57a-ae38-4904-9248-fcd94d6cb9d7	2025-11-25	INTEGRAL	5	84f7e794-a400-5d46-9efe-1c8a8f2f711d	Suco de fruta natural	3	3	0	0	SINTETICO
10a1093d-bf40-4356-81ed-8ac4b34d52b7	2025-11-25	INTEGRAL	5	eed1d0ec-938c-53ef-94b9-626452f5fbd2	Sopa de legumes	38	35	3	9	SINTETICO
88e442e7-f810-4066-ad2a-0250a850f7b3	2025-11-25	INTEGRAL	7	add956e1-36ad-584e-b1e4-a4a8db28315f	Banana	2	2	0	0	SINTETICO
77c7dbaf-336c-4226-9a7a-dbe3122f4f51	2025-11-25	INTEGRAL	8	1b450f5b-ecde-5880-ad0a-91ce0920069d	Maca	24	24	0	1	SINTETICO
15c9001b-02f0-4e2f-a47b-9527db1fb031	2025-11-25	INTEGRAL	8	153737d9-caa6-55d5-b086-f7e83fdab4d2	Pao com manteiga	0	0	0	0	SINTETICO
540c9731-e37c-4788-9886-61e7f84953be	2025-11-25	INTEGRAL	9	add956e1-36ad-584e-b1e4-a4a8db28315f	Banana	0	0	0	0	SINTETICO
8328f331-1e99-45ea-a210-caf74e69a3b0	2025-11-25	INTEGRAL	11	84f7e794-a400-5d46-9efe-1c8a8f2f711d	Suco de fruta natural	24	23	1	1	SINTETICO
96701757-26df-49f8-964c-d6f757bf00ed	2025-11-25	INTEGRAL	13	6ce7a969-7c2b-5a21-b072-594a4412ab8b	Arroz branco	47	44	3	4	SINTETICO
5765eda8-817d-4468-b2b3-54771a4cc0cd	2025-11-25	MANHA	14	79ca1872-52e0-59dd-af29-543b793c0860	Macarrao ao sugo	32	31	1	5	SINTETICO
ea829aca-4585-4c63-8047-782f7780b3c2	2025-11-25	MANHA	14	1b450f5b-ecde-5880-ad0a-91ce0920069d	Maca	0	0	0	0	SINTETICO
40eea944-f50a-4504-bf12-d88764cfeaab	2025-11-25	INTEGRAL	15	84f7e794-a400-5d46-9efe-1c8a8f2f711d	Suco de fruta natural	247	230	17	14	SINTETICO
4a7f02e6-1ad1-4855-934d-98d29958eb91	2025-11-25	INTEGRAL	15	eed1d0ec-938c-53ef-94b9-626452f5fbd2	Sopa de legumes	28	25	3	6	SINTETICO
850c0116-e9bf-46c0-ab5b-aa175b87cb2c	2025-11-25	MANHA	16	6ce7a969-7c2b-5a21-b072-594a4412ab8b	Arroz branco	1	1	0	0	SINTETICO
b8a3500d-b90c-4fbf-8f78-60052c573f34	2025-11-25	MANHA	16	2f723cf1-ddd6-58e2-881e-3ab45db8cd2d	Feijao carioca	3	3	0	0	SINTETICO
88598104-20f3-43ce-9e5f-23fe4d3ebe69	2025-11-25	MANHA	16	84f7e794-a400-5d46-9efe-1c8a8f2f711d	Suco de fruta natural	82	79	3	5	SINTETICO
563dbd6e-c2eb-4987-81ad-d9077a89863a	2025-11-25	INTEGRAL	17	b6f014a3-eaad-57c0-8ee9-24eb9abb819a	Cuscuz	80	79	1	9	SINTETICO
ea226d3f-e90d-4608-8209-0a825bc8f718	2025-11-25	INTEGRAL	17	79ca1872-52e0-59dd-af29-543b793c0860	Macarrao ao sugo	24	23	1	3	SINTETICO
3e2b5ed5-05b3-43c1-aeb3-3019c229f807	2025-11-25	INTEGRAL	17	eed1d0ec-938c-53ef-94b9-626452f5fbd2	Sopa de legumes	166	147	19	41	SINTETICO
6b5537f7-8397-4078-a831-e47ade117e15	2025-11-25	INTEGRAL	17	6ce7a969-7c2b-5a21-b072-594a4412ab8b	Arroz branco	250	221	29	15	SINTETICO
90c61d9f-1d4a-472b-ab4e-5f45448db348	2025-11-26	INTEGRAL	1	79ca1872-52e0-59dd-af29-543b793c0860	Macarrao ao sugo	51	47	4	5	SINTETICO
372ca79d-a9e1-4fe1-9944-d3659eb65ef7	2025-11-26	INTEGRAL	1	84f7e794-a400-5d46-9efe-1c8a8f2f711d	Suco de fruta natural	9	8	1	0	SINTETICO
198380a5-b8ee-4cc5-9e2f-adccd3ef362d	2025-11-26	INTEGRAL	1	b6f014a3-eaad-57c0-8ee9-24eb9abb819a	Cuscuz	52	49	3	7	SINTETICO
d55abf40-100a-439c-a44a-0c89386659c7	2025-11-26	INTEGRAL	1	9bf7d50c-378c-58f7-ba1a-0dccafffc54c	Bolacha doce	0	0	0	0	SINTETICO
53ad349c-f848-43c7-9cf4-35780f6b8163	2025-11-26	INTEGRAL	3	eed1d0ec-938c-53ef-94b9-626452f5fbd2	Sopa de legumes	0	0	0	0	SINTETICO
1a94ccb2-d53c-49de-b0ff-bca30de9598f	2025-11-26	MANHA	4	84f7e794-a400-5d46-9efe-1c8a8f2f711d	Suco de fruta natural	55	55	0	2	SINTETICO
5095798e-fedc-4be2-bce7-bc481e8c0af9	2025-11-26	MANHA	4	6ce7a969-7c2b-5a21-b072-594a4412ab8b	Arroz branco	27	26	1	2	SINTETICO
47bd5baf-4961-40cb-a1cc-094191b128db	2025-11-26	MANHA	4	eed1d0ec-938c-53ef-94b9-626452f5fbd2	Sopa de legumes	98	86	12	31	SINTETICO
1702d453-63e8-40ef-bdd4-0404c4223dc7	2025-11-26	MANHA	4	0db97b08-9e92-541d-b2d2-1bc810f8fbe8	Iogurte	32	31	1	2	SINTETICO
94018f31-0b05-4e3e-a1c3-4e652210e710	2025-11-26	TARDE	5	1b450f5b-ecde-5880-ad0a-91ce0920069d	Maca	56	55	1	2	SINTETICO
2d533068-5f63-4800-aab8-160f5241d035	2025-11-26	TARDE	5	84f7e794-a400-5d46-9efe-1c8a8f2f711d	Suco de fruta natural	69	66	3	4	SINTETICO
82497c45-fede-46cc-86f9-c717c6bba363	2025-11-26	INTEGRAL	6	6f1d5964-e195-53e5-b25d-c4128c0b139a	Iscas de frango acebolada	8	7	1	1	SINTETICO
b14ba378-cd58-4c5d-b514-28677a908e2f	2025-11-26	INTEGRAL	7	6ce7a969-7c2b-5a21-b072-594a4412ab8b	Arroz branco	38	35	3	2	SINTETICO
55d15760-a22d-4071-a577-3a3c66ff89de	2025-11-26	INTEGRAL	7	b6f014a3-eaad-57c0-8ee9-24eb9abb819a	Cuscuz	16	14	2	2	SINTETICO
1f6d6f61-202b-42f6-aaef-45dd083091ac	2025-11-26	INTEGRAL	7	153737d9-caa6-55d5-b086-f7e83fdab4d2	Pao com manteiga	0	0	0	0	SINTETICO
7cad458b-ff58-46f2-b7dc-f0f44a907ca5	2025-11-26	INTEGRAL	7	0db97b08-9e92-541d-b2d2-1bc810f8fbe8	Iogurte	20	20	0	1	SINTETICO
f7f8958a-b99b-4a03-baca-ddfb8e2bf4b3	2025-11-26	TARDE	9	add956e1-36ad-584e-b1e4-a4a8db28315f	Banana	156	143	13	5	SINTETICO
a36a4407-c7f5-4778-8aae-06bda5471110	2025-11-26	TARDE	9	0db97b08-9e92-541d-b2d2-1bc810f8fbe8	Iogurte	1	1	0	0	SINTETICO
170d18e5-a4c0-4326-89c4-152edeb32bbb	2025-11-26	INTEGRAL	11	84f7e794-a400-5d46-9efe-1c8a8f2f711d	Suco de fruta natural	38	37	1	2	SINTETICO
03b7053e-7f7a-42f1-b1a0-4c92331a1671	2025-11-26	INTEGRAL	13	6753aa6f-0f7e-5208-8cd6-9e7a8733ef22	Leite com achocolatado	28	26	2	1	SINTETICO
ae8b7e4f-9ba8-49ba-98a2-b01c18ee0a85	2025-11-26	INTEGRAL	13	84f7e794-a400-5d46-9efe-1c8a8f2f711d	Suco de fruta natural	1	1	0	0	SINTETICO
8e22a0a8-2f2b-43f3-9607-18874e8a65ab	2025-11-26	INTEGRAL	13	eed1d0ec-938c-53ef-94b9-626452f5fbd2	Sopa de legumes	1	1	0	0	SINTETICO
8d50094e-ef2a-421d-b063-84a86ad92be3	2025-11-26	INTEGRAL	13	2f723cf1-ddd6-58e2-881e-3ab45db8cd2d	Feijao carioca	10	9	1	1	SINTETICO
489fbb0c-4859-4cf0-bdb9-fc3bbbdfc3a5	2025-11-26	INTEGRAL	13	9bf7d50c-378c-58f7-ba1a-0dccafffc54c	Bolacha doce	92	81	11	5	SINTETICO
a1013d57-27f0-4a2c-b063-236ac39a958a	2025-11-26	INTEGRAL	14	0db97b08-9e92-541d-b2d2-1bc810f8fbe8	Iogurte	105	94	11	6	SINTETICO
c0f9e1fa-e64d-472b-aeb0-317704e4230a	2025-11-26	INTEGRAL	14	1b450f5b-ecde-5880-ad0a-91ce0920069d	Maca	0	0	0	0	SINTETICO
12c60f87-79fd-490c-a5da-51283fc79b70	2025-11-26	INTEGRAL	14	b6f014a3-eaad-57c0-8ee9-24eb9abb819a	Cuscuz	112	105	7	12	SINTETICO
26eb4ab0-8d28-4170-a125-bdfd37050b3e	2025-11-26	INTEGRAL	14	add956e1-36ad-584e-b1e4-a4a8db28315f	Banana	115	104	11	3	SINTETICO
27ab9434-e1c3-4ba8-a890-b2c055fd5005	2025-11-26	INTEGRAL	14	79ca1872-52e0-59dd-af29-543b793c0860	Macarrao ao sugo	19	18	1	3	SINTETICO
beba6faf-a9db-4312-bd2c-16f983a7c095	2025-11-26	INTEGRAL	15	153737d9-caa6-55d5-b086-f7e83fdab4d2	Pao com manteiga	85	83	2	4	SINTETICO
ca7dd5eb-f133-47dd-9f0e-393ccfba726d	2025-11-26	INTEGRAL	15	2f723cf1-ddd6-58e2-881e-3ab45db8cd2d	Feijao carioca	69	61	8	4	SINTETICO
065a1d2d-fc5c-4c84-99d7-95657b77a801	2025-11-26	INTEGRAL	15	eed1d0ec-938c-53ef-94b9-626452f5fbd2	Sopa de legumes	61	60	1	22	SINTETICO
8874376f-df05-4e7e-bc52-290627475854	2025-11-26	MANHA	18	6753aa6f-0f7e-5208-8cd6-9e7a8733ef22	Leite com achocolatado	59	54	5	4	SINTETICO
06d68c2f-6d17-481f-b4d6-90cd8d65c1a5	2025-11-26	MANHA	18	6ce7a969-7c2b-5a21-b072-594a4412ab8b	Arroz branco	14	13	1	1	SINTETICO
c363be7d-e124-4c7e-9d16-c0e0f3d9412a	2025-11-27	MANHA	1	6753aa6f-0f7e-5208-8cd6-9e7a8733ef22	Leite com achocolatado	19	18	1	1	SINTETICO
807b1812-487b-4181-a4f1-31fd26972cb6	2025-11-27	MANHA	1	6ce7a969-7c2b-5a21-b072-594a4412ab8b	Arroz branco	52	50	2	3	SINTETICO
67604164-5b7a-40c4-a512-47f3d2752c66	2025-11-27	INTEGRAL	2	b6f014a3-eaad-57c0-8ee9-24eb9abb819a	Cuscuz	6	6	0	1	SINTETICO
d2050573-82ab-4aef-9b69-8ca4df885ad9	2025-11-27	INTEGRAL	4	153737d9-caa6-55d5-b086-f7e83fdab4d2	Pao com manteiga	0	0	0	0	SINTETICO
7a5d0ced-e7c6-4b8b-853a-69ff2d5a1e3c	2025-11-27	INTEGRAL	4	6753aa6f-0f7e-5208-8cd6-9e7a8733ef22	Leite com achocolatado	12	11	1	1	SINTETICO
7fa9085a-b61a-4892-a2f6-6dc031b7d7e7	2025-11-27	TARDE	6	9bf7d50c-378c-58f7-ba1a-0dccafffc54c	Bolacha doce	222	196	26	12	SINTETICO
fbf77abb-2b24-4fef-992d-441f78f2e5bf	2025-11-27	MANHA	10	add956e1-36ad-584e-b1e4-a4a8db28315f	Banana	80	76	4	2	SINTETICO
e3211595-19f1-4ce2-902a-c899a866652b	2025-11-27	MANHA	10	6753aa6f-0f7e-5208-8cd6-9e7a8733ef22	Leite com achocolatado	0	0	0	0	SINTETICO
746e107d-43c4-4550-97c9-0acffca80e61	2025-11-27	INTEGRAL	12	b6f014a3-eaad-57c0-8ee9-24eb9abb819a	Cuscuz	20	20	0	2	SINTETICO
26a3f206-aed8-4d8b-9e46-03726921fa73	2025-11-27	INTEGRAL	12	eed1d0ec-938c-53ef-94b9-626452f5fbd2	Sopa de legumes	23	22	1	8	SINTETICO
a0e951c2-e4dd-4dfc-b299-31a78cc4348b	2025-11-27	TARDE	13	9bf7d50c-378c-58f7-ba1a-0dccafffc54c	Bolacha doce	23	22	1	1	SINTETICO
f336f986-0f7b-4236-8719-8ecd56d453d4	2025-11-27	MANHA	14	2f723cf1-ddd6-58e2-881e-3ab45db8cd2d	Feijao carioca	63	56	7	5	SINTETICO
4d4780f1-442c-4c9e-ad49-15484d2e95c4	2025-11-27	TARDE	15	9bf7d50c-378c-58f7-ba1a-0dccafffc54c	Bolacha doce	78	73	5	5	SINTETICO
7b981358-51bb-402e-b726-a47f75fd23e6	2025-11-27	TARDE	15	153737d9-caa6-55d5-b086-f7e83fdab4d2	Pao com manteiga	0	0	0	0	SINTETICO
9cbddb39-222c-480e-adf5-1da46d44381e	2025-11-27	TARDE	15	1b450f5b-ecde-5880-ad0a-91ce0920069d	Maca	4	4	0	0	SINTETICO
adcf8bcc-99db-4f1a-8000-5e3c9f6597c6	2025-11-27	MANHA	18	84f7e794-a400-5d46-9efe-1c8a8f2f711d	Suco de fruta natural	14	14	0	1	SINTETICO
259eb11c-2bc4-4d1a-91ca-7b20610e7556	2025-11-27	MANHA	18	153737d9-caa6-55d5-b086-f7e83fdab4d2	Pao com manteiga	391	357	34	28	SINTETICO
67918947-1cc2-4736-ba62-cc10dc51a22e	2025-11-28	TARDE	1	6753aa6f-0f7e-5208-8cd6-9e7a8733ef22	Leite com achocolatado	121	106	15	5	SINTETICO
37cb3f0a-cbc9-4129-a37a-e3b65e3a15d0	2025-11-28	TARDE	1	0db97b08-9e92-541d-b2d2-1bc810f8fbe8	Iogurte	24	22	2	1	SINTETICO
f66036b4-e776-4930-8045-07edc30dd4da	2025-11-28	TARDE	3	d0f748b6-0ca4-5794-9480-45981f00672c	Ensopado de mandioca	555	494	61	87	SINTETICO
9bc4a3a6-5148-4cb5-b29d-55a55f0c50aa	2025-11-28	INTEGRAL	7	84f7e794-a400-5d46-9efe-1c8a8f2f711d	Suco de fruta natural	1	1	0	0	SINTETICO
7367fd26-ce7e-418a-a1ff-3cf6bde6c24b	2025-11-28	TARDE	10	6753aa6f-0f7e-5208-8cd6-9e7a8733ef22	Leite com achocolatado	0	0	0	0	SINTETICO
afec20dd-b85b-4bf8-a96b-c7a7b7ebe76e	2025-11-28	TARDE	10	b6f014a3-eaad-57c0-8ee9-24eb9abb819a	Cuscuz	6	5	1	0	SINTETICO
f8f2243f-2473-4dd8-8ad7-ead48595704b	2025-11-28	TARDE	11	6753aa6f-0f7e-5208-8cd6-9e7a8733ef22	Leite com achocolatado	441	433	8	32	SINTETICO
d75a2d34-5ff4-4ee7-a10e-8c9e0e1a6ec7	2025-11-28	INTEGRAL	12	eed1d0ec-938c-53ef-94b9-626452f5fbd2	Sopa de legumes	175	157	18	53	SINTETICO
9cd2e9ea-b5fa-4bf1-a2ac-7c96591209fe	2025-11-28	INTEGRAL	14	eed1d0ec-938c-53ef-94b9-626452f5fbd2	Sopa de legumes	25	23	2	6	SINTETICO
849a9d9a-8abb-4270-8cdb-ae500e78d74c	2025-11-28	INTEGRAL	18	9bf7d50c-378c-58f7-ba1a-0dccafffc54c	Bolacha doce	0	0	0	0	SINTETICO
8cd3075d-40fc-4f78-9bf4-2dd66fe166cd	2025-11-28	INTEGRAL	18	6753aa6f-0f7e-5208-8cd6-9e7a8733ef22	Leite com achocolatado	14	12	2	1	SINTETICO
468af354-54d5-4182-8ecb-48ee84d23e59	2025-12-01	INTEGRAL	1	b6f014a3-eaad-57c0-8ee9-24eb9abb819a	Cuscuz	25	22	3	3	SINTETICO
409b1b24-33e6-4afa-8352-befef692aa72	2025-12-01	INTEGRAL	1	eed1d0ec-938c-53ef-94b9-626452f5fbd2	Sopa de legumes	86	79	7	25	SINTETICO
90679f62-9f58-41fd-90ad-1d439db4235c	2025-12-01	INTEGRAL	1	6753aa6f-0f7e-5208-8cd6-9e7a8733ef22	Leite com achocolatado	39	37	2	2	SINTETICO
61074efe-4103-429c-9277-361fc1c38d0d	2025-12-01	INTEGRAL	1	79ca1872-52e0-59dd-af29-543b793c0860	Macarrao ao sugo	116	107	9	17	SINTETICO
2d156802-3412-43e4-9ff6-be4d70192a0d	2025-12-01	INTEGRAL	2	2f723cf1-ddd6-58e2-881e-3ab45db8cd2d	Feijao carioca	0	0	0	0	SINTETICO
74d2437a-25e3-4c03-abef-98383decb2ad	2025-12-01	INTEGRAL	2	1b450f5b-ecde-5880-ad0a-91ce0920069d	Maca	0	0	0	0	SINTETICO
55aac75b-3a5f-425b-8af5-4edfa75b5fd4	2025-12-01	MANHA	4	79ca1872-52e0-59dd-af29-543b793c0860	Macarrao ao sugo	5	5	0	1	SINTETICO
1df225d9-e4d1-4886-afcb-a2ad85a91454	2025-12-01	MANHA	5	b6f014a3-eaad-57c0-8ee9-24eb9abb819a	Cuscuz	0	0	0	0	SINTETICO
5a0ba2bc-6750-4cd1-8325-19b18e0bf196	2025-12-01	MANHA	6	add956e1-36ad-584e-b1e4-a4a8db28315f	Banana	1	1	0	0	SINTETICO
c675e2db-09d7-4107-9d8e-773c7b3709a5	2025-12-01	MANHA	6	79ca1872-52e0-59dd-af29-543b793c0860	Macarrao ao sugo	16	16	0	3	SINTETICO
5c849d03-bc76-4aaf-aeee-8cb33a3e48bd	2025-12-01	MANHA	6	6753aa6f-0f7e-5208-8cd6-9e7a8733ef22	Leite com achocolatado	298	274	24	15	SINTETICO
2da5e984-7408-4d0d-a4ef-8669b8b79ce9	2025-12-01	INTEGRAL	7	9bf7d50c-378c-58f7-ba1a-0dccafffc54c	Bolacha doce	88	88	0	5	SINTETICO
0f1f01c8-ddf8-4f2c-8a76-b2fe3159a423	2025-12-01	INTEGRAL	9	b6f014a3-eaad-57c0-8ee9-24eb9abb819a	Cuscuz	45	39	6	6	SINTETICO
42548bcd-d8e5-4e0d-b3d0-907eb741c775	2025-12-01	INTEGRAL	9	0db97b08-9e92-541d-b2d2-1bc810f8fbe8	Iogurte	26	23	3	1	SINTETICO
d680e214-c06f-4ca9-8c0b-d935bee7f21d	2025-12-01	INTEGRAL	11	6753aa6f-0f7e-5208-8cd6-9e7a8733ef22	Leite com achocolatado	1	1	0	0	SINTETICO
edbdc5ee-4fc4-4011-9861-b035728b8da8	2025-12-01	INTEGRAL	12	6753aa6f-0f7e-5208-8cd6-9e7a8733ef22	Leite com achocolatado	15	14	1	1	SINTETICO
3be57e75-e8d2-4fd6-ab4b-b706be2046cb	2025-12-01	TARDE	13	0db97b08-9e92-541d-b2d2-1bc810f8fbe8	Iogurte	207	191	16	10	SINTETICO
5865e286-3f86-4fd0-bf47-866ad5051186	2025-12-01	TARDE	13	eed1d0ec-938c-53ef-94b9-626452f5fbd2	Sopa de legumes	5	5	0	2	SINTETICO
0900d411-b059-4ee8-aeb1-7476a697368c	2025-12-01	MANHA	15	b6f014a3-eaad-57c0-8ee9-24eb9abb819a	Cuscuz	74	67	7	10	SINTETICO
f1016bf8-daf2-4f32-92f8-456ee3044265	2025-12-02	INTEGRAL	1	eed1d0ec-938c-53ef-94b9-626452f5fbd2	Sopa de legumes	354	332	22	102	SINTETICO
811e62bf-b04b-4c37-9a8a-08a9b6ed7f61	2025-12-02	INTEGRAL	1	ddeef647-cce4-5236-a3b1-dece44ed098e	Couve flor	36	35	1	10	SINTETICO
a1030e33-4b67-424a-9399-2222dfc2c850	2025-12-02	INTEGRAL	1	6753aa6f-0f7e-5208-8cd6-9e7a8733ef22	Leite com achocolatado	43	38	5	3	SINTETICO
e7ff9bff-06b7-400f-9cd7-62511a86c920	2025-12-02	INTEGRAL	1	9bf7d50c-378c-58f7-ba1a-0dccafffc54c	Bolacha doce	238	212	26	10	SINTETICO
1f659d52-623d-4a2f-8034-047ec4fc1421	2025-12-02	MANHA	3	9c858519-faab-50d6-9561-8f90f4f84567	Guisado com moranga	54	48	6	14	SINTETICO
0f246a41-18cd-4e16-8539-a13300def311	2025-12-02	MANHA	3	9bf7d50c-378c-58f7-ba1a-0dccafffc54c	Bolacha doce	41	36	5	2	SINTETICO
a309dba0-32e0-414b-afe7-94c783b8ebd9	2025-12-02	INTEGRAL	6	6ce7a969-7c2b-5a21-b072-594a4412ab8b	Arroz branco	20	20	0	2	SINTETICO
398bdab0-a001-4f0b-bd95-935fccb849b0	2025-12-02	INTEGRAL	7	9bf7d50c-378c-58f7-ba1a-0dccafffc54c	Bolacha doce	37	33	4	1	SINTETICO
c696c9fb-b9b1-469a-a4f9-23c5eb6967df	2025-12-02	INTEGRAL	7	b6f014a3-eaad-57c0-8ee9-24eb9abb819a	Cuscuz	0	0	0	0	SINTETICO
c1cd34bf-c12d-4e65-b859-9b86c58e6dfb	2025-12-02	INTEGRAL	7	79ca1872-52e0-59dd-af29-543b793c0860	Macarrao ao sugo	0	0	0	0	SINTETICO
0c66ccde-997e-45ee-be10-da39b0e2d821	2025-12-02	INTEGRAL	7	1b450f5b-ecde-5880-ad0a-91ce0920069d	Maca	98	87	11	4	SINTETICO
3694a685-0479-40d5-ab4c-cc1e99cad4f4	2025-12-02	MANHA	8	eed1d0ec-938c-53ef-94b9-626452f5fbd2	Sopa de legumes	43	41	2	10	SINTETICO
01155152-ae9b-4b65-9eba-7275ac720d9b	2025-12-02	MANHA	8	153737d9-caa6-55d5-b086-f7e83fdab4d2	Pao com manteiga	21	19	2	1	SINTETICO
1d5c4703-27ea-4cfd-a73c-0263a35598ff	2025-12-02	MANHA	8	84f7e794-a400-5d46-9efe-1c8a8f2f711d	Suco de fruta natural	2	2	0	0	SINTETICO
b97d94c1-4991-443d-b59b-8ad79e090753	2025-12-02	MANHA	8	0db97b08-9e92-541d-b2d2-1bc810f8fbe8	Iogurte	10	10	0	0	SINTETICO
f1f33533-0bfc-4923-aa5c-cd5ba0e6a713	2025-12-02	MANHA	8	79ca1872-52e0-59dd-af29-543b793c0860	Macarrao ao sugo	5	5	0	1	SINTETICO
d434c52e-48d3-4b5e-99a9-021a7121890b	2025-12-02	MANHA	9	153737d9-caa6-55d5-b086-f7e83fdab4d2	Pao com manteiga	79	70	9	5	SINTETICO
cc5daca2-63e0-44a3-8fa7-e1609baf386f	2025-12-02	MANHA	9	84f7e794-a400-5d46-9efe-1c8a8f2f711d	Suco de fruta natural	16	15	1	1	SINTETICO
3f933869-ad6e-4e61-8e66-670528333361	2025-12-02	MANHA	9	9bf7d50c-378c-58f7-ba1a-0dccafffc54c	Bolacha doce	37	37	0	2	SINTETICO
71d37eb3-debc-45cf-85a3-2049dc9c6270	2025-12-02	MANHA	9	6753aa6f-0f7e-5208-8cd6-9e7a8733ef22	Leite com achocolatado	45	40	5	2	SINTETICO
d2be80d9-bf5f-4dfa-be75-c380e2861acb	2025-12-02	MANHA	9	6ce7a969-7c2b-5a21-b072-594a4412ab8b	Arroz branco	0	0	0	0	SINTETICO
2ca76cc2-4c4b-485e-97d0-40f747b27183	2025-12-02	INTEGRAL	10	6ce7a969-7c2b-5a21-b072-594a4412ab8b	Arroz branco	41	38	3	3	SINTETICO
d7bedec2-d9f2-46c0-9e10-0f79020c8ed8	2025-12-02	INTEGRAL	11	2f723cf1-ddd6-58e2-881e-3ab45db8cd2d	Feijao carioca	394	372	22	42	SINTETICO
4ea44ea7-a44a-4b17-b030-dffe75bd4ed3	2025-12-02	INTEGRAL	11	78b49edf-4e8b-5161-8bc0-ae05e86853d0	Carne moida tipo pastel	49	46	3	4	SINTETICO
8ebbb49b-9e3a-4147-816c-d95f4e8c9862	2025-12-02	INTEGRAL	11	9bf7d50c-378c-58f7-ba1a-0dccafffc54c	Bolacha doce	22	21	1	1	SINTETICO
d50bcc0f-0bbe-4842-b46d-a129ff612b72	2025-12-02	INTEGRAL	14	2f723cf1-ddd6-58e2-881e-3ab45db8cd2d	Feijao carioca	3	3	0	0	SINTETICO
5eb36a3a-5f11-43ae-9093-ea8c790df12c	2025-12-02	INTEGRAL	16	79ca1872-52e0-59dd-af29-543b793c0860	Macarrao ao sugo	27	26	1	4	SINTETICO
5acba797-24ba-4527-820d-a8aadc79f978	2025-12-02	INTEGRAL	17	b6f014a3-eaad-57c0-8ee9-24eb9abb819a	Cuscuz	75	68	7	10	SINTETICO
900d1c0d-1f08-4f7d-b08a-5cec4b76811f	2025-12-03	INTEGRAL	1	79ca1872-52e0-59dd-af29-543b793c0860	Macarrao ao sugo	105	95	10	10	SINTETICO
c06327c6-e337-450e-9edc-1d27192f7b65	2025-12-03	INTEGRAL	2	add956e1-36ad-584e-b1e4-a4a8db28315f	Banana	38	36	2	1	SINTETICO
5e83986a-5e82-42e7-8c41-32b2efa6398b	2025-12-03	INTEGRAL	2	79ca1872-52e0-59dd-af29-543b793c0860	Macarrao ao sugo	1	1	0	0	SINTETICO
8bb7df78-b705-458f-8b2b-b028a865977e	2025-12-03	INTEGRAL	2	1b450f5b-ecde-5880-ad0a-91ce0920069d	Maca	331	300	31	17	SINTETICO
0eed0c3b-328f-44c3-99d1-bcacc92fff7e	2025-12-03	INTEGRAL	4	2f723cf1-ddd6-58e2-881e-3ab45db8cd2d	Feijao carioca	38	36	2	4	SINTETICO
d28ea229-e010-4cfc-8bb2-666179da75af	2025-12-03	INTEGRAL	4	6753aa6f-0f7e-5208-8cd6-9e7a8733ef22	Leite com achocolatado	75	68	7	5	SINTETICO
16a646ac-e45a-4657-a6cc-1d4207c7ef12	2025-12-03	INTEGRAL	4	47fbd9af-ac57-5250-a6e2-0018c6bd21c0	Couve	9	8	1	2	SINTETICO
643823a6-b2bc-4598-8033-183ee8e917dc	2025-12-03	INTEGRAL	4	84f7e794-a400-5d46-9efe-1c8a8f2f711d	Suco de fruta natural	55	49	6	3	SINTETICO
a5e35ac2-6f9d-4077-9f6f-88a9212acbbb	2025-12-03	INTEGRAL	5	1b450f5b-ecde-5880-ad0a-91ce0920069d	Maca	163	154	9	10	SINTETICO
4fb6e73b-510a-4316-a7ce-13c21969c5e7	2025-12-03	INTEGRAL	5	6753aa6f-0f7e-5208-8cd6-9e7a8733ef22	Leite com achocolatado	88	84	4	5	SINTETICO
fdb08711-440b-4b4f-a6df-fe74011331ed	2025-12-03	INTEGRAL	5	153737d9-caa6-55d5-b086-f7e83fdab4d2	Pao com manteiga	17	15	2	1	SINTETICO
08a83249-40c0-43b7-817c-564b4473ee39	2025-12-03	INTEGRAL	5	0db97b08-9e92-541d-b2d2-1bc810f8fbe8	Iogurte	30	28	2	2	SINTETICO
094c8969-c073-41ce-8af1-dad63635bb97	2025-12-03	INTEGRAL	5	add956e1-36ad-584e-b1e4-a4a8db28315f	Banana	66	60	6	2	SINTETICO
da97f108-6efe-4235-a4c4-0eb798e3f417	2025-12-03	INTEGRAL	5	eed1d0ec-938c-53ef-94b9-626452f5fbd2	Sopa de legumes	26	24	2	7	SINTETICO
2dbd0aa9-03b9-45f4-927c-cc54525f8b54	2025-12-03	MANHA	6	1b450f5b-ecde-5880-ad0a-91ce0920069d	Maca	0	0	0	0	SINTETICO
df550646-0619-458e-9c9b-ef16a98de198	2025-12-03	MANHA	7	79ca1872-52e0-59dd-af29-543b793c0860	Macarrao ao sugo	114	109	5	17	SINTETICO
9b289f74-d963-44cd-8a1f-e00a971cedb8	2025-12-03	MANHA	7	2f723cf1-ddd6-58e2-881e-3ab45db8cd2d	Feijao carioca	1	1	0	0	SINTETICO
7d4b2711-2d1c-4540-8708-759a708d86f0	2025-12-03	MANHA	7	153737d9-caa6-55d5-b086-f7e83fdab4d2	Pao com manteiga	10	9	1	0	SINTETICO
bf3cec20-f675-428b-9248-759049434de2	2025-12-03	MANHA	7	9bf7d50c-378c-58f7-ba1a-0dccafffc54c	Bolacha doce	82	75	7	4	SINTETICO
9ce22706-48a3-4c97-ad12-3f3f336d3245	2025-12-03	INTEGRAL	8	b6f014a3-eaad-57c0-8ee9-24eb9abb819a	Cuscuz	8	8	0	1	SINTETICO
aa450efa-19d4-421c-866d-86a0735d248d	2025-12-03	INTEGRAL	9	6753aa6f-0f7e-5208-8cd6-9e7a8733ef22	Leite com achocolatado	110	96	14	7	SINTETICO
f32bee65-50d1-42a3-9a42-ae4eedd136b4	2025-12-03	INTEGRAL	10	eed1d0ec-938c-53ef-94b9-626452f5fbd2	Sopa de legumes	29	28	1	11	SINTETICO
b9d757d7-8d44-4247-8158-9af88bfcafcc	2025-12-03	MANHA	11	b6f014a3-eaad-57c0-8ee9-24eb9abb819a	Cuscuz	218	208	10	18	SINTETICO
597ea653-4f25-4bca-b8a9-0909da8e0235	2025-12-03	INTEGRAL	12	0db97b08-9e92-541d-b2d2-1bc810f8fbe8	Iogurte	51	45	6	2	SINTETICO
d53108be-52ae-4f28-97ce-cf6a8efc3147	2025-12-03	MANHA	13	1b450f5b-ecde-5880-ad0a-91ce0920069d	Maca	1	1	0	0	SINTETICO
b033ab67-cd65-4b06-abe9-05c4d6e84cd6	2025-12-03	TARDE	15	b6f014a3-eaad-57c0-8ee9-24eb9abb819a	Cuscuz	0	0	0	0	SINTETICO
e054fb7d-af28-49d6-a025-1a0362f2242f	2025-12-03	TARDE	15	1b450f5b-ecde-5880-ad0a-91ce0920069d	Maca	77	69	8	4	SINTETICO
d228b3ea-c99b-4e67-b2ba-6574fbae6890	2025-12-03	TARDE	15	2f723cf1-ddd6-58e2-881e-3ab45db8cd2d	Feijao carioca	2	2	0	0	SINTETICO
75ceb81f-63f7-44f7-9aa8-746ab7731dd8	2025-12-03	TARDE	15	045210e2-4f88-5f7b-950a-db8c8dacab7e	Repolho	458	425	33	124	SINTETICO
626c2427-16f1-406a-a3e8-3f5b1e652f6b	2025-12-03	TARDE	15	153737d9-caa6-55d5-b086-f7e83fdab4d2	Pao com manteiga	102	93	9	6	SINTETICO
7ec1cfc2-17c2-4c8c-b791-dc1de21c8766	2025-12-03	MANHA	16	6753aa6f-0f7e-5208-8cd6-9e7a8733ef22	Leite com achocolatado	94	92	2	6	SINTETICO
c96054ab-19b0-4796-8d2a-2b01e9e48798	2025-12-03	MANHA	16	6ce7a969-7c2b-5a21-b072-594a4412ab8b	Arroz branco	379	346	33	26	SINTETICO
d071c2f6-cb72-4b4e-9e7e-a443e8a84782	2025-12-03	MANHA	16	47fbd9af-ac57-5250-a6e2-0018c6bd21c0	Couve	40	36	4	14	SINTETICO
d6f40310-d2d6-47c0-a239-185f415a82b0	2025-12-03	MANHA	16	b6f014a3-eaad-57c0-8ee9-24eb9abb819a	Cuscuz	1	1	0	0	SINTETICO
e5864d5e-8847-44a6-99cc-2dfc4f97d77b	2025-12-03	MANHA	16	9bf7d50c-378c-58f7-ba1a-0dccafffc54c	Bolacha doce	27	26	1	1	SINTETICO
841413e9-268b-40cc-9947-79eeef7ae08c	2025-12-03	MANHA	17	79ca1872-52e0-59dd-af29-543b793c0860	Macarrao ao sugo	10	10	0	1	SINTETICO
87efa5fe-a35d-4034-90a6-27474ca159db	2025-12-03	MANHA	17	3331b130-8600-5a59-9e35-f970f9ea497e	Ovo mexido	47	47	0	5	SINTETICO
7eec1f98-d1b8-4554-89fb-fe21b9a8f056	2025-12-03	INTEGRAL	18	1b450f5b-ecde-5880-ad0a-91ce0920069d	Maca	53	51	2	3	SINTETICO
8222957f-53f9-441a-84bb-c1876266d8f5	2025-12-03	INTEGRAL	18	0db97b08-9e92-541d-b2d2-1bc810f8fbe8	Iogurte	5	5	0	0	SINTETICO
5902502d-d626-4a76-adb4-a85ae8bcfc92	2025-12-04	TARDE	1	153737d9-caa6-55d5-b086-f7e83fdab4d2	Pao com manteiga	189	175	14	10	SINTETICO
e834c760-dbac-415f-9c6e-57c15d0c3a17	2025-12-04	TARDE	1	6ce7a969-7c2b-5a21-b072-594a4412ab8b	Arroz branco	558	494	64	26	SINTETICO
7a07d5e0-474b-4dd8-b8aa-0a3f1428c989	2025-12-04	TARDE	1	79ca1872-52e0-59dd-af29-543b793c0860	Macarrao ao sugo	118	105	13	13	SINTETICO
44597050-b733-4eb1-b6a7-43286c2aadf8	2025-12-04	TARDE	1	eed1d0ec-938c-53ef-94b9-626452f5fbd2	Sopa de legumes	228	206	22	76	SINTETICO
8b464a43-94cf-4315-8d0c-e45397f6fcef	2025-12-04	TARDE	1	2f723cf1-ddd6-58e2-881e-3ab45db8cd2d	Feijao carioca	60	58	2	4	SINTETICO
a2c5d980-1346-45a1-a76e-373dd3811e44	2025-12-04	TARDE	1	84f7e794-a400-5d46-9efe-1c8a8f2f711d	Suco de fruta natural	107	96	11	4	SINTETICO
d4e51588-c573-4d35-bab1-1f5fd5bc536d	2025-12-04	MANHA	2	2f723cf1-ddd6-58e2-881e-3ab45db8cd2d	Feijao carioca	43	42	1	5	SINTETICO
2b9c8709-6210-465b-90f3-51b31a67b6e5	2025-12-04	MANHA	2	21e707b3-6560-583f-a5f2-f307b82911fd	Salada de alface	6	6	0	2	SINTETICO
93db37c2-6548-4582-9cfa-572cbfbbb4e9	2025-12-04	MANHA	3	79ca1872-52e0-59dd-af29-543b793c0860	Macarrao ao sugo	391	361	30	61	SINTETICO
ec1dfbb1-4502-4e55-94a2-2fc982fe1ec2	2025-12-04	MANHA	3	4d3eeba1-ad77-55d4-9ed8-296ad424338e	Molho de frango desfiado	323	297	26	45	SINTETICO
6ceb51da-2765-4927-846d-02cc2e3f6c93	2025-12-04	MANHA	3	add956e1-36ad-584e-b1e4-a4a8db28315f	Banana	27	27	0	1	SINTETICO
2b8f219b-7cf0-40fb-934a-0b784ad8e148	2025-12-04	INTEGRAL	4	153737d9-caa6-55d5-b086-f7e83fdab4d2	Pao com manteiga	1	1	0	0	SINTETICO
51cbd6a8-acf2-4f87-9966-548cfdf97428	2025-12-04	INTEGRAL	4	79ca1872-52e0-59dd-af29-543b793c0860	Macarrao ao sugo	42	37	5	6	SINTETICO
ac23f6ed-db12-46c8-a9ed-e7706a10a801	2025-12-04	INTEGRAL	4	add956e1-36ad-584e-b1e4-a4a8db28315f	Banana	56	49	7	2	SINTETICO
8fb6d22d-8acd-490d-bdbc-a0a1ec5ea1f2	2025-12-04	INTEGRAL	4	6753aa6f-0f7e-5208-8cd6-9e7a8733ef22	Leite com achocolatado	36	31	5	2	SINTETICO
7e7c18cd-49df-4f53-9bc5-73ca9f95705f	2025-12-04	INTEGRAL	4	84f7e794-a400-5d46-9efe-1c8a8f2f711d	Suco de fruta natural	69	60	9	3	SINTETICO
fc2a6d24-a5b1-48af-b376-222b02b141ea	2025-12-04	INTEGRAL	4	0db97b08-9e92-541d-b2d2-1bc810f8fbe8	Iogurte	58	55	3	3	SINTETICO
8dc8cd94-0708-49d2-a54b-a694c10b0dc1	2025-12-04	INTEGRAL	7	79ca1872-52e0-59dd-af29-543b793c0860	Macarrao ao sugo	0	0	0	0	SINTETICO
2cfb842b-4757-45eb-b0f0-f510fb589c1a	2025-12-04	INTEGRAL	7	153737d9-caa6-55d5-b086-f7e83fdab4d2	Pao com manteiga	0	0	0	0	SINTETICO
f0551588-169c-4d84-938f-9c120237af81	2025-12-04	INTEGRAL	7	eed1d0ec-938c-53ef-94b9-626452f5fbd2	Sopa de legumes	3	3	0	1	SINTETICO
e2638d74-73cd-4145-8245-a790c88acd70	2025-12-04	INTEGRAL	8	79ca1872-52e0-59dd-af29-543b793c0860	Macarrao ao sugo	2	2	0	0	SINTETICO
36aa8052-cfbc-4937-b3a7-d4c188d7e9b3	2025-12-04	INTEGRAL	8	b6f014a3-eaad-57c0-8ee9-24eb9abb819a	Cuscuz	26	25	1	4	SINTETICO
84bbc584-641c-4e73-93ba-7779bf519880	2025-12-04	INTEGRAL	9	0db97b08-9e92-541d-b2d2-1bc810f8fbe8	Iogurte	29	26	3	2	SINTETICO
03ddf3e8-28fb-4db1-b813-1377869619e4	2025-12-04	INTEGRAL	9	6ce7a969-7c2b-5a21-b072-594a4412ab8b	Arroz branco	12	12	0	1	SINTETICO
a9b78fd7-4b02-496e-8cb9-4561be7cab1c	2025-12-04	INTEGRAL	9	1b450f5b-ecde-5880-ad0a-91ce0920069d	Maca	31	27	4	2	SINTETICO
77e988a6-4ddf-4dfc-859a-5e7891ead703	2025-12-04	INTEGRAL	11	cca859b8-2483-5cf4-ae24-67ba8ea4cb37	Pure de batata	2	2	0	0	SINTETICO
53ce2d3b-d95f-4690-b693-fce3b183f7d6	2025-12-04	INTEGRAL	11	0db97b08-9e92-541d-b2d2-1bc810f8fbe8	Iogurte	19	18	1	1	SINTETICO
88d6c277-9d15-49fa-aa4f-5f87c962bc51	2025-12-04	INTEGRAL	13	6ce7a969-7c2b-5a21-b072-594a4412ab8b	Arroz branco	37	33	4	3	SINTETICO
6dc0602c-d648-40e1-910d-0a2e97e0a094	2025-12-04	INTEGRAL	13	eed1d0ec-938c-53ef-94b9-626452f5fbd2	Sopa de legumes	13	12	1	3	SINTETICO
98dcd502-3459-4923-8da9-e7506dc5540d	2025-12-04	TARDE	16	eed1d0ec-938c-53ef-94b9-626452f5fbd2	Sopa de legumes	4	4	0	1	SINTETICO
1238cee5-1465-4c67-9cc9-be4db007033e	2025-12-05	INTEGRAL	2	0db97b08-9e92-541d-b2d2-1bc810f8fbe8	Iogurte	35	32	3	1	SINTETICO
ebc59ce8-bd44-42cc-b24e-b2a068929fcc	2025-12-05	INTEGRAL	2	add956e1-36ad-584e-b1e4-a4a8db28315f	Banana	4	4	0	0	SINTETICO
ec593f59-42ab-4e65-b895-9020580e1b19	2025-12-05	INTEGRAL	5	add956e1-36ad-584e-b1e4-a4a8db28315f	Banana	3	3	0	0	SINTETICO
8f3ea5fd-06a1-4c8b-b391-94896983331f	2025-12-05	INTEGRAL	5	1b450f5b-ecde-5880-ad0a-91ce0920069d	Maca	20	18	2	1	SINTETICO
5d863754-4ef6-4265-b942-f69c4ebdfc37	2025-12-05	INTEGRAL	5	2f723cf1-ddd6-58e2-881e-3ab45db8cd2d	Feijao carioca	0	0	0	0	SINTETICO
47d31744-4c7d-4fbb-8c9a-fa21c6b352da	2025-12-05	TARDE	7	6ce7a969-7c2b-5a21-b072-594a4412ab8b	Arroz branco	2	2	0	0	SINTETICO
9939bf36-51bb-4a6c-bd7c-b4aa93d64902	2025-12-05	TARDE	7	79ca1872-52e0-59dd-af29-543b793c0860	Macarrao ao sugo	40	36	4	6	SINTETICO
fe51bf98-1456-4781-a513-b5e5058abd0b	2025-12-05	TARDE	7	9c858519-faab-50d6-9561-8f90f4f84567	Guisado com moranga	535	494	41	149	SINTETICO
ea97a6b1-fd3e-465b-960d-94a0e29fa1fa	2025-12-05	INTEGRAL	8	84f7e794-a400-5d46-9efe-1c8a8f2f711d	Suco de fruta natural	146	131	15	6	SINTETICO
6d359981-829b-4fb5-af4e-bbe661089130	2025-12-05	INTEGRAL	8	add956e1-36ad-584e-b1e4-a4a8db28315f	Banana	7	7	0	0	SINTETICO
8db27ad3-d395-4087-8ccc-9b2f9d6488c1	2025-12-05	MANHA	9	9bf7d50c-378c-58f7-ba1a-0dccafffc54c	Bolacha doce	2	2	0	0	SINTETICO
758a63e6-1cb9-421e-86f3-ce398aae7ba6	2025-12-05	MANHA	9	1b450f5b-ecde-5880-ad0a-91ce0920069d	Maca	340	313	27	11	SINTETICO
e081b7a9-440b-4769-ab0b-2f5ce90630e9	2025-12-05	INTEGRAL	10	add956e1-36ad-584e-b1e4-a4a8db28315f	Banana	0	0	0	0	SINTETICO
1b5a06db-a23e-43be-8ecc-a973a824ba77	2025-12-05	MANHA	14	84f7e794-a400-5d46-9efe-1c8a8f2f711d	Suco de fruta natural	173	171	2	7	SINTETICO
cdd0911e-5b10-4806-9982-04c08e5c82b7	2025-12-05	MANHA	14	6753aa6f-0f7e-5208-8cd6-9e7a8733ef22	Leite com achocolatado	87	84	3	6	SINTETICO
73f6387f-9a4c-46c9-9971-84f40b722f58	2025-12-05	MANHA	14	eed1d0ec-938c-53ef-94b9-626452f5fbd2	Sopa de legumes	5	5	0	2	SINTETICO
9497f3df-9279-4f61-80e0-7dc5a36f6861	2025-12-05	MANHA	14	9bf7d50c-378c-58f7-ba1a-0dccafffc54c	Bolacha doce	117	103	14	6	SINTETICO
52b31a30-121d-4ab0-8b6f-3b161f3eec8e	2025-12-05	TARDE	15	2f723cf1-ddd6-58e2-881e-3ab45db8cd2d	Feijao carioca	0	0	0	0	SINTETICO
da2b4c24-052f-483d-8b29-49de534836d9	2025-12-05	TARDE	15	eed1d0ec-938c-53ef-94b9-626452f5fbd2	Sopa de legumes	2	2	0	0	SINTETICO
488e86d1-3ea9-4b24-9c10-be9e56eb318a	2025-12-05	INTEGRAL	16	6ce7a969-7c2b-5a21-b072-594a4412ab8b	Arroz branco	0	0	0	0	SINTETICO
575a8a0c-3d92-48d2-ad52-2d3495e1d00e	2025-12-08	INTEGRAL	1	094e6e93-4244-5901-b94b-836b2b9b21be	Carne suina acebolada	166	149	17	13	SINTETICO
71e8968b-218d-4b03-a844-c190a6ab4b33	2025-12-08	INTEGRAL	1	1b450f5b-ecde-5880-ad0a-91ce0920069d	Maca	55	50	5	2	SINTETICO
89ef08d0-b85f-4c25-9866-effeed096240	2025-12-08	INTEGRAL	1	2f723cf1-ddd6-58e2-881e-3ab45db8cd2d	Feijao carioca	61	56	5	6	SINTETICO
c9c9505a-c2c4-452c-a5b5-143a07258195	2025-12-08	INTEGRAL	2	6753aa6f-0f7e-5208-8cd6-9e7a8733ef22	Leite com achocolatado	5	5	0	0	SINTETICO
3e9b92c1-4742-4e42-921d-792583ec87cb	2025-12-08	INTEGRAL	3	79ca1872-52e0-59dd-af29-543b793c0860	Macarrao ao sugo	20	18	2	2	SINTETICO
ba93c5e9-28cb-4ae4-a53f-64b8514701c3	2025-12-08	INTEGRAL	3	9bf7d50c-378c-58f7-ba1a-0dccafffc54c	Bolacha doce	8	7	1	0	SINTETICO
6eab0629-634a-4aa6-a7a4-47b07b7b15c4	2025-12-08	INTEGRAL	4	84f7e794-a400-5d46-9efe-1c8a8f2f711d	Suco de fruta natural	8	7	1	0	SINTETICO
47ab3470-0042-4156-af7f-0a79000a3e32	2025-12-08	INTEGRAL	4	b6f014a3-eaad-57c0-8ee9-24eb9abb819a	Cuscuz	109	96	13	15	SINTETICO
6c81ec12-0599-42d1-8b08-04bff993b734	2025-12-08	INTEGRAL	4	6753aa6f-0f7e-5208-8cd6-9e7a8733ef22	Leite com achocolatado	0	0	0	0	SINTETICO
7101b304-f3fe-465c-bb8e-2b7227228ae1	2025-12-08	INTEGRAL	5	6ce7a969-7c2b-5a21-b072-594a4412ab8b	Arroz branco	6	5	1	0	SINTETICO
f79eb197-2c01-4a17-840a-aa6e949065d3	2025-12-08	INTEGRAL	5	2f723cf1-ddd6-58e2-881e-3ab45db8cd2d	Feijao carioca	97	85	12	8	SINTETICO
4c075afd-56cd-4d94-b78e-d0b72319453d	2025-12-08	INTEGRAL	6	eed1d0ec-938c-53ef-94b9-626452f5fbd2	Sopa de legumes	0	0	0	0	SINTETICO
18eb4688-fd27-4a3c-84ac-7959f776b64a	2025-12-08	INTEGRAL	6	6ce7a969-7c2b-5a21-b072-594a4412ab8b	Arroz branco	228	200	28	12	SINTETICO
4badebd8-e972-4594-8fa7-410ca82baf76	2025-12-08	TARDE	8	6ce7a969-7c2b-5a21-b072-594a4412ab8b	Arroz branco	441	391	50	21	SINTETICO
c76ecdde-575c-4de6-9868-417c48baa004	2025-12-08	TARDE	8	1b450f5b-ecde-5880-ad0a-91ce0920069d	Maca	234	206	28	8	SINTETICO
66209792-b2fe-423d-a608-c99df0559646	2025-12-08	TARDE	8	0db97b08-9e92-541d-b2d2-1bc810f8fbe8	Iogurte	19	19	0	1	SINTETICO
2d488710-2bcf-4530-b81f-9684ee0daa06	2025-12-08	MANHA	13	79ca1872-52e0-59dd-af29-543b793c0860	Macarrao ao sugo	17	17	0	2	SINTETICO
2d58b978-581c-4d35-8e89-178746ff4830	2025-12-08	MANHA	13	1b450f5b-ecde-5880-ad0a-91ce0920069d	Maca	20	18	2	1	SINTETICO
4a1e0e7e-addf-4e77-bc63-6bf2c8d42142	2025-12-08	INTEGRAL	14	79ca1872-52e0-59dd-af29-543b793c0860	Macarrao ao sugo	18	17	1	3	SINTETICO
2df4b212-9055-4b00-a4ef-5b321ffc2e57	2025-12-08	INTEGRAL	14	0db97b08-9e92-541d-b2d2-1bc810f8fbe8	Iogurte	117	105	12	7	SINTETICO
6741dc01-b722-42a6-8f88-475a16b0e6f9	2025-12-08	INTEGRAL	16	0db97b08-9e92-541d-b2d2-1bc810f8fbe8	Iogurte	3	3	0	0	SINTETICO
a60ffc64-e21a-412b-a207-79c4b57df206	2025-12-08	MANHA	17	153737d9-caa6-55d5-b086-f7e83fdab4d2	Pao com manteiga	2	2	0	0	SINTETICO
61e212c7-c7c7-4404-93b5-a4a3a2cb9d70	2025-12-08	MANHA	17	add956e1-36ad-584e-b1e4-a4a8db28315f	Banana	40	39	1	2	SINTETICO
093fec2b-5edf-4a51-8671-518af7a593c3	2025-12-08	MANHA	17	79ca1872-52e0-59dd-af29-543b793c0860	Macarrao ao sugo	12	11	1	2	SINTETICO
d06fac63-c91a-4d6e-839f-09acc436d7d1	2025-12-08	MANHA	17	1b450f5b-ecde-5880-ad0a-91ce0920069d	Maca	19	18	1	1	SINTETICO
e4f4c364-00cc-45e1-bb5b-62f0abedded6	2025-12-09	MANHA	1	6ce7a969-7c2b-5a21-b072-594a4412ab8b	Arroz branco	4	4	0	0	SINTETICO
196892d4-a137-4c0a-af04-50f39b1f4654	2025-12-09	TARDE	2	0db97b08-9e92-541d-b2d2-1bc810f8fbe8	Iogurte	65	62	3	3	SINTETICO
9a222c64-1165-48fe-b4c4-f5e4014a893b	2025-12-09	MANHA	8	6f1d5964-e195-53e5-b25d-c4128c0b139a	Iscas de frango acebolada	25	24	1	2	SINTETICO
d9d04dfc-ea02-437a-9e81-d40fe09ccce8	2025-12-09	MANHA	8	6753aa6f-0f7e-5208-8cd6-9e7a8733ef22	Leite com achocolatado	5	5	0	0	SINTETICO
0d23cf87-f676-435a-93ad-42b959cd707a	2025-12-09	MANHA	8	9bf7d50c-378c-58f7-ba1a-0dccafffc54c	Bolacha doce	126	124	2	5	SINTETICO
1158756d-ddc5-491e-bceb-899b6fbade43	2025-12-09	TARDE	10	84f7e794-a400-5d46-9efe-1c8a8f2f711d	Suco de fruta natural	348	306	42	12	SINTETICO
df8f22ba-d4a1-4182-8da7-b3fc9617e0e5	2025-12-09	TARDE	10	6ce7a969-7c2b-5a21-b072-594a4412ab8b	Arroz branco	93	88	5	8	SINTETICO
294c308d-5845-447f-a8ca-6422f123b23d	2025-12-09	TARDE	11	2f723cf1-ddd6-58e2-881e-3ab45db8cd2d	Feijao carioca	68	60	8	5	SINTETICO
67d0c826-e1b9-4c78-b73b-9008e5530c77	2025-12-09	TARDE	11	6753aa6f-0f7e-5208-8cd6-9e7a8733ef22	Leite com achocolatado	4	4	0	0	SINTETICO
75548df5-a888-4b68-9148-8649a9fb5d58	2025-12-09	INTEGRAL	12	153737d9-caa6-55d5-b086-f7e83fdab4d2	Pao com manteiga	61	54	7	3	SINTETICO
1d1d7e7e-09d0-44c0-afa4-b8ec33d88640	2025-12-09	MANHA	13	6753aa6f-0f7e-5208-8cd6-9e7a8733ef22	Leite com achocolatado	11	11	0	1	SINTETICO
120d04ee-0f93-4e30-a018-cc5d4a339a4e	2025-12-09	INTEGRAL	14	f8c11e3f-147e-575c-879e-d8653a2b447f	Chuchu com tempero verde	295	263	32	93	SINTETICO
0b1ddaa6-6ae7-449a-a5a7-3b934de21522	2025-12-09	INTEGRAL	14	9bf7d50c-378c-58f7-ba1a-0dccafffc54c	Bolacha doce	26	26	0	1	SINTETICO
fe895756-8747-4f3e-bb89-b974f6dddc7e	2025-12-09	INTEGRAL	16	9bf7d50c-378c-58f7-ba1a-0dccafffc54c	Bolacha doce	22	21	1	1	SINTETICO
9a685fad-38c1-49f1-8576-ca5fa4829f9f	2025-12-09	INTEGRAL	16	b6f014a3-eaad-57c0-8ee9-24eb9abb819a	Cuscuz	388	379	9	44	SINTETICO
0a993ec2-4985-47e3-9de6-881254521294	2025-12-09	INTEGRAL	17	b6f014a3-eaad-57c0-8ee9-24eb9abb819a	Cuscuz	88	77	11	9	SINTETICO
f08b4c34-2786-44eb-8d6f-57c727d90d98	2025-12-09	INTEGRAL	18	1b450f5b-ecde-5880-ad0a-91ce0920069d	Maca	35	31	4	1	SINTETICO
04da2c3e-c3f5-4f36-bc4a-65779d2ce8c9	2025-12-09	INTEGRAL	18	84f7e794-a400-5d46-9efe-1c8a8f2f711d	Suco de fruta natural	2	2	0	0	SINTETICO
db71fd99-c2b1-400f-819d-9d28da22a02c	2025-12-09	INTEGRAL	18	6753aa6f-0f7e-5208-8cd6-9e7a8733ef22	Leite com achocolatado	59	55	4	3	SINTETICO
ec74b1bd-7450-4469-b824-960d423fe66c	2025-12-10	MANHA	2	add956e1-36ad-584e-b1e4-a4a8db28315f	Banana	112	109	3	5	SINTETICO
84c916aa-b7d0-43db-976c-7f5dadc93b2d	2025-12-10	INTEGRAL	3	eed1d0ec-938c-53ef-94b9-626452f5fbd2	Sopa de legumes	8	8	0	3	SINTETICO
193f1f92-fd82-40c3-a577-c3659ea97c33	2025-12-10	INTEGRAL	3	1b450f5b-ecde-5880-ad0a-91ce0920069d	Maca	29	27	2	2	SINTETICO
d827d7d0-a5e0-4b26-966b-4113e60e78e9	2025-12-10	MANHA	4	bb7ca364-cc13-59ee-a7ed-1d5136b5b6e3	Beterraba cozida	7	6	1	1	SINTETICO
aa799526-ccca-4429-9425-cb983c422915	2025-12-10	MANHA	4	84f7e794-a400-5d46-9efe-1c8a8f2f711d	Suco de fruta natural	19	17	2	1	SINTETICO
aaf50531-b6d7-4ac5-ae3e-a29190d28482	2025-12-10	INTEGRAL	5	b6f014a3-eaad-57c0-8ee9-24eb9abb819a	Cuscuz	0	0	0	0	SINTETICO
5c7c7e08-264d-4dac-a7d3-cfd74906d630	2025-12-10	INTEGRAL	5	2f723cf1-ddd6-58e2-881e-3ab45db8cd2d	Feijao carioca	26	25	1	2	SINTETICO
fa0bcd6e-e63c-4b61-bc46-1d5a836761ba	2025-12-10	INTEGRAL	6	b6f014a3-eaad-57c0-8ee9-24eb9abb819a	Cuscuz	42	42	0	5	SINTETICO
714578bd-7860-4f08-a9e3-8c271a915848	2025-12-10	INTEGRAL	6	6753aa6f-0f7e-5208-8cd6-9e7a8733ef22	Leite com achocolatado	8	8	0	0	SINTETICO
e0620324-0e24-417c-9db0-5229e10932a0	2025-12-10	INTEGRAL	6	eed1d0ec-938c-53ef-94b9-626452f5fbd2	Sopa de legumes	4	4	0	1	SINTETICO
8d7cf864-169a-4346-bd70-aaf81bc63652	2025-12-10	INTEGRAL	6	9bf7d50c-378c-58f7-ba1a-0dccafffc54c	Bolacha doce	101	92	9	5	SINTETICO
ee4771e5-958e-4940-b9f0-076b48486220	2025-12-10	INTEGRAL	6	153737d9-caa6-55d5-b086-f7e83fdab4d2	Pao com manteiga	23	21	2	1	SINTETICO
1fc7ea53-43cc-44a4-aa5f-3646830e3d05	2025-12-10	MANHA	7	eed1d0ec-938c-53ef-94b9-626452f5fbd2	Sopa de legumes	1	1	0	0	SINTETICO
ca07c45a-71b0-4b2b-b879-c414e21eb4de	2025-12-10	MANHA	7	add956e1-36ad-584e-b1e4-a4a8db28315f	Banana	37	34	3	1	SINTETICO
02400bf5-c448-419c-8a8d-fc23d0570624	2025-12-10	MANHA	7	b6f014a3-eaad-57c0-8ee9-24eb9abb819a	Cuscuz	0	0	0	0	SINTETICO
ec6d1326-f099-4b21-b4d6-38d2d3cbb289	2025-12-10	TARDE	8	1b450f5b-ecde-5880-ad0a-91ce0920069d	Maca	400	355	45	14	SINTETICO
c21aa6cb-677f-4818-8193-de939fce07f7	2025-12-10	TARDE	8	2f723cf1-ddd6-58e2-881e-3ab45db8cd2d	Feijao carioca	52	50	2	6	SINTETICO
49d8f2b3-6720-43e1-a4b1-59af52101823	2025-12-10	MANHA	10	b6f014a3-eaad-57c0-8ee9-24eb9abb819a	Cuscuz	0	0	0	0	SINTETICO
24f22327-d558-4b1e-825b-3187d470f5d3	2025-12-10	MANHA	12	b6f014a3-eaad-57c0-8ee9-24eb9abb819a	Cuscuz	0	0	0	0	SINTETICO
ba502019-d920-43af-9cbb-d1f6a2e96bb0	2025-12-10	MANHA	13	0db97b08-9e92-541d-b2d2-1bc810f8fbe8	Iogurte	3	3	0	0	SINTETICO
a4a05119-dbc1-4d3f-adb7-f5a6cc2210c4	2025-12-10	MANHA	13	b6f014a3-eaad-57c0-8ee9-24eb9abb819a	Cuscuz	0	0	0	0	SINTETICO
20171b3c-604b-457f-a54f-64ed2a16f4c1	2025-12-10	MANHA	13	6ce7a969-7c2b-5a21-b072-594a4412ab8b	Arroz branco	1	1	0	0	SINTETICO
4f3b8608-55ae-4328-abe8-6fb33104e2fa	2025-12-10	MANHA	13	153737d9-caa6-55d5-b086-f7e83fdab4d2	Pao com manteiga	0	0	0	0	SINTETICO
9fcb6723-cc7e-4c1d-99e8-8182d40a9c11	2025-12-10	MANHA	15	1b450f5b-ecde-5880-ad0a-91ce0920069d	Maca	0	0	0	0	SINTETICO
6a37495b-e7ad-43f2-9aed-65eb4933f0d2	2025-12-10	MANHA	15	84f7e794-a400-5d46-9efe-1c8a8f2f711d	Suco de fruta natural	16	14	2	1	SINTETICO
0a2c2d1f-dab4-4803-b8fe-fee7f3a523c2	2025-12-10	MANHA	15	eed1d0ec-938c-53ef-94b9-626452f5fbd2	Sopa de legumes	0	0	0	0	SINTETICO
3f70245c-eb4b-47ae-b78d-88383ef4ad51	2025-12-10	MANHA	15	3331b130-8600-5a59-9e35-f970f9ea497e	Ovo mexido	0	0	0	0	SINTETICO
f68658ab-5346-4037-85a8-d05bae24d171	2025-12-10	MANHA	15	0db97b08-9e92-541d-b2d2-1bc810f8fbe8	Iogurte	11	11	0	0	SINTETICO
b2cd5c8a-147d-4031-93fd-183cd07d1006	2025-12-10	MANHA	15	6ce7a969-7c2b-5a21-b072-594a4412ab8b	Arroz branco	104	93	11	7	SINTETICO
5bdede51-a23f-4f68-a165-aaadbe39ffee	2025-12-10	TARDE	16	2f723cf1-ddd6-58e2-881e-3ab45db8cd2d	Feijao carioca	0	0	0	0	SINTETICO
9da3dba5-dc9d-411b-97a1-fac2d885f06b	2025-12-10	MANHA	17	eed1d0ec-938c-53ef-94b9-626452f5fbd2	Sopa de legumes	4	4	0	1	SINTETICO
62bd3f32-42a7-401b-b6c9-e205a85235bb	2025-12-10	MANHA	17	84f7e794-a400-5d46-9efe-1c8a8f2f711d	Suco de fruta natural	28	24	4	1	SINTETICO
dac62ab7-6968-411e-a895-b9e130eb5ab3	2025-12-10	MANHA	17	9bf7d50c-378c-58f7-ba1a-0dccafffc54c	Bolacha doce	34	32	2	1	SINTETICO
fabdc49d-22fb-4e44-8b6d-d75e37c949b2	2025-12-10	MANHA	17	4d3eeba1-ad77-55d4-9ed8-296ad424338e	Molho de frango desfiado	18	16	2	2	SINTETICO
d4872dec-2565-4cf2-af20-c8b45f78f101	2025-12-10	MANHA	17	b6f014a3-eaad-57c0-8ee9-24eb9abb819a	Cuscuz	178	165	13	17	SINTETICO
82124488-ca1b-47a2-985f-c0fe1003938d	2025-12-11	TARDE	1	9bf7d50c-378c-58f7-ba1a-0dccafffc54c	Bolacha doce	506	494	12	26	SINTETICO
fee93461-d878-4044-8137-075b353489d5	2025-12-11	MANHA	2	6753aa6f-0f7e-5208-8cd6-9e7a8733ef22	Leite com achocolatado	107	103	4	5	SINTETICO
0b000185-5012-4cdd-91b0-8dbbbac02257	2025-12-11	MANHA	2	add956e1-36ad-584e-b1e4-a4a8db28315f	Banana	43	41	2	1	SINTETICO
0e778d49-fd18-41e3-81cf-4c31515fc9e1	2025-12-11	MANHA	2	153737d9-caa6-55d5-b086-f7e83fdab4d2	Pao com manteiga	0	0	0	0	SINTETICO
4fcf0269-04de-4d57-9005-f9edd4200563	2025-12-11	MANHA	2	6ce7a969-7c2b-5a21-b072-594a4412ab8b	Arroz branco	32	29	3	2	SINTETICO
8156fb9f-2b89-40fd-83e7-e00aaf26855d	2025-12-11	MANHA	2	eed1d0ec-938c-53ef-94b9-626452f5fbd2	Sopa de legumes	51	47	4	14	SINTETICO
c36b337b-0e63-4056-8cbc-bf1d454ed7f5	2025-12-11	INTEGRAL	3	0db97b08-9e92-541d-b2d2-1bc810f8fbe8	Iogurte	59	56	3	2	SINTETICO
1953e961-1ade-45ac-a68d-95ad8dda5b4d	2025-12-11	INTEGRAL	3	84f7e794-a400-5d46-9efe-1c8a8f2f711d	Suco de fruta natural	1	1	0	0	SINTETICO
105b6c75-57d7-4b27-afb0-0318e4a56d36	2025-12-11	INTEGRAL	3	b85fd879-2256-524c-b715-7f9cb93ccd01	Bolo de maca, sem acucar	4	4	0	0	SINTETICO
c22fe502-0789-4d32-95cd-e7c43ac2b333	2025-12-11	INTEGRAL	3	add956e1-36ad-584e-b1e4-a4a8db28315f	Banana	21	20	1	1	SINTETICO
3dba8568-c329-49cc-93b3-a9d13778c407	2025-12-11	TARDE	4	b6f014a3-eaad-57c0-8ee9-24eb9abb819a	Cuscuz	110	98	12	15	SINTETICO
da3764e0-3257-482b-a183-d8d9e846ec9b	2025-12-11	TARDE	4	9bf7d50c-378c-58f7-ba1a-0dccafffc54c	Bolacha doce	223	196	27	12	SINTETICO
1e1120be-4519-4a90-b230-af19417bd0aa	2025-12-11	TARDE	4	153737d9-caa6-55d5-b086-f7e83fdab4d2	Pao com manteiga	0	0	0	0	SINTETICO
ee273516-c493-434d-9c6f-8dbce24a7d2e	2025-12-11	TARDE	4	84f7e794-a400-5d46-9efe-1c8a8f2f711d	Suco de fruta natural	549	494	55	19	SINTETICO
92a0b69f-015f-4021-9c99-50f3d5f5ae11	2025-12-11	TARDE	4	1b450f5b-ecde-5880-ad0a-91ce0920069d	Maca	515	494	21	26	SINTETICO
87b5df73-330b-45f5-ad77-fa59fce29307	2025-12-11	INTEGRAL	8	79ca1872-52e0-59dd-af29-543b793c0860	Macarrao ao sugo	0	0	0	0	SINTETICO
7e11c267-f923-4a54-a015-318f8eab3281	2025-12-11	INTEGRAL	8	6753aa6f-0f7e-5208-8cd6-9e7a8733ef22	Leite com achocolatado	321	287	34	22	SINTETICO
d9c4b861-8db8-4a58-9a03-3a5046786fe8	2025-12-11	MANHA	9	153737d9-caa6-55d5-b086-f7e83fdab4d2	Pao com manteiga	25	22	3	1	SINTETICO
4e15e1f1-c7fd-4fb9-8843-f8f632261636	2025-12-11	TARDE	12	6ce7a969-7c2b-5a21-b072-594a4412ab8b	Arroz branco	1	1	0	0	SINTETICO
9ce29da7-3f1d-44f1-84ab-8354d7740cd4	2025-12-11	TARDE	12	6753aa6f-0f7e-5208-8cd6-9e7a8733ef22	Leite com achocolatado	26	25	1	1	SINTETICO
791c0114-9e92-41c7-99f2-0209754adc4f	2025-12-11	INTEGRAL	14	add956e1-36ad-584e-b1e4-a4a8db28315f	Banana	2	2	0	0	SINTETICO
8c585ae5-56a6-4b52-9a36-024563ec68a9	2025-12-11	INTEGRAL	14	b6f014a3-eaad-57c0-8ee9-24eb9abb819a	Cuscuz	16	15	1	2	SINTETICO
6ea4f31f-29d0-49c5-86b7-1689b5344618	2025-12-11	INTEGRAL	14	6ce7a969-7c2b-5a21-b072-594a4412ab8b	Arroz branco	41	37	4	3	SINTETICO
ac1846d1-7a65-4b50-a3fa-e192c86ad008	2025-12-11	INTEGRAL	14	2f723cf1-ddd6-58e2-881e-3ab45db8cd2d	Feijao carioca	30	29	1	3	SINTETICO
2a965da2-76cb-456e-9f44-389d31d58766	2025-12-11	INTEGRAL	14	9bf7d50c-378c-58f7-ba1a-0dccafffc54c	Bolacha doce	29	27	2	1	SINTETICO
1df1c81f-f248-43c9-855c-38e86b1ee1c5	2025-12-11	INTEGRAL	16	6ce7a969-7c2b-5a21-b072-594a4412ab8b	Arroz branco	7	7	0	1	SINTETICO
c7959043-2d71-4f5d-a74b-0c75161f7cdb	2025-12-11	INTEGRAL	17	153737d9-caa6-55d5-b086-f7e83fdab4d2	Pao com manteiga	113	98	15	6	SINTETICO
de290149-7ff3-42cf-92f4-7f2d7ad29a7d	2025-12-11	MANHA	18	ddeef647-cce4-5236-a3b1-dece44ed098e	Couve flor	40	36	4	10	SINTETICO
2005ab0e-b095-4d45-9df1-424383671974	2025-12-11	MANHA	18	add956e1-36ad-584e-b1e4-a4a8db28315f	Banana	0	0	0	0	SINTETICO
af5edb0d-57b8-4fe8-9618-98903419828a	2025-12-12	MANHA	2	eed1d0ec-938c-53ef-94b9-626452f5fbd2	Sopa de legumes	55	50	5	12	SINTETICO
0b61af3f-ae79-4965-83ef-b2e0b2b0f0d2	2025-12-12	INTEGRAL	3	b85fd879-2256-524c-b715-7f9cb93ccd01	Bolo de maca, sem acucar	70	62	8	10	SINTETICO
4e60d0d1-82d7-4303-94b2-0597edc69ca2	2025-12-12	INTEGRAL	3	2f723cf1-ddd6-58e2-881e-3ab45db8cd2d	Feijao carioca	14	13	1	1	SINTETICO
e85d7f06-f30f-4102-9f73-2ecfafe12848	2025-12-12	INTEGRAL	3	6ce7a969-7c2b-5a21-b072-594a4412ab8b	Arroz branco	24	22	2	2	SINTETICO
32fe2997-7dda-478b-a446-9df1f48cae8f	2025-12-12	MANHA	5	1b450f5b-ecde-5880-ad0a-91ce0920069d	Maca	3	3	0	0	SINTETICO
1aef8527-796b-411d-9f28-56e52380caf2	2025-12-12	MANHA	5	9bf7d50c-378c-58f7-ba1a-0dccafffc54c	Bolacha doce	3	3	0	0	SINTETICO
19a4e50c-6d88-4be8-89e4-5b08fa1f447c	2025-12-12	MANHA	5	84f7e794-a400-5d46-9efe-1c8a8f2f711d	Suco de fruta natural	13	13	0	0	SINTETICO
e8e3b07f-ae10-4073-8f23-6fbcbbc8e848	2025-12-12	MANHA	5	eed1d0ec-938c-53ef-94b9-626452f5fbd2	Sopa de legumes	66	64	2	23	SINTETICO
7df4691a-d409-47b0-b8fb-6070bc01a5d1	2025-12-12	INTEGRAL	6	84f7e794-a400-5d46-9efe-1c8a8f2f711d	Suco de fruta natural	0	0	0	0	SINTETICO
4e229cc5-cd75-4688-9eaf-5726f19f8314	2025-12-12	INTEGRAL	6	eed1d0ec-938c-53ef-94b9-626452f5fbd2	Sopa de legumes	0	0	0	0	SINTETICO
599fb018-d338-4339-9098-d6a414cd8f95	2025-12-12	INTEGRAL	7	add956e1-36ad-584e-b1e4-a4a8db28315f	Banana	18	16	2	1	SINTETICO
49cf6f75-e20d-484d-a57a-032d6d870ab9	2025-12-12	INTEGRAL	7	79ca1872-52e0-59dd-af29-543b793c0860	Macarrao ao sugo	13	11	2	2	SINTETICO
79366b21-4e85-48cb-a876-9e52074be307	2025-12-12	INTEGRAL	7	2f723cf1-ddd6-58e2-881e-3ab45db8cd2d	Feijao carioca	49	44	5	4	SINTETICO
57e0b40a-65d0-4ae6-a1ad-3d529fb2af7d	2025-12-12	TARDE	8	54e9ea4c-63a9-5952-9616-b24ee0e6a0fa	Frango dourado, acebolado	1	1	0	0	SINTETICO
47bfc62d-7d3e-406e-a293-826361273f76	2025-12-12	TARDE	8	add956e1-36ad-584e-b1e4-a4a8db28315f	Banana	0	0	0	0	SINTETICO
552c1899-4a95-41ce-8dc1-a7af40b3b600	2025-12-12	MANHA	10	2f723cf1-ddd6-58e2-881e-3ab45db8cd2d	Feijao carioca	0	0	0	0	SINTETICO
cddb2bf3-a659-4add-b772-dd9ec2ccb6c6	2025-12-12	MANHA	10	6753aa6f-0f7e-5208-8cd6-9e7a8733ef22	Leite com achocolatado	2	2	0	0	SINTETICO
4f5ba445-90ce-44f9-864e-79bf9caec7d6	2025-12-12	MANHA	10	9bf7d50c-378c-58f7-ba1a-0dccafffc54c	Bolacha doce	0	0	0	0	SINTETICO
c44d027c-606b-4f61-9a2e-743b9193a719	2025-12-12	TARDE	11	b6f014a3-eaad-57c0-8ee9-24eb9abb819a	Cuscuz	57	50	7	6	SINTETICO
9098a55d-2a2d-4796-8823-dfaf6dc51016	2025-12-12	MANHA	12	153737d9-caa6-55d5-b086-f7e83fdab4d2	Pao com manteiga	142	132	10	10	SINTETICO
9b4c049e-956b-4309-bd84-074209aaf579	2025-12-12	MANHA	12	6ce7a969-7c2b-5a21-b072-594a4412ab8b	Arroz branco	6	6	0	1	SINTETICO
2482ac19-2d19-4d40-b855-671d411c9deb	2025-12-12	MANHA	12	b6f014a3-eaad-57c0-8ee9-24eb9abb819a	Cuscuz	55	49	6	5	SINTETICO
0712f5c3-a81d-4836-91cf-b3db61472405	2025-12-12	MANHA	12	2f723cf1-ddd6-58e2-881e-3ab45db8cd2d	Feijao carioca	3	3	0	0	SINTETICO
34d13f86-ca88-4399-bfc7-aeaeee6139a5	2025-12-12	INTEGRAL	13	add956e1-36ad-584e-b1e4-a4a8db28315f	Banana	3	3	0	0	SINTETICO
24d23ca0-c936-41e0-8a24-2b9e95a93be5	2025-12-12	INTEGRAL	13	1b450f5b-ecde-5880-ad0a-91ce0920069d	Maca	68	63	5	4	SINTETICO
dd31e7ec-fcd9-4b6e-adfb-9e6619448d8b	2025-12-12	INTEGRAL	13	eed1d0ec-938c-53ef-94b9-626452f5fbd2	Sopa de legumes	4	4	0	1	SINTETICO
c614e699-54bb-480d-bc55-16dad33b0d9d	2025-12-12	INTEGRAL	13	2f723cf1-ddd6-58e2-881e-3ab45db8cd2d	Feijao carioca	2	2	0	0	SINTETICO
48973be5-632b-45c8-888c-65d3cacbf890	2025-12-12	INTEGRAL	14	9bf7d50c-378c-58f7-ba1a-0dccafffc54c	Bolacha doce	64	62	2	4	SINTETICO
349a493b-d85f-4c56-92bc-e6add419bfb5	2025-12-12	INTEGRAL	15	e9939964-7e5f-542e-9526-0c743b00ffb0	Salada de tomate	34	33	1	5	SINTETICO
a279d04b-8ae7-4b47-ae9f-6f232817318c	2025-12-12	INTEGRAL	15	153737d9-caa6-55d5-b086-f7e83fdab4d2	Pao com manteiga	99	88	11	5	SINTETICO
16ec9aad-bef1-4109-a03f-403726e80e9d	2025-12-12	INTEGRAL	15	79ca1872-52e0-59dd-af29-543b793c0860	Macarrao ao sugo	2	2	0	0	SINTETICO
c9bfc834-6dae-467e-a582-1095bffde822	2025-12-12	INTEGRAL	15	2f723cf1-ddd6-58e2-881e-3ab45db8cd2d	Feijao carioca	34	30	4	3	SINTETICO
18c1ee12-f389-4c14-bc4b-77f5229a9b17	2025-12-12	INTEGRAL	15	eed1d0ec-938c-53ef-94b9-626452f5fbd2	Sopa de legumes	8	7	1	2	SINTETICO
2c865a25-cb6b-4949-8145-b35ed01c664d	2025-12-12	INTEGRAL	15	0db97b08-9e92-541d-b2d2-1bc810f8fbe8	Iogurte	38	34	4	2	SINTETICO
6a62f85d-f2c0-403c-9513-5627478fe776	2025-12-12	INTEGRAL	15	9bf7d50c-378c-58f7-ba1a-0dccafffc54c	Bolacha doce	0	0	0	0	SINTETICO
e0d33e0d-0d8f-4f36-ab2e-5aafb9130dae	2025-12-12	MANHA	16	79ca1872-52e0-59dd-af29-543b793c0860	Macarrao ao sugo	11	10	1	2	SINTETICO
a2b1fc84-9bdf-4092-89c2-eea728fcf4e1	2025-12-12	MANHA	16	6ce7a969-7c2b-5a21-b072-594a4412ab8b	Arroz branco	36	35	1	3	SINTETICO
8ad308a5-3b83-49f7-8828-74219d05b2b8	2025-12-12	MANHA	16	153737d9-caa6-55d5-b086-f7e83fdab4d2	Pao com manteiga	21	19	2	1	SINTETICO
e3c1c30d-072b-4ebc-8852-a2c52c1361ec	2025-12-12	MANHA	16	b6f014a3-eaad-57c0-8ee9-24eb9abb819a	Cuscuz	38	38	0	3	SINTETICO
426d0adf-e4f8-4ca1-baff-d14ebd662491	2025-12-12	MANHA	17	9bf7d50c-378c-58f7-ba1a-0dccafffc54c	Bolacha doce	78	71	7	3	SINTETICO
c237ec0c-7d48-49c6-b496-14a6b63b74a7	2025-12-12	MANHA	17	ddeef647-cce4-5236-a3b1-dece44ed098e	Couve flor	30	27	3	7	SINTETICO
c3197a0a-81ca-40d4-bee7-e9c425744e17	2025-12-12	INTEGRAL	18	9bf7d50c-378c-58f7-ba1a-0dccafffc54c	Bolacha doce	215	203	12	8	SINTETICO
3ff17925-5f69-4b5c-aa29-0d8e697192f5	2025-12-12	INTEGRAL	18	79ca1872-52e0-59dd-af29-543b793c0860	Macarrao ao sugo	10	9	1	1	SINTETICO
45ee6aa9-a206-4e04-8461-2a86f2153238	2025-12-12	INTEGRAL	18	6753aa6f-0f7e-5208-8cd6-9e7a8733ef22	Leite com achocolatado	46	40	6	2	SINTETICO
9ed7f9c3-3156-4217-aae8-d028f9ee4a6c	2025-12-12	INTEGRAL	18	b6f014a3-eaad-57c0-8ee9-24eb9abb819a	Cuscuz	94	86	8	11	SINTETICO
0760b880-dd88-4f33-8f35-55689aa67831	2025-12-12	INTEGRAL	18	84f7e794-a400-5d46-9efe-1c8a8f2f711d	Suco de fruta natural	0	0	0	0	SINTETICO
0920fb9a-f8b4-4467-91a5-5dae264f59af	2025-12-15	INTEGRAL	1	84f7e794-a400-5d46-9efe-1c8a8f2f711d	Suco de fruta natural	13	13	0	0	SINTETICO
9218e7ec-0ee7-4312-bc5d-77194f9a4e03	2025-12-15	MANHA	2	b6f014a3-eaad-57c0-8ee9-24eb9abb819a	Cuscuz	34	33	1	4	SINTETICO
ad88205e-87fb-402e-8b23-e00e0cb37227	2025-12-15	MANHA	2	6ce7a969-7c2b-5a21-b072-594a4412ab8b	Arroz branco	190	176	14	12	SINTETICO
c4e157e0-ba58-449c-a1f9-fbb77bc77918	2025-12-15	INTEGRAL	4	b6f014a3-eaad-57c0-8ee9-24eb9abb819a	Cuscuz	32	31	1	3	SINTETICO
da800fa1-4059-4c40-a1e1-555bb4e9b036	2025-12-15	INTEGRAL	4	2f723cf1-ddd6-58e2-881e-3ab45db8cd2d	Feijao carioca	66	64	2	6	SINTETICO
9715d2a0-d778-497a-ac14-05016b6b7acc	2025-12-15	INTEGRAL	4	84f7e794-a400-5d46-9efe-1c8a8f2f711d	Suco de fruta natural	95	89	6	4	SINTETICO
af9d41e8-da4f-43b4-88d8-f5c395f74c4f	2025-12-15	INTEGRAL	4	add956e1-36ad-584e-b1e4-a4a8db28315f	Banana	17	17	0	1	SINTETICO
52b4a470-5f44-4b11-b112-680125ec3623	2025-12-15	INTEGRAL	6	2f723cf1-ddd6-58e2-881e-3ab45db8cd2d	Feijao carioca	414	369	45	36	SINTETICO
b47dab93-5779-457b-a6cc-071c8ce32a58	2025-12-15	INTEGRAL	6	1b450f5b-ecde-5880-ad0a-91ce0920069d	Maca	10	10	0	0	SINTETICO
f3c039fb-1d4c-4e9f-83b6-2e18294db97f	2025-12-15	INTEGRAL	6	6ce7a969-7c2b-5a21-b072-594a4412ab8b	Arroz branco	67	63	4	5	SINTETICO
c390cc17-3461-4051-81cb-39c5af4b93f5	2025-12-15	INTEGRAL	6	153737d9-caa6-55d5-b086-f7e83fdab4d2	Pao com manteiga	84	74	10	5	SINTETICO
151af368-da2e-4fc3-91f5-b1a3c03c1c54	2025-12-15	TARDE	8	9bf7d50c-378c-58f7-ba1a-0dccafffc54c	Bolacha doce	114	108	6	4	SINTETICO
3cc57979-2e36-46ac-ae17-dd7ea68d6134	2025-12-15	INTEGRAL	9	2f723cf1-ddd6-58e2-881e-3ab45db8cd2d	Feijao carioca	8	7	1	1	SINTETICO
019c9c06-5990-4c99-873a-8d6373a6abbb	2025-12-15	INTEGRAL	9	84f7e794-a400-5d46-9efe-1c8a8f2f711d	Suco de fruta natural	38	35	3	1	SINTETICO
68081e8a-cdd5-4528-b500-295789cf434b	2025-12-15	INTEGRAL	9	79ca1872-52e0-59dd-af29-543b793c0860	Macarrao ao sugo	0	0	0	0	SINTETICO
0deedbee-b16e-4899-bcaf-9ae10fcbd3d2	2025-12-15	INTEGRAL	9	eed1d0ec-938c-53ef-94b9-626452f5fbd2	Sopa de legumes	52	46	6	17	SINTETICO
358fd633-1998-4147-8f77-97364de620bc	2025-12-15	INTEGRAL	9	0db97b08-9e92-541d-b2d2-1bc810f8fbe8	Iogurte	9	8	1	1	SINTETICO
ca3c5c31-b59f-4fd0-b619-edc7b38e9d62	2025-12-15	MANHA	11	79ca1872-52e0-59dd-af29-543b793c0860	Macarrao ao sugo	44	41	3	5	SINTETICO
5bd431fc-4c8f-463c-8457-009b0b2e7158	2025-12-15	MANHA	11	2f723cf1-ddd6-58e2-881e-3ab45db8cd2d	Feijao carioca	0	0	0	0	SINTETICO
e68ece38-4320-43b0-b03e-bd6bc411df06	2025-12-15	MANHA	11	9bf7d50c-378c-58f7-ba1a-0dccafffc54c	Bolacha doce	305	285	20	15	SINTETICO
19e088c0-3942-4c4e-94c8-46c3a7c9819a	2025-12-15	MANHA	11	1b450f5b-ecde-5880-ad0a-91ce0920069d	Maca	9	8	1	0	SINTETICO
449b7b70-8a00-46fa-bac0-21b5d137406d	2025-12-15	TARDE	12	84f7e794-a400-5d46-9efe-1c8a8f2f711d	Suco de fruta natural	10	9	1	0	SINTETICO
1faddf0d-2f58-4009-9af9-9b1cb9a9253f	2025-12-15	TARDE	12	153737d9-caa6-55d5-b086-f7e83fdab4d2	Pao com manteiga	1	1	0	0	SINTETICO
7922b81c-e31d-4bd9-a29e-b3f2c8e9ac9e	2025-12-15	TARDE	12	b6f014a3-eaad-57c0-8ee9-24eb9abb819a	Cuscuz	0	0	0	0	SINTETICO
7d56207c-31a5-4bc2-8ae3-aa19b68d8fe1	2025-12-15	INTEGRAL	14	2f723cf1-ddd6-58e2-881e-3ab45db8cd2d	Feijao carioca	16	16	0	1	SINTETICO
0460d81a-8978-4c52-8ad2-786ab0c7aaa6	2025-12-15	INTEGRAL	14	1b450f5b-ecde-5880-ad0a-91ce0920069d	Maca	1	1	0	0	SINTETICO
2ce7bc88-0903-4623-9cd2-ba9463c84ccd	2025-12-15	INTEGRAL	14	9bf7d50c-378c-58f7-ba1a-0dccafffc54c	Bolacha doce	42	37	5	2	SINTETICO
03382b46-5704-453f-a21f-783283170348	2025-12-15	MANHA	15	6753aa6f-0f7e-5208-8cd6-9e7a8733ef22	Leite com achocolatado	1	1	0	0	SINTETICO
e4a919cd-6297-4079-b2b3-cd1e18703a69	2025-12-15	INTEGRAL	16	6753aa6f-0f7e-5208-8cd6-9e7a8733ef22	Leite com achocolatado	31	29	2	2	SINTETICO
e721e238-7d39-45ed-b868-9b05124aecae	2025-12-15	INTEGRAL	18	84f7e794-a400-5d46-9efe-1c8a8f2f711d	Suco de fruta natural	195	187	8	7	SINTETICO
93862bb0-7f8d-40a3-afe4-f72d8cf711ed	2025-12-16	INTEGRAL	3	84f7e794-a400-5d46-9efe-1c8a8f2f711d	Suco de fruta natural	35	35	0	2	SINTETICO
36db288a-8eb8-4def-9507-43a33bdcba7e	2025-12-16	INTEGRAL	3	1b450f5b-ecde-5880-ad0a-91ce0920069d	Maca	0	0	0	0	SINTETICO
4408f04c-69f0-486b-8dae-bfddbeca1673	2025-12-16	INTEGRAL	3	6ce7a969-7c2b-5a21-b072-594a4412ab8b	Arroz branco	7	7	0	0	SINTETICO
01e4391c-14f7-4c34-a4ad-eafaff3eb18a	2025-12-16	INTEGRAL	4	0db97b08-9e92-541d-b2d2-1bc810f8fbe8	Iogurte	102	100	2	7	SINTETICO
076897fb-f3d0-47bb-88a7-c05905190ff8	2025-12-16	INTEGRAL	7	84f7e794-a400-5d46-9efe-1c8a8f2f711d	Suco de fruta natural	381	366	15	22	SINTETICO
8879c1ba-8277-4a38-b327-0a9d1ed476fd	2025-12-16	INTEGRAL	7	bb7ca364-cc13-59ee-a7ed-1d5136b5b6e3	Beterraba cozida	0	0	0	0	SINTETICO
99a44960-291d-4a36-b4f0-02ce314c6ccc	2025-12-16	INTEGRAL	7	3d6a3f96-fe67-5811-98e8-2381c1ec5a70	Beterraba ralada	17	16	1	4	SINTETICO
a170dc24-ff60-40fa-b7a8-198b24a14927	2025-12-16	TARDE	8	1b450f5b-ecde-5880-ad0a-91ce0920069d	Maca	3	3	0	0	SINTETICO
ad692a8c-3b9b-4794-baa6-e9a43497ef21	2025-12-16	TARDE	8	2f723cf1-ddd6-58e2-881e-3ab45db8cd2d	Feijao carioca	40	39	1	3	SINTETICO
5e57b9fb-5b4b-4153-9c1a-197799fc049d	2025-12-16	INTEGRAL	10	eed1d0ec-938c-53ef-94b9-626452f5fbd2	Sopa de legumes	3	3	0	1	SINTETICO
f4b33f54-0546-4440-8887-924fa2d25026	2025-12-16	INTEGRAL	10	84f7e794-a400-5d46-9efe-1c8a8f2f711d	Suco de fruta natural	410	379	31	13	SINTETICO
47d79baa-f716-49ed-9bce-f0cefcf9aebc	2025-12-16	TARDE	11	9bf7d50c-378c-58f7-ba1a-0dccafffc54c	Bolacha doce	131	115	16	6	SINTETICO
5a6c0ca4-3663-4d56-a367-9b6d70eb8be5	2025-12-16	TARDE	11	78b49edf-4e8b-5161-8bc0-ae05e86853d0	Carne moida tipo pastel	24	22	2	2	SINTETICO
7e18a67c-d84f-42e4-a3ef-cb9d96aa52fd	2025-12-16	TARDE	11	84f7e794-a400-5d46-9efe-1c8a8f2f711d	Suco de fruta natural	0	0	0	0	SINTETICO
bb78b871-e4d8-41d2-8157-642e477945e2	2025-12-16	TARDE	11	add956e1-36ad-584e-b1e4-a4a8db28315f	Banana	45	40	5	1	SINTETICO
a715ecf2-367b-44ba-ab67-54c79c25edba	2025-12-16	INTEGRAL	13	0db97b08-9e92-541d-b2d2-1bc810f8fbe8	Iogurte	2	2	0	0	SINTETICO
2ef69585-08cb-44b7-a2f7-c85806b5eb07	2025-12-16	INTEGRAL	13	9bf7d50c-378c-58f7-ba1a-0dccafffc54c	Bolacha doce	12	11	1	1	SINTETICO
c80bc4b1-e1d8-4fcc-95e1-dc7e8b7c155e	2025-12-16	INTEGRAL	13	2f723cf1-ddd6-58e2-881e-3ab45db8cd2d	Feijao carioca	97	85	12	7	SINTETICO
2df8f0a5-2787-42ff-97d3-7327bc027ced	2025-12-16	INTEGRAL	13	b6f014a3-eaad-57c0-8ee9-24eb9abb819a	Cuscuz	6	6	0	1	SINTETICO
87d4ad69-01df-44e4-9f56-9e8a1aa71031	2025-12-16	INTEGRAL	14	add956e1-36ad-584e-b1e4-a4a8db28315f	Banana	71	67	4	2	SINTETICO
c401cc54-4301-4a96-b092-5ce20a369916	2025-12-16	INTEGRAL	15	84f7e794-a400-5d46-9efe-1c8a8f2f711d	Suco de fruta natural	94	84	10	5	SINTETICO
6f29c378-d0b5-4a34-858d-658f16bef94b	2025-12-16	INTEGRAL	15	47fbd9af-ac57-5250-a6e2-0018c6bd21c0	Couve	14	13	1	5	SINTETICO
b0f3cd28-6a54-4598-aaf3-9443fbc186dd	2025-12-16	INTEGRAL	18	b6f014a3-eaad-57c0-8ee9-24eb9abb819a	Cuscuz	40	38	2	5	SINTETICO
9bb7d83e-59d6-4e19-a2c2-c7a3bf1ef54f	2025-12-17	INTEGRAL	1	9bf7d50c-378c-58f7-ba1a-0dccafffc54c	Bolacha doce	79	74	5	4	SINTETICO
59036da8-ddb3-4889-8eb4-347c194777a5	2025-12-17	INTEGRAL	1	0db97b08-9e92-541d-b2d2-1bc810f8fbe8	Iogurte	0	0	0	0	SINTETICO
d9d50871-16ea-43ee-939d-ea7858248bdc	2025-12-17	INTEGRAL	1	6ce7a969-7c2b-5a21-b072-594a4412ab8b	Arroz branco	57	55	2	3	SINTETICO
7ba10602-330c-4e17-82d9-c4ad8395f659	2025-12-17	INTEGRAL	2	6ce7a969-7c2b-5a21-b072-594a4412ab8b	Arroz branco	2	2	0	0	SINTETICO
2120cef6-97e6-45f8-bb57-c7e4b3481a75	2025-12-17	INTEGRAL	2	1b450f5b-ecde-5880-ad0a-91ce0920069d	Maca	13	12	1	1	SINTETICO
5bdb2012-012e-476f-be7f-39ac48b197d3	2025-12-17	INTEGRAL	2	79ca1872-52e0-59dd-af29-543b793c0860	Macarrao ao sugo	7	7	0	1	SINTETICO
be61cdc5-3de5-4bc8-b298-1df9f300843c	2025-12-17	TARDE	3	79ca1872-52e0-59dd-af29-543b793c0860	Macarrao ao sugo	552	494	58	83	SINTETICO
09d3c6b4-815d-460a-aee7-164357703c3d	2025-12-17	TARDE	3	1b450f5b-ecde-5880-ad0a-91ce0920069d	Maca	41	36	5	2	SINTETICO
1b867961-a44a-4674-9209-0b5ef5c38bc1	2025-12-17	TARDE	3	6753aa6f-0f7e-5208-8cd6-9e7a8733ef22	Leite com achocolatado	73	68	5	4	SINTETICO
620b1e52-718c-4dde-b48a-63843e89d015	2025-12-17	MANHA	6	eed1d0ec-938c-53ef-94b9-626452f5fbd2	Sopa de legumes	272	260	12	59	SINTETICO
3d8783bc-6ffd-4292-86e8-b34236027745	2025-12-17	MANHA	6	2fb8016f-a7e8-5297-ba7c-fbdbc176e301	Molho de tomate caseiro	45	43	2	6	SINTETICO
c9bd91df-6189-4827-b40b-0a3962c0d87b	2025-12-17	MANHA	6	153737d9-caa6-55d5-b086-f7e83fdab4d2	Pao com manteiga	39	34	5	3	SINTETICO
8824e43e-5c71-4f2c-a72a-cad76a026b55	2025-12-17	MANHA	6	21e707b3-6560-583f-a5f2-f307b82911fd	Salada de alface	0	0	0	0	SINTETICO
e323879c-a58b-4736-9756-7a829964036d	2025-12-17	MANHA	6	b6f014a3-eaad-57c0-8ee9-24eb9abb819a	Cuscuz	34	31	3	3	SINTETICO
652e548d-a89c-49e6-82ac-eb681a0063c9	2025-12-17	INTEGRAL	7	1b450f5b-ecde-5880-ad0a-91ce0920069d	Maca	159	142	17	9	SINTETICO
e7fd025c-4b0b-4abf-a3f8-afcf71c01ffe	2025-12-17	INTEGRAL	7	6753aa6f-0f7e-5208-8cd6-9e7a8733ef22	Leite com achocolatado	82	73	9	3	SINTETICO
1341b412-1489-42f9-8ce7-9c2f888ade87	2025-12-17	INTEGRAL	8	1b450f5b-ecde-5880-ad0a-91ce0920069d	Maca	20	18	2	1	SINTETICO
541c80fd-5267-4d0d-83ee-50cc0b6f0263	2025-12-17	INTEGRAL	8	0db97b08-9e92-541d-b2d2-1bc810f8fbe8	Iogurte	5	5	0	0	SINTETICO
ec069ece-91f5-404a-b882-1172cdd4687d	2025-12-17	INTEGRAL	8	eed1d0ec-938c-53ef-94b9-626452f5fbd2	Sopa de legumes	47	44	3	12	SINTETICO
44aee2a6-09e4-4d8f-bbce-51317649c9f3	2025-12-17	TARDE	10	2f723cf1-ddd6-58e2-881e-3ab45db8cd2d	Feijao carioca	167	159	8	16	SINTETICO
b9b2399f-16a9-4610-b9fb-436b70a5e5ae	2025-12-17	TARDE	10	6753aa6f-0f7e-5208-8cd6-9e7a8733ef22	Leite com achocolatado	1	1	0	0	SINTETICO
38f4997e-a358-4e1f-88cf-3110c801399b	2025-12-17	TARDE	10	9bf7d50c-378c-58f7-ba1a-0dccafffc54c	Bolacha doce	62	62	0	3	SINTETICO
3ccd2289-c4fa-47f4-b1f0-24d8a81cf27e	2025-12-17	TARDE	10	21e707b3-6560-583f-a5f2-f307b82911fd	Salada de alface	557	494	63	143	SINTETICO
4bb4cd5b-e0fc-4d14-a358-9ee3a19bc574	2025-12-17	TARDE	10	6ce7a969-7c2b-5a21-b072-594a4412ab8b	Arroz branco	191	168	23	9	SINTETICO
8b83e0b7-4480-4c9d-bf7e-fd943f8edf2b	2025-12-17	TARDE	10	0db97b08-9e92-541d-b2d2-1bc810f8fbe8	Iogurte	265	247	18	13	SINTETICO
94a1b3c8-827c-43af-9711-bc3765484ccf	2025-12-17	TARDE	10	153737d9-caa6-55d5-b086-f7e83fdab4d2	Pao com manteiga	0	0	0	0	SINTETICO
91e27f4d-d961-4251-87f2-79d42e4e6261	2025-12-17	INTEGRAL	11	b6f014a3-eaad-57c0-8ee9-24eb9abb819a	Cuscuz	186	166	20	18	SINTETICO
8b81ba99-543d-4d0a-b187-def02456a1af	2025-12-17	INTEGRAL	13	6753aa6f-0f7e-5208-8cd6-9e7a8733ef22	Leite com achocolatado	47	45	2	3	SINTETICO
fecee4fd-5778-4b32-893d-aa76700bbe0d	2025-12-17	INTEGRAL	13	9bf7d50c-378c-58f7-ba1a-0dccafffc54c	Bolacha doce	46	42	4	2	SINTETICO
b42e0984-f863-4b3c-90ed-63dee8b33360	2025-12-17	INTEGRAL	13	0db97b08-9e92-541d-b2d2-1bc810f8fbe8	Iogurte	23	21	2	2	SINTETICO
fec9e61b-8030-4131-a7d1-e5b791169567	2025-12-17	INTEGRAL	15	b6f014a3-eaad-57c0-8ee9-24eb9abb819a	Cuscuz	68	66	2	10	SINTETICO
d394d38c-3c28-4f6e-832e-ea0e7a003ae0	2025-12-17	INTEGRAL	15	2f723cf1-ddd6-58e2-881e-3ab45db8cd2d	Feijao carioca	65	62	3	6	SINTETICO
bd366023-289f-4e75-a4ca-251356eb96cb	2025-12-17	INTEGRAL	16	79ca1872-52e0-59dd-af29-543b793c0860	Macarrao ao sugo	2	2	0	0	SINTETICO
8cb4a387-8af2-486b-b670-ae36402e8929	2025-12-17	INTEGRAL	16	eed1d0ec-938c-53ef-94b9-626452f5fbd2	Sopa de legumes	0	0	0	0	SINTETICO
4566ad95-3975-4337-9615-78b244fb94a8	2025-12-17	INTEGRAL	16	add956e1-36ad-584e-b1e4-a4a8db28315f	Banana	7	6	1	0	SINTETICO
1afde743-c8af-4361-9f24-3615906fd190	2025-12-17	INTEGRAL	16	6ce7a969-7c2b-5a21-b072-594a4412ab8b	Arroz branco	45	40	5	2	SINTETICO
6184de5e-c38f-4eef-b285-0bcd6f1ca4cf	2025-12-17	INTEGRAL	16	2f723cf1-ddd6-58e2-881e-3ab45db8cd2d	Feijao carioca	43	41	2	4	SINTETICO
cbd1208b-79a7-45dc-951c-ad8fa6d1bae2	2025-12-17	INTEGRAL	16	153737d9-caa6-55d5-b086-f7e83fdab4d2	Pao com manteiga	73	71	2	3	SINTETICO
006b155a-c496-459e-8076-635e28a172df	2025-12-17	INTEGRAL	18	add956e1-36ad-584e-b1e4-a4a8db28315f	Banana	11	10	1	0	SINTETICO
0cf3f1fc-c7a6-4c1d-afe8-7d799b46d2fa	2025-12-17	INTEGRAL	18	6ce7a969-7c2b-5a21-b072-594a4412ab8b	Arroz branco	47	45	2	2	SINTETICO
afc009f8-d3c3-4ba4-8676-f209c59deb0a	2025-12-17	INTEGRAL	18	1b450f5b-ecde-5880-ad0a-91ce0920069d	Maca	1	1	0	0	SINTETICO
f5a202d7-fe8d-42c4-8996-ffab6d1f8224	2025-12-17	INTEGRAL	18	9bf7d50c-378c-58f7-ba1a-0dccafffc54c	Bolacha doce	173	158	15	9	SINTETICO
fdf22803-ef9b-4711-afce-3c05185942c9	2025-12-18	INTEGRAL	1	84f7e794-a400-5d46-9efe-1c8a8f2f711d	Suco de fruta natural	1	1	0	0	SINTETICO
b9d9afdb-7761-447e-9460-8853cb729919	2025-12-18	INTEGRAL	4	9bf7d50c-378c-58f7-ba1a-0dccafffc54c	Bolacha doce	9	8	1	0	SINTETICO
8e232d70-8f75-40af-a137-d2346f466d08	2025-12-18	INTEGRAL	4	2f723cf1-ddd6-58e2-881e-3ab45db8cd2d	Feijao carioca	63	58	5	7	SINTETICO
ca36168d-985f-4282-a285-275695f16340	2025-12-18	INTEGRAL	4	6ce7a969-7c2b-5a21-b072-594a4412ab8b	Arroz branco	11	10	1	1	SINTETICO
d6974de1-4654-4d67-9431-e0ab25aabd8a	2025-12-18	MANHA	5	9bf7d50c-378c-58f7-ba1a-0dccafffc54c	Bolacha doce	21	21	0	1	SINTETICO
a046eede-1e52-4dfd-b633-607d87958b13	2025-12-18	INTEGRAL	6	add956e1-36ad-584e-b1e4-a4a8db28315f	Banana	55	51	4	2	SINTETICO
ff9bb49a-3266-4227-b46c-6710edc2070a	2025-12-18	INTEGRAL	6	84f7e794-a400-5d46-9efe-1c8a8f2f711d	Suco de fruta natural	18	16	2	1	SINTETICO
c9017bfd-2851-4dac-babb-4f1ba73c58c6	2025-12-18	INTEGRAL	6	6ce7a969-7c2b-5a21-b072-594a4412ab8b	Arroz branco	37	33	4	3	SINTETICO
546b2f08-470a-4340-88c8-6cb0faf98093	2025-12-18	INTEGRAL	7	9bf7d50c-378c-58f7-ba1a-0dccafffc54c	Bolacha doce	19	17	2	1	SINTETICO
211abcdc-e615-4f0c-a768-db2403d0a2f8	2025-12-18	INTEGRAL	7	6753aa6f-0f7e-5208-8cd6-9e7a8733ef22	Leite com achocolatado	0	0	0	0	SINTETICO
ed2cc943-04aa-4b46-89b9-24dadb3cb5b6	2025-12-18	INTEGRAL	7	6ce7a969-7c2b-5a21-b072-594a4412ab8b	Arroz branco	38	35	3	3	SINTETICO
cb7abdcc-fb03-4923-b594-13c0ce16717d	2025-12-18	INTEGRAL	7	b6f014a3-eaad-57c0-8ee9-24eb9abb819a	Cuscuz	30	30	0	3	SINTETICO
473369c5-fe6e-4c78-a3b0-fa826bc3c893	2025-12-18	INTEGRAL	7	84f7e794-a400-5d46-9efe-1c8a8f2f711d	Suco de fruta natural	25	23	2	1	SINTETICO
103bfed8-d640-498e-b2cd-bf8784c86340	2025-12-18	INTEGRAL	7	1b450f5b-ecde-5880-ad0a-91ce0920069d	Maca	3	3	0	0	SINTETICO
659a35a8-f759-4eff-adf5-f5d26b7c4138	2025-12-18	INTEGRAL	9	2f723cf1-ddd6-58e2-881e-3ab45db8cd2d	Feijao carioca	42	37	5	4	SINTETICO
30509c63-fd6f-4a0b-82b5-895c3a4be967	2025-12-18	MANHA	10	0db97b08-9e92-541d-b2d2-1bc810f8fbe8	Iogurte	14	14	0	1	SINTETICO
d701af0d-c69f-47dc-9194-1b9a322e056c	2025-12-18	MANHA	10	1b450f5b-ecde-5880-ad0a-91ce0920069d	Maca	11	10	1	0	SINTETICO
5ea98618-d0ab-4349-be70-930cfd2ffa9f	2025-12-18	INTEGRAL	11	add956e1-36ad-584e-b1e4-a4a8db28315f	Banana	0	0	0	0	SINTETICO
50f84eef-a2c6-49ac-9408-44d0a04f82c2	2025-12-18	INTEGRAL	14	9bf7d50c-378c-58f7-ba1a-0dccafffc54c	Bolacha doce	287	287	0	12	SINTETICO
0920fbab-e05b-410d-9906-aae403d52e36	2025-12-18	MANHA	15	9bf7d50c-378c-58f7-ba1a-0dccafffc54c	Bolacha doce	2	2	0	0	SINTETICO
821daa62-d4d2-43ce-9959-123aacf0a09e	2025-12-18	MANHA	15	b6f014a3-eaad-57c0-8ee9-24eb9abb819a	Cuscuz	310	306	4	31	SINTETICO
aeec80b6-b501-485e-b8c8-cc0f855245bf	2025-12-18	MANHA	15	6753aa6f-0f7e-5208-8cd6-9e7a8733ef22	Leite com achocolatado	108	95	13	6	SINTETICO
cdad6a4d-7ec2-40b4-9cc2-84e1dc20aa28	2025-12-18	TARDE	16	0db97b08-9e92-541d-b2d2-1bc810f8fbe8	Iogurte	49	45	4	2	SINTETICO
6a0b558a-ac14-46e1-8e2d-cb16273956b6	2025-12-18	TARDE	16	9bf7d50c-378c-58f7-ba1a-0dccafffc54c	Bolacha doce	0	0	0	0	SINTETICO
949e3ae9-dd4e-43f4-8bf8-6c649d5df2aa	2025-12-18	TARDE	16	6ce7a969-7c2b-5a21-b072-594a4412ab8b	Arroz branco	522	494	28	28	SINTETICO
64173a31-ed66-4313-9163-e936db62f84d	2025-12-18	INTEGRAL	17	2f723cf1-ddd6-58e2-881e-3ab45db8cd2d	Feijao carioca	1	1	0	0	SINTETICO
a981abd2-ed9a-4196-af4e-6b092b6f4e8c	2025-12-18	INTEGRAL	17	6ce7a969-7c2b-5a21-b072-594a4412ab8b	Arroz branco	22	21	1	2	SINTETICO
97497ce3-c2f9-44cd-b093-cab70f55f9ae	2025-12-18	INTEGRAL	18	6ce7a969-7c2b-5a21-b072-594a4412ab8b	Arroz branco	108	96	12	6	SINTETICO
1668dd9e-17e8-499f-816e-c7aa5a512f06	2025-12-18	INTEGRAL	18	2f723cf1-ddd6-58e2-881e-3ab45db8cd2d	Feijao carioca	2	2	0	0	SINTETICO
5c67196b-7e6b-4b20-8b67-d29b96025757	2025-12-18	INTEGRAL	18	add956e1-36ad-584e-b1e4-a4a8db28315f	Banana	6	5	1	0	SINTETICO
9f3c6fd4-3867-4c23-b2f8-d821b818f073	2025-12-19	INTEGRAL	1	84f7e794-a400-5d46-9efe-1c8a8f2f711d	Suco de fruta natural	1	1	0	0	SINTETICO
d50bd542-3fe6-48c0-aec9-46134bbf5bb5	2025-12-19	INTEGRAL	1	b6f014a3-eaad-57c0-8ee9-24eb9abb819a	Cuscuz	58	51	7	5	SINTETICO
2103960d-04c1-419d-9638-f7e4a7626362	2025-12-19	INTEGRAL	2	1b450f5b-ecde-5880-ad0a-91ce0920069d	Maca	8	8	0	0	SINTETICO
fb5d300a-6e57-4eaa-b11a-4e9c637b8b97	2025-12-19	INTEGRAL	2	5b8da38a-ad96-5622-9a33-6cb46962bff4	Pure de mandioca	0	0	0	0	SINTETICO
55e4f3b4-0bbc-4845-a4c7-7b82557c44c4	2025-12-19	INTEGRAL	3	6753aa6f-0f7e-5208-8cd6-9e7a8733ef22	Leite com achocolatado	0	0	0	0	SINTETICO
e7af417b-e280-4e81-9b34-5add05302c7f	2025-12-19	INTEGRAL	3	1b450f5b-ecde-5880-ad0a-91ce0920069d	Maca	6	6	0	0	SINTETICO
ebc6551b-192c-4877-9e00-e4a6c91e0e71	2025-12-19	INTEGRAL	3	2f723cf1-ddd6-58e2-881e-3ab45db8cd2d	Feijao carioca	92	84	8	9	SINTETICO
cfcde1e3-bf86-4672-a376-f1c7aced912a	2025-12-19	INTEGRAL	3	b6f014a3-eaad-57c0-8ee9-24eb9abb819a	Cuscuz	2	2	0	0	SINTETICO
7279a1c3-004e-4eb9-aa60-17631dda4b24	2025-12-19	TARDE	4	b6f014a3-eaad-57c0-8ee9-24eb9abb819a	Cuscuz	517	494	23	65	SINTETICO
00c9fe5b-3a9a-45c5-8404-d6e2cda4064a	2025-12-19	TARDE	4	add956e1-36ad-584e-b1e4-a4a8db28315f	Banana	53	50	3	2	SINTETICO
ed66fa46-2198-49a0-a221-785a723f117e	2025-12-19	TARDE	4	6ce7a969-7c2b-5a21-b072-594a4412ab8b	Arroz branco	5	4	1	0	SINTETICO
d938644b-dfc5-4030-9cca-846091cf3b15	2025-12-19	INTEGRAL	5	2f723cf1-ddd6-58e2-881e-3ab45db8cd2d	Feijao carioca	51	45	6	5	SINTETICO
d290be4d-0dbd-4bff-ad8a-5c340aeae503	2025-12-19	INTEGRAL	5	84f7e794-a400-5d46-9efe-1c8a8f2f711d	Suco de fruta natural	3	3	0	0	SINTETICO
7dc0e410-9b34-4c0f-ba6c-012d826ad7ca	2025-12-19	INTEGRAL	6	0db97b08-9e92-541d-b2d2-1bc810f8fbe8	Iogurte	30	26	4	2	SINTETICO
b6fe69d5-49ad-40da-ba9c-70de944f0756	2025-12-19	INTEGRAL	8	2f723cf1-ddd6-58e2-881e-3ab45db8cd2d	Feijao carioca	13	13	0	1	SINTETICO
9f78207a-db7e-482e-a682-51cb8e520343	2025-12-19	INTEGRAL	8	1b450f5b-ecde-5880-ad0a-91ce0920069d	Maca	41	37	4	2	SINTETICO
9a627a2a-499f-406c-a2c1-ed6140949235	2025-12-19	INTEGRAL	9	0db97b08-9e92-541d-b2d2-1bc810f8fbe8	Iogurte	0	0	0	0	SINTETICO
7a7cae5f-5e3a-467f-ba21-76790fce4098	2025-12-19	INTEGRAL	9	6ce7a969-7c2b-5a21-b072-594a4412ab8b	Arroz branco	84	79	5	6	SINTETICO
9ae49963-1d69-4be0-b2b0-094468d41af7	2025-12-19	INTEGRAL	9	6753aa6f-0f7e-5208-8cd6-9e7a8733ef22	Leite com achocolatado	12	12	0	1	SINTETICO
f4371d3d-1119-48ac-aa21-48af12209a94	2025-12-19	MANHA	11	79ca1872-52e0-59dd-af29-543b793c0860	Macarrao ao sugo	50	46	4	7	SINTETICO
73165965-017a-4a8a-a1da-d44ae85a6b48	2025-12-19	MANHA	11	153737d9-caa6-55d5-b086-f7e83fdab4d2	Pao com manteiga	0	0	0	0	SINTETICO
29711e52-1e3d-4241-a5cb-cad39c96d487	2025-12-19	MANHA	11	84f7e794-a400-5d46-9efe-1c8a8f2f711d	Suco de fruta natural	79	74	5	4	SINTETICO
7c95142a-33c2-443e-8e1e-e469fdfd173e	2025-12-19	MANHA	11	eed1d0ec-938c-53ef-94b9-626452f5fbd2	Sopa de legumes	19	18	1	5	SINTETICO
8dd62b60-1d6a-4dc5-8765-c7987e7755f4	2025-12-19	MANHA	11	b6f014a3-eaad-57c0-8ee9-24eb9abb819a	Cuscuz	1	1	0	0	SINTETICO
dc1a8df5-7fd7-49ec-8a82-103ab1dd7fd8	2025-12-19	MANHA	11	6753aa6f-0f7e-5208-8cd6-9e7a8733ef22	Leite com achocolatado	0	0	0	0	SINTETICO
617af107-6c0d-4801-afdc-3c4533ad2b44	2025-12-19	TARDE	12	79ca1872-52e0-59dd-af29-543b793c0860	Macarrao ao sugo	193	176	17	31	SINTETICO
6f0981bf-d480-4133-adfb-ee7d68654770	2025-12-19	TARDE	14	b6f014a3-eaad-57c0-8ee9-24eb9abb819a	Cuscuz	122	107	15	13	SINTETICO
94a01032-e812-4215-84fb-0458c9d52004	2025-12-19	INTEGRAL	15	0db97b08-9e92-541d-b2d2-1bc810f8fbe8	Iogurte	0	0	0	0	SINTETICO
f0adf0eb-4bc8-4218-9189-c8134005063f	2025-12-19	MANHA	16	eed1d0ec-938c-53ef-94b9-626452f5fbd2	Sopa de legumes	414	398	16	135	SINTETICO
786f6839-604f-4aa8-ba16-4045755de725	2025-12-19	MANHA	16	6ce7a969-7c2b-5a21-b072-594a4412ab8b	Arroz branco	1	1	0	0	SINTETICO
fdd0e057-837a-47ac-b040-5cd07b51a6bd	2025-12-19	MANHA	16	b6f014a3-eaad-57c0-8ee9-24eb9abb819a	Cuscuz	214	197	17	22	SINTETICO
c4ffccb8-3f67-4aee-bf2f-1abf98ff8c2e	2025-12-19	MANHA	17	add956e1-36ad-584e-b1e4-a4a8db28315f	Banana	37	33	4	2	SINTETICO
2565c614-6bbc-41a7-b3db-5946c52fe05d	2025-12-19	MANHA	17	4f15f44d-d9a3-5a55-8fd0-0b738c2e28a3	Polenta cozida	114	107	7	14	SINTETICO
cc11b17b-3756-48a7-b4b5-275224efbb24	2025-12-19	MANHA	17	6753aa6f-0f7e-5208-8cd6-9e7a8733ef22	Leite com achocolatado	17	15	2	1	SINTETICO
ce8f2307-d6bc-4a53-a3bf-2efb7ec1eeee	2025-12-19	MANHA	17	2f723cf1-ddd6-58e2-881e-3ab45db8cd2d	Feijao carioca	35	34	1	4	SINTETICO
bb3ed6c4-4dff-4e71-a332-c747a0304e82	2025-12-19	MANHA	18	79ca1872-52e0-59dd-af29-543b793c0860	Macarrao ao sugo	460	405	55	60	SINTETICO
523ca2a0-057d-4f59-a940-dc030047eb26	2025-12-19	MANHA	18	094e6e93-4244-5901-b94b-836b2b9b21be	Carne suina acebolada	2	2	0	0	SINTETICO
0a212f29-e25d-4a23-85f3-818a0693c3b0	2025-12-19	MANHA	18	84f7e794-a400-5d46-9efe-1c8a8f2f711d	Suco de fruta natural	13	12	1	1	SINTETICO
fe7f82e8-47ce-487e-b027-bff66422dee4	2025-12-19	MANHA	18	9bf7d50c-378c-58f7-ba1a-0dccafffc54c	Bolacha doce	5	5	0	0	SINTETICO
be39d141-6dbe-4d25-b7d2-a88ead0168aa	2025-12-19	MANHA	18	1b450f5b-ecde-5880-ad0a-91ce0920069d	Maca	0	0	0	0	SINTETICO
4ef0688e-1878-439a-8489-4e163fc991d0	2025-12-22	INTEGRAL	3	79ca1872-52e0-59dd-af29-543b793c0860	Macarrao ao sugo	34	31	3	4	SINTETICO
a9023e8e-c35c-4e38-ba8d-1467a2fce67e	2025-12-22	INTEGRAL	4	153737d9-caa6-55d5-b086-f7e83fdab4d2	Pao com manteiga	163	155	8	9	SINTETICO
427bb7a9-084c-4d74-9779-93a218263506	2025-12-22	INTEGRAL	4	6ce7a969-7c2b-5a21-b072-594a4412ab8b	Arroz branco	13	12	1	1	SINTETICO
7d18f812-e09b-4c81-8b9b-0c21967c20b0	2025-12-22	TARDE	6	2f723cf1-ddd6-58e2-881e-3ab45db8cd2d	Feijao carioca	116	102	14	7	SINTETICO
78c1507f-421b-4e50-9f26-da750bbb86cb	2025-12-22	TARDE	6	0db97b08-9e92-541d-b2d2-1bc810f8fbe8	Iogurte	4	4	0	0	SINTETICO
2d100427-9fa0-4dcf-940a-a096601c5ed7	2025-12-22	INTEGRAL	7	6ce7a969-7c2b-5a21-b072-594a4412ab8b	Arroz branco	33	31	2	2	SINTETICO
4df9582b-d571-45d2-a78d-19dfad5963c0	2025-12-22	INTEGRAL	7	eed1d0ec-938c-53ef-94b9-626452f5fbd2	Sopa de legumes	34	31	3	10	SINTETICO
c146b6ad-79dd-4c1e-bb8c-3a273a7153cd	2025-12-22	INTEGRAL	7	153737d9-caa6-55d5-b086-f7e83fdab4d2	Pao com manteiga	33	32	1	2	SINTETICO
b1bc9837-219e-4bc1-b8d7-bdf0d848ddfe	2025-12-22	INTEGRAL	7	add956e1-36ad-584e-b1e4-a4a8db28315f	Banana	0	0	0	0	SINTETICO
5d1b0505-bb63-4fb1-8b24-de46c181bdc4	2025-12-22	INTEGRAL	7	79ca1872-52e0-59dd-af29-543b793c0860	Macarrao ao sugo	36	36	0	6	SINTETICO
d919e4d4-17ad-4b8d-9221-d233f3c83802	2025-12-22	INTEGRAL	8	84f7e794-a400-5d46-9efe-1c8a8f2f711d	Suco de fruta natural	35	31	4	1	SINTETICO
a7d508d8-6292-4f66-ba21-ff257af87c09	2025-12-22	INTEGRAL	8	add956e1-36ad-584e-b1e4-a4a8db28315f	Banana	96	92	4	3	SINTETICO
bbf7b40d-fbd9-4e91-80b8-84c38c16d44d	2025-12-22	MANHA	10	9bf7d50c-378c-58f7-ba1a-0dccafffc54c	Bolacha doce	8	8	0	1	SINTETICO
ea06fe16-41f6-4ba6-a02b-01f8c4105036	2025-12-22	MANHA	10	79ca1872-52e0-59dd-af29-543b793c0860	Macarrao ao sugo	85	78	7	13	SINTETICO
76ecc9c9-275b-45f9-8980-bda981b6fc67	2025-12-22	INTEGRAL	12	0db97b08-9e92-541d-b2d2-1bc810f8fbe8	Iogurte	0	0	0	0	SINTETICO
01d3bd6d-3857-4aa9-86c0-9a766240c5c8	2025-12-22	INTEGRAL	12	eed1d0ec-938c-53ef-94b9-626452f5fbd2	Sopa de legumes	103	101	2	32	SINTETICO
fe187ea2-af7e-4bac-adf8-8e1f3374aabb	2025-12-22	INTEGRAL	13	b6cbc98d-85cf-5628-a89e-560cfa264267	Coxa e sobrecoxa de frango ao molho de tomate	101	89	12	16	SINTETICO
1f4c9822-678b-408a-85ff-5511da5f33b3	2025-12-22	INTEGRAL	13	6ce7a969-7c2b-5a21-b072-594a4412ab8b	Arroz branco	26	23	3	1	SINTETICO
b137d3ab-8789-4c8c-8f3e-710bb767085e	2025-12-22	INTEGRAL	14	6ce7a969-7c2b-5a21-b072-594a4412ab8b	Arroz branco	26	23	3	2	SINTETICO
4444f4e2-7341-4e31-8461-5bd5185720ad	2025-12-22	INTEGRAL	16	0db97b08-9e92-541d-b2d2-1bc810f8fbe8	Iogurte	14	14	0	1	SINTETICO
3bf78b74-1c0a-4c0e-a528-657190514b1f	2025-12-22	INTEGRAL	16	9bf7d50c-378c-58f7-ba1a-0dccafffc54c	Bolacha doce	16	15	1	1	SINTETICO
b7890d63-e630-40c6-90df-84a0d6ca10dc	2025-12-22	INTEGRAL	18	b6f014a3-eaad-57c0-8ee9-24eb9abb819a	Cuscuz	390	346	44	34	SINTETICO
17db888c-952c-48ed-8a94-d31f2a2b223b	2025-12-22	INTEGRAL	18	add956e1-36ad-584e-b1e4-a4a8db28315f	Banana	24	21	3	1	SINTETICO
6258e7ae-66d5-4daf-8850-3c1b55c8b3a6	2025-12-22	INTEGRAL	18	2f723cf1-ddd6-58e2-881e-3ab45db8cd2d	Feijao carioca	2	2	0	0	SINTETICO
f26ee88c-3935-4235-9c99-d5579a8186a2	2025-12-22	INTEGRAL	18	0db97b08-9e92-541d-b2d2-1bc810f8fbe8	Iogurte	76	72	4	4	SINTETICO
1b829693-4e87-441d-ad82-29035e54ea79	2025-12-23	MANHA	2	9bf7d50c-378c-58f7-ba1a-0dccafffc54c	Bolacha doce	76	67	9	3	SINTETICO
d80fdbcc-57b1-4733-b5a6-3abee3f97a28	2025-12-23	MANHA	2	add956e1-36ad-584e-b1e4-a4a8db28315f	Banana	9	8	1	0	SINTETICO
8d655693-40f0-4d4e-a5d3-f09de16c0d17	2025-12-23	MANHA	2	b6f014a3-eaad-57c0-8ee9-24eb9abb819a	Cuscuz	39	35	4	3	SINTETICO
8bbb990e-67ef-4a1f-843e-870fa6de59a6	2025-12-23	INTEGRAL	3	1b450f5b-ecde-5880-ad0a-91ce0920069d	Maca	2	2	0	0	SINTETICO
d4e5c388-1725-44d7-adbd-8d4af5fc66fc	2025-12-23	INTEGRAL	3	add956e1-36ad-584e-b1e4-a4a8db28315f	Banana	18	18	0	1	SINTETICO
547c7f2a-f6a9-4f77-8369-6a160e040728	2025-12-23	TARDE	4	6ce7a969-7c2b-5a21-b072-594a4412ab8b	Arroz branco	6	6	0	0	SINTETICO
3240cc29-3985-4de7-9f40-3ad72e56d7f1	2025-12-23	TARDE	4	9c858519-faab-50d6-9561-8f90f4f84567	Guisado com moranga	528	494	34	154	SINTETICO
c294e1ee-10ed-45bd-a490-057888b510b5	2025-12-23	TARDE	4	2f723cf1-ddd6-58e2-881e-3ab45db8cd2d	Feijao carioca	89	79	10	7	SINTETICO
6e0b98cd-829b-4a38-bc2f-2a053fb01503	2025-12-23	INTEGRAL	6	9bf7d50c-378c-58f7-ba1a-0dccafffc54c	Bolacha doce	17	15	2	1	SINTETICO
d94a48da-bfff-4b66-a29d-ccc87d4bbb4e	2025-12-23	INTEGRAL	7	2f723cf1-ddd6-58e2-881e-3ab45db8cd2d	Feijao carioca	265	254	11	17	SINTETICO
82856630-a4df-4d22-80ec-c6d1415ba440	2025-12-23	INTEGRAL	10	0db97b08-9e92-541d-b2d2-1bc810f8fbe8	Iogurte	49	46	3	3	SINTETICO
2e297244-3e1c-470f-b658-bb04f946535e	2025-12-23	INTEGRAL	10	eed1d0ec-938c-53ef-94b9-626452f5fbd2	Sopa de legumes	19	17	2	4	SINTETICO
f6d83a38-80b1-4e45-80ee-2e55cde4c58c	2025-12-23	INTEGRAL	10	b6f014a3-eaad-57c0-8ee9-24eb9abb819a	Cuscuz	0	0	0	0	SINTETICO
68d2811f-2283-4b89-86bb-8616ed2d9720	2025-12-23	INTEGRAL	10	add956e1-36ad-584e-b1e4-a4a8db28315f	Banana	153	136	17	5	SINTETICO
a21d488e-0a56-4e71-b187-a5639cfea401	2025-12-23	TARDE	11	0db97b08-9e92-541d-b2d2-1bc810f8fbe8	Iogurte	0	0	0	0	SINTETICO
2990dfa3-c639-4c12-98d6-3325d75ff327	2025-12-23	INTEGRAL	12	9bf7d50c-378c-58f7-ba1a-0dccafffc54c	Bolacha doce	39	37	2	2	SINTETICO
f091e5ed-5d37-4e2d-aa59-4ad2b958c61d	2025-12-23	INTEGRAL	12	0db97b08-9e92-541d-b2d2-1bc810f8fbe8	Iogurte	32	31	1	1	SINTETICO
19b139a2-8006-4861-a67a-177c447763dd	2025-12-23	INTEGRAL	13	79ca1872-52e0-59dd-af29-543b793c0860	Macarrao ao sugo	62	56	6	6	SINTETICO
a561de29-cda9-4f68-a7c8-580e9547d21a	2025-12-23	INTEGRAL	13	eed1d0ec-938c-53ef-94b9-626452f5fbd2	Sopa de legumes	113	103	10	30	SINTETICO
fb40c0ae-9148-4ca7-91bf-1a6adf6a0557	2025-12-23	INTEGRAL	13	add956e1-36ad-584e-b1e4-a4a8db28315f	Banana	15	15	0	1	SINTETICO
06e82bd9-5871-4911-a194-9dc5bcb37f70	2025-12-23	INTEGRAL	13	84f7e794-a400-5d46-9efe-1c8a8f2f711d	Suco de fruta natural	19	17	2	1	SINTETICO
ca9eb86d-1109-4d29-855f-120962a4a8f7	2025-12-23	INTEGRAL	13	0db97b08-9e92-541d-b2d2-1bc810f8fbe8	Iogurte	45	39	6	2	SINTETICO
244cc72b-be1a-4630-a17a-eb33a4a71638	2025-12-23	INTEGRAL	13	153737d9-caa6-55d5-b086-f7e83fdab4d2	Pao com manteiga	10	9	1	0	SINTETICO
8dadbbf9-b22b-4748-8180-408bd02611e0	2025-12-23	INTEGRAL	13	6ce7a969-7c2b-5a21-b072-594a4412ab8b	Arroz branco	0	0	0	0	SINTETICO
ca4e3dc5-decb-4960-8efd-cb247ea4f33a	2025-12-23	MANHA	16	0db97b08-9e92-541d-b2d2-1bc810f8fbe8	Iogurte	25	24	1	1	SINTETICO
a1f4cb8a-899e-4014-a8d4-8714f2bb1266	2025-12-23	INTEGRAL	17	add956e1-36ad-584e-b1e4-a4a8db28315f	Banana	1	1	0	0	SINTETICO
69f6b3a7-3197-40ff-b13d-43dcb56204cf	2025-12-23	INTEGRAL	17	eed1d0ec-938c-53ef-94b9-626452f5fbd2	Sopa de legumes	19	17	2	4	SINTETICO
49ece95b-4dbb-4d9b-89ee-fa39b7b7c95e	2025-12-23	INTEGRAL	17	47fbd9af-ac57-5250-a6e2-0018c6bd21c0	Couve	0	0	0	0	SINTETICO
7f9253f7-c2c4-41f0-9ed6-9b741fd4b4b0	2025-12-24	INTEGRAL	2	6753aa6f-0f7e-5208-8cd6-9e7a8733ef22	Leite com achocolatado	7	6	1	0	SINTETICO
dbed35b9-3b19-411b-8d9d-adde5062107d	2025-12-24	TARDE	4	b6f014a3-eaad-57c0-8ee9-24eb9abb819a	Cuscuz	53	48	5	6	SINTETICO
d996cd30-dbfe-4bcc-85ea-b86e9d19ac5b	2025-12-24	TARDE	4	79ca1872-52e0-59dd-af29-543b793c0860	Macarrao ao sugo	4	4	0	1	SINTETICO
f99c033d-b4ff-45a8-b949-457ca29496cd	2025-12-24	TARDE	4	2fb8016f-a7e8-5297-ba7c-fbdbc176e301	Molho de tomate caseiro	86	77	9	9	SINTETICO
b98e122f-6552-48db-a34b-0d672588a859	2025-12-24	INTEGRAL	5	6753aa6f-0f7e-5208-8cd6-9e7a8733ef22	Leite com achocolatado	10	10	0	1	SINTETICO
1b133d8b-b128-4f37-93f9-583eae7d26d1	2025-12-24	INTEGRAL	5	2f723cf1-ddd6-58e2-881e-3ab45db8cd2d	Feijao carioca	48	42	6	4	SINTETICO
b83dd6eb-4a23-43f1-957e-668d520e3b42	2025-12-24	INTEGRAL	6	84f7e794-a400-5d46-9efe-1c8a8f2f711d	Suco de fruta natural	1	1	0	0	SINTETICO
cef55628-9eaf-400c-b1bb-26a79a9baa9a	2025-12-24	INTEGRAL	6	1b450f5b-ecde-5880-ad0a-91ce0920069d	Maca	345	333	12	22	SINTETICO
2e2a9f4a-3a74-4df0-a354-656c731b8e51	2025-12-24	MANHA	10	2f723cf1-ddd6-58e2-881e-3ab45db8cd2d	Feijao carioca	3	3	0	0	SINTETICO
f1134a43-46a9-4526-836d-adf3f2825626	2025-12-24	INTEGRAL	13	6753aa6f-0f7e-5208-8cd6-9e7a8733ef22	Leite com achocolatado	105	101	4	5	SINTETICO
93706c05-6cbc-4f0f-a5fd-1d22ed1abcb3	2025-12-24	INTEGRAL	13	79ca1872-52e0-59dd-af29-543b793c0860	Macarrao ao sugo	29	29	0	3	SINTETICO
9a5c92b7-0f15-476f-ad81-e896f30b0f49	2025-12-24	INTEGRAL	13	1b450f5b-ecde-5880-ad0a-91ce0920069d	Maca	53	48	5	3	SINTETICO
edfeae52-6c7e-4a45-8589-bd5d526c40fc	2025-12-24	TARDE	14	6ce7a969-7c2b-5a21-b072-594a4412ab8b	Arroz branco	116	112	4	8	SINTETICO
0cf542bf-14a5-4faa-9d0f-bb7e4ff537b4	2025-12-24	TARDE	14	79ca1872-52e0-59dd-af29-543b793c0860	Macarrao ao sugo	147	144	3	20	SINTETICO
68b1aadd-88a2-45c7-935e-966148869e06	2025-12-24	TARDE	14	eed1d0ec-938c-53ef-94b9-626452f5fbd2	Sopa de legumes	48	42	6	10	SINTETICO
550d5511-b6c8-4f4b-829a-d2ca2d2c7ef6	2025-12-24	TARDE	14	b85fd879-2256-524c-b715-7f9cb93ccd01	Bolo de maca, sem acucar	1	1	0	0	SINTETICO
f418cef0-e1be-4540-8aae-092cca1e07c6	2025-12-24	TARDE	15	153737d9-caa6-55d5-b086-f7e83fdab4d2	Pao com manteiga	113	113	0	8	SINTETICO
af02a5f3-918c-42ba-bf74-0fa31a9ddb68	2025-12-24	TARDE	15	add956e1-36ad-584e-b1e4-a4a8db28315f	Banana	3	3	0	0	SINTETICO
ef07e7f8-2e3d-4209-b255-0e49224bc6ec	2025-12-24	INTEGRAL	16	6ce7a969-7c2b-5a21-b072-594a4412ab8b	Arroz branco	28	27	1	1	SINTETICO
a60ee656-96b5-4eda-a49b-9a1bd1cf7dd1	2025-12-24	INTEGRAL	16	add956e1-36ad-584e-b1e4-a4a8db28315f	Banana	28	28	0	1	SINTETICO
6108ee7a-7326-42cf-94dc-a99f6fa9076c	2025-12-24	INTEGRAL	16	84f7e794-a400-5d46-9efe-1c8a8f2f711d	Suco de fruta natural	320	313	7	20	SINTETICO
fed498ff-fbca-43c6-b48a-c3236c226485	2025-12-24	INTEGRAL	16	eed1d0ec-938c-53ef-94b9-626452f5fbd2	Sopa de legumes	43	41	2	13	SINTETICO
21f6dabb-cc3b-4a41-b5b5-847ed2609c68	2025-12-24	INTEGRAL	16	b6f014a3-eaad-57c0-8ee9-24eb9abb819a	Cuscuz	82	74	8	10	SINTETICO
938ab9a6-a073-429b-bfc2-17a825a17b2b	2025-12-24	INTEGRAL	16	0db97b08-9e92-541d-b2d2-1bc810f8fbe8	Iogurte	6	5	1	0	SINTETICO
97604b57-50d1-46a2-bd23-5924c439f9ce	2025-12-24	MANHA	17	84f7e794-a400-5d46-9efe-1c8a8f2f711d	Suco de fruta natural	20	19	1	1	SINTETICO
3dd2ed95-83b2-45c3-9ca7-f96e4d2f5a29	2025-12-24	TARDE	18	1b450f5b-ecde-5880-ad0a-91ce0920069d	Maca	259	226	33	13	SINTETICO
99df9be8-21d8-414d-97ee-65802a83775a	2025-12-25	MANHA	2	add956e1-36ad-584e-b1e4-a4a8db28315f	Banana	2	2	0	0	SINTETICO
2863664b-ac89-4d1f-8309-c219de06da6c	2025-12-25	MANHA	2	6ce7a969-7c2b-5a21-b072-594a4412ab8b	Arroz branco	6	6	0	0	SINTETICO
6c5fc53a-72d0-4523-93f2-1e64f0ad3e4d	2025-12-25	MANHA	2	9bf7d50c-378c-58f7-ba1a-0dccafffc54c	Bolacha doce	46	42	4	2	SINTETICO
909e8d9b-f0de-41a6-8955-12428fcbc561	2025-12-25	MANHA	2	6f1d5964-e195-53e5-b25d-c4128c0b139a	Iscas de frango acebolada	119	107	12	11	SINTETICO
c476b505-6567-4b50-9448-fe73c5679ad5	2025-12-25	MANHA	2	153737d9-caa6-55d5-b086-f7e83fdab4d2	Pao com manteiga	21	20	1	1	SINTETICO
1dfe1ad5-6f2f-4f7d-82da-51619e7a3fbb	2025-12-25	MANHA	2	0db97b08-9e92-541d-b2d2-1bc810f8fbe8	Iogurte	49	48	1	3	SINTETICO
809ea950-16d9-40e7-8baf-33f2ad5259f2	2025-12-25	INTEGRAL	4	6753aa6f-0f7e-5208-8cd6-9e7a8733ef22	Leite com achocolatado	3	3	0	0	SINTETICO
ac444a5e-057e-4e5f-b0b3-7c1d0b62a121	2025-12-25	INTEGRAL	4	2f723cf1-ddd6-58e2-881e-3ab45db8cd2d	Feijao carioca	0	0	0	0	SINTETICO
c99d6327-d9df-4c06-ad39-b2169bcea0c5	2025-12-25	INTEGRAL	4	84f7e794-a400-5d46-9efe-1c8a8f2f711d	Suco de fruta natural	40	35	5	2	SINTETICO
dbefae03-c95f-4194-a650-fc5215917e48	2025-12-25	MANHA	5	1b450f5b-ecde-5880-ad0a-91ce0920069d	Maca	43	41	2	3	SINTETICO
2ee718c5-a6fa-464e-a260-7c545f0e8eaf	2025-12-25	INTEGRAL	6	6753aa6f-0f7e-5208-8cd6-9e7a8733ef22	Leite com achocolatado	23	21	2	1	SINTETICO
8de6e0e9-0f3a-4bfd-bb10-7edf8672e94e	2025-12-25	INTEGRAL	6	b94bd7bf-252f-5c97-9722-163c6d7e2412	Brocolis	0	0	0	0	SINTETICO
17fa0cb7-ebf4-4fae-a2eb-c024760f501f	2025-12-25	INTEGRAL	6	153737d9-caa6-55d5-b086-f7e83fdab4d2	Pao com manteiga	85	79	6	3	SINTETICO
a77f92d3-e04c-4caf-9828-741aa4631e42	2025-12-25	INTEGRAL	6	9c858519-faab-50d6-9561-8f90f4f84567	Guisado com moranga	13	13	0	4	SINTETICO
4e4f63f0-9d3f-4776-8d04-19285f2dc989	2025-12-25	INTEGRAL	6	6ce7a969-7c2b-5a21-b072-594a4412ab8b	Arroz branco	0	0	0	0	SINTETICO
bce3e32d-2329-4b79-8278-4ba84e594bd2	2025-12-25	INTEGRAL	6	e8c59186-e147-5530-a4ba-b728fd7852c3	Arroz com galinha	318	296	22	22	SINTETICO
695bf169-4b44-4174-893b-1a5138535a87	2025-12-25	INTEGRAL	7	9bf7d50c-378c-58f7-ba1a-0dccafffc54c	Bolacha doce	27	24	3	1	SINTETICO
da755f4e-a2e1-4e62-befd-5ebf88b3f5df	2025-12-25	INTEGRAL	8	2f723cf1-ddd6-58e2-881e-3ab45db8cd2d	Feijao carioca	0	0	0	0	SINTETICO
82fce5d5-e81b-480a-a928-302df3dd646a	2025-12-25	INTEGRAL	8	b6f014a3-eaad-57c0-8ee9-24eb9abb819a	Cuscuz	0	0	0	0	SINTETICO
fe1eca8a-d9b8-4047-b42a-2a92c67df750	2025-12-25	INTEGRAL	8	6753aa6f-0f7e-5208-8cd6-9e7a8733ef22	Leite com achocolatado	69	68	1	5	SINTETICO
5a5741df-40df-4b23-bd3c-67456f45c338	2025-12-25	INTEGRAL	9	153737d9-caa6-55d5-b086-f7e83fdab4d2	Pao com manteiga	77	70	7	5	SINTETICO
d92afd5c-7b7f-4339-adb1-e853c91a0da1	2025-12-25	INTEGRAL	9	6753aa6f-0f7e-5208-8cd6-9e7a8733ef22	Leite com achocolatado	26	25	1	2	SINTETICO
dac21d13-ed49-4540-ad58-fbeb8f0a5928	2025-12-25	INTEGRAL	10	2f723cf1-ddd6-58e2-881e-3ab45db8cd2d	Feijao carioca	1	1	0	0	SINTETICO
e13307c2-b05e-4301-9415-e9bc40decdb6	2025-12-25	INTEGRAL	11	6ce7a969-7c2b-5a21-b072-594a4412ab8b	Arroz branco	14	13	1	1	SINTETICO
6503f1ac-81f8-4346-9217-47633297d9b8	2025-12-25	INTEGRAL	12	6753aa6f-0f7e-5208-8cd6-9e7a8733ef22	Leite com achocolatado	39	34	5	2	SINTETICO
a52fabe4-5f8a-4ebb-846f-74273c5d9628	2025-12-25	INTEGRAL	12	79ca1872-52e0-59dd-af29-543b793c0860	Macarrao ao sugo	21	21	0	2	SINTETICO
95474c53-40e2-4b05-aee5-05db4fa3b4cd	2025-12-25	INTEGRAL	12	84f7e794-a400-5d46-9efe-1c8a8f2f711d	Suco de fruta natural	50	44	6	2	SINTETICO
8a310b01-6f77-4cdc-b33c-47ac080d5bdc	2025-12-25	INTEGRAL	12	add956e1-36ad-584e-b1e4-a4a8db28315f	Banana	26	23	3	1	SINTETICO
bfd8c8b4-90b5-49ce-8345-039559e70779	2025-12-25	INTEGRAL	16	9bf7d50c-378c-58f7-ba1a-0dccafffc54c	Bolacha doce	45	43	2	2	SINTETICO
7b04120f-8fca-48dc-b75a-1545e8b3b1b6	2025-12-25	MANHA	17	6ce7a969-7c2b-5a21-b072-594a4412ab8b	Arroz branco	18	17	1	1	SINTETICO
36b8e9bb-68e8-461b-a971-42003d7b3b4b	2025-12-25	INTEGRAL	18	2f723cf1-ddd6-58e2-881e-3ab45db8cd2d	Feijao carioca	69	64	5	6	SINTETICO
1f377fc4-46d0-4afe-a0b6-d556bbcb7f5d	2025-12-25	INTEGRAL	18	4f15f44d-d9a3-5a55-8fd0-0b738c2e28a3	Polenta cozida	24	21	3	2	SINTETICO
c8f7e40f-3527-4e03-9686-267a9081a205	2025-12-25	INTEGRAL	18	b6f014a3-eaad-57c0-8ee9-24eb9abb819a	Cuscuz	69	62	7	9	SINTETICO
53225959-fa70-49a2-ab9b-09f40cd3557a	2025-12-25	INTEGRAL	18	eed1d0ec-938c-53ef-94b9-626452f5fbd2	Sopa de legumes	245	215	30	78	SINTETICO
c5b01912-53c5-442c-b614-85f5220297fc	2025-12-25	INTEGRAL	18	0db97b08-9e92-541d-b2d2-1bc810f8fbe8	Iogurte	20	19	1	1	SINTETICO
346c613e-45b4-49fd-9a5b-f5cbfdcecb0d	2025-12-25	INTEGRAL	18	153737d9-caa6-55d5-b086-f7e83fdab4d2	Pao com manteiga	216	205	11	13	SINTETICO
6ef49cc4-3d46-423c-89c0-6b8ef3baf03c	2025-12-25	INTEGRAL	18	9bf7d50c-378c-58f7-ba1a-0dccafffc54c	Bolacha doce	58	51	7	2	SINTETICO
0d5dfeba-2073-4781-8fcc-7e744727201e	2025-12-26	MANHA	1	1b450f5b-ecde-5880-ad0a-91ce0920069d	Maca	0	0	0	0	SINTETICO
493e4a90-f227-45b3-a371-738a8fa8f955	2025-12-26	MANHA	1	add956e1-36ad-584e-b1e4-a4a8db28315f	Banana	3	3	0	0	SINTETICO
cd989971-0c01-49ac-bf5e-56d8cd4fd29e	2025-12-26	MANHA	1	84f7e794-a400-5d46-9efe-1c8a8f2f711d	Suco de fruta natural	1	1	0	0	SINTETICO
f686a957-5356-48ba-9cec-d571fb186653	2025-12-26	MANHA	1	b6f014a3-eaad-57c0-8ee9-24eb9abb819a	Cuscuz	190	174	16	25	SINTETICO
267d7bdf-62d4-4b8f-94da-f0fd44b294ee	2025-12-26	INTEGRAL	4	0db97b08-9e92-541d-b2d2-1bc810f8fbe8	Iogurte	0	0	0	0	SINTETICO
58247171-75dc-411d-b24b-291e9a74865f	2025-12-26	INTEGRAL	4	79ca1872-52e0-59dd-af29-543b793c0860	Macarrao ao sugo	0	0	0	0	SINTETICO
7d6b5096-a5c6-4d6f-8b6c-1e91aa03fff2	2025-12-26	TARDE	5	6753aa6f-0f7e-5208-8cd6-9e7a8733ef22	Leite com achocolatado	0	0	0	0	SINTETICO
b9bf014b-a3fd-45b2-9a78-53a0c3d31d7c	2025-12-26	TARDE	5	0db97b08-9e92-541d-b2d2-1bc810f8fbe8	Iogurte	268	242	26	11	SINTETICO
a25a8e5f-a626-4e82-89ae-a1220ac8d2eb	2025-12-26	TARDE	5	9bf7d50c-378c-58f7-ba1a-0dccafffc54c	Bolacha doce	48	46	2	3	SINTETICO
1415e0cf-865e-4513-9c0e-2c63207fae33	2025-12-26	TARDE	5	84f7e794-a400-5d46-9efe-1c8a8f2f711d	Suco de fruta natural	110	102	8	5	SINTETICO
6dfcafc9-0c43-4a12-9094-e11a944afc8c	2025-12-26	INTEGRAL	6	153737d9-caa6-55d5-b086-f7e83fdab4d2	Pao com manteiga	48	47	1	2	SINTETICO
8fec5d04-c577-4275-91fa-8a3454b3fb36	2025-12-26	INTEGRAL	6	b6f014a3-eaad-57c0-8ee9-24eb9abb819a	Cuscuz	2	2	0	0	SINTETICO
cf276f41-b3e4-4d32-9955-af8de9cfd515	2025-12-26	INTEGRAL	8	79ca1872-52e0-59dd-af29-543b793c0860	Macarrao ao sugo	6	6	0	1	SINTETICO
cae54c14-0bcd-4719-a8f2-3922f6d1b257	2025-12-26	INTEGRAL	9	6ce7a969-7c2b-5a21-b072-594a4412ab8b	Arroz branco	28	25	3	2	SINTETICO
358fdd30-c7a0-4cb1-8aba-0254b762ac40	2025-12-26	INTEGRAL	9	6753aa6f-0f7e-5208-8cd6-9e7a8733ef22	Leite com achocolatado	18	16	2	1	SINTETICO
694ef140-847c-4d41-83e0-752568b23a5e	2025-12-26	INTEGRAL	10	2f723cf1-ddd6-58e2-881e-3ab45db8cd2d	Feijao carioca	92	82	10	6	SINTETICO
a8450554-0477-42c7-8a54-441957e15e67	2025-12-26	INTEGRAL	10	6ce7a969-7c2b-5a21-b072-594a4412ab8b	Arroz branco	74	71	3	5	SINTETICO
6acfb3b8-73b7-4c40-bfde-49a8a18a701f	2025-12-26	INTEGRAL	10	add956e1-36ad-584e-b1e4-a4a8db28315f	Banana	21	19	2	1	SINTETICO
468ddad4-c2cf-4bc1-8f2b-6aa70efea01f	2025-12-26	INTEGRAL	10	153737d9-caa6-55d5-b086-f7e83fdab4d2	Pao com manteiga	35	31	4	2	SINTETICO
1d56ab39-4b42-4894-90ba-f14071cbe276	2025-12-26	INTEGRAL	10	84f7e794-a400-5d46-9efe-1c8a8f2f711d	Suco de fruta natural	28	27	1	2	SINTETICO
3b6d97af-a9f4-43e5-88ff-0b58a563d6a8	2025-12-26	INTEGRAL	11	79ca1872-52e0-59dd-af29-543b793c0860	Macarrao ao sugo	5	5	0	1	SINTETICO
967a7c94-5d98-4110-99a4-508cd27cde84	2025-12-26	INTEGRAL	11	84f7e794-a400-5d46-9efe-1c8a8f2f711d	Suco de fruta natural	2	2	0	0	SINTETICO
e17d333d-5db7-4ceb-ab5b-636c2282dcda	2025-12-26	INTEGRAL	14	79ca1872-52e0-59dd-af29-543b793c0860	Macarrao ao sugo	53	51	2	8	SINTETICO
14c5147c-7e13-4e37-b0a5-15d54fe806cf	2025-12-26	INTEGRAL	16	2f723cf1-ddd6-58e2-881e-3ab45db8cd2d	Feijao carioca	42	42	0	4	SINTETICO
27db0d67-0d8c-4a3c-a8dc-ed1ae5343522	2025-12-26	INTEGRAL	16	1b450f5b-ecde-5880-ad0a-91ce0920069d	Maca	17	16	1	1	SINTETICO
96718807-cb34-46c4-8c48-972a79ca59f1	2025-12-26	INTEGRAL	16	eed1d0ec-938c-53ef-94b9-626452f5fbd2	Sopa de legumes	88	87	1	20	SINTETICO
a8b37fd3-5978-4120-9a61-fa3af3f5b7a0	2025-12-26	INTEGRAL	16	9bf7d50c-378c-58f7-ba1a-0dccafffc54c	Bolacha doce	14	13	1	0	SINTETICO
48bbca5c-26f4-4718-8bab-d1d62320afce	2025-12-26	MANHA	17	153737d9-caa6-55d5-b086-f7e83fdab4d2	Pao com manteiga	0	0	0	0	SINTETICO
be19fdda-b8cc-405f-8552-6b5cd9cd91da	2025-12-26	MANHA	18	84f7e794-a400-5d46-9efe-1c8a8f2f711d	Suco de fruta natural	2	2	0	0	SINTETICO
6e4be237-5bee-4fb6-88cd-bb44391bdcfe	2025-12-26	MANHA	18	79ca1872-52e0-59dd-af29-543b793c0860	Macarrao ao sugo	0	0	0	0	SINTETICO
e45b8c8c-3964-488a-b87b-4085b15e36b3	2025-12-29	MANHA	1	b6f014a3-eaad-57c0-8ee9-24eb9abb819a	Cuscuz	90	87	3	8	SINTETICO
876921b9-601b-4572-a78c-5230b6d7bbef	2025-12-29	MANHA	1	add956e1-36ad-584e-b1e4-a4a8db28315f	Banana	1	1	0	0	SINTETICO
ea4b2bf9-d3ca-433a-b4d4-2db2d2634a4c	2025-12-29	TARDE	2	153737d9-caa6-55d5-b086-f7e83fdab4d2	Pao com manteiga	129	116	13	7	SINTETICO
137914c8-a9b4-4dca-8a68-7f341ada35d5	2025-12-29	TARDE	7	6753aa6f-0f7e-5208-8cd6-9e7a8733ef22	Leite com achocolatado	16	15	1	1	SINTETICO
da22a420-e42d-456a-af01-a8dd412dc63b	2025-12-29	TARDE	7	153737d9-caa6-55d5-b086-f7e83fdab4d2	Pao com manteiga	0	0	0	0	SINTETICO
2e75aa16-1ae2-40d0-bf03-7f7584625790	2025-12-29	TARDE	7	79ca1872-52e0-59dd-af29-543b793c0860	Macarrao ao sugo	60	59	1	6	SINTETICO
b131c7aa-caa1-4e68-a499-dd37cf877d30	2025-12-29	TARDE	7	2f723cf1-ddd6-58e2-881e-3ab45db8cd2d	Feijao carioca	17	16	1	1	SINTETICO
68162466-1fd7-477e-8cb7-b858a6632b4c	2025-12-29	INTEGRAL	8	1b450f5b-ecde-5880-ad0a-91ce0920069d	Maca	7	7	0	0	SINTETICO
9c22987d-56b7-41c1-8fb5-76cd2ef020f7	2025-12-29	MANHA	9	add956e1-36ad-584e-b1e4-a4a8db28315f	Banana	439	407	32	21	SINTETICO
af511cd7-013e-4691-b2af-9aac3b6fd742	2025-12-29	MANHA	9	1b450f5b-ecde-5880-ad0a-91ce0920069d	Maca	26	24	2	1	SINTETICO
7ac7fd7e-ff6b-421f-9924-10d8f63826da	2025-12-29	MANHA	9	b6f014a3-eaad-57c0-8ee9-24eb9abb819a	Cuscuz	7	7	0	1	SINTETICO
6fdf62f0-2f88-4a1f-b5f0-9539e32b6795	2025-12-29	MANHA	10	6753aa6f-0f7e-5208-8cd6-9e7a8733ef22	Leite com achocolatado	33	29	4	1	SINTETICO
9b4c8cb7-59ec-4b37-af9c-f7ac87a6a8cd	2025-12-29	MANHA	10	79ca1872-52e0-59dd-af29-543b793c0860	Macarrao ao sugo	46	43	3	5	SINTETICO
3e7de8b6-5df5-464f-84ed-b942c2c0ac89	2025-12-29	INTEGRAL	15	6753aa6f-0f7e-5208-8cd6-9e7a8733ef22	Leite com achocolatado	0	0	0	0	SINTETICO
3d1195e1-b734-435a-8257-a810921b36d7	2025-12-29	INTEGRAL	15	0db97b08-9e92-541d-b2d2-1bc810f8fbe8	Iogurte	0	0	0	0	SINTETICO
c3d0c3bd-67d3-400a-9196-6b8e25485b9c	2025-12-29	INTEGRAL	15	b6f014a3-eaad-57c0-8ee9-24eb9abb819a	Cuscuz	49	48	1	4	SINTETICO
e6a57b0d-7494-44cc-9831-4fdd4fdede25	2025-12-29	INTEGRAL	17	1b450f5b-ecde-5880-ad0a-91ce0920069d	Maca	199	185	14	11	SINTETICO
bed40e7c-da76-4015-9891-eb27dec625f7	2025-12-29	INTEGRAL	17	b6f014a3-eaad-57c0-8ee9-24eb9abb819a	Cuscuz	345	331	14	42	SINTETICO
00571884-eb51-4166-9646-9aa8ca3fc9d7	2025-12-29	MANHA	18	84f7e794-a400-5d46-9efe-1c8a8f2f711d	Suco de fruta natural	20	19	1	1	SINTETICO
d2b81fa8-ba78-42c4-8521-516b32735d8f	2025-12-29	MANHA	18	3331b130-8600-5a59-9e35-f970f9ea497e	Ovo mexido	131	116	15	13	SINTETICO
8bc16210-878c-4ccb-8095-53cde2be08f4	2025-12-29	MANHA	18	b85fd879-2256-524c-b715-7f9cb93ccd01	Bolo de maca, sem acucar	25	23	2	4	SINTETICO
4b621fc4-6858-4e61-96e8-7dad667ce5e3	2025-12-29	MANHA	18	79ca1872-52e0-59dd-af29-543b793c0860	Macarrao ao sugo	0	0	0	0	SINTETICO
c94b08b7-c589-47c2-963a-8cf368ff88a7	2025-12-30	INTEGRAL	3	eed1d0ec-938c-53ef-94b9-626452f5fbd2	Sopa de legumes	40	39	1	9	SINTETICO
5b75accb-b088-4aef-997e-575d29213942	2025-12-30	INTEGRAL	3	79ca1872-52e0-59dd-af29-543b793c0860	Macarrao ao sugo	51	49	2	6	SINTETICO
baacbb2c-08b4-4714-b423-239a14bb8f24	2025-12-30	INTEGRAL	3	3331b130-8600-5a59-9e35-f970f9ea497e	Ovo mexido	51	45	6	6	SINTETICO
c2232dee-1016-4c2c-8bdb-5f3246387578	2025-12-30	INTEGRAL	5	eed1d0ec-938c-53ef-94b9-626452f5fbd2	Sopa de legumes	27	25	2	7	SINTETICO
73749b18-899d-4c6e-857e-4b684d136d0c	2025-12-30	INTEGRAL	5	6ce7a969-7c2b-5a21-b072-594a4412ab8b	Arroz branco	85	83	2	5	SINTETICO
1305df6b-2778-46e6-9174-89b24845a0a9	2025-12-30	INTEGRAL	5	b6f014a3-eaad-57c0-8ee9-24eb9abb819a	Cuscuz	44	42	2	4	SINTETICO
0a154de9-777c-4d9f-a7de-16b8a01cf621	2025-12-30	INTEGRAL	7	eed1d0ec-938c-53ef-94b9-626452f5fbd2	Sopa de legumes	53	50	3	13	SINTETICO
22eb9ed5-6d69-46fd-a7e3-fbc840346ab1	2025-12-30	INTEGRAL	7	79ca1872-52e0-59dd-af29-543b793c0860	Macarrao ao sugo	0	0	0	0	SINTETICO
778e44d2-60d2-48e3-a0c4-f6b9a819131c	2025-12-30	INTEGRAL	9	9bf7d50c-378c-58f7-ba1a-0dccafffc54c	Bolacha doce	0	0	0	0	SINTETICO
85d82843-1dfe-4594-94d4-1b845b10fc65	2025-12-30	INTEGRAL	10	6ce7a969-7c2b-5a21-b072-594a4412ab8b	Arroz branco	55	49	6	4	SINTETICO
11ee6fe9-4361-424a-9ceb-4e4141b34c50	2025-12-30	MANHA	12	0db97b08-9e92-541d-b2d2-1bc810f8fbe8	Iogurte	39	39	0	2	SINTETICO
80eeefbf-42af-46bf-9691-3367b81a476a	2025-12-30	TARDE	15	84f7e794-a400-5d46-9efe-1c8a8f2f711d	Suco de fruta natural	0	0	0	0	SINTETICO
1f7e50e8-8874-4e2d-a138-7c5b91e75d4a	2025-12-30	TARDE	15	9bf7d50c-378c-58f7-ba1a-0dccafffc54c	Bolacha doce	12	11	1	1	SINTETICO
22baa6dd-0357-429a-82c8-1a4a216675f5	2025-12-30	INTEGRAL	16	9bf7d50c-378c-58f7-ba1a-0dccafffc54c	Bolacha doce	89	80	9	5	SINTETICO
33370715-909b-4d60-a1b5-64f0f13e4b1a	2025-12-30	INTEGRAL	18	79ca1872-52e0-59dd-af29-543b793c0860	Macarrao ao sugo	270	235	35	42	SINTETICO
9afe30c7-b517-48cf-a78d-9ead040400a3	2025-12-30	INTEGRAL	18	2f723cf1-ddd6-58e2-881e-3ab45db8cd2d	Feijao carioca	19	17	2	2	SINTETICO
a9351c3c-38b6-4f57-af57-1d58e23774e8	2025-12-31	INTEGRAL	4	9bf7d50c-378c-58f7-ba1a-0dccafffc54c	Bolacha doce	14	13	1	0	SINTETICO
cb2e70b1-1637-4599-81df-6f29fb2244cd	2025-12-31	INTEGRAL	4	153737d9-caa6-55d5-b086-f7e83fdab4d2	Pao com manteiga	1	1	0	0	SINTETICO
6a292137-bbda-4354-accc-fa6db185962e	2025-12-31	INTEGRAL	4	1b450f5b-ecde-5880-ad0a-91ce0920069d	Maca	3	3	0	0	SINTETICO
15ddd9b9-59b0-4c8b-b76a-80dc59b0445b	2025-12-31	INTEGRAL	4	add956e1-36ad-584e-b1e4-a4a8db28315f	Banana	16	15	1	1	SINTETICO
22bd2203-0cf8-449f-9de9-c3e021789b85	2025-12-31	INTEGRAL	6	6753aa6f-0f7e-5208-8cd6-9e7a8733ef22	Leite com achocolatado	58	51	7	3	SINTETICO
fbbaea84-9c90-46d2-9169-76aa7e75fdb0	2025-12-31	INTEGRAL	8	9bf7d50c-378c-58f7-ba1a-0dccafffc54c	Bolacha doce	1	1	0	0	SINTETICO
360f7258-54b0-4021-bab2-fb184c916c89	2025-12-31	INTEGRAL	8	eed1d0ec-938c-53ef-94b9-626452f5fbd2	Sopa de legumes	80	75	5	26	SINTETICO
f3d5cc4a-1e05-49e2-8ac3-afbb5ca6279c	2025-12-31	INTEGRAL	8	add956e1-36ad-584e-b1e4-a4a8db28315f	Banana	0	0	0	0	SINTETICO
943a87c5-4805-4e39-b94a-ba0d9fd192d6	2025-12-31	INTEGRAL	8	b6f014a3-eaad-57c0-8ee9-24eb9abb819a	Cuscuz	52	47	5	7	SINTETICO
894ca473-a3fd-4a12-a6e7-9b0d6c3ed032	2025-12-31	TARDE	9	1b450f5b-ecde-5880-ad0a-91ce0920069d	Maca	154	136	18	8	SINTETICO
949e146e-d98b-4697-82d0-f30c6cf73667	2025-12-31	TARDE	9	b6f014a3-eaad-57c0-8ee9-24eb9abb819a	Cuscuz	155	152	3	23	SINTETICO
da0d36de-e162-4620-a7bc-c82b55e7c0c2	2025-12-31	INTEGRAL	10	1b450f5b-ecde-5880-ad0a-91ce0920069d	Maca	43	39	4	2	SINTETICO
2e704c29-d8f4-4b6f-b0da-3d30e969ac40	2025-12-31	INTEGRAL	10	79ca1872-52e0-59dd-af29-543b793c0860	Macarrao ao sugo	36	33	3	5	SINTETICO
cd9be586-d16e-4bbd-922b-aef4ec5b93d9	2025-12-31	INTEGRAL	10	84f7e794-a400-5d46-9efe-1c8a8f2f711d	Suco de fruta natural	36	34	2	1	SINTETICO
6a325791-d54b-4bc4-a937-179927e5c342	2025-12-31	INTEGRAL	10	2f723cf1-ddd6-58e2-881e-3ab45db8cd2d	Feijao carioca	93	83	10	6	SINTETICO
2de89f5b-9f8b-4ecc-916f-fb3577693a95	2025-12-31	MANHA	11	84f7e794-a400-5d46-9efe-1c8a8f2f711d	Suco de fruta natural	18	16	2	1	SINTETICO
60106ce9-0e68-42df-88cd-3dadd9afadc3	2025-12-31	MANHA	11	add956e1-36ad-584e-b1e4-a4a8db28315f	Banana	233	204	29	7	SINTETICO
4c445e42-9970-4655-8376-2f4f431c5006	2025-12-31	INTEGRAL	14	b6f014a3-eaad-57c0-8ee9-24eb9abb819a	Cuscuz	49	43	6	5	SINTETICO
80b71fb4-ed82-47cf-aa48-c3eef48d4e05	2025-12-31	INTEGRAL	15	500ccd6c-b321-531f-81ae-3999b578c2e4	Pure de moranga	12	11	1	3	SINTETICO
e5f7d243-53e5-491d-9089-1415f95df1dc	2025-12-31	INTEGRAL	15	153737d9-caa6-55d5-b086-f7e83fdab4d2	Pao com manteiga	54	49	5	3	SINTETICO
b308b405-4d5e-4b4b-bd27-406e830d6934	2025-12-31	INTEGRAL	15	2fb8016f-a7e8-5297-ba7c-fbdbc176e301	Molho de tomate caseiro	263	230	33	36	SINTETICO
22486d2c-7f8d-4ce8-9bd2-00b4582b7875	2025-12-31	INTEGRAL	15	6753aa6f-0f7e-5208-8cd6-9e7a8733ef22	Leite com achocolatado	50	44	6	3	SINTETICO
6fa2cf35-ce27-40a2-a5fd-6bb46fc77d82	2025-12-31	INTEGRAL	17	add956e1-36ad-584e-b1e4-a4a8db28315f	Banana	3	3	0	0	SINTETICO
6a6f70f8-19b8-4abd-9ab2-21c6124db6bb	2025-12-31	INTEGRAL	17	1b450f5b-ecde-5880-ad0a-91ce0920069d	Maca	24	22	2	1	SINTETICO
07b04919-16e8-4a72-aae1-2d05a78042c1	2025-12-31	INTEGRAL	17	6ce7a969-7c2b-5a21-b072-594a4412ab8b	Arroz branco	3	3	0	0	SINTETICO
1ceaf40f-a2e5-4b9f-95ce-1f9d0b3853f4	2025-12-31	INTEGRAL	17	84f7e794-a400-5d46-9efe-1c8a8f2f711d	Suco de fruta natural	284	273	11	10	SINTETICO
00c8c5be-0f90-40fa-a95c-7f55a2c4c973	2025-12-31	MANHA	18	eed1d0ec-938c-53ef-94b9-626452f5fbd2	Sopa de legumes	106	93	13	26	SINTETICO
dce745f7-c69c-4590-97ee-921ecdcf6fd2	2025-12-31	MANHA	18	6ce7a969-7c2b-5a21-b072-594a4412ab8b	Arroz branco	69	60	9	3	SINTETICO
1740354d-21d0-411b-bdb5-841f78f632f0	2026-01-01	MANHA	1	79ca1872-52e0-59dd-af29-543b793c0860	Macarrao ao sugo	35	32	3	4	SINTETICO
6787bc0c-5cc1-4295-9075-202924994117	2026-01-01	MANHA	1	1b450f5b-ecde-5880-ad0a-91ce0920069d	Maca	72	65	7	2	SINTETICO
0eba23b7-721e-4b2e-90c7-cd6bdc963d23	2026-01-01	MANHA	2	1b450f5b-ecde-5880-ad0a-91ce0920069d	Maca	225	207	18	11	SINTETICO
3dc62baa-5382-43a5-a4b2-c2f9cf585c31	2026-01-01	MANHA	2	2f723cf1-ddd6-58e2-881e-3ab45db8cd2d	Feijao carioca	52	46	6	4	SINTETICO
e95b7704-0b93-43df-9605-6426dc82d479	2026-01-01	MANHA	2	6753aa6f-0f7e-5208-8cd6-9e7a8733ef22	Leite com achocolatado	0	0	0	0	SINTETICO
0b1cf006-d6e0-4458-b06c-0dc0fa7d50a9	2026-01-01	MANHA	2	add956e1-36ad-584e-b1e4-a4a8db28315f	Banana	48	43	5	1	SINTETICO
2a6f8486-285b-488a-96c1-8e56dbace1fc	2026-01-01	INTEGRAL	3	0db97b08-9e92-541d-b2d2-1bc810f8fbe8	Iogurte	0	0	0	0	SINTETICO
18ef2f5a-5ab8-40e7-ad9f-c72ad9a710a3	2026-01-01	INTEGRAL	3	79ca1872-52e0-59dd-af29-543b793c0860	Macarrao ao sugo	2	2	0	0	SINTETICO
4df67854-357f-44fb-92ae-84abf782eefb	2026-01-01	TARDE	6	153737d9-caa6-55d5-b086-f7e83fdab4d2	Pao com manteiga	3	3	0	0	SINTETICO
f14d29df-a181-4614-807e-8288bfc28177	2026-01-01	MANHA	7	add956e1-36ad-584e-b1e4-a4a8db28315f	Banana	0	0	0	0	SINTETICO
6a3b207a-a623-4d23-b458-356079b83833	2026-01-01	TARDE	8	eed1d0ec-938c-53ef-94b9-626452f5fbd2	Sopa de legumes	13	12	1	3	SINTETICO
b34826c5-d19c-43b0-b739-e591410ec45f	2026-01-01	TARDE	8	9bf7d50c-378c-58f7-ba1a-0dccafffc54c	Bolacha doce	118	109	9	6	SINTETICO
0e9e7e3c-d167-4794-9708-bf0c9dae322f	2026-01-01	INTEGRAL	9	84f7e794-a400-5d46-9efe-1c8a8f2f711d	Suco de fruta natural	13	12	1	0	SINTETICO
d67b28ba-8540-4f85-a8c0-440555927ca2	2026-01-01	MANHA	10	9bf7d50c-378c-58f7-ba1a-0dccafffc54c	Bolacha doce	52	51	1	3	SINTETICO
01f37c2b-212a-4684-803a-481423ad3282	2026-01-01	MANHA	10	0db97b08-9e92-541d-b2d2-1bc810f8fbe8	Iogurte	317	304	13	14	SINTETICO
1c3d46e2-87c9-4d9e-b9db-4d3b4248bb42	2026-01-01	MANHA	10	84f7e794-a400-5d46-9efe-1c8a8f2f711d	Suco de fruta natural	123	108	15	4	SINTETICO
7fb0e80b-baee-4d45-b3b0-f6b5d9f04459	2026-01-01	INTEGRAL	11	b6f014a3-eaad-57c0-8ee9-24eb9abb819a	Cuscuz	115	106	9	16	SINTETICO
938c4dbc-156a-476e-85b4-7a8a6ec9e0b8	2026-01-01	INTEGRAL	11	0db97b08-9e92-541d-b2d2-1bc810f8fbe8	Iogurte	3	3	0	0	SINTETICO
2d1c6d71-e3b7-428f-9b61-e10327e9be83	2026-01-01	INTEGRAL	11	eed1d0ec-938c-53ef-94b9-626452f5fbd2	Sopa de legumes	91	86	5	27	SINTETICO
fd39a037-81c8-436c-bff6-477b203d1591	2026-01-01	MANHA	14	0db97b08-9e92-541d-b2d2-1bc810f8fbe8	Iogurte	12	12	0	1	SINTETICO
f264cf0b-8a71-46ad-addc-0646bbb4ab69	2026-01-01	MANHA	14	eed1d0ec-938c-53ef-94b9-626452f5fbd2	Sopa de legumes	9	9	0	3	SINTETICO
90281918-c8b9-43a9-99aa-d73a0b782b3d	2026-01-01	MANHA	14	84f7e794-a400-5d46-9efe-1c8a8f2f711d	Suco de fruta natural	2	2	0	0	SINTETICO
d212104f-fe1e-4c1d-87f3-6f6f53c2f1c4	2026-01-01	MANHA	14	6753aa6f-0f7e-5208-8cd6-9e7a8733ef22	Leite com achocolatado	3	3	0	0	SINTETICO
7c341563-07a4-4edd-81ce-1cd0157f743d	2026-01-01	INTEGRAL	15	b6f014a3-eaad-57c0-8ee9-24eb9abb819a	Cuscuz	1	1	0	0	SINTETICO
f491786b-511e-444d-9e41-e67924c051dc	2026-01-01	INTEGRAL	15	2f723cf1-ddd6-58e2-881e-3ab45db8cd2d	Feijao carioca	105	104	1	7	SINTETICO
79c7fb56-a6db-4c19-b890-6804ada7c837	2026-01-01	INTEGRAL	15	1b450f5b-ecde-5880-ad0a-91ce0920069d	Maca	42	41	1	2	SINTETICO
ab835d45-a657-4005-9584-ffa9d8f3d910	2026-01-01	MANHA	16	2f723cf1-ddd6-58e2-881e-3ab45db8cd2d	Feijao carioca	0	0	0	0	SINTETICO
96a04fb7-caf2-4417-873a-363889c36de0	2026-01-01	MANHA	16	add956e1-36ad-584e-b1e4-a4a8db28315f	Banana	19	17	2	1	SINTETICO
421bd0e4-8606-433c-a4eb-3b14a296b53a	2026-01-01	MANHA	16	153737d9-caa6-55d5-b086-f7e83fdab4d2	Pao com manteiga	19	18	1	1	SINTETICO
1776a09e-5038-49e6-a440-3446ebebd877	2026-01-01	MANHA	16	79ca1872-52e0-59dd-af29-543b793c0860	Macarrao ao sugo	350	317	33	36	SINTETICO
86f17f75-43cf-4118-a453-62b1422090e8	2026-01-01	INTEGRAL	17	2f723cf1-ddd6-58e2-881e-3ab45db8cd2d	Feijao carioca	43	37	6	3	SINTETICO
459fc0bd-5b13-43b1-bca4-9fc93709164a	2026-01-01	INTEGRAL	17	153737d9-caa6-55d5-b086-f7e83fdab4d2	Pao com manteiga	42	38	4	2	SINTETICO
58efc6dc-4619-4733-98fc-9f5e37e04cc7	2026-01-01	INTEGRAL	17	9bf7d50c-378c-58f7-ba1a-0dccafffc54c	Bolacha doce	58	51	7	3	SINTETICO
d2c9ff5f-14d1-41c9-b711-ae2c7381b825	2026-01-01	INTEGRAL	18	1b450f5b-ecde-5880-ad0a-91ce0920069d	Maca	67	60	7	3	SINTETICO
c0024ad4-b9ac-422b-ae5c-56b0fc0fd2ce	2026-01-02	INTEGRAL	1	2f723cf1-ddd6-58e2-881e-3ab45db8cd2d	Feijao carioca	0	0	0	0	SINTETICO
dc232e4c-5911-4a53-b5a7-7cdc8e9d876b	2026-01-02	INTEGRAL	1	b6f014a3-eaad-57c0-8ee9-24eb9abb819a	Cuscuz	44	39	5	5	SINTETICO
80f39660-b98d-4917-9b08-24c322a1b418	2026-01-02	TARDE	3	6ce7a969-7c2b-5a21-b072-594a4412ab8b	Arroz branco	521	494	27	31	SINTETICO
17a5fe3b-7ffc-48c8-bed7-ac6cc878f1ec	2026-01-02	TARDE	3	79ca1872-52e0-59dd-af29-543b793c0860	Macarrao ao sugo	35	35	0	5	SINTETICO
465da248-287c-46ab-aac5-86635d19e570	2026-01-02	TARDE	3	0db97b08-9e92-541d-b2d2-1bc810f8fbe8	Iogurte	40	35	5	2	SINTETICO
0229e100-f573-4d8a-8f1e-d933261b2f51	2026-01-02	INTEGRAL	4	0db97b08-9e92-541d-b2d2-1bc810f8fbe8	Iogurte	9	8	1	0	SINTETICO
a2879f6a-0116-4cb1-9cda-6ad602f9c912	2026-01-02	INTEGRAL	4	1b450f5b-ecde-5880-ad0a-91ce0920069d	Maca	57	51	6	3	SINTETICO
62028137-c26f-4a33-98e9-1040bb59f862	2026-01-02	INTEGRAL	5	2f723cf1-ddd6-58e2-881e-3ab45db8cd2d	Feijao carioca	17	16	1	1	SINTETICO
01ca87ef-eee5-410a-9aaa-952b5e7b4fa9	2026-01-02	TARDE	6	153737d9-caa6-55d5-b086-f7e83fdab4d2	Pao com manteiga	0	0	0	0	SINTETICO
b0f98c4f-fc0c-42e3-98c5-fbf8bd073242	2026-01-02	TARDE	6	2f723cf1-ddd6-58e2-881e-3ab45db8cd2d	Feijao carioca	1	1	0	0	SINTETICO
6cf5a24b-bdf3-48a6-ba9d-a3286414c54e	2026-01-02	INTEGRAL	7	9bf7d50c-378c-58f7-ba1a-0dccafffc54c	Bolacha doce	34	31	3	2	SINTETICO
5a77d00a-c50f-429b-b2d4-da4c6b1f13e1	2026-01-02	INTEGRAL	7	eed1d0ec-938c-53ef-94b9-626452f5fbd2	Sopa de legumes	0	0	0	0	SINTETICO
c132e99d-dcc0-4bc6-9938-46c806782d48	2026-01-02	INTEGRAL	8	0db97b08-9e92-541d-b2d2-1bc810f8fbe8	Iogurte	7	6	1	0	SINTETICO
14ca3fea-2278-487a-977c-f8fc6808fe89	2026-01-02	INTEGRAL	8	9bf7d50c-378c-58f7-ba1a-0dccafffc54c	Bolacha doce	83	81	2	4	SINTETICO
54e8f7ca-162a-454f-8575-1101b283a31c	2026-01-02	INTEGRAL	8	eed1d0ec-938c-53ef-94b9-626452f5fbd2	Sopa de legumes	12	11	1	4	SINTETICO
5c8976b6-8f86-4fe3-9f7b-6b8a87c40301	2026-01-02	INTEGRAL	9	1b450f5b-ecde-5880-ad0a-91ce0920069d	Maca	49	48	1	3	SINTETICO
3f391c74-703b-4341-b0e5-104630f393ff	2026-01-02	INTEGRAL	9	47fbd9af-ac57-5250-a6e2-0018c6bd21c0	Couve	98	92	6	27	SINTETICO
cb53e95e-07b3-4d57-a83b-981be4a49ce3	2026-01-02	INTEGRAL	9	79ca1872-52e0-59dd-af29-543b793c0860	Macarrao ao sugo	13	12	1	2	SINTETICO
146c3279-84fc-4e3f-aab9-e112691ff15b	2026-01-02	INTEGRAL	9	6ce7a969-7c2b-5a21-b072-594a4412ab8b	Arroz branco	79	73	6	5	SINTETICO
529118da-8829-46f1-ba0a-cd3c468eef66	2026-01-02	INTEGRAL	9	2f723cf1-ddd6-58e2-881e-3ab45db8cd2d	Feijao carioca	10	9	1	1	SINTETICO
9bf3eec1-a2d5-4384-886b-ca40a8e6aead	2026-01-02	INTEGRAL	12	add956e1-36ad-584e-b1e4-a4a8db28315f	Banana	1	1	0	0	SINTETICO
ab82ead3-e451-4886-9f8d-59da505a4848	2026-01-02	INTEGRAL	12	0db97b08-9e92-541d-b2d2-1bc810f8fbe8	Iogurte	351	329	22	18	SINTETICO
8bcbdf8a-06a1-4a9d-8fb6-25fc97cce1d4	2026-01-02	MANHA	13	2f723cf1-ddd6-58e2-881e-3ab45db8cd2d	Feijao carioca	371	356	15	23	SINTETICO
0c8d376c-78f5-4ecc-88c8-5abe252307d5	2026-01-02	INTEGRAL	14	0db97b08-9e92-541d-b2d2-1bc810f8fbe8	Iogurte	22	21	1	1	SINTETICO
1f1d3e87-6d44-4359-948c-690296e3770c	2026-01-02	INTEGRAL	15	add956e1-36ad-584e-b1e4-a4a8db28315f	Banana	79	70	9	3	SINTETICO
0c21e1ab-6ae0-4a62-a027-ea3f64de635f	2026-01-02	INTEGRAL	15	153737d9-caa6-55d5-b086-f7e83fdab4d2	Pao com manteiga	13	13	0	1	SINTETICO
247c0968-fe27-414c-8636-6b33e636cbae	2026-01-02	INTEGRAL	16	6753aa6f-0f7e-5208-8cd6-9e7a8733ef22	Leite com achocolatado	0	0	0	0	SINTETICO
8e6adda7-5f12-4d76-81e4-c3b4a4c8a97e	2026-01-02	INTEGRAL	16	1b450f5b-ecde-5880-ad0a-91ce0920069d	Maca	91	90	1	4	SINTETICO
6520fea6-441d-4869-a7fa-a8ef1ff3dd14	2026-01-05	TARDE	1	b6f014a3-eaad-57c0-8ee9-24eb9abb819a	Cuscuz	561	494	67	49	SINTETICO
6de33526-62ed-4d3a-8cab-65f3563b0471	2026-01-05	TARDE	3	0db97b08-9e92-541d-b2d2-1bc810f8fbe8	Iogurte	5	5	0	0	SINTETICO
4c0b0d84-3278-410c-a1e8-c4834385cedf	2026-01-05	TARDE	3	eed1d0ec-938c-53ef-94b9-626452f5fbd2	Sopa de legumes	0	0	0	0	SINTETICO
6037ee32-79af-4be2-b4a0-12882ec10676	2026-01-05	INTEGRAL	4	84f7e794-a400-5d46-9efe-1c8a8f2f711d	Suco de fruta natural	21	20	1	1	SINTETICO
d5b0678f-2fd9-4ef7-9d38-c4668048d53d	2026-01-05	INTEGRAL	5	6f1d5964-e195-53e5-b25d-c4128c0b139a	Iscas de frango acebolada	0	0	0	0	SINTETICO
e437574d-a3e8-44b9-a69b-8bd436beb0ee	2026-01-05	INTEGRAL	7	2f723cf1-ddd6-58e2-881e-3ab45db8cd2d	Feijao carioca	1	1	0	0	SINTETICO
5ee62fb3-1127-4b28-b5d2-5122b876573d	2026-01-05	INTEGRAL	7	0db97b08-9e92-541d-b2d2-1bc810f8fbe8	Iogurte	0	0	0	0	SINTETICO
a70be6c1-ff2b-440f-8787-d8e4dd3984b2	2026-01-05	INTEGRAL	9	b6f014a3-eaad-57c0-8ee9-24eb9abb819a	Cuscuz	18	17	1	2	SINTETICO
358b8fd3-acc9-4020-a7ee-1bde209624a1	2026-01-05	INTEGRAL	9	84f7e794-a400-5d46-9efe-1c8a8f2f711d	Suco de fruta natural	53	47	6	2	SINTETICO
cc44a331-03fa-443d-8133-cbf106fb9f93	2026-01-05	INTEGRAL	9	0db97b08-9e92-541d-b2d2-1bc810f8fbe8	Iogurte	0	0	0	0	SINTETICO
c4de59e3-7d22-4298-8e4b-e721abf140b8	2026-01-05	INTEGRAL	9	6ce7a969-7c2b-5a21-b072-594a4412ab8b	Arroz branco	55	51	4	3	SINTETICO
59baffa0-0ec4-4eb9-9858-de29bc2d8a7b	2026-01-05	INTEGRAL	10	b6f014a3-eaad-57c0-8ee9-24eb9abb819a	Cuscuz	10	9	1	1	SINTETICO
fd56a167-18ff-4d80-a826-8b3a04d59ea4	2026-01-05	TARDE	14	84f7e794-a400-5d46-9efe-1c8a8f2f711d	Suco de fruta natural	223	200	23	10	SINTETICO
9b88eb4c-3647-411c-9502-f376d1f2c48e	2026-01-05	TARDE	14	6ce7a969-7c2b-5a21-b072-594a4412ab8b	Arroz branco	117	109	8	6	SINTETICO
b1cf1e94-66d2-4ea8-a4b4-0607b09e6beb	2026-01-05	MANHA	15	79ca1872-52e0-59dd-af29-543b793c0860	Macarrao ao sugo	39	37	2	4	SINTETICO
c5c295a3-c476-45f4-a883-472ced35011f	2026-01-05	MANHA	15	eed1d0ec-938c-53ef-94b9-626452f5fbd2	Sopa de legumes	127	122	5	32	SINTETICO
b306f791-a78c-4656-91da-98b35c51a151	2026-01-05	INTEGRAL	16	2f723cf1-ddd6-58e2-881e-3ab45db8cd2d	Feijao carioca	3	3	0	0	SINTETICO
d833f470-4e43-428e-a4d3-5453e110033f	2026-01-05	INTEGRAL	16	6ce7a969-7c2b-5a21-b072-594a4412ab8b	Arroz branco	15	13	2	1	SINTETICO
bd78367c-7a8f-446c-89b7-02bbbce17b27	2026-01-05	INTEGRAL	16	1b450f5b-ecde-5880-ad0a-91ce0920069d	Maca	2	2	0	0	SINTETICO
2b31baa7-3b59-4c18-9b97-95ac91c757f8	2026-01-05	INTEGRAL	18	1b450f5b-ecde-5880-ad0a-91ce0920069d	Maca	13	12	1	1	SINTETICO
8b072423-be00-47b8-a7fa-730dba0d8c9c	2026-01-05	INTEGRAL	18	9bf7d50c-378c-58f7-ba1a-0dccafffc54c	Bolacha doce	37	37	0	2	SINTETICO
bf7a07e6-e09c-44b7-89b6-3726f36a2b49	2026-01-06	MANHA	1	b6f014a3-eaad-57c0-8ee9-24eb9abb819a	Cuscuz	2	2	0	0	SINTETICO
60752731-9ca5-4b70-8505-2d93ebeeff07	2026-01-06	MANHA	1	eed1d0ec-938c-53ef-94b9-626452f5fbd2	Sopa de legumes	22	20	2	5	SINTETICO
7a62a10b-756b-4f7f-b154-76407200aa59	2026-01-06	INTEGRAL	4	153737d9-caa6-55d5-b086-f7e83fdab4d2	Pao com manteiga	3	3	0	0	SINTETICO
221d3275-4a9c-4887-a573-d1749103749e	2026-01-06	INTEGRAL	4	84f7e794-a400-5d46-9efe-1c8a8f2f711d	Suco de fruta natural	2	2	0	0	SINTETICO
cd33da10-bd6a-477e-9646-8ee355b1f9a3	2026-01-06	INTEGRAL	4	9bf7d50c-378c-58f7-ba1a-0dccafffc54c	Bolacha doce	154	138	16	6	SINTETICO
ddcb32f8-8e71-4dd9-acb6-8bce5df5f30b	2026-01-06	INTEGRAL	5	add956e1-36ad-584e-b1e4-a4a8db28315f	Banana	23	20	3	1	SINTETICO
9290a35d-f3b6-4743-bfdb-efc9d1a87c80	2026-01-06	INTEGRAL	5	eed1d0ec-938c-53ef-94b9-626452f5fbd2	Sopa de legumes	36	33	3	11	SINTETICO
82082d97-24cf-404f-a03f-875877f7d941	2026-01-06	INTEGRAL	5	6753aa6f-0f7e-5208-8cd6-9e7a8733ef22	Leite com achocolatado	0	0	0	0	SINTETICO
c6ec7b8a-99b5-4854-99aa-65a71baa3931	2026-01-06	INTEGRAL	7	6753aa6f-0f7e-5208-8cd6-9e7a8733ef22	Leite com achocolatado	83	75	8	5	SINTETICO
66e52437-c816-4d10-9f6c-9ca258a25120	2026-01-06	INTEGRAL	7	0db97b08-9e92-541d-b2d2-1bc810f8fbe8	Iogurte	17	16	1	1	SINTETICO
2146cfdc-f144-4d87-9fed-cee3c7fea7d6	2026-01-06	INTEGRAL	9	b6f014a3-eaad-57c0-8ee9-24eb9abb819a	Cuscuz	28	27	1	3	SINTETICO
8a35e2af-2860-49e2-b5d7-5db61b98da25	2026-01-06	INTEGRAL	9	79ca1872-52e0-59dd-af29-543b793c0860	Macarrao ao sugo	381	374	7	48	SINTETICO
1ff767e2-d1f4-49e5-95a4-09522a572bb2	2026-01-06	INTEGRAL	11	6ce7a969-7c2b-5a21-b072-594a4412ab8b	Arroz branco	0	0	0	0	SINTETICO
b21b6363-5caf-454e-a0c4-046746023795	2026-01-06	INTEGRAL	11	1b450f5b-ecde-5880-ad0a-91ce0920069d	Maca	1	1	0	0	SINTETICO
6a709045-825e-47cb-8975-5f72c7ee45dc	2026-01-06	INTEGRAL	13	b6f014a3-eaad-57c0-8ee9-24eb9abb819a	Cuscuz	45	39	6	4	SINTETICO
7fd69d69-899c-44b8-a683-502996f11f11	2026-01-06	INTEGRAL	15	153737d9-caa6-55d5-b086-f7e83fdab4d2	Pao com manteiga	2	2	0	0	SINTETICO
441690c9-3eed-4ba1-a061-f25dd58994c3	2026-01-06	INTEGRAL	15	1b450f5b-ecde-5880-ad0a-91ce0920069d	Maca	18	17	1	1	SINTETICO
7327ed36-906b-47b2-b9f3-31606a0b4580	2026-01-06	INTEGRAL	16	6ce7a969-7c2b-5a21-b072-594a4412ab8b	Arroz branco	30	30	0	2	SINTETICO
f229ab4c-dedd-47f3-9fe4-d008148aa9c7	2026-01-06	INTEGRAL	17	1b450f5b-ecde-5880-ad0a-91ce0920069d	Maca	11	11	0	1	SINTETICO
b335b84a-be64-4bf1-8c65-4a421d4c9f71	2026-01-06	INTEGRAL	17	0db97b08-9e92-541d-b2d2-1bc810f8fbe8	Iogurte	0	0	0	0	SINTETICO
fae0d235-0d3c-4ffb-8357-5fd30316f8a9	2026-01-06	INTEGRAL	17	84f7e794-a400-5d46-9efe-1c8a8f2f711d	Suco de fruta natural	23	21	2	1	SINTETICO
68c6d3e7-2db9-40b5-a791-ab26a07ed965	2026-01-07	INTEGRAL	2	153737d9-caa6-55d5-b086-f7e83fdab4d2	Pao com manteiga	9	8	1	0	SINTETICO
49103418-7764-4546-9bb7-8d0f52b02794	2026-01-07	INTEGRAL	2	1b450f5b-ecde-5880-ad0a-91ce0920069d	Maca	70	65	5	3	SINTETICO
e07d91e7-9f11-4f12-9f46-1fc69c1c9851	2026-01-07	INTEGRAL	2	add956e1-36ad-584e-b1e4-a4a8db28315f	Banana	21	18	3	1	SINTETICO
4558ecc7-c919-469d-b3b2-5259caee2931	2026-01-07	INTEGRAL	2	2f723cf1-ddd6-58e2-881e-3ab45db8cd2d	Feijao carioca	0	0	0	0	SINTETICO
b462a84f-60d9-4c3c-a084-a2edca45cd56	2026-01-07	INTEGRAL	2	84f7e794-a400-5d46-9efe-1c8a8f2f711d	Suco de fruta natural	1	1	0	0	SINTETICO
d1b97b66-d8d5-4b65-8f94-f5a094f8886c	2026-01-07	INTEGRAL	2	eed1d0ec-938c-53ef-94b9-626452f5fbd2	Sopa de legumes	5	5	0	2	SINTETICO
e246ae3f-ffe8-43ba-bc6c-3e727f2c1322	2026-01-07	INTEGRAL	2	0db97b08-9e92-541d-b2d2-1bc810f8fbe8	Iogurte	49	47	2	3	SINTETICO
6f29e09c-57a3-4fd9-a369-b9a19fcd5f6c	2026-01-07	MANHA	3	84f7e794-a400-5d46-9efe-1c8a8f2f711d	Suco de fruta natural	24	22	2	1	SINTETICO
9a227781-b15e-49d6-9610-c01b71011e0c	2026-01-07	MANHA	3	0db97b08-9e92-541d-b2d2-1bc810f8fbe8	Iogurte	98	91	7	4	SINTETICO
bca1d445-2b5c-46a6-bdd7-1db9cc64accf	2026-01-07	INTEGRAL	5	79ca1872-52e0-59dd-af29-543b793c0860	Macarrao ao sugo	148	138	10	22	SINTETICO
0584a1fd-8e99-413a-ad80-9c5927e940ed	2026-01-07	INTEGRAL	5	1b450f5b-ecde-5880-ad0a-91ce0920069d	Maca	6	6	0	0	SINTETICO
da3a4777-947c-47da-bb81-d55f51e808bb	2026-01-07	TARDE	6	b94bd7bf-252f-5c97-9722-163c6d7e2412	Brocolis	123	110	13	19	SINTETICO
94086e44-19e3-45c7-9feb-e26505d513d9	2026-01-07	MANHA	7	bb7ca364-cc13-59ee-a7ed-1d5136b5b6e3	Beterraba cozida	1	1	0	0	SINTETICO
09c81586-9112-4e20-8eff-9d615715e83a	2026-01-07	MANHA	7	add956e1-36ad-584e-b1e4-a4a8db28315f	Banana	317	310	7	13	SINTETICO
d8ef1e6b-41a8-4918-8469-6e426e214bee	2026-01-07	MANHA	7	1b450f5b-ecde-5880-ad0a-91ce0920069d	Maca	43	41	2	2	SINTETICO
c86b9ecf-377a-4258-8ea2-4286f3813e2f	2026-01-07	MANHA	7	0db97b08-9e92-541d-b2d2-1bc810f8fbe8	Iogurte	6	6	0	0	SINTETICO
2cc55a86-a986-4d6f-9972-e6d10c5535a8	2026-01-07	MANHA	7	9bf7d50c-378c-58f7-ba1a-0dccafffc54c	Bolacha doce	33	30	3	2	SINTETICO
7b0a7f29-020e-4c39-9725-baac7a33e62e	2026-01-07	INTEGRAL	8	1b450f5b-ecde-5880-ad0a-91ce0920069d	Maca	1	1	0	0	SINTETICO
8311a1e6-a205-42f3-b7b4-ecc41825846a	2026-01-07	INTEGRAL	8	153737d9-caa6-55d5-b086-f7e83fdab4d2	Pao com manteiga	0	0	0	0	SINTETICO
ad21b692-6d58-4017-ab9b-81449199eb07	2026-01-07	MANHA	9	6753aa6f-0f7e-5208-8cd6-9e7a8733ef22	Leite com achocolatado	16	15	1	1	SINTETICO
7a60cf1d-452a-477a-99bd-f18ad3f38452	2026-01-07	MANHA	9	0db97b08-9e92-541d-b2d2-1bc810f8fbe8	Iogurte	0	0	0	0	SINTETICO
fb75618e-a175-44ae-bece-761ac594083e	2026-01-07	INTEGRAL	10	2f723cf1-ddd6-58e2-881e-3ab45db8cd2d	Feijao carioca	106	98	8	6	SINTETICO
0ce6127b-43ce-4da4-8b09-8da14e2be785	2026-01-07	INTEGRAL	10	d02df37a-5ddb-5d71-b171-5b2f6e16b1c8	Ovo cozido	23	20	3	2	SINTETICO
7aeb0d55-ef86-42fd-940c-8ae89ce48ee8	2026-01-07	INTEGRAL	10	eed1d0ec-938c-53ef-94b9-626452f5fbd2	Sopa de legumes	4	4	0	1	SINTETICO
75e145c0-f09a-470f-b398-fad2c939c144	2026-01-07	INTEGRAL	10	79ca1872-52e0-59dd-af29-543b793c0860	Macarrao ao sugo	169	148	21	17	SINTETICO
834bac46-784c-49a5-98c1-50d3fbb6ae51	2026-01-07	INTEGRAL	10	153737d9-caa6-55d5-b086-f7e83fdab4d2	Pao com manteiga	1	1	0	0	SINTETICO
812a9e2c-35ac-4cce-b64f-2ed3906c0a02	2026-01-07	INTEGRAL	10	045210e2-4f88-5f7b-950a-db8c8dacab7e	Repolho	41	41	0	8	SINTETICO
c8ee4375-f9e2-4a1e-a816-76f6436b644e	2026-01-07	MANHA	12	79ca1872-52e0-59dd-af29-543b793c0860	Macarrao ao sugo	44	38	6	4	SINTETICO
e0f112d4-2751-4bd9-bcfa-9eae03c2a90f	2026-01-07	MANHA	12	0db97b08-9e92-541d-b2d2-1bc810f8fbe8	Iogurte	22	21	1	2	SINTETICO
53b7e2da-f286-44bf-a50a-81449d9e3f1e	2026-01-07	MANHA	12	b6f014a3-eaad-57c0-8ee9-24eb9abb819a	Cuscuz	19	17	2	2	SINTETICO
5d82a335-a858-4ba9-ba09-1d4f5c0ab264	2026-01-07	INTEGRAL	14	b6f014a3-eaad-57c0-8ee9-24eb9abb819a	Cuscuz	48	43	5	5	SINTETICO
cc4c6e63-60ea-4de7-b564-1a9322979995	2026-01-07	INTEGRAL	14	79ca1872-52e0-59dd-af29-543b793c0860	Macarrao ao sugo	99	91	8	17	SINTETICO
ec96c5af-8d19-4dfc-b319-8d1b62cc9b3a	2026-01-07	INTEGRAL	14	1b450f5b-ecde-5880-ad0a-91ce0920069d	Maca	20	20	0	1	SINTETICO
76b89526-00cf-4224-873a-d52d4f41cbc4	2026-01-07	INTEGRAL	14	eed1d0ec-938c-53ef-94b9-626452f5fbd2	Sopa de legumes	1	1	0	0	SINTETICO
bdfcc8eb-a2f4-43ae-8412-c32852484900	2026-01-07	INTEGRAL	14	6753aa6f-0f7e-5208-8cd6-9e7a8733ef22	Leite com achocolatado	0	0	0	0	SINTETICO
3e08d206-6a49-47ff-bb72-31f538e5d71c	2026-01-07	INTEGRAL	18	153737d9-caa6-55d5-b086-f7e83fdab4d2	Pao com manteiga	3	3	0	0	SINTETICO
be8fc857-f289-4720-a853-7417c2ace091	2026-01-08	INTEGRAL	1	6ce7a969-7c2b-5a21-b072-594a4412ab8b	Arroz branco	18	17	1	1	SINTETICO
1a8f1fb2-2464-41cd-b2d9-69825039de74	2026-01-08	INTEGRAL	2	6753aa6f-0f7e-5208-8cd6-9e7a8733ef22	Leite com achocolatado	47	42	5	3	SINTETICO
415816ab-a853-4263-8fc0-908b995c1857	2026-01-08	INTEGRAL	2	eed1d0ec-938c-53ef-94b9-626452f5fbd2	Sopa de legumes	2	2	0	0	SINTETICO
d777b7af-00ed-41cf-8f48-4fda487696e7	2026-01-08	MANHA	5	b6f014a3-eaad-57c0-8ee9-24eb9abb819a	Cuscuz	26	25	1	4	SINTETICO
572663f4-d699-49df-96da-cec5d37af213	2026-01-08	MANHA	5	0db97b08-9e92-541d-b2d2-1bc810f8fbe8	Iogurte	0	0	0	0	SINTETICO
86c2377b-86eb-476c-82fc-7bfb44b80885	2026-01-08	MANHA	5	9bf7d50c-378c-58f7-ba1a-0dccafffc54c	Bolacha doce	272	266	6	16	SINTETICO
2771f202-967d-4221-a63b-c32f5e0c4228	2026-01-08	MANHA	5	153737d9-caa6-55d5-b086-f7e83fdab4d2	Pao com manteiga	57	55	2	3	SINTETICO
00897f90-1c39-45fd-a533-2842ddee413b	2026-01-08	MANHA	5	2f723cf1-ddd6-58e2-881e-3ab45db8cd2d	Feijao carioca	1	1	0	0	SINTETICO
8442091b-4249-4a05-bad3-f544627b9775	2026-01-08	MANHA	5	1b450f5b-ecde-5880-ad0a-91ce0920069d	Maca	24	22	2	1	SINTETICO
9c31865c-a0e4-4cc9-a2cc-84a50b973dfb	2026-01-08	TARDE	9	add956e1-36ad-584e-b1e4-a4a8db28315f	Banana	128	114	14	3	SINTETICO
02319931-ed42-4ae3-a5a6-20ccb6f1604b	2026-01-08	TARDE	9	e8c59186-e147-5530-a4ba-b728fd7852c3	Arroz com galinha	476	441	35	29	SINTETICO
0a31fc48-3848-4517-bbeb-fe15050e88af	2026-01-08	INTEGRAL	10	b6f014a3-eaad-57c0-8ee9-24eb9abb819a	Cuscuz	21	19	2	3	SINTETICO
64eca142-d81c-41fd-a0c5-950e9d2299a3	2026-01-08	INTEGRAL	13	6753aa6f-0f7e-5208-8cd6-9e7a8733ef22	Leite com achocolatado	3	3	0	0	SINTETICO
a863da96-dc44-4ea0-9e67-27512e958e39	2026-01-08	INTEGRAL	13	79ca1872-52e0-59dd-af29-543b793c0860	Macarrao ao sugo	52	48	4	6	SINTETICO
990ca912-fe9a-4c12-a57c-6366a8ff24b6	2026-01-08	INTEGRAL	14	eed1d0ec-938c-53ef-94b9-626452f5fbd2	Sopa de legumes	0	0	0	0	SINTETICO
67b75e03-4aed-494b-a322-e1df0158005b	2026-01-08	INTEGRAL	16	0db97b08-9e92-541d-b2d2-1bc810f8fbe8	Iogurte	9	8	1	0	SINTETICO
583d05aa-41ba-4093-97ac-5d7d22a54758	2026-01-08	INTEGRAL	16	b4612635-bcf9-56d3-bc95-ef912ff6a829	Cenoura cozida	48	47	1	10	SINTETICO
3b7f2a37-4134-4aeb-8c54-f337a30fc51b	2026-01-08	INTEGRAL	16	6753aa6f-0f7e-5208-8cd6-9e7a8733ef22	Leite com achocolatado	3	3	0	0	SINTETICO
158d4ba0-50a8-4b77-9984-395cdc95a356	2026-01-08	INTEGRAL	16	153737d9-caa6-55d5-b086-f7e83fdab4d2	Pao com manteiga	15	14	1	1	SINTETICO
929a80b0-b318-46eb-9e00-28c4dd4164e6	2026-01-08	INTEGRAL	17	add956e1-36ad-584e-b1e4-a4a8db28315f	Banana	73	72	1	3	SINTETICO
6b9c9042-f4fd-492c-8b86-15df35d6e148	2026-01-08	INTEGRAL	17	79ca1872-52e0-59dd-af29-543b793c0860	Macarrao ao sugo	0	0	0	0	SINTETICO
cbf08475-f613-4104-8ece-bccbc54fb603	2026-01-08	INTEGRAL	18	6753aa6f-0f7e-5208-8cd6-9e7a8733ef22	Leite com achocolatado	336	314	22	24	SINTETICO
6d7b8b04-eeb3-42e3-acc6-494870c5028a	2026-01-08	INTEGRAL	18	0db97b08-9e92-541d-b2d2-1bc810f8fbe8	Iogurte	0	0	0	0	SINTETICO
892c1702-81de-4bb1-a1f4-dad59be42352	2026-01-09	MANHA	2	500ccd6c-b321-531f-81ae-3999b578c2e4	Pure de moranga	1	1	0	0	SINTETICO
b0324a39-23ee-48da-bc7d-e3a61c6504ff	2026-01-09	TARDE	3	79ca1872-52e0-59dd-af29-543b793c0860	Macarrao ao sugo	130	119	11	19	SINTETICO
b319067b-67ac-4cf2-b73b-4b508e2b7c68	2026-01-09	INTEGRAL	4	eed1d0ec-938c-53ef-94b9-626452f5fbd2	Sopa de legumes	24	22	2	5	SINTETICO
20dadc9f-aa9a-4b5a-80e7-7ce4425dc6ca	2026-01-09	INTEGRAL	4	153737d9-caa6-55d5-b086-f7e83fdab4d2	Pao com manteiga	13	12	1	1	SINTETICO
b5d398cc-2114-453f-980e-d473c8434e43	2026-01-09	MANHA	5	add956e1-36ad-584e-b1e4-a4a8db28315f	Banana	2	2	0	0	SINTETICO
f6043bae-4645-44fb-8dd0-fe16e01ff6fd	2026-01-09	MANHA	5	1b450f5b-ecde-5880-ad0a-91ce0920069d	Maca	26	25	1	1	SINTETICO
31b8a938-d7db-4b70-a211-f34f9bde0473	2026-01-09	MANHA	5	6753aa6f-0f7e-5208-8cd6-9e7a8733ef22	Leite com achocolatado	17	17	0	1	SINTETICO
80781db1-5f82-44fb-8193-352c36d2d66f	2026-01-09	MANHA	5	79ca1872-52e0-59dd-af29-543b793c0860	Macarrao ao sugo	84	77	7	9	SINTETICO
5db92d7d-fae5-4472-8a3e-97b03620f0c1	2026-01-09	MANHA	5	84f7e794-a400-5d46-9efe-1c8a8f2f711d	Suco de fruta natural	20	18	2	1	SINTETICO
8eb9cebf-04d9-4e2c-a221-a3830b9d0eaf	2026-01-09	INTEGRAL	6	0db97b08-9e92-541d-b2d2-1bc810f8fbe8	Iogurte	397	371	26	18	SINTETICO
a2c0c925-fe4a-4a6e-888d-905d1d90ea9b	2026-01-09	INTEGRAL	6	84f7e794-a400-5d46-9efe-1c8a8f2f711d	Suco de fruta natural	20	19	1	1	SINTETICO
3c1e61ad-dff1-4d53-a112-5d2f0878d583	2026-01-09	INTEGRAL	6	2f723cf1-ddd6-58e2-881e-3ab45db8cd2d	Feijao carioca	25	23	2	3	SINTETICO
986188e5-83aa-4f84-b059-23ad0d032d4c	2026-01-09	MANHA	8	79ca1872-52e0-59dd-af29-543b793c0860	Macarrao ao sugo	87	81	6	12	SINTETICO
874b191e-e762-4a0b-b9a5-7e22b3f21c80	2026-01-09	INTEGRAL	9	eed1d0ec-938c-53ef-94b9-626452f5fbd2	Sopa de legumes	52	50	2	11	SINTETICO
17906d2d-c3b4-4b68-a030-97405fc8ac52	2026-01-09	INTEGRAL	9	153737d9-caa6-55d5-b086-f7e83fdab4d2	Pao com manteiga	5	5	0	0	SINTETICO
597c2284-2245-42d3-8108-861a900f0f59	2026-01-09	INTEGRAL	9	1b450f5b-ecde-5880-ad0a-91ce0920069d	Maca	18	18	0	1	SINTETICO
166e2c11-6cd5-4940-9309-153c00f5e8dc	2026-01-09	INTEGRAL	9	0db97b08-9e92-541d-b2d2-1bc810f8fbe8	Iogurte	1	1	0	0	SINTETICO
b49e782b-8c45-42b6-9c75-9184e4a14f39	2026-01-09	INTEGRAL	11	84f7e794-a400-5d46-9efe-1c8a8f2f711d	Suco de fruta natural	34	30	4	1	SINTETICO
35ad958f-3bea-43a2-9ff9-bf7e1df2a45f	2026-01-09	INTEGRAL	11	0db97b08-9e92-541d-b2d2-1bc810f8fbe8	Iogurte	58	53	5	4	SINTETICO
3ecd327b-ca3d-43a2-9b7d-9c7269e45b9f	2026-01-09	INTEGRAL	13	6753aa6f-0f7e-5208-8cd6-9e7a8733ef22	Leite com achocolatado	144	138	6	10	SINTETICO
e87b202f-fb7b-47ff-a758-8fc1ef70f982	2026-01-09	INTEGRAL	13	84f7e794-a400-5d46-9efe-1c8a8f2f711d	Suco de fruta natural	366	326	40	16	SINTETICO
31ce57f8-05eb-410c-84f2-092e24ef12f9	2026-01-09	INTEGRAL	13	9bf7d50c-378c-58f7-ba1a-0dccafffc54c	Bolacha doce	79	71	8	3	SINTETICO
6364ddbb-a3b0-4668-b351-754a71ce74da	2026-01-09	TARDE	14	add956e1-36ad-584e-b1e4-a4a8db28315f	Banana	0	0	0	0	SINTETICO
c9fca760-d4c8-43bc-a2f1-419954bb1b8e	2026-01-09	TARDE	14	b6f014a3-eaad-57c0-8ee9-24eb9abb819a	Cuscuz	68	67	1	6	SINTETICO
14d5b63c-a914-47fc-9525-8e63b4f85917	2026-01-09	TARDE	14	84f7e794-a400-5d46-9efe-1c8a8f2f711d	Suco de fruta natural	44	40	4	2	SINTETICO
9145eafc-1cac-4bd1-aee3-9604d21d72c2	2026-01-09	INTEGRAL	15	9bf7d50c-378c-58f7-ba1a-0dccafffc54c	Bolacha doce	21	20	1	1	SINTETICO
6437cd13-95ad-4cae-adba-151f6d585a86	2026-01-09	INTEGRAL	15	0db97b08-9e92-541d-b2d2-1bc810f8fbe8	Iogurte	2	2	0	0	SINTETICO
e48529cc-89e2-4806-93da-3193e713b53b	2026-01-09	MANHA	17	0db97b08-9e92-541d-b2d2-1bc810f8fbe8	Iogurte	0	0	0	0	SINTETICO
bff12d85-6e81-4388-b00f-4cf4d8992081	2026-01-09	MANHA	17	9c858519-faab-50d6-9561-8f90f4f84567	Guisado com moranga	46	45	1	13	SINTETICO
92e54637-fcbd-4bd6-94b5-117a93098f48	2026-01-09	INTEGRAL	18	1b450f5b-ecde-5880-ad0a-91ce0920069d	Maca	0	0	0	0	SINTETICO
a43991a5-27db-48ca-bdcb-27498d1ec65b	2026-01-09	INTEGRAL	18	0db97b08-9e92-541d-b2d2-1bc810f8fbe8	Iogurte	13	12	1	1	SINTETICO
b70c73d3-7b84-474c-aab9-7ed16f3f24e2	2026-01-12	MANHA	2	6753aa6f-0f7e-5208-8cd6-9e7a8733ef22	Leite com achocolatado	55	49	6	2	SINTETICO
c83d818a-5f6b-4d3c-ac38-051bbce5ffd8	2026-01-12	MANHA	2	79ca1872-52e0-59dd-af29-543b793c0860	Macarrao ao sugo	52	46	6	7	SINTETICO
9f58a3d8-41ee-4259-af5a-c3404f2d512a	2026-01-12	INTEGRAL	6	153737d9-caa6-55d5-b086-f7e83fdab4d2	Pao com manteiga	35	31	4	2	SINTETICO
5478e8c6-74b4-442a-aa64-2d115c2e579d	2026-01-12	INTEGRAL	6	6753aa6f-0f7e-5208-8cd6-9e7a8733ef22	Leite com achocolatado	0	0	0	0	SINTETICO
77e31144-945a-4226-9096-45b2246c9230	2026-01-12	INTEGRAL	6	b6f014a3-eaad-57c0-8ee9-24eb9abb819a	Cuscuz	0	0	0	0	SINTETICO
a02d97de-b817-48c2-ab60-020ed476d880	2026-01-12	INTEGRAL	6	eed1d0ec-938c-53ef-94b9-626452f5fbd2	Sopa de legumes	19	17	2	5	SINTETICO
9490c143-fa14-42c7-adfb-d954dcfae8b4	2026-01-12	INTEGRAL	7	79ca1872-52e0-59dd-af29-543b793c0860	Macarrao ao sugo	0	0	0	0	SINTETICO
cb6f941e-58f3-4765-b028-8d32bb2f1559	2026-01-12	INTEGRAL	7	0db97b08-9e92-541d-b2d2-1bc810f8fbe8	Iogurte	101	88	13	6	SINTETICO
271bf8e6-a22e-4974-b584-84c1d269c41b	2026-01-12	INTEGRAL	8	b6f014a3-eaad-57c0-8ee9-24eb9abb819a	Cuscuz	18	16	2	2	SINTETICO
d130a879-bdb7-4b5a-b1e2-c344bc04fda1	2026-01-12	INTEGRAL	9	84f7e794-a400-5d46-9efe-1c8a8f2f711d	Suco de fruta natural	397	369	28	17	SINTETICO
867401b9-beae-4e58-aec1-759a80604292	2026-01-12	INTEGRAL	9	9bf7d50c-378c-58f7-ba1a-0dccafffc54c	Bolacha doce	1	1	0	0	SINTETICO
2d23d70e-619e-444c-bf25-f0eddd680e45	2026-01-12	INTEGRAL	9	b6f014a3-eaad-57c0-8ee9-24eb9abb819a	Cuscuz	36	35	1	4	SINTETICO
30b45b39-7549-42c7-9386-587c1c2f5cf9	2026-01-12	INTEGRAL	9	6753aa6f-0f7e-5208-8cd6-9e7a8733ef22	Leite com achocolatado	45	44	1	3	SINTETICO
9d462fb9-a913-4b73-90f9-5182c274398b	2026-01-12	MANHA	10	153737d9-caa6-55d5-b086-f7e83fdab4d2	Pao com manteiga	1	1	0	0	SINTETICO
0951886f-7beb-4325-b25a-15d9dbe96d81	2026-01-12	MANHA	10	84f7e794-a400-5d46-9efe-1c8a8f2f711d	Suco de fruta natural	2	2	0	0	SINTETICO
dc33c735-1fd2-44c8-ba8e-ce707fdac94d	2026-01-12	MANHA	10	2f723cf1-ddd6-58e2-881e-3ab45db8cd2d	Feijao carioca	56	53	3	4	SINTETICO
e935b61e-5782-4f79-85d0-09043f635799	2026-01-12	MANHA	10	add956e1-36ad-584e-b1e4-a4a8db28315f	Banana	62	55	7	2	SINTETICO
c26f7036-e4a5-4800-8434-558f79ec2525	2026-01-12	MANHA	11	0db97b08-9e92-541d-b2d2-1bc810f8fbe8	Iogurte	28	27	1	1	SINTETICO
a15a476d-d862-4449-89bb-d8896532150c	2026-01-12	MANHA	11	eed1d0ec-938c-53ef-94b9-626452f5fbd2	Sopa de legumes	45	44	1	16	SINTETICO
d42a8fd7-14ff-4c8b-9daa-3b18547caa75	2026-01-12	INTEGRAL	12	1b450f5b-ecde-5880-ad0a-91ce0920069d	Maca	51	45	6	2	SINTETICO
af4a27a0-8498-47d8-b707-f76d165aa328	2026-01-12	MANHA	13	add956e1-36ad-584e-b1e4-a4a8db28315f	Banana	29	28	1	1	SINTETICO
59720b34-3616-4344-9a9a-e4f5c32f4832	2026-01-12	MANHA	13	1b450f5b-ecde-5880-ad0a-91ce0920069d	Maca	40	39	1	2	SINTETICO
4faa4a88-f58f-475b-bd4b-9589c1e8d785	2026-01-12	MANHA	13	6ce7a969-7c2b-5a21-b072-594a4412ab8b	Arroz branco	14	13	1	1	SINTETICO
c7c0b356-c10c-45d8-882f-b02110a10605	2026-01-12	INTEGRAL	15	79ca1872-52e0-59dd-af29-543b793c0860	Macarrao ao sugo	35	32	3	6	SINTETICO
79860c06-f3a4-4c7a-b56c-05c58dd1bc63	2026-01-12	INTEGRAL	15	84f7e794-a400-5d46-9efe-1c8a8f2f711d	Suco de fruta natural	13	13	0	1	SINTETICO
8ae15bd9-f868-48b7-ad4c-891ad0a54d9f	2026-01-12	MANHA	18	6753aa6f-0f7e-5208-8cd6-9e7a8733ef22	Leite com achocolatado	252	247	5	11	SINTETICO
0fedfb64-a6d6-44f3-99c4-127696e7f1f2	2026-01-12	MANHA	18	2f723cf1-ddd6-58e2-881e-3ab45db8cd2d	Feijao carioca	0	0	0	0	SINTETICO
340bfac8-5154-42a7-b3b0-d91ae670e1d3	2026-01-13	TARDE	1	add956e1-36ad-584e-b1e4-a4a8db28315f	Banana	6	5	1	0	SINTETICO
14046c1d-a822-415a-b2c3-9e23f8e445cb	2026-01-13	TARDE	1	0db97b08-9e92-541d-b2d2-1bc810f8fbe8	Iogurte	0	0	0	0	SINTETICO
16092da4-5774-4799-a5e0-7e404394d35e	2026-01-13	INTEGRAL	2	84f7e794-a400-5d46-9efe-1c8a8f2f711d	Suco de fruta natural	0	0	0	0	SINTETICO
238c907e-83a3-4aee-b46b-54d2b8fff9dc	2026-01-13	INTEGRAL	2	79ca1872-52e0-59dd-af29-543b793c0860	Macarrao ao sugo	17	15	2	2	SINTETICO
66995601-40c6-4e19-9d4b-d7e63e31caca	2026-01-13	INTEGRAL	2	add956e1-36ad-584e-b1e4-a4a8db28315f	Banana	50	48	2	2	SINTETICO
0ff4c9be-341c-44ce-b4ba-ac9b21708fe0	2026-01-13	INTEGRAL	2	153737d9-caa6-55d5-b086-f7e83fdab4d2	Pao com manteiga	8	8	0	0	SINTETICO
a42d7a9a-fd25-4b57-830d-46ef01843daf	2026-01-13	INTEGRAL	4	6ce7a969-7c2b-5a21-b072-594a4412ab8b	Arroz branco	0	0	0	0	SINTETICO
fe18d8bd-4728-4049-a8d6-0fe1570c06bb	2026-01-13	INTEGRAL	4	b6f014a3-eaad-57c0-8ee9-24eb9abb819a	Cuscuz	22	20	2	2	SINTETICO
3a946955-9fc0-4ba6-bf1a-db77d568dbc6	2026-01-13	TARDE	7	9bf7d50c-378c-58f7-ba1a-0dccafffc54c	Bolacha doce	5	4	1	0	SINTETICO
09196ad5-781b-4780-b8d6-ddc9e7ba3929	2026-01-13	TARDE	7	b6f014a3-eaad-57c0-8ee9-24eb9abb819a	Cuscuz	131	118	13	15	SINTETICO
94305bf6-85f5-4970-bb48-0036386f30d2	2026-01-13	TARDE	7	0db97b08-9e92-541d-b2d2-1bc810f8fbe8	Iogurte	90	84	6	4	SINTETICO
eb6830a4-20e7-4d69-a0f0-8f6b32659462	2026-01-13	TARDE	7	eed1d0ec-938c-53ef-94b9-626452f5fbd2	Sopa de legumes	67	64	3	16	SINTETICO
7648ae23-45c5-4e91-b615-21d645d347c6	2026-01-13	TARDE	7	add956e1-36ad-584e-b1e4-a4a8db28315f	Banana	249	235	14	8	SINTETICO
1f5e4b7e-1ea4-4bb4-beea-c001d214a45e	2026-01-13	TARDE	7	1b450f5b-ecde-5880-ad0a-91ce0920069d	Maca	133	128	5	6	SINTETICO
79ab7db7-5535-4c52-8e82-8ff8b9632959	2026-01-13	INTEGRAL	9	84f7e794-a400-5d46-9efe-1c8a8f2f711d	Suco de fruta natural	88	86	2	4	SINTETICO
ca94d6df-7ab0-40b3-8cd1-9dd8bed7700c	2026-01-13	INTEGRAL	9	6753aa6f-0f7e-5208-8cd6-9e7a8733ef22	Leite com achocolatado	94	92	2	5	SINTETICO
3d1118b3-5b18-4822-9726-51d9f6294d2a	2026-01-13	MANHA	10	b6f014a3-eaad-57c0-8ee9-24eb9abb819a	Cuscuz	31	28	3	3	SINTETICO
e37e125d-a3e5-4173-8623-6a170a6ed11a	2026-01-13	MANHA	10	add956e1-36ad-584e-b1e4-a4a8db28315f	Banana	82	72	10	4	SINTETICO
22e5707f-4ed3-467a-8145-424dc7cd1b34	2026-01-13	MANHA	10	2f723cf1-ddd6-58e2-881e-3ab45db8cd2d	Feijao carioca	45	42	3	3	SINTETICO
9559e9b9-d275-4f51-892f-ad81d73b09e1	2026-01-13	MANHA	10	0db97b08-9e92-541d-b2d2-1bc810f8fbe8	Iogurte	0	0	0	0	SINTETICO
edaa8df9-ccce-4cc4-a16d-568ef9e4e31b	2026-01-13	MANHA	10	153737d9-caa6-55d5-b086-f7e83fdab4d2	Pao com manteiga	98	91	7	4	SINTETICO
0b3359ac-1a0f-411f-a708-c6257fe1f84b	2026-01-13	MANHA	12	153737d9-caa6-55d5-b086-f7e83fdab4d2	Pao com manteiga	29	29	0	2	SINTETICO
5b17670c-7f1e-433d-b0d4-ad5e9ffeb0dc	2026-01-13	MANHA	12	6ce7a969-7c2b-5a21-b072-594a4412ab8b	Arroz branco	32	29	3	2	SINTETICO
364d05fa-cba7-4fa7-a124-42a7eb0b1b81	2026-01-13	TARDE	13	add956e1-36ad-584e-b1e4-a4a8db28315f	Banana	26	25	1	1	SINTETICO
f305e150-4be5-45b3-bbc0-d0296a5c6a1e	2026-01-13	TARDE	13	1b450f5b-ecde-5880-ad0a-91ce0920069d	Maca	38	37	1	2	SINTETICO
cda4fc73-332f-4a7f-af96-60c42aff2a82	2026-01-13	INTEGRAL	15	2f723cf1-ddd6-58e2-881e-3ab45db8cd2d	Feijao carioca	19	17	2	1	SINTETICO
ff9d231c-d8d7-4ee9-8db7-cac2df09af7e	2026-01-13	INTEGRAL	15	6ce7a969-7c2b-5a21-b072-594a4412ab8b	Arroz branco	79	73	6	4	SINTETICO
cee78e89-975e-416a-8fe5-657e84d02b43	2026-01-13	INTEGRAL	16	84f7e794-a400-5d46-9efe-1c8a8f2f711d	Suco de fruta natural	51	46	5	2	SINTETICO
991da7ad-7508-46d6-b092-bcc40a904016	2026-01-13	INTEGRAL	17	1b450f5b-ecde-5880-ad0a-91ce0920069d	Maca	0	0	0	0	SINTETICO
d936ff3d-6420-4fcd-9bf1-c365693a0f7d	2026-01-13	TARDE	18	b6f014a3-eaad-57c0-8ee9-24eb9abb819a	Cuscuz	0	0	0	0	SINTETICO
23d5823e-0c8b-42e7-9ec5-9955a898a657	2026-01-13	TARDE	18	153737d9-caa6-55d5-b086-f7e83fdab4d2	Pao com manteiga	264	243	21	17	SINTETICO
1b336603-d52f-44c4-9ce2-c47616836886	2026-01-14	INTEGRAL	2	47fbd9af-ac57-5250-a6e2-0018c6bd21c0	Couve	1	1	0	0	SINTETICO
674dfc52-3705-4dbe-8d5d-1533aa09bc42	2026-01-14	INTEGRAL	2	6753aa6f-0f7e-5208-8cd6-9e7a8733ef22	Leite com achocolatado	0	0	0	0	SINTETICO
2d4f6b62-c5f9-4834-a7fe-a62c82e0948a	2026-01-14	INTEGRAL	2	79ca1872-52e0-59dd-af29-543b793c0860	Macarrao ao sugo	41	40	1	7	SINTETICO
754070ab-9dfb-4c55-962b-a96fe4a7d9f4	2026-01-14	INTEGRAL	2	1b450f5b-ecde-5880-ad0a-91ce0920069d	Maca	40	36	4	2	SINTETICO
72eca45c-d7ae-4590-abb6-3caaff39f568	2026-01-14	INTEGRAL	2	3331b130-8600-5a59-9e35-f970f9ea497e	Ovo mexido	55	48	7	5	SINTETICO
2baab289-ed84-465d-b35b-57aa18b4efa9	2026-01-14	INTEGRAL	2	cca859b8-2483-5cf4-ae24-67ba8ea4cb37	Pure de batata	74	69	5	8	SINTETICO
87585a8b-82ec-4940-8211-4f46e2d7a1fd	2026-01-14	INTEGRAL	2	9bf7d50c-378c-58f7-ba1a-0dccafffc54c	Bolacha doce	0	0	0	0	SINTETICO
13987857-6964-4d71-844e-c443b4608401	2026-01-14	INTEGRAL	3	1b450f5b-ecde-5880-ad0a-91ce0920069d	Maca	2	2	0	0	SINTETICO
033326a5-5d65-4005-940b-16d7fc7e1c6f	2026-01-14	INTEGRAL	3	b6f014a3-eaad-57c0-8ee9-24eb9abb819a	Cuscuz	18	16	2	2	SINTETICO
599d4aab-7b4a-400c-9000-5824aea9c14a	2026-01-14	INTEGRAL	3	6753aa6f-0f7e-5208-8cd6-9e7a8733ef22	Leite com achocolatado	36	35	1	2	SINTETICO
0c0ed661-b134-4dc5-839a-128839865c8d	2026-01-14	INTEGRAL	3	84f7e794-a400-5d46-9efe-1c8a8f2f711d	Suco de fruta natural	24	22	2	1	SINTETICO
fc009748-c120-4b3f-a4a7-8aad7e5a09e7	2026-01-14	INTEGRAL	3	2f723cf1-ddd6-58e2-881e-3ab45db8cd2d	Feijao carioca	3	3	0	0	SINTETICO
f39bc316-6e43-46c9-88c5-a0d1defc3dcc	2026-01-14	INTEGRAL	4	add956e1-36ad-584e-b1e4-a4a8db28315f	Banana	3	3	0	0	SINTETICO
53f19c8b-dc9d-4185-ace8-6edc0cb815f4	2026-01-14	INTEGRAL	4	153737d9-caa6-55d5-b086-f7e83fdab4d2	Pao com manteiga	0	0	0	0	SINTETICO
6bd9ae06-9a60-4499-9139-47b15d9aeefa	2026-01-14	INTEGRAL	4	0db97b08-9e92-541d-b2d2-1bc810f8fbe8	Iogurte	26	25	1	2	SINTETICO
e1c7d337-6485-411f-b942-9ef58e97d34d	2026-01-14	TARDE	5	b99afe70-33ca-5504-9840-345a82dc68a3	Cenoura ralada	0	0	0	0	SINTETICO
c0f7edc5-2287-472d-8dae-462921e18cdd	2026-01-14	TARDE	5	2f723cf1-ddd6-58e2-881e-3ab45db8cd2d	Feijao carioca	124	115	9	12	SINTETICO
491ad464-1320-4366-b067-a37014b53c44	2026-01-14	TARDE	5	2fbd4adb-108b-5436-b029-1072004a7cbc	Couve com farofa	57	52	5	17	SINTETICO
389b7ae7-f730-435c-81a1-2f9c7226b41c	2026-01-14	TARDE	5	0db97b08-9e92-541d-b2d2-1bc810f8fbe8	Iogurte	36	35	1	3	SINTETICO
b3444147-024f-4a0f-b025-cd249dd28136	2026-01-14	TARDE	5	b6f014a3-eaad-57c0-8ee9-24eb9abb819a	Cuscuz	364	346	18	35	SINTETICO
d18f5982-2ffc-47c1-867f-3e5c21e435cb	2026-01-14	TARDE	5	79ca1872-52e0-59dd-af29-543b793c0860	Macarrao ao sugo	0	0	0	0	SINTETICO
b52c3faf-f619-4dce-aa53-a64b3ea04641	2026-01-14	TARDE	6	0db97b08-9e92-541d-b2d2-1bc810f8fbe8	Iogurte	176	171	5	11	SINTETICO
9b9bc59b-cf17-4ea2-8ac9-8f1c303f9447	2026-01-14	TARDE	6	84f7e794-a400-5d46-9efe-1c8a8f2f711d	Suco de fruta natural	14	13	1	1	SINTETICO
2336fdf4-9653-4a36-bddc-e60144647c4f	2026-01-14	INTEGRAL	8	3d6a3f96-fe67-5811-98e8-2381c1ec5a70	Beterraba ralada	7	7	0	2	SINTETICO
9ac28044-7e21-4913-9903-ffd76c8c3dc0	2026-01-14	INTEGRAL	9	6753aa6f-0f7e-5208-8cd6-9e7a8733ef22	Leite com achocolatado	2	2	0	0	SINTETICO
a2e7702c-e131-4ff0-952c-de53bbd5cc30	2026-01-14	INTEGRAL	11	0db97b08-9e92-541d-b2d2-1bc810f8fbe8	Iogurte	345	300	45	13	SINTETICO
19672fab-2a66-4349-beed-e09c7b07956e	2026-01-14	TARDE	12	add956e1-36ad-584e-b1e4-a4a8db28315f	Banana	530	494	36	17	SINTETICO
221832a0-d92e-4811-ac25-188cced51e8d	2026-01-14	INTEGRAL	15	0db97b08-9e92-541d-b2d2-1bc810f8fbe8	Iogurte	1	1	0	0	SINTETICO
907b707e-0b47-47c3-9e88-89f5f5ff29e9	2026-01-14	INTEGRAL	18	79ca1872-52e0-59dd-af29-543b793c0860	Macarrao ao sugo	238	220	18	24	SINTETICO
d92b25e7-b225-4e6d-a340-7d5c97f188f4	2026-01-14	INTEGRAL	18	9bf7d50c-378c-58f7-ba1a-0dccafffc54c	Bolacha doce	38	36	2	1	SINTETICO
fc1413ec-be3f-4db7-8be0-ab9d27a88fe1	2026-01-14	INTEGRAL	18	6753aa6f-0f7e-5208-8cd6-9e7a8733ef22	Leite com achocolatado	0	0	0	0	SINTETICO
44f124f9-ac10-4037-a465-35cce84a6d4f	2026-01-14	INTEGRAL	18	2f723cf1-ddd6-58e2-881e-3ab45db8cd2d	Feijao carioca	0	0	0	0	SINTETICO
2fe1b966-4de7-4f06-a608-4c874cae006d	2026-01-14	INTEGRAL	18	eed1d0ec-938c-53ef-94b9-626452f5fbd2	Sopa de legumes	7	7	0	2	SINTETICO
d1f4a3a8-72ab-40eb-9ce9-b38df36ee031	2026-01-14	INTEGRAL	18	84f7e794-a400-5d46-9efe-1c8a8f2f711d	Suco de fruta natural	11	11	0	0	SINTETICO
f00c016f-d8e7-4e45-92bb-d4299c722b75	2026-01-14	INTEGRAL	18	b6f014a3-eaad-57c0-8ee9-24eb9abb819a	Cuscuz	372	353	19	52	SINTETICO
c07b7276-361e-4800-ba13-8f680098407b	2026-01-15	TARDE	2	eed1d0ec-938c-53ef-94b9-626452f5fbd2	Sopa de legumes	42	41	1	15	SINTETICO
68f091c3-75b1-4672-b12d-4e36bd8b3a23	2026-01-15	INTEGRAL	4	79ca1872-52e0-59dd-af29-543b793c0860	Macarrao ao sugo	32	32	0	4	SINTETICO
465def1d-ecbd-40c8-bfe0-2a6ffaacb50f	2026-01-15	INTEGRAL	4	1b450f5b-ecde-5880-ad0a-91ce0920069d	Maca	55	49	6	2	SINTETICO
ffb7a063-3ffb-4630-9b9f-fc4ab67ac491	2026-01-15	INTEGRAL	4	b6f014a3-eaad-57c0-8ee9-24eb9abb819a	Cuscuz	49	46	3	7	SINTETICO
a14e5adc-cf74-4e7d-9194-a09737af2893	2026-01-15	INTEGRAL	4	cca859b8-2483-5cf4-ae24-67ba8ea4cb37	Pure de batata	19	18	1	2	SINTETICO
5a8ff1e9-a62d-4cbd-b4a6-3585865e3627	2026-01-15	INTEGRAL	9	1b450f5b-ecde-5880-ad0a-91ce0920069d	Maca	24	21	3	1	SINTETICO
b08848a0-e939-40aa-9c01-f6282e91a0cf	2026-01-15	INTEGRAL	9	6753aa6f-0f7e-5208-8cd6-9e7a8733ef22	Leite com achocolatado	24	23	1	1	SINTETICO
995e370c-7efe-47ef-96bd-1061c01a4527	2026-01-15	INTEGRAL	11	add956e1-36ad-584e-b1e4-a4a8db28315f	Banana	6	5	1	0	SINTETICO
56c1e8e6-ab7f-4451-8048-2da6cba6fe3b	2026-01-15	INTEGRAL	11	79ca1872-52e0-59dd-af29-543b793c0860	Macarrao ao sugo	117	106	11	15	SINTETICO
f03a8c0f-f652-4675-bca6-656b8bb5e7d1	2026-01-15	INTEGRAL	14	add956e1-36ad-584e-b1e4-a4a8db28315f	Banana	17	15	2	1	SINTETICO
6576d7c2-e8c6-4b7a-8495-2e9e3ffe244f	2026-01-15	INTEGRAL	15	6ce7a969-7c2b-5a21-b072-594a4412ab8b	Arroz branco	365	331	34	22	SINTETICO
281af194-5968-4460-9844-54e6aa0c667d	2026-01-15	INTEGRAL	15	79ca1872-52e0-59dd-af29-543b793c0860	Macarrao ao sugo	83	80	3	11	SINTETICO
ae45f8da-1315-4733-a822-e4ddbdf22d35	2026-01-15	INTEGRAL	15	2f723cf1-ddd6-58e2-881e-3ab45db8cd2d	Feijao carioca	2	2	0	0	SINTETICO
76e69e21-b7c4-449b-a529-199e82e17fbd	2026-01-15	INTEGRAL	16	9bf7d50c-378c-58f7-ba1a-0dccafffc54c	Bolacha doce	25	22	3	1	SINTETICO
89aa3116-c463-4d33-8bd3-23e35d16d800	2026-01-15	TARDE	17	ddeef647-cce4-5236-a3b1-dece44ed098e	Couve flor	152	149	3	43	SINTETICO
819d6fd2-5f99-4e6f-930f-84b93aa0e706	2026-01-15	TARDE	17	eed1d0ec-938c-53ef-94b9-626452f5fbd2	Sopa de legumes	2	2	0	1	SINTETICO
7088164a-9fba-49a7-a47a-855b85dd4c2c	2026-01-15	TARDE	17	f8c11e3f-147e-575c-879e-d8653a2b447f	Chuchu com tempero verde	80	77	3	29	SINTETICO
bc30d554-60f8-445b-b76b-1ac5df296811	2026-01-15	TARDE	17	b6f014a3-eaad-57c0-8ee9-24eb9abb819a	Cuscuz	102	94	8	13	SINTETICO
86aec7ee-1dfa-497f-8d71-429d53f36e31	2026-01-15	TARDE	17	add956e1-36ad-584e-b1e4-a4a8db28315f	Banana	57	54	3	3	SINTETICO
8ced4b2a-4a52-4c6a-a621-6554a5874807	2026-01-15	TARDE	17	2f723cf1-ddd6-58e2-881e-3ab45db8cd2d	Feijao carioca	24	23	1	2	SINTETICO
9a267d9f-161c-446d-9b85-34180351baf3	2026-01-16	TARDE	1	79ca1872-52e0-59dd-af29-543b793c0860	Macarrao ao sugo	257	239	18	32	SINTETICO
35113143-2e03-4533-8d2e-abf82f6a912b	2026-01-16	MANHA	3	eed1d0ec-938c-53ef-94b9-626452f5fbd2	Sopa de legumes	17	15	2	3	SINTETICO
db2a1806-ca2f-4f60-9f1d-a880a175602e	2026-01-16	MANHA	3	0db97b08-9e92-541d-b2d2-1bc810f8fbe8	Iogurte	2	2	0	0	SINTETICO
9d52e291-236f-44ec-a91c-ea1e2ffa22fd	2026-01-16	MANHA	3	1b450f5b-ecde-5880-ad0a-91ce0920069d	Maca	10	10	0	0	SINTETICO
b63ee472-a061-4c09-9a31-c2d4a8f00519	2026-01-16	INTEGRAL	5	b6f014a3-eaad-57c0-8ee9-24eb9abb819a	Cuscuz	5	5	0	1	SINTETICO
90a9d884-ac22-4603-8873-ea06b3b03ae4	2026-01-16	INTEGRAL	5	84f7e794-a400-5d46-9efe-1c8a8f2f711d	Suco de fruta natural	0	0	0	0	SINTETICO
5e12c6d2-fe56-49b1-8dfb-a99091f3f875	2026-01-16	INTEGRAL	5	79ca1872-52e0-59dd-af29-543b793c0860	Macarrao ao sugo	80	77	3	12	SINTETICO
6243d385-270f-48a6-b520-a1149b700928	2026-01-16	INTEGRAL	5	0db97b08-9e92-541d-b2d2-1bc810f8fbe8	Iogurte	0	0	0	0	SINTETICO
86637337-41d7-4b17-9f8a-75a8882efc1e	2026-01-16	INTEGRAL	5	2f723cf1-ddd6-58e2-881e-3ab45db8cd2d	Feijao carioca	18	17	1	2	SINTETICO
4819ebfd-56f8-4ccc-b546-6802d233db9e	2026-01-16	INTEGRAL	7	0db97b08-9e92-541d-b2d2-1bc810f8fbe8	Iogurte	2	2	0	0	SINTETICO
ea104057-3ded-4030-9783-f84471015414	2026-01-16	INTEGRAL	7	6ce7a969-7c2b-5a21-b072-594a4412ab8b	Arroz branco	0	0	0	0	SINTETICO
2711ab8d-7446-4918-b50d-508d0c864519	2026-01-16	INTEGRAL	7	84f7e794-a400-5d46-9efe-1c8a8f2f711d	Suco de fruta natural	3	3	0	0	SINTETICO
35558217-b64f-46cc-82fd-3228e3cf59a0	2026-01-16	INTEGRAL	7	9bf7d50c-378c-58f7-ba1a-0dccafffc54c	Bolacha doce	1	1	0	0	SINTETICO
f3e879ff-4e02-49b8-8518-f7cbc8ce0c14	2026-01-16	MANHA	8	84f7e794-a400-5d46-9efe-1c8a8f2f711d	Suco de fruta natural	1	1	0	0	SINTETICO
f36e86e3-7d92-4e9c-a949-a8c4f88d3f7f	2026-01-16	MANHA	8	9bf7d50c-378c-58f7-ba1a-0dccafffc54c	Bolacha doce	2	2	0	0	SINTETICO
62abc428-86be-4a8a-a32b-b08b77698994	2026-01-16	MANHA	8	79ca1872-52e0-59dd-af29-543b793c0860	Macarrao ao sugo	4	4	0	0	SINTETICO
7fab2098-85d0-4e3a-b50f-1d1e01b3bb09	2026-01-16	INTEGRAL	10	6ce7a969-7c2b-5a21-b072-594a4412ab8b	Arroz branco	19	18	1	1	SINTETICO
77c056c3-d767-407d-a157-b6f28e00dcf0	2026-01-16	TARDE	11	eed1d0ec-938c-53ef-94b9-626452f5fbd2	Sopa de legumes	32	31	1	12	SINTETICO
0974d84c-20b4-4782-bdd1-6826146c72fa	2026-01-16	TARDE	11	b6f014a3-eaad-57c0-8ee9-24eb9abb819a	Cuscuz	0	0	0	0	SINTETICO
cd56cd9b-57bb-4b1e-b60a-01ba40c34691	2026-01-16	TARDE	11	9bf7d50c-378c-58f7-ba1a-0dccafffc54c	Bolacha doce	173	156	17	9	SINTETICO
f7662f5d-26c1-469f-b4d2-c4de9b947bff	2026-01-16	TARDE	12	8d81f03d-d710-5316-abc7-1763074292b4	Cenoura refogada	107	98	9	17	SINTETICO
a1eabed7-3116-4d49-b035-a458de76bbff	2026-01-16	TARDE	12	9bf7d50c-378c-58f7-ba1a-0dccafffc54c	Bolacha doce	183	162	21	9	SINTETICO
ca41a3f3-5118-47d2-abeb-31cabb65a443	2026-01-16	INTEGRAL	14	b6f014a3-eaad-57c0-8ee9-24eb9abb819a	Cuscuz	16	16	0	2	SINTETICO
27dd1d9f-42a9-4dac-a6bf-beff559de267	2026-01-16	INTEGRAL	14	1b450f5b-ecde-5880-ad0a-91ce0920069d	Maca	193	189	4	8	SINTETICO
50349a6b-a685-48cb-9f24-a4a64b20778b	2026-01-16	INTEGRAL	14	b94bd7bf-252f-5c97-9722-163c6d7e2412	Brocolis	3	3	0	1	SINTETICO
de69a581-7795-4ed4-a52d-c9178c67c55a	2026-01-16	INTEGRAL	16	6ce7a969-7c2b-5a21-b072-594a4412ab8b	Arroz branco	22	22	0	1	SINTETICO
ca45e189-2dd8-4165-8359-cc5fe0ffb539	2026-01-16	TARDE	17	b6f014a3-eaad-57c0-8ee9-24eb9abb819a	Cuscuz	72	68	4	9	SINTETICO
7dbb8419-1ad8-498a-8220-af26f59d84cb	2026-01-16	TARDE	17	0db97b08-9e92-541d-b2d2-1bc810f8fbe8	Iogurte	6	6	0	0	SINTETICO
a7751c53-382e-44d7-80e8-d95603b5541d	2026-01-16	TARDE	17	eed1d0ec-938c-53ef-94b9-626452f5fbd2	Sopa de legumes	129	114	15	39	SINTETICO
95c88785-4ae0-407e-87cc-52c86260f386	2026-01-16	TARDE	18	153737d9-caa6-55d5-b086-f7e83fdab4d2	Pao com manteiga	512	494	18	28	SINTETICO
e46d9d2e-9f8c-467e-a725-491d13bebbad	2026-01-16	TARDE	18	6ce7a969-7c2b-5a21-b072-594a4412ab8b	Arroz branco	72	71	1	6	SINTETICO
6ae8d89d-0685-47fc-97c8-b8c87ddb52af	2026-01-19	MANHA	1	84f7e794-a400-5d46-9efe-1c8a8f2f711d	Suco de fruta natural	21	19	2	1	SINTETICO
c6b9a917-92d3-4f1b-b1a8-456348f4d717	2026-01-19	MANHA	1	add956e1-36ad-584e-b1e4-a4a8db28315f	Banana	46	43	3	2	SINTETICO
18a6b978-8ff6-4977-a32e-8ee6072bad7a	2026-01-19	MANHA	1	6ce7a969-7c2b-5a21-b072-594a4412ab8b	Arroz branco	1	1	0	0	SINTETICO
e886c389-d2fa-461f-8dd3-c0cd22ee9054	2026-01-19	MANHA	1	eed1d0ec-938c-53ef-94b9-626452f5fbd2	Sopa de legumes	3	3	0	1	SINTETICO
5fff798f-9501-42af-af3f-2f5b31969583	2026-01-19	INTEGRAL	2	add956e1-36ad-584e-b1e4-a4a8db28315f	Banana	6	5	1	0	SINTETICO
8719ec13-373d-4389-b9f2-30ec2beb3a7e	2026-01-19	INTEGRAL	3	153737d9-caa6-55d5-b086-f7e83fdab4d2	Pao com manteiga	61	54	7	4	SINTETICO
edab37eb-802c-4b28-9fbc-64a28f05cbcd	2026-01-19	INTEGRAL	3	eed1d0ec-938c-53ef-94b9-626452f5fbd2	Sopa de legumes	13	13	0	3	SINTETICO
74620669-bbce-4e20-afe1-2471b2ca4e50	2026-01-19	INTEGRAL	4	79ca1872-52e0-59dd-af29-543b793c0860	Macarrao ao sugo	29	26	3	3	SINTETICO
cb563ddb-f5b7-4bc8-8201-3ddc7637e1a1	2026-01-19	INTEGRAL	4	eed1d0ec-938c-53ef-94b9-626452f5fbd2	Sopa de legumes	9	9	0	3	SINTETICO
9828b32d-a2d7-4b1e-bd62-147a9ef17106	2026-01-19	INTEGRAL	4	b6f014a3-eaad-57c0-8ee9-24eb9abb819a	Cuscuz	48	45	3	7	SINTETICO
74356c61-8461-4a62-80e4-4de091350bb5	2026-01-19	INTEGRAL	5	ddeef647-cce4-5236-a3b1-dece44ed098e	Couve flor	3	3	0	1	SINTETICO
4df01b19-61a8-43d2-8709-d41a927273b0	2026-01-19	MANHA	6	6ce7a969-7c2b-5a21-b072-594a4412ab8b	Arroz branco	2	2	0	0	SINTETICO
54351bc5-1606-48f5-8eb3-f715438ad304	2026-01-19	MANHA	6	9bf7d50c-378c-58f7-ba1a-0dccafffc54c	Bolacha doce	121	114	7	7	SINTETICO
b5102838-8689-48e0-9b84-e311fbb7bf17	2026-01-19	MANHA	6	0db97b08-9e92-541d-b2d2-1bc810f8fbe8	Iogurte	19	18	1	1	SINTETICO
108f69bf-92d0-4442-82d5-ee8ba3326d7c	2026-01-19	MANHA	6	1b450f5b-ecde-5880-ad0a-91ce0920069d	Maca	254	230	24	14	SINTETICO
841df286-3119-49c3-ae03-f6accff1ea43	2026-01-19	MANHA	6	2f723cf1-ddd6-58e2-881e-3ab45db8cd2d	Feijao carioca	395	370	25	35	SINTETICO
1b58e045-5768-4a62-ab25-c2a65ecea88c	2026-01-19	INTEGRAL	7	6753aa6f-0f7e-5208-8cd6-9e7a8733ef22	Leite com achocolatado	377	329	48	17	SINTETICO
55d79cae-be55-42f7-8f15-b6ebe42e2859	2026-01-19	INTEGRAL	7	2f723cf1-ddd6-58e2-881e-3ab45db8cd2d	Feijao carioca	82	74	8	6	SINTETICO
57f3c359-b3ee-4f96-b909-ee293b8b48ba	2026-01-19	TARDE	8	6ce7a969-7c2b-5a21-b072-594a4412ab8b	Arroz branco	45	43	2	4	SINTETICO
c1cb5f02-8bbd-4b5a-b1c2-52661c88fdde	2026-01-19	TARDE	8	2f723cf1-ddd6-58e2-881e-3ab45db8cd2d	Feijao carioca	0	0	0	0	SINTETICO
08527319-45e4-43a1-962e-c60097531543	2026-01-19	TARDE	8	84f7e794-a400-5d46-9efe-1c8a8f2f711d	Suco de fruta natural	54	48	6	3	SINTETICO
8bba2195-80a9-48c8-b0cc-f2ea8e546bd1	2026-01-19	TARDE	8	eed1d0ec-938c-53ef-94b9-626452f5fbd2	Sopa de legumes	89	89	0	19	SINTETICO
e50e387c-2560-405d-97f4-74b18b7aaf33	2026-01-19	MANHA	9	9bf7d50c-378c-58f7-ba1a-0dccafffc54c	Bolacha doce	3	3	0	0	SINTETICO
b882f06c-a670-4560-b5e4-71438352fe35	2026-01-19	MANHA	9	1b450f5b-ecde-5880-ad0a-91ce0920069d	Maca	1	1	0	0	SINTETICO
8c9af343-9ac5-4de2-874e-515cb0cc966b	2026-01-19	MANHA	9	6ce7a969-7c2b-5a21-b072-594a4412ab8b	Arroz branco	1	1	0	0	SINTETICO
da4956cc-5524-4ccc-a7ed-4d27a3994672	2026-01-19	MANHA	9	b6f014a3-eaad-57c0-8ee9-24eb9abb819a	Cuscuz	2	2	0	0	SINTETICO
2f55f5db-3082-4f50-b709-5b56fe9aa2bd	2026-01-19	INTEGRAL	10	79ca1872-52e0-59dd-af29-543b793c0860	Macarrao ao sugo	371	342	29	59	SINTETICO
3138565e-64d0-447f-bed6-51c721dc9523	2026-01-19	INTEGRAL	10	153737d9-caa6-55d5-b086-f7e83fdab4d2	Pao com manteiga	22	22	0	2	SINTETICO
07a4225a-dc28-4426-b836-f5aeb72d2b82	2026-01-19	INTEGRAL	10	84f7e794-a400-5d46-9efe-1c8a8f2f711d	Suco de fruta natural	33	31	2	2	SINTETICO
30e85535-5431-42db-a018-0ca2aa630b99	2026-01-19	INTEGRAL	10	9bf7d50c-378c-58f7-ba1a-0dccafffc54c	Bolacha doce	68	64	4	3	SINTETICO
8798781d-fed9-4eab-9286-553202cb3802	2026-01-19	MANHA	11	2f723cf1-ddd6-58e2-881e-3ab45db8cd2d	Feijao carioca	26	23	3	2	SINTETICO
9b4e7bcb-2d23-4f82-9241-00fee7c809e7	2026-01-19	MANHA	11	84f7e794-a400-5d46-9efe-1c8a8f2f711d	Suco de fruta natural	2	2	0	0	SINTETICO
bdae0ed2-dbb2-4086-b740-79b5d526a53d	2026-01-19	MANHA	11	153737d9-caa6-55d5-b086-f7e83fdab4d2	Pao com manteiga	14	13	1	1	SINTETICO
ff1a260f-27c6-4b3a-a2eb-fad7820d3199	2026-01-19	MANHA	11	045210e2-4f88-5f7b-950a-db8c8dacab7e	Repolho	36	35	1	11	SINTETICO
e2a16f24-de14-4d8f-ab7a-be70f136b4b3	2026-01-19	INTEGRAL	12	9bf7d50c-378c-58f7-ba1a-0dccafffc54c	Bolacha doce	14	13	1	1	SINTETICO
b90295ce-ac54-43fc-9c85-476b1b0eb324	2026-01-19	INTEGRAL	12	0db97b08-9e92-541d-b2d2-1bc810f8fbe8	Iogurte	372	333	39	20	SINTETICO
0c8827e5-cf83-4b00-bfb0-ac3d9728ce91	2026-01-19	INTEGRAL	12	47fbd9af-ac57-5250-a6e2-0018c6bd21c0	Couve	0	0	0	0	SINTETICO
a0939878-4005-4893-86fb-98f9e1dcadfc	2026-01-19	INTEGRAL	12	79ca1872-52e0-59dd-af29-543b793c0860	Macarrao ao sugo	384	379	5	68	SINTETICO
88f358fe-aa65-46b9-a672-9bda09964efa	2026-01-19	INTEGRAL	12	2f723cf1-ddd6-58e2-881e-3ab45db8cd2d	Feijao carioca	1	1	0	0	SINTETICO
4c2dc5a9-c338-42b2-a6dc-154cb3305003	2026-01-19	INTEGRAL	12	1b450f5b-ecde-5880-ad0a-91ce0920069d	Maca	7	7	0	0	SINTETICO
07955bcf-90c8-456e-aada-9de32e83ec32	2026-01-19	INTEGRAL	13	eed1d0ec-938c-53ef-94b9-626452f5fbd2	Sopa de legumes	31	30	1	7	SINTETICO
f9db4e5e-b9a4-4939-899b-a08fc7205812	2026-01-19	INTEGRAL	13	6ce7a969-7c2b-5a21-b072-594a4412ab8b	Arroz branco	14	12	2	1	SINTETICO
ceb81bc6-467b-43d8-9f57-39e21bad15ae	2026-01-19	INTEGRAL	13	1b450f5b-ecde-5880-ad0a-91ce0920069d	Maca	15	15	0	1	SINTETICO
70ca7e07-26e2-43b5-a791-17179a75ed23	2026-01-19	INTEGRAL	13	6753aa6f-0f7e-5208-8cd6-9e7a8733ef22	Leite com achocolatado	2	2	0	0	SINTETICO
e861abab-b1d6-4393-aafd-859aad461a8f	2026-01-19	INTEGRAL	13	79ca1872-52e0-59dd-af29-543b793c0860	Macarrao ao sugo	6	6	0	1	SINTETICO
7d67a007-f599-4c21-9784-d71b12d62f9c	2026-01-19	INTEGRAL	13	84f7e794-a400-5d46-9efe-1c8a8f2f711d	Suco de fruta natural	0	0	0	0	SINTETICO
3bd748a8-be05-4d82-9218-8ecbbbc32aa4	2026-01-19	INTEGRAL	14	2f723cf1-ddd6-58e2-881e-3ab45db8cd2d	Feijao carioca	18	18	0	1	SINTETICO
2304904c-40da-481e-8583-69af3c1ea784	2026-01-19	INTEGRAL	16	79ca1872-52e0-59dd-af29-543b793c0860	Macarrao ao sugo	108	97	11	14	SINTETICO
2857cb59-1bce-480c-80a8-0d0cc7a5f345	2026-01-19	INTEGRAL	16	eed1d0ec-938c-53ef-94b9-626452f5fbd2	Sopa de legumes	26	25	1	6	SINTETICO
fd9747e5-e2e7-4365-bfb9-0eabdef9e89e	2026-01-19	INTEGRAL	16	2f723cf1-ddd6-58e2-881e-3ab45db8cd2d	Feijao carioca	346	304	42	29	SINTETICO
ca27a8e3-f34b-4fde-8cf3-c0c174464263	2026-01-19	MANHA	17	b6f014a3-eaad-57c0-8ee9-24eb9abb819a	Cuscuz	46	43	3	6	SINTETICO
3baf6ce7-a0c1-4462-9c9e-5a6421baed6a	2026-01-19	MANHA	17	eed1d0ec-938c-53ef-94b9-626452f5fbd2	Sopa de legumes	118	115	3	25	SINTETICO
d5067436-7d59-4b27-8e9a-1179044f1d35	2026-01-19	MANHA	17	6753aa6f-0f7e-5208-8cd6-9e7a8733ef22	Leite com achocolatado	179	156	23	9	SINTETICO
2b18dd95-8edc-4c0a-ac61-83224a50447d	2026-01-19	MANHA	17	9bf7d50c-378c-58f7-ba1a-0dccafffc54c	Bolacha doce	51	51	0	3	SINTETICO
21fe4edf-6ff6-468c-9d52-86e45d2da034	2026-01-20	INTEGRAL	1	9bf7d50c-378c-58f7-ba1a-0dccafffc54c	Bolacha doce	2	2	0	0	SINTETICO
6e092528-95d5-4731-a649-165eaa7f669b	2026-01-20	INTEGRAL	1	153737d9-caa6-55d5-b086-f7e83fdab4d2	Pao com manteiga	15	14	1	1	SINTETICO
b193f88b-8cf3-451e-a5ea-49822d95e698	2026-01-20	TARDE	2	6753aa6f-0f7e-5208-8cd6-9e7a8733ef22	Leite com achocolatado	77	71	6	3	SINTETICO
fb79c3b8-6b84-4868-ba78-d0496b7393a6	2026-01-20	TARDE	2	0db97b08-9e92-541d-b2d2-1bc810f8fbe8	Iogurte	8	7	1	0	SINTETICO
d44cc12f-1076-462b-a312-54a737135e10	2026-01-20	TARDE	2	1b450f5b-ecde-5880-ad0a-91ce0920069d	Maca	12	11	1	1	SINTETICO
4794f399-6588-4c78-a1e2-6aad2fef7649	2026-01-20	INTEGRAL	3	6753aa6f-0f7e-5208-8cd6-9e7a8733ef22	Leite com achocolatado	0	0	0	0	SINTETICO
accf4f9a-bd65-4982-b3b6-d2a91cf08159	2026-01-20	INTEGRAL	3	79ca1872-52e0-59dd-af29-543b793c0860	Macarrao ao sugo	12	12	0	1	SINTETICO
42472223-b695-48b3-be5f-830803c78964	2026-01-20	INTEGRAL	4	79ca1872-52e0-59dd-af29-543b793c0860	Macarrao ao sugo	0	0	0	0	SINTETICO
656936dc-c73c-4540-a4fb-e98e2083374d	2026-01-20	INTEGRAL	8	153737d9-caa6-55d5-b086-f7e83fdab4d2	Pao com manteiga	14	14	0	1	SINTETICO
1bd8c91c-6a7e-4c41-86ef-2c66b77e6fa7	2026-01-20	INTEGRAL	9	2f723cf1-ddd6-58e2-881e-3ab45db8cd2d	Feijao carioca	21	19	2	2	SINTETICO
6ba9fca0-f9c2-40d6-809b-ef430d647519	2026-01-20	INTEGRAL	9	79ca1872-52e0-59dd-af29-543b793c0860	Macarrao ao sugo	78	76	2	10	SINTETICO
769f6bf6-13c7-46ec-8569-b4788ecc8209	2026-01-20	INTEGRAL	9	b6f014a3-eaad-57c0-8ee9-24eb9abb819a	Cuscuz	0	0	0	0	SINTETICO
1e015bbb-0ffa-4115-84e7-f37afa1c2895	2026-01-20	INTEGRAL	10	79ca1872-52e0-59dd-af29-543b793c0860	Macarrao ao sugo	97	87	10	13	SINTETICO
9f8f6c7f-9a2b-4480-b3e9-c1d2c525480b	2026-01-20	INTEGRAL	11	2f723cf1-ddd6-58e2-881e-3ab45db8cd2d	Feijao carioca	2	2	0	0	SINTETICO
1dba114c-29ae-4990-9ed3-c9bd8e3cc3c0	2026-01-20	INTEGRAL	11	b85fd879-2256-524c-b715-7f9cb93ccd01	Bolo de maca, sem acucar	65	64	1	7	SINTETICO
a1c854f8-52a7-40e2-b4a2-42090b929b1d	2026-01-20	INTEGRAL	13	153737d9-caa6-55d5-b086-f7e83fdab4d2	Pao com manteiga	100	95	5	5	SINTETICO
9d2e916b-c422-4c0e-8d26-e8f3415823c1	2026-01-20	INTEGRAL	13	2f723cf1-ddd6-58e2-881e-3ab45db8cd2d	Feijao carioca	10	9	1	1	SINTETICO
a0cb9163-89e9-4b2b-b33b-159412253ca6	2026-01-20	INTEGRAL	13	b6f014a3-eaad-57c0-8ee9-24eb9abb819a	Cuscuz	86	75	11	9	SINTETICO
314cd9f3-fe2f-484e-acee-a65f79009d9d	2026-01-20	INTEGRAL	14	b94bd7bf-252f-5c97-9722-163c6d7e2412	Brocolis	0	0	0	0	SINTETICO
a816698f-c437-42a0-9b52-f98c11ad498a	2026-01-20	INTEGRAL	17	eed1d0ec-938c-53ef-94b9-626452f5fbd2	Sopa de legumes	35	31	4	8	SINTETICO
75613ebd-77fd-4438-ad0f-86e9d7c3d36c	2026-01-20	INTEGRAL	17	2f723cf1-ddd6-58e2-881e-3ab45db8cd2d	Feijao carioca	28	27	1	2	SINTETICO
722d45e9-9e07-4c78-a923-3f3bb092b984	2026-01-21	INTEGRAL	2	9bf7d50c-378c-58f7-ba1a-0dccafffc54c	Bolacha doce	3	3	0	0	SINTETICO
d5efa147-0d85-4acb-987b-ad09e329a048	2026-01-21	INTEGRAL	3	9bf7d50c-378c-58f7-ba1a-0dccafffc54c	Bolacha doce	21	19	2	1	SINTETICO
5b94efb3-6987-4986-b5ee-858887f11cf5	2026-01-21	INTEGRAL	3	eed1d0ec-938c-53ef-94b9-626452f5fbd2	Sopa de legumes	4	4	0	1	SINTETICO
404eec5f-4dbe-4a2b-aaf8-d477841f7e2a	2026-01-21	INTEGRAL	4	79ca1872-52e0-59dd-af29-543b793c0860	Macarrao ao sugo	47	45	2	8	SINTETICO
e99179ab-6aa3-490a-87bd-7a23edc58aef	2026-01-21	INTEGRAL	4	add956e1-36ad-584e-b1e4-a4a8db28315f	Banana	25	22	3	1	SINTETICO
ed102560-ce4c-486a-8175-17c32ccd41de	2026-01-21	INTEGRAL	5	6753aa6f-0f7e-5208-8cd6-9e7a8733ef22	Leite com achocolatado	38	37	1	2	SINTETICO
9f69aa62-6b97-4b0a-865a-b62492320c5b	2026-01-21	INTEGRAL	5	eed1d0ec-938c-53ef-94b9-626452f5fbd2	Sopa de legumes	40	38	2	11	SINTETICO
1114735a-f6a0-46e9-a4c5-35f2a4acdc85	2026-01-21	MANHA	7	b6f014a3-eaad-57c0-8ee9-24eb9abb819a	Cuscuz	17	17	0	2	SINTETICO
0fbad761-31c7-4eab-a1d1-4cb93c8c0aec	2026-01-21	MANHA	7	0db97b08-9e92-541d-b2d2-1bc810f8fbe8	Iogurte	93	89	4	6	SINTETICO
781581ce-e180-4133-ad61-9e080e5004f1	2026-01-21	MANHA	7	2f723cf1-ddd6-58e2-881e-3ab45db8cd2d	Feijao carioca	337	335	2	38	SINTETICO
d561b961-6064-49f0-941d-866b32bea6e0	2026-01-21	INTEGRAL	8	add956e1-36ad-584e-b1e4-a4a8db28315f	Banana	10	9	1	0	SINTETICO
24c9a1e3-bac0-4f4f-9cab-134fb4052eca	2026-01-21	INTEGRAL	8	6ce7a969-7c2b-5a21-b072-594a4412ab8b	Arroz branco	50	50	0	4	SINTETICO
d5ee1fd6-c12c-455c-a079-0ca3743d8de2	2026-01-21	INTEGRAL	8	1b450f5b-ecde-5880-ad0a-91ce0920069d	Maca	29	26	3	1	SINTETICO
2029edf1-6f4d-41e7-b943-87518eabb69e	2026-01-21	INTEGRAL	9	b6f014a3-eaad-57c0-8ee9-24eb9abb819a	Cuscuz	14	12	2	1	SINTETICO
7d83d54a-eccf-4bfa-8a3f-bfa7815746b2	2026-01-21	INTEGRAL	9	79ca1872-52e0-59dd-af29-543b793c0860	Macarrao ao sugo	0	0	0	0	SINTETICO
04da1cc5-01f5-40ee-a480-fe3679507db3	2026-01-21	INTEGRAL	10	eed1d0ec-938c-53ef-94b9-626452f5fbd2	Sopa de legumes	18	16	2	5	SINTETICO
5deab9ae-f336-4344-b25c-299a6f84224e	2026-01-21	INTEGRAL	12	6ce7a969-7c2b-5a21-b072-594a4412ab8b	Arroz branco	0	0	0	0	SINTETICO
29fdd6af-b8a8-41fb-a4fc-8f028fd7d163	2026-01-21	TARDE	13	153737d9-caa6-55d5-b086-f7e83fdab4d2	Pao com manteiga	0	0	0	0	SINTETICO
d2cd1d37-c2e1-41e5-bea4-6377c4d2d5ef	2026-01-21	TARDE	13	6753aa6f-0f7e-5208-8cd6-9e7a8733ef22	Leite com achocolatado	182	167	15	12	SINTETICO
9af47aeb-1891-4ef7-b879-caa09f7cb914	2026-01-21	TARDE	13	1b450f5b-ecde-5880-ad0a-91ce0920069d	Maca	29	26	3	1	SINTETICO
85c56b91-2b18-4322-a235-4d0ec925aeb7	2026-01-22	INTEGRAL	1	9bf7d50c-378c-58f7-ba1a-0dccafffc54c	Bolacha doce	40	39	1	2	SINTETICO
8e269563-a74c-4a33-ac11-dd6aa4714d37	2026-01-22	INTEGRAL	1	2f723cf1-ddd6-58e2-881e-3ab45db8cd2d	Feijao carioca	39	39	0	3	SINTETICO
f3eee93a-6e23-4b2f-aa63-f250119b65e5	2026-01-22	INTEGRAL	1	84f7e794-a400-5d46-9efe-1c8a8f2f711d	Suco de fruta natural	46	43	3	2	SINTETICO
dd4f2dc5-29c2-4506-beea-58338077db35	2026-01-22	INTEGRAL	1	e8c59186-e147-5530-a4ba-b728fd7852c3	Arroz com galinha	0	0	0	0	SINTETICO
259861cd-70af-46df-a5d7-b12888f33bba	2026-01-22	MANHA	3	b6f014a3-eaad-57c0-8ee9-24eb9abb819a	Cuscuz	66	62	4	7	SINTETICO
921d20a5-5db3-4cb5-afb1-be6ba6c1bc8a	2026-01-22	MANHA	4	84f7e794-a400-5d46-9efe-1c8a8f2f711d	Suco de fruta natural	35	32	3	2	SINTETICO
55ec7bdf-340e-45d8-bc90-84b291639315	2026-01-22	TARDE	6	eed1d0ec-938c-53ef-94b9-626452f5fbd2	Sopa de legumes	40	39	1	12	SINTETICO
11775cc0-3f58-4eba-ac8b-b91871b7c223	2026-01-22	TARDE	6	6ce7a969-7c2b-5a21-b072-594a4412ab8b	Arroz branco	0	0	0	0	SINTETICO
caf36750-83ea-46c4-bb5e-2535976d673f	2026-01-22	INTEGRAL	7	0db97b08-9e92-541d-b2d2-1bc810f8fbe8	Iogurte	32	31	1	1	SINTETICO
46386608-c1d8-4faf-b84c-d2cb944cae04	2026-01-22	INTEGRAL	8	add956e1-36ad-584e-b1e4-a4a8db28315f	Banana	133	116	17	5	SINTETICO
bc333e77-9ce8-4c2e-a0c4-fe3f49167048	2026-01-22	INTEGRAL	9	eed1d0ec-938c-53ef-94b9-626452f5fbd2	Sopa de legumes	0	0	0	0	SINTETICO
a65731c9-eb06-4ca2-8700-cff3524db9d1	2026-01-22	INTEGRAL	10	6ce7a969-7c2b-5a21-b072-594a4412ab8b	Arroz branco	17	16	1	1	SINTETICO
655e61c6-db83-47f0-b9ca-9ec3fba116d9	2026-01-22	INTEGRAL	10	79ca1872-52e0-59dd-af29-543b793c0860	Macarrao ao sugo	27	25	2	3	SINTETICO
d77f8846-ea24-42dd-a352-233ed94a9294	2026-01-22	INTEGRAL	10	54e9ea4c-63a9-5952-9616-b24ee0e6a0fa	Frango dourado, acebolado	1	1	0	0	SINTETICO
6325a90a-9c23-4c31-9d6c-2e758420e855	2026-01-22	INTEGRAL	11	4d3eeba1-ad77-55d4-9ed8-296ad424338e	Molho de frango desfiado	13	13	0	2	SINTETICO
8cfa711e-258d-4bb9-8093-0e1ddedf642d	2026-01-22	INTEGRAL	11	84f7e794-a400-5d46-9efe-1c8a8f2f711d	Suco de fruta natural	39	36	3	2	SINTETICO
95ab07c2-82c7-4783-8121-82381beefb4f	2026-01-22	INTEGRAL	11	0db97b08-9e92-541d-b2d2-1bc810f8fbe8	Iogurte	2	2	0	0	SINTETICO
ded69051-79b0-45e4-8457-af2e0d5baa2c	2026-01-22	MANHA	12	1b450f5b-ecde-5880-ad0a-91ce0920069d	Maca	61	56	5	2	SINTETICO
22b39cdf-6120-4ee3-b748-44a776f1f418	2026-01-22	TARDE	13	1b450f5b-ecde-5880-ad0a-91ce0920069d	Maca	0	0	0	0	SINTETICO
1879d29a-6e44-4d0a-8709-a4fd6639f097	2026-01-22	TARDE	13	153737d9-caa6-55d5-b086-f7e83fdab4d2	Pao com manteiga	133	118	15	7	SINTETICO
db10e4bb-040a-4daf-a406-291ab65d3982	2026-01-22	INTEGRAL	15	add956e1-36ad-584e-b1e4-a4a8db28315f	Banana	332	317	15	15	SINTETICO
2ca33d1d-ba13-4b35-ad89-e3870be18edc	2026-01-22	INTEGRAL	15	6753aa6f-0f7e-5208-8cd6-9e7a8733ef22	Leite com achocolatado	0	0	0	0	SINTETICO
f74c21a9-dbc6-44e5-ba54-38f2b216487a	2026-01-22	INTEGRAL	15	2f723cf1-ddd6-58e2-881e-3ab45db8cd2d	Feijao carioca	11	10	1	1	SINTETICO
aa5ef95c-90ba-4dc6-9ecb-a9e9a1988c9d	2026-01-22	INTEGRAL	16	add956e1-36ad-584e-b1e4-a4a8db28315f	Banana	117	102	15	5	SINTETICO
a2f0b94e-c176-4cee-8bd5-ad454b3f4d20	2026-01-22	INTEGRAL	16	153737d9-caa6-55d5-b086-f7e83fdab4d2	Pao com manteiga	10	9	1	0	SINTETICO
181b69b9-8717-4aa4-ac1a-cce57adcec05	2026-01-22	INTEGRAL	18	79ca1872-52e0-59dd-af29-543b793c0860	Macarrao ao sugo	1	1	0	0	SINTETICO
8461dc8f-b57e-4265-87e1-756cb2c14a1e	2026-01-22	INTEGRAL	18	d0f748b6-0ca4-5794-9480-45981f00672c	Ensopado de mandioca	45	45	0	8	SINTETICO
790b3fa7-797c-4dd0-a9ce-d64f0e73a802	2026-01-22	INTEGRAL	18	84f7e794-a400-5d46-9efe-1c8a8f2f711d	Suco de fruta natural	100	97	3	5	SINTETICO
f66613a0-3858-4064-b854-45010a947a02	2026-01-23	INTEGRAL	2	6753aa6f-0f7e-5208-8cd6-9e7a8733ef22	Leite com achocolatado	187	183	4	9	SINTETICO
f5f18d04-3e91-4bc4-9a9e-7a69aedfc9b7	2026-01-23	INTEGRAL	4	9bf7d50c-378c-58f7-ba1a-0dccafffc54c	Bolacha doce	35	32	3	1	SINTETICO
23078830-2bea-45f1-a2e0-1f990c097c21	2026-01-23	INTEGRAL	4	84f7e794-a400-5d46-9efe-1c8a8f2f711d	Suco de fruta natural	27	27	0	1	SINTETICO
f93976b1-1efc-46e2-827c-ec3ff7842fc7	2026-01-23	MANHA	5	b6f014a3-eaad-57c0-8ee9-24eb9abb819a	Cuscuz	21	21	0	2	SINTETICO
622f25ca-acf2-4c75-86f6-f21d2fe200ee	2026-01-23	MANHA	6	1b450f5b-ecde-5880-ad0a-91ce0920069d	Maca	286	255	31	9	SINTETICO
8d3dc414-337e-4b9e-94e9-48c73dbb2631	2026-01-23	MANHA	6	6753aa6f-0f7e-5208-8cd6-9e7a8733ef22	Leite com achocolatado	11	10	1	0	SINTETICO
6cf5b9cb-53cb-4d48-a02d-3344e0d4fde3	2026-01-23	INTEGRAL	7	1b450f5b-ecde-5880-ad0a-91ce0920069d	Maca	17	16	1	1	SINTETICO
78225db9-4635-4914-8f4f-d7d922ac377c	2026-01-23	INTEGRAL	7	9bf7d50c-378c-58f7-ba1a-0dccafffc54c	Bolacha doce	39	35	4	2	SINTETICO
1e31bb89-b80a-4c54-b215-5005ff1525ee	2026-01-23	INTEGRAL	7	6753aa6f-0f7e-5208-8cd6-9e7a8733ef22	Leite com achocolatado	34	32	2	2	SINTETICO
20d437f6-4abc-4abf-8c5e-d73d3d05a235	2026-01-23	INTEGRAL	7	eed1d0ec-938c-53ef-94b9-626452f5fbd2	Sopa de legumes	8	7	1	2	SINTETICO
c5bfb6bf-db5e-4033-9eb1-24bf090f0d75	2026-01-23	INTEGRAL	9	0db97b08-9e92-541d-b2d2-1bc810f8fbe8	Iogurte	11	10	1	1	SINTETICO
e807a7ee-777f-4cdf-aea5-c6dbae2ab5eb	2026-01-23	INTEGRAL	9	eed1d0ec-938c-53ef-94b9-626452f5fbd2	Sopa de legumes	7	6	1	2	SINTETICO
ead52c28-3023-4d7d-b29d-728985206fc6	2026-01-23	INTEGRAL	9	79ca1872-52e0-59dd-af29-543b793c0860	Macarrao ao sugo	33	33	0	6	SINTETICO
5be15191-0c52-42cd-9a01-47b9781d2b14	2026-01-23	INTEGRAL	9	84f7e794-a400-5d46-9efe-1c8a8f2f711d	Suco de fruta natural	0	0	0	0	SINTETICO
993f49bc-ca21-4b0a-9bfb-8c24371c4206	2026-01-23	INTEGRAL	9	9bf7d50c-378c-58f7-ba1a-0dccafffc54c	Bolacha doce	2	2	0	0	SINTETICO
10a501d7-7de8-413e-a9be-b9af59b17eab	2026-01-23	INTEGRAL	13	6ce7a969-7c2b-5a21-b072-594a4412ab8b	Arroz branco	40	35	5	2	SINTETICO
7463e4e7-82c0-4112-a0b0-25fac41d60ce	2026-01-23	INTEGRAL	14	153737d9-caa6-55d5-b086-f7e83fdab4d2	Pao com manteiga	15	14	1	1	SINTETICO
ccc7b8b1-6611-4261-87ac-71db191e3441	2026-01-23	INTEGRAL	14	eed1d0ec-938c-53ef-94b9-626452f5fbd2	Sopa de legumes	13	13	0	4	SINTETICO
6319f491-0e9f-410c-84d2-7b8103285867	2026-01-23	INTEGRAL	14	b6f014a3-eaad-57c0-8ee9-24eb9abb819a	Cuscuz	2	2	0	0	SINTETICO
534b2561-d3f1-44ad-a66a-6ea29b1b806e	2026-01-23	INTEGRAL	14	6753aa6f-0f7e-5208-8cd6-9e7a8733ef22	Leite com achocolatado	40	36	4	2	SINTETICO
cf1e09d3-9691-4553-ab4b-b1311aaf4259	2026-01-23	TARDE	15	add956e1-36ad-584e-b1e4-a4a8db28315f	Banana	111	97	14	3	SINTETICO
1ddb7047-03d1-42bd-b5af-a870927c3e46	2026-01-23	INTEGRAL	17	6ce7a969-7c2b-5a21-b072-594a4412ab8b	Arroz branco	111	106	5	6	SINTETICO
2e2b5efc-62fb-4aa5-881c-7186c32f4c13	2026-01-23	INTEGRAL	17	2f723cf1-ddd6-58e2-881e-3ab45db8cd2d	Feijao carioca	2	2	0	0	SINTETICO
81bf8bae-3b14-49ff-a833-097089baf9ff	2026-01-23	INTEGRAL	17	6753aa6f-0f7e-5208-8cd6-9e7a8733ef22	Leite com achocolatado	3	3	0	0	SINTETICO
0138f88c-aef2-4d8e-9c3d-d2fceb8b8d35	2026-01-26	INTEGRAL	3	b6f014a3-eaad-57c0-8ee9-24eb9abb819a	Cuscuz	58	53	5	8	SINTETICO
a94e7ee6-971b-4108-958c-328d4f0c450f	2026-01-26	INTEGRAL	3	6ce7a969-7c2b-5a21-b072-594a4412ab8b	Arroz branco	48	46	2	3	SINTETICO
32b6fcc3-b498-4af3-8a29-85ff78242372	2026-01-26	INTEGRAL	3	153737d9-caa6-55d5-b086-f7e83fdab4d2	Pao com manteiga	40	35	5	2	SINTETICO
9a34a8cf-9056-4aac-bd5f-40336011cc13	2026-01-26	INTEGRAL	3	9bf7d50c-378c-58f7-ba1a-0dccafffc54c	Bolacha doce	3	3	0	0	SINTETICO
d07de7c9-db2f-4309-bfc0-0f1755baaf9d	2026-01-26	INTEGRAL	3	6753aa6f-0f7e-5208-8cd6-9e7a8733ef22	Leite com achocolatado	0	0	0	0	SINTETICO
f543b518-2e70-4e22-bafd-89e0154c7d63	2026-01-26	INTEGRAL	3	eed1d0ec-938c-53ef-94b9-626452f5fbd2	Sopa de legumes	261	251	10	72	SINTETICO
7b47eadb-001f-4330-9d15-9b1cdcd75689	2026-01-26	MANHA	4	84f7e794-a400-5d46-9efe-1c8a8f2f711d	Suco de fruta natural	115	111	4	6	SINTETICO
42050330-015e-439a-ac9d-8972e4715c2a	2026-01-26	MANHA	4	153737d9-caa6-55d5-b086-f7e83fdab4d2	Pao com manteiga	0	0	0	0	SINTETICO
4d2671f5-03fa-4613-bb80-e489a1fb5cbf	2026-01-26	MANHA	4	9bf7d50c-378c-58f7-ba1a-0dccafffc54c	Bolacha doce	51	48	3	3	SINTETICO
1b641ed9-4ba1-415d-91fa-2402b32ad492	2026-01-26	INTEGRAL	5	9bf7d50c-378c-58f7-ba1a-0dccafffc54c	Bolacha doce	2	2	0	0	SINTETICO
96e75df0-1520-4e70-979b-7290cd917648	2026-01-26	INTEGRAL	5	6753aa6f-0f7e-5208-8cd6-9e7a8733ef22	Leite com achocolatado	21	18	3	1	SINTETICO
5a12803c-0368-495e-8224-c2dd92a64fa1	2026-01-26	TARDE	6	0db97b08-9e92-541d-b2d2-1bc810f8fbe8	Iogurte	502	494	8	34	SINTETICO
e554de6f-4c2a-48cb-bee1-26bc0fc591d1	2026-01-26	TARDE	6	84f7e794-a400-5d46-9efe-1c8a8f2f711d	Suco de fruta natural	568	494	74	27	SINTETICO
b29d94e7-47d5-42b7-bf02-096061e70472	2026-01-26	TARDE	6	9bf7d50c-378c-58f7-ba1a-0dccafffc54c	Bolacha doce	9	9	0	0	SINTETICO
a3ef2953-05ec-4ab0-b7ed-9c30ecf8a141	2026-01-26	TARDE	6	6ce7a969-7c2b-5a21-b072-594a4412ab8b	Arroz branco	107	94	13	8	SINTETICO
02dbd085-db3b-46f5-b152-74ed4505cb24	2026-01-26	TARDE	9	0db97b08-9e92-541d-b2d2-1bc810f8fbe8	Iogurte	100	93	7	7	SINTETICO
8ce54b9d-3174-4433-a0af-b665f8b22621	2026-01-26	TARDE	9	84f7e794-a400-5d46-9efe-1c8a8f2f711d	Suco de fruta natural	15	14	1	1	SINTETICO
43e6c947-8d90-477f-8fc2-342b2d2aec3d	2026-01-26	TARDE	9	b6f014a3-eaad-57c0-8ee9-24eb9abb819a	Cuscuz	99	91	8	9	SINTETICO
261df374-9ad7-43c3-b677-8e2935351e6e	2026-01-26	TARDE	13	1b450f5b-ecde-5880-ad0a-91ce0920069d	Maca	109	96	13	3	SINTETICO
7f208d1e-5782-4f3d-a1f9-fa5c42b2fab0	2026-01-26	TARDE	13	0db97b08-9e92-541d-b2d2-1bc810f8fbe8	Iogurte	6	5	1	0	SINTETICO
59fac75e-1c0c-40f4-ad4f-419afd9e2360	2026-01-26	INTEGRAL	14	2f723cf1-ddd6-58e2-881e-3ab45db8cd2d	Feijao carioca	14	14	0	1	SINTETICO
48e57101-5927-4bdb-b5ae-0b6be3cc9f14	2026-01-26	INTEGRAL	14	79ca1872-52e0-59dd-af29-543b793c0860	Macarrao ao sugo	19	18	1	3	SINTETICO
4694f92c-7a91-4d45-b03b-e6a847e56dd2	2026-01-26	INTEGRAL	15	79ca1872-52e0-59dd-af29-543b793c0860	Macarrao ao sugo	0	0	0	0	SINTETICO
c80bb71f-e381-4924-91d9-dc0ca9d99958	2026-01-26	INTEGRAL	15	eed1d0ec-938c-53ef-94b9-626452f5fbd2	Sopa de legumes	129	128	1	42	SINTETICO
9cc114d6-2586-4742-a508-225f851bfa4d	2026-01-26	INTEGRAL	15	9bf7d50c-378c-58f7-ba1a-0dccafffc54c	Bolacha doce	1	1	0	0	SINTETICO
94803adb-1075-44a4-bd0f-e51eb6a83dd8	2026-01-26	INTEGRAL	15	84f7e794-a400-5d46-9efe-1c8a8f2f711d	Suco de fruta natural	65	59	6	4	SINTETICO
3c2a7afa-d788-48a7-8bb5-dd28b2f567ad	2026-01-26	INTEGRAL	15	1b450f5b-ecde-5880-ad0a-91ce0920069d	Maca	42	37	5	2	SINTETICO
7df8c826-d09a-49ec-846f-4e2624460ef8	2026-01-26	INTEGRAL	17	6ce7a969-7c2b-5a21-b072-594a4412ab8b	Arroz branco	0	0	0	0	SINTETICO
7d4db5e8-a045-46a2-a9a7-42f096b9e0bc	2026-01-26	INTEGRAL	18	6753aa6f-0f7e-5208-8cd6-9e7a8733ef22	Leite com achocolatado	7	6	1	0	SINTETICO
45270020-4d37-431c-b041-242678a912ed	2026-01-26	INTEGRAL	18	6ce7a969-7c2b-5a21-b072-594a4412ab8b	Arroz branco	1	1	0	0	SINTETICO
1383d659-cd17-4141-8c5f-895185a9afcf	2026-01-27	MANHA	2	84f7e794-a400-5d46-9efe-1c8a8f2f711d	Suco de fruta natural	34	31	3	2	SINTETICO
59f9abdb-8e74-468c-9425-2e02598572ee	2026-01-27	MANHA	2	6753aa6f-0f7e-5208-8cd6-9e7a8733ef22	Leite com achocolatado	17	16	1	1	SINTETICO
b2e57e18-b8da-40d2-b213-0a2c552b90e7	2026-01-27	MANHA	2	add956e1-36ad-584e-b1e4-a4a8db28315f	Banana	49	44	5	1	SINTETICO
0163db91-7d6e-478c-86ea-2bf687cb8b9c	2026-01-27	INTEGRAL	3	84f7e794-a400-5d46-9efe-1c8a8f2f711d	Suco de fruta natural	4	4	0	0	SINTETICO
15455c6c-e53d-408f-bce2-957abffd6ee3	2026-01-27	INTEGRAL	4	1b450f5b-ecde-5880-ad0a-91ce0920069d	Maca	30	29	1	1	SINTETICO
54ea5221-a77b-44fe-80f8-ac4102e4d183	2026-01-27	INTEGRAL	4	79ca1872-52e0-59dd-af29-543b793c0860	Macarrao ao sugo	30	27	3	3	SINTETICO
b5627990-1224-4096-b46d-d38b0b72e65d	2026-01-27	INTEGRAL	4	84f7e794-a400-5d46-9efe-1c8a8f2f711d	Suco de fruta natural	382	340	42	20	SINTETICO
2a2673ab-cb1e-4107-a837-9277c647db41	2026-01-27	INTEGRAL	4	b6f014a3-eaad-57c0-8ee9-24eb9abb819a	Cuscuz	18	17	1	2	SINTETICO
4b8d87c6-2ea7-4634-84f4-4c65d3167f5e	2026-01-27	INTEGRAL	6	79ca1872-52e0-59dd-af29-543b793c0860	Macarrao ao sugo	65	62	3	6	SINTETICO
c31a43f0-bec2-440a-a3a9-336c33f9dfce	2026-01-27	INTEGRAL	6	b6f014a3-eaad-57c0-8ee9-24eb9abb819a	Cuscuz	2	2	0	0	SINTETICO
5449775a-c066-4a01-9e1c-df6b4a80b839	2026-01-27	INTEGRAL	8	84f7e794-a400-5d46-9efe-1c8a8f2f711d	Suco de fruta natural	66	61	5	2	SINTETICO
8a87a939-bf1f-424f-b2c6-43caef78a7c5	2026-01-27	INTEGRAL	9	79ca1872-52e0-59dd-af29-543b793c0860	Macarrao ao sugo	16	15	1	3	SINTETICO
59679df9-dd9f-4e59-b005-0debd08609bb	2026-01-27	INTEGRAL	9	add956e1-36ad-584e-b1e4-a4a8db28315f	Banana	34	30	4	1	SINTETICO
86084282-6e9f-46e4-be20-29406e13ab35	2026-01-27	MANHA	11	6ce7a969-7c2b-5a21-b072-594a4412ab8b	Arroz branco	0	0	0	0	SINTETICO
d3b9380d-5e61-4761-9983-9608fc38bd2c	2026-01-27	INTEGRAL	13	eed1d0ec-938c-53ef-94b9-626452f5fbd2	Sopa de legumes	16	15	1	4	SINTETICO
b38a95d1-4fe5-4d39-9903-5d4fc7051a5c	2026-01-27	INTEGRAL	14	6ce7a969-7c2b-5a21-b072-594a4412ab8b	Arroz branco	10	9	1	1	SINTETICO
54105a09-bf32-47df-86ca-95575f246155	2026-01-27	INTEGRAL	14	2f723cf1-ddd6-58e2-881e-3ab45db8cd2d	Feijao carioca	63	57	6	5	SINTETICO
6717da2a-72be-4476-9c5d-3ee9dd318d68	2026-01-27	INTEGRAL	15	6753aa6f-0f7e-5208-8cd6-9e7a8733ef22	Leite com achocolatado	0	0	0	0	SINTETICO
9ad96c23-ae26-4db0-a38d-d9ea743f7651	2026-01-27	INTEGRAL	15	153737d9-caa6-55d5-b086-f7e83fdab4d2	Pao com manteiga	1	1	0	0	SINTETICO
bbe9ccaa-a283-4d08-830d-ad6f07be385d	2026-01-27	INTEGRAL	16	6ce7a969-7c2b-5a21-b072-594a4412ab8b	Arroz branco	1	1	0	0	SINTETICO
d1136774-8a27-4983-a83a-615f6df7ca27	2026-01-27	INTEGRAL	16	2f723cf1-ddd6-58e2-881e-3ab45db8cd2d	Feijao carioca	30	27	3	2	SINTETICO
81782fa3-59ae-4912-b189-9ceb09b60f1e	2026-01-27	INTEGRAL	16	153737d9-caa6-55d5-b086-f7e83fdab4d2	Pao com manteiga	12	11	1	1	SINTETICO
15998431-94b4-416e-9ed5-667801b1c900	2026-01-27	INTEGRAL	16	1b450f5b-ecde-5880-ad0a-91ce0920069d	Maca	34	32	2	2	SINTETICO
5ecd00e7-2481-47fb-9a82-5c8dad7aed60	2026-01-27	INTEGRAL	16	0db97b08-9e92-541d-b2d2-1bc810f8fbe8	Iogurte	43	42	1	3	SINTETICO
5d750aa8-e1f1-448b-81c3-fcced40076cd	2026-01-28	INTEGRAL	1	84f7e794-a400-5d46-9efe-1c8a8f2f711d	Suco de fruta natural	23	21	2	1	SINTETICO
62a841d8-83d5-437e-a92c-dbc841a77b33	2026-01-28	INTEGRAL	1	6ce7a969-7c2b-5a21-b072-594a4412ab8b	Arroz branco	13	12	1	1	SINTETICO
b512eecf-6b7f-4d7e-864b-fa2e48bc8849	2026-01-28	INTEGRAL	1	add956e1-36ad-584e-b1e4-a4a8db28315f	Banana	0	0	0	0	SINTETICO
e21e745e-9481-4606-8181-d1031ac58ff5	2026-01-28	MANHA	2	1b450f5b-ecde-5880-ad0a-91ce0920069d	Maca	277	260	17	16	SINTETICO
288cf622-3d1f-435d-8d9f-e369172f331d	2026-01-28	INTEGRAL	3	84f7e794-a400-5d46-9efe-1c8a8f2f711d	Suco de fruta natural	100	94	6	6	SINTETICO
fa936cae-1345-4acb-96b6-b65e9fdb2856	2026-01-28	INTEGRAL	4	1b450f5b-ecde-5880-ad0a-91ce0920069d	Maca	26	23	3	1	SINTETICO
e4b8ac24-49da-4ee0-b00f-0f23c31c6ea3	2026-01-28	INTEGRAL	4	153737d9-caa6-55d5-b086-f7e83fdab4d2	Pao com manteiga	22	20	2	1	SINTETICO
05063cc8-7078-48ab-ad40-a240b6f21621	2026-01-28	INTEGRAL	6	1b450f5b-ecde-5880-ad0a-91ce0920069d	Maca	52	51	1	3	SINTETICO
e7c64147-649d-4ef1-a64a-2203ab199bec	2026-01-28	INTEGRAL	6	eed1d0ec-938c-53ef-94b9-626452f5fbd2	Sopa de legumes	0	0	0	0	SINTETICO
bc33c836-6d4e-4d31-b4da-8343eae2a76d	2026-01-28	INTEGRAL	6	6ce7a969-7c2b-5a21-b072-594a4412ab8b	Arroz branco	34	30	4	2	SINTETICO
dcca33d5-76f2-4e0a-8863-3f25214fb522	2026-01-28	INTEGRAL	7	eed1d0ec-938c-53ef-94b9-626452f5fbd2	Sopa de legumes	31	30	1	7	SINTETICO
f74666f3-24f6-4f54-a4d5-8751c0f1bd10	2026-01-28	INTEGRAL	8	add956e1-36ad-584e-b1e4-a4a8db28315f	Banana	5	5	0	0	SINTETICO
7e64eb5f-7c21-4658-b871-79f6fff455a4	2026-01-28	INTEGRAL	8	153737d9-caa6-55d5-b086-f7e83fdab4d2	Pao com manteiga	18	17	1	1	SINTETICO
2580b872-e901-4885-83cd-5cef5efe0640	2026-01-28	INTEGRAL	9	0db97b08-9e92-541d-b2d2-1bc810f8fbe8	Iogurte	69	62	7	4	SINTETICO
88103304-2f35-4722-9e0d-5dbf788da0cc	2026-01-28	INTEGRAL	9	9bf7d50c-378c-58f7-ba1a-0dccafffc54c	Bolacha doce	46	40	6	2	SINTETICO
273f864b-7953-4e46-8016-85c0da403639	2026-01-28	INTEGRAL	9	1b450f5b-ecde-5880-ad0a-91ce0920069d	Maca	2	2	0	0	SINTETICO
e5b9395e-22ca-4225-80c0-2725db3731b2	2026-01-28	INTEGRAL	10	eed1d0ec-938c-53ef-94b9-626452f5fbd2	Sopa de legumes	0	0	0	0	SINTETICO
faba1394-6491-4a8c-98f4-b4c47bdd72e5	2026-01-28	INTEGRAL	11	1b450f5b-ecde-5880-ad0a-91ce0920069d	Maca	13	13	0	1	SINTETICO
e6a28ad4-4e03-43ff-bf3e-0c949bb78104	2026-01-28	INTEGRAL	11	2f723cf1-ddd6-58e2-881e-3ab45db8cd2d	Feijao carioca	48	42	6	3	SINTETICO
d4c0075c-83c5-4acd-b7cc-db146e3314c5	2026-01-28	INTEGRAL	12	2f723cf1-ddd6-58e2-881e-3ab45db8cd2d	Feijao carioca	19	18	1	2	SINTETICO
7cfe254d-2270-434b-8b97-7c92bb9e3f3a	2026-01-28	MANHA	13	6753aa6f-0f7e-5208-8cd6-9e7a8733ef22	Leite com achocolatado	9	8	1	0	SINTETICO
0c2df336-9754-4b4a-9ef6-b121a17480cf	2026-01-28	MANHA	13	9bf7d50c-378c-58f7-ba1a-0dccafffc54c	Bolacha doce	7	7	0	0	SINTETICO
34a89c7c-d31e-40ef-b29e-fc6d9c4eebb8	2026-01-28	MANHA	13	79ca1872-52e0-59dd-af29-543b793c0860	Macarrao ao sugo	50	45	5	6	SINTETICO
5c96f68d-878c-43f2-ab75-77b99b99523e	2026-01-28	MANHA	14	add956e1-36ad-584e-b1e4-a4a8db28315f	Banana	24	21	3	1	SINTETICO
d329b4d0-13a6-4e70-a7d6-28aeb3fadab4	2026-01-28	MANHA	15	9bf7d50c-378c-58f7-ba1a-0dccafffc54c	Bolacha doce	10	10	0	1	SINTETICO
bcb0777b-b9e0-41c1-ad5b-eae2a447b098	2026-01-28	MANHA	15	84f7e794-a400-5d46-9efe-1c8a8f2f711d	Suco de fruta natural	0	0	0	0	SINTETICO
e93efed1-59c7-49dc-883e-ef06ba3e88c1	2026-01-28	MANHA	15	6ce7a969-7c2b-5a21-b072-594a4412ab8b	Arroz branco	9	8	1	0	SINTETICO
4a97363d-4ede-4a48-8cdb-5276dbc87175	2026-01-28	MANHA	15	0db97b08-9e92-541d-b2d2-1bc810f8fbe8	Iogurte	12	11	1	1	SINTETICO
39e71b44-6e91-4bd6-9cc4-b03c523dce48	2026-01-28	MANHA	15	add956e1-36ad-584e-b1e4-a4a8db28315f	Banana	39	37	2	1	SINTETICO
146d5a9e-b88a-4408-a47c-77df9f53c013	2026-01-28	MANHA	15	153737d9-caa6-55d5-b086-f7e83fdab4d2	Pao com manteiga	2	2	0	0	SINTETICO
a56df35b-1abc-42c2-86e4-a77f1a563ec2	2026-01-28	MANHA	16	b6f014a3-eaad-57c0-8ee9-24eb9abb819a	Cuscuz	33	29	4	2	SINTETICO
d3e4c7b1-69aa-4f06-a6a4-589592dd0a90	2026-01-28	MANHA	16	0db97b08-9e92-541d-b2d2-1bc810f8fbe8	Iogurte	49	47	2	2	SINTETICO
18713ed3-3cff-4db9-963d-51b821bd2adf	2026-01-28	MANHA	16	84f7e794-a400-5d46-9efe-1c8a8f2f711d	Suco de fruta natural	3	3	0	0	SINTETICO
0ae9942d-96fe-41ea-8392-f324471bc8ec	2026-01-28	MANHA	17	6753aa6f-0f7e-5208-8cd6-9e7a8733ef22	Leite com achocolatado	1	1	0	0	SINTETICO
ed277841-1a44-47d8-b71c-c12c85c419d1	2026-01-28	MANHA	17	2f723cf1-ddd6-58e2-881e-3ab45db8cd2d	Feijao carioca	18	16	2	1	SINTETICO
b96b4a8a-02df-40b4-8a2e-da923c47a51b	2026-01-28	MANHA	17	0db97b08-9e92-541d-b2d2-1bc810f8fbe8	Iogurte	86	84	2	6	SINTETICO
e4cbd9b5-2f8d-4a53-9377-d75b55d39263	2026-01-29	INTEGRAL	1	add956e1-36ad-584e-b1e4-a4a8db28315f	Banana	1	1	0	0	SINTETICO
eaf04248-6603-45e7-857a-c7502c9416d2	2026-01-29	MANHA	3	9bf7d50c-378c-58f7-ba1a-0dccafffc54c	Bolacha doce	5	5	0	0	SINTETICO
6b6f5898-b584-4204-ac52-e490cf769c9a	2026-01-29	MANHA	3	add956e1-36ad-584e-b1e4-a4a8db28315f	Banana	1	1	0	0	SINTETICO
aff1cb7e-4d70-4956-ae77-e72e790cbe61	2026-01-29	MANHA	3	0db97b08-9e92-541d-b2d2-1bc810f8fbe8	Iogurte	28	25	3	2	SINTETICO
28a87a22-fe9e-45f7-bebd-f15b1e320555	2026-01-29	MANHA	3	79ca1872-52e0-59dd-af29-543b793c0860	Macarrao ao sugo	0	0	0	0	SINTETICO
8ed66607-d79c-4030-bdf6-d485b7dbbcde	2026-01-29	MANHA	3	6ce7a969-7c2b-5a21-b072-594a4412ab8b	Arroz branco	430	400	30	20	SINTETICO
4890b809-7dc7-4fc6-9058-de47300a134c	2026-01-29	MANHA	3	eed1d0ec-938c-53ef-94b9-626452f5fbd2	Sopa de legumes	121	117	4	33	SINTETICO
03258f76-ef4f-4bc1-8f27-3a4bbf6b3c5a	2026-01-29	MANHA	3	153737d9-caa6-55d5-b086-f7e83fdab4d2	Pao com manteiga	0	0	0	0	SINTETICO
d7e56425-c2ca-4756-bfe2-4626afd34421	2026-01-29	MANHA	3	1b450f5b-ecde-5880-ad0a-91ce0920069d	Maca	0	0	0	0	SINTETICO
de6d6cde-2f4b-4543-9f3a-dfbe8db794c7	2026-01-29	TARDE	4	9bf7d50c-378c-58f7-ba1a-0dccafffc54c	Bolacha doce	9	9	0	0	SINTETICO
1857e509-5e07-40ec-b132-f2280f8b8b2c	2026-01-29	TARDE	4	153737d9-caa6-55d5-b086-f7e83fdab4d2	Pao com manteiga	116	115	1	7	SINTETICO
277e8db9-3f47-45af-a1b2-8d3d6634dae5	2026-01-29	TARDE	4	b6f014a3-eaad-57c0-8ee9-24eb9abb819a	Cuscuz	87	81	6	11	SINTETICO
8bb07c3c-4a47-4b1e-aa88-fd6c353b399f	2026-01-29	TARDE	4	6753aa6f-0f7e-5208-8cd6-9e7a8733ef22	Leite com achocolatado	135	125	10	9	SINTETICO
1aca045f-72da-4502-85ff-9ab8de325e8e	2026-01-29	MANHA	7	add956e1-36ad-584e-b1e4-a4a8db28315f	Banana	7	7	0	0	SINTETICO
c7b695a6-b14e-4814-bf37-3db2e20f4734	2026-01-29	MANHA	7	6ce7a969-7c2b-5a21-b072-594a4412ab8b	Arroz branco	0	0	0	0	SINTETICO
0d004d7d-1da9-4d7a-af0f-a658993b1a7b	2026-01-29	MANHA	8	9bf7d50c-378c-58f7-ba1a-0dccafffc54c	Bolacha doce	382	374	8	15	SINTETICO
fbe5e801-0552-4cdb-b160-1c33192e93c2	2026-01-29	MANHA	8	eed1d0ec-938c-53ef-94b9-626452f5fbd2	Sopa de legumes	47	47	0	15	SINTETICO
81c3e462-fd9d-4e7f-95bd-bf0a2a4becae	2026-01-29	MANHA	8	0db97b08-9e92-541d-b2d2-1bc810f8fbe8	Iogurte	22	21	1	2	SINTETICO
11a10a94-e68d-4790-8e50-10064229285e	2026-01-29	INTEGRAL	9	0db97b08-9e92-541d-b2d2-1bc810f8fbe8	Iogurte	0	0	0	0	SINTETICO
59f9226d-d43d-42a8-8ab3-286357fc8669	2026-01-29	INTEGRAL	9	84f7e794-a400-5d46-9efe-1c8a8f2f711d	Suco de fruta natural	104	100	4	5	SINTETICO
79ab453a-891e-4550-91ba-81dc33d781d0	2026-01-29	INTEGRAL	9	eed1d0ec-938c-53ef-94b9-626452f5fbd2	Sopa de legumes	6	5	1	1	SINTETICO
dd9dcdc1-2462-40f1-9b18-3fe022b46b30	2026-01-29	INTEGRAL	9	6ce7a969-7c2b-5a21-b072-594a4412ab8b	Arroz branco	89	81	8	4	SINTETICO
39a58c19-f462-41e5-a689-a415a0314244	2026-01-29	TARDE	10	0db97b08-9e92-541d-b2d2-1bc810f8fbe8	Iogurte	189	172	17	13	SINTETICO
cd343178-be40-4eb3-b742-e4c010548d89	2026-01-29	TARDE	10	2f723cf1-ddd6-58e2-881e-3ab45db8cd2d	Feijao carioca	32	30	2	2	SINTETICO
f9eb84e2-4cfe-444b-8a74-d40c5e6dabb6	2026-01-29	INTEGRAL	11	79ca1872-52e0-59dd-af29-543b793c0860	Macarrao ao sugo	6	6	0	1	SINTETICO
f16e3d14-dc36-4be9-b501-309b2b122efe	2026-01-29	INTEGRAL	11	0db97b08-9e92-541d-b2d2-1bc810f8fbe8	Iogurte	52	46	6	2	SINTETICO
db140210-dd9b-4f30-bad8-0843e70752a9	2026-01-29	INTEGRAL	12	2f723cf1-ddd6-58e2-881e-3ab45db8cd2d	Feijao carioca	12	11	1	1	SINTETICO
4b59bf48-de70-4e58-ba77-1ded87e7d6c0	2026-01-29	INTEGRAL	13	9bf7d50c-378c-58f7-ba1a-0dccafffc54c	Bolacha doce	2	2	0	0	SINTETICO
b9f86c03-f134-4570-af79-4d72a5e38b0d	2026-01-29	INTEGRAL	14	79ca1872-52e0-59dd-af29-543b793c0860	Macarrao ao sugo	96	88	8	15	SINTETICO
342ba434-b05c-4b62-8a7d-6308f4cb1f97	2026-01-29	TARDE	15	add956e1-36ad-584e-b1e4-a4a8db28315f	Banana	11	10	1	0	SINTETICO
b3196d5e-e189-4539-9b90-4adbef5eb711	2026-01-29	TARDE	15	2f723cf1-ddd6-58e2-881e-3ab45db8cd2d	Feijao carioca	20	18	2	1	SINTETICO
70705eab-ba00-485c-9f63-cc33e023a007	2026-01-29	TARDE	15	b6f014a3-eaad-57c0-8ee9-24eb9abb819a	Cuscuz	0	0	0	0	SINTETICO
cb464638-e216-4378-9f29-ceaed367e050	2026-01-29	INTEGRAL	16	2f723cf1-ddd6-58e2-881e-3ab45db8cd2d	Feijao carioca	0	0	0	0	SINTETICO
df3b41f8-0711-4437-854a-024a577f30d2	2026-01-29	INTEGRAL	16	84f7e794-a400-5d46-9efe-1c8a8f2f711d	Suco de fruta natural	50	46	4	2	SINTETICO
b96cd396-3e46-46c6-8f6a-b88f2aef5f1e	2026-01-30	INTEGRAL	2	153737d9-caa6-55d5-b086-f7e83fdab4d2	Pao com manteiga	3	3	0	0	SINTETICO
75f7e88f-b726-4593-8221-314b23828f23	2026-01-30	INTEGRAL	2	9bf7d50c-378c-58f7-ba1a-0dccafffc54c	Bolacha doce	0	0	0	0	SINTETICO
3a3f38f7-b142-4ed1-b561-a80dc0e8d32c	2026-01-30	INTEGRAL	2	6ce7a969-7c2b-5a21-b072-594a4412ab8b	Arroz branco	321	313	8	23	SINTETICO
9416c0a9-c7ef-4664-a300-70bbbd784ab2	2026-01-30	INTEGRAL	2	6753aa6f-0f7e-5208-8cd6-9e7a8733ef22	Leite com achocolatado	24	23	1	1	SINTETICO
88acce2b-8f22-4b28-ad6b-b513f9cf83ce	2026-01-30	INTEGRAL	4	b6f014a3-eaad-57c0-8ee9-24eb9abb819a	Cuscuz	348	304	44	40	SINTETICO
d32537cb-f88c-4ca6-b836-2b202a165dd1	2026-01-30	INTEGRAL	4	1b450f5b-ecde-5880-ad0a-91ce0920069d	Maca	34	30	4	1	SINTETICO
3b1c81a9-9f93-4b7b-9431-96cb44ea872d	2026-01-30	INTEGRAL	5	84f7e794-a400-5d46-9efe-1c8a8f2f711d	Suco de fruta natural	3	3	0	0	SINTETICO
236c6432-0941-4dbd-bb3c-057219151971	2026-01-30	INTEGRAL	9	1b450f5b-ecde-5880-ad0a-91ce0920069d	Maca	10	9	1	1	SINTETICO
807ec287-8c5c-40f6-bce8-6c215e6c4561	2026-01-30	INTEGRAL	9	6ce7a969-7c2b-5a21-b072-594a4412ab8b	Arroz branco	231	205	26	18	SINTETICO
85e5afe0-7e58-4158-9a2a-0e0cfea3a8e0	2026-01-30	INTEGRAL	10	79ca1872-52e0-59dd-af29-543b793c0860	Macarrao ao sugo	35	34	1	4	SINTETICO
1d13b367-60a4-4e49-8278-17f643a4f0e9	2026-01-30	INTEGRAL	10	1b450f5b-ecde-5880-ad0a-91ce0920069d	Maca	175	172	3	11	SINTETICO
49251f37-d958-498f-b4a2-d8af7efb1321	2026-01-30	INTEGRAL	10	eed1d0ec-938c-53ef-94b9-626452f5fbd2	Sopa de legumes	23	21	2	5	SINTETICO
470db4b6-cc70-4788-b299-1f10180d6315	2026-01-30	INTEGRAL	10	6753aa6f-0f7e-5208-8cd6-9e7a8733ef22	Leite com achocolatado	52	51	1	4	SINTETICO
0474d4e4-34f5-4290-a95d-5c2279b29933	2026-01-30	INTEGRAL	10	84f7e794-a400-5d46-9efe-1c8a8f2f711d	Suco de fruta natural	17	15	2	1	SINTETICO
94529b05-aa5d-4e0a-96b3-297ff6f369ec	2026-01-30	INTEGRAL	10	2f723cf1-ddd6-58e2-881e-3ab45db8cd2d	Feijao carioca	306	292	14	27	SINTETICO
3a8b32c9-8c30-48c5-b997-11b119a8110b	2026-01-30	MANHA	11	84f7e794-a400-5d46-9efe-1c8a8f2f711d	Suco de fruta natural	44	43	1	2	SINTETICO
0024bd32-d284-44b6-b003-9b19bdc1e406	2026-01-30	MANHA	11	9bf7d50c-378c-58f7-ba1a-0dccafffc54c	Bolacha doce	3	3	0	0	SINTETICO
be165844-845d-46b8-9ab2-acd7d0af79c0	2026-01-30	MANHA	15	6ce7a969-7c2b-5a21-b072-594a4412ab8b	Arroz branco	3	3	0	0	SINTETICO
d4abc3f5-95aa-4d6c-9ac3-8fced002f073	2026-01-30	INTEGRAL	16	add956e1-36ad-584e-b1e4-a4a8db28315f	Banana	41	36	5	2	SINTETICO
7eca0ef3-ff90-4057-bd0a-cc60293c3728	2026-01-30	INTEGRAL	16	b6f014a3-eaad-57c0-8ee9-24eb9abb819a	Cuscuz	0	0	0	0	SINTETICO
7574f23b-9c20-47ea-a406-bc84297d5459	2026-02-02	INTEGRAL	1	1b450f5b-ecde-5880-ad0a-91ce0920069d	Maca	2	2	0	0	SINTETICO
6a264c97-b7dc-411b-a43e-d102c5b87660	2026-02-02	INTEGRAL	1	eed1d0ec-938c-53ef-94b9-626452f5fbd2	Sopa de legumes	17	15	2	5	SINTETICO
99572088-d8cf-4346-bc86-8aef3165ed42	2026-02-02	INTEGRAL	2	b6f014a3-eaad-57c0-8ee9-24eb9abb819a	Cuscuz	12	11	1	1	SINTETICO
b391bd48-830b-421d-83ec-732aabc72ca8	2026-02-02	INTEGRAL	4	84f7e794-a400-5d46-9efe-1c8a8f2f711d	Suco de fruta natural	49	46	3	3	SINTETICO
ec25ab19-870f-4a1a-ad07-8772897fc211	2026-02-02	INTEGRAL	4	1b450f5b-ecde-5880-ad0a-91ce0920069d	Maca	1	1	0	0	SINTETICO
825146bf-0fc1-4161-828c-d70f1caa7a49	2026-02-02	INTEGRAL	4	2f723cf1-ddd6-58e2-881e-3ab45db8cd2d	Feijao carioca	2	2	0	0	SINTETICO
de105d7e-f5ec-490a-b5a8-cd4b17486b08	2026-02-02	INTEGRAL	4	b6f014a3-eaad-57c0-8ee9-24eb9abb819a	Cuscuz	285	259	26	31	SINTETICO
b0b1d8dc-18d4-4e53-9e65-bc85e4c924cb	2026-02-02	INTEGRAL	4	add956e1-36ad-584e-b1e4-a4a8db28315f	Banana	59	53	6	2	SINTETICO
25de7638-02e2-4fe4-ba8c-0fc2551a93e8	2026-02-02	INTEGRAL	4	6ce7a969-7c2b-5a21-b072-594a4412ab8b	Arroz branco	24	21	3	2	SINTETICO
64393c3b-0d36-4d1b-be7f-1baed5c08ac4	2026-02-02	TARDE	5	add956e1-36ad-584e-b1e4-a4a8db28315f	Banana	518	494	24	18	SINTETICO
07dac631-e2ed-4565-8226-3e61dbe79286	2026-02-02	TARDE	5	21e707b3-6560-583f-a5f2-f307b82911fd	Salada de alface	163	152	11	36	SINTETICO
65cf39b7-49fd-48b9-bc79-b545574f352e	2026-02-02	TARDE	5	b6f014a3-eaad-57c0-8ee9-24eb9abb819a	Cuscuz	96	85	11	9	SINTETICO
6fca7f0d-3492-45bd-ab8c-a038be4f9b72	2026-02-02	MANHA	8	b6f014a3-eaad-57c0-8ee9-24eb9abb819a	Cuscuz	9	9	0	1	SINTETICO
060b5444-c228-4f68-9d64-2edfe3fb311d	2026-02-02	MANHA	8	6ce7a969-7c2b-5a21-b072-594a4412ab8b	Arroz branco	31	30	1	2	SINTETICO
940d9de2-1258-409d-bb97-4087525dfc86	2026-02-02	MANHA	8	84f7e794-a400-5d46-9efe-1c8a8f2f711d	Suco de fruta natural	0	0	0	0	SINTETICO
b3af6273-f6ac-4b1c-be98-7c8149d794e3	2026-02-02	MANHA	8	add956e1-36ad-584e-b1e4-a4a8db28315f	Banana	114	114	0	6	SINTETICO
cfec0749-eb8d-4faf-86be-667437ae5b7c	2026-02-02	MANHA	8	6753aa6f-0f7e-5208-8cd6-9e7a8733ef22	Leite com achocolatado	3	3	0	0	SINTETICO
1e4749d4-7dad-473c-8d61-d6cfcfd785d0	2026-02-02	MANHA	8	79ca1872-52e0-59dd-af29-543b793c0860	Macarrao ao sugo	26	23	3	3	SINTETICO
a94b8e26-43bf-45f1-9f7d-77a307e85991	2026-02-02	MANHA	9	1b450f5b-ecde-5880-ad0a-91ce0920069d	Maca	46	45	1	2	SINTETICO
95fb2365-fc60-40bc-a46f-c0f37ca264c2	2026-02-02	MANHA	9	153737d9-caa6-55d5-b086-f7e83fdab4d2	Pao com manteiga	26	25	1	1	SINTETICO
bb7db4cc-ecb7-43d6-b170-2e966df4a84d	2026-02-02	MANHA	11	3331b130-8600-5a59-9e35-f970f9ea497e	Ovo mexido	11	10	1	1	SINTETICO
f0399c7b-ecb8-4dbb-a204-fa2a278b9d33	2026-02-02	MANHA	11	0db97b08-9e92-541d-b2d2-1bc810f8fbe8	Iogurte	56	50	6	3	SINTETICO
2379f18f-ed21-453a-a55a-08b04d697bd9	2026-02-02	MANHA	11	6753aa6f-0f7e-5208-8cd6-9e7a8733ef22	Leite com achocolatado	102	98	4	7	SINTETICO
654bf3a4-0425-4801-8f52-199af98735c9	2026-02-02	MANHA	11	153737d9-caa6-55d5-b086-f7e83fdab4d2	Pao com manteiga	13	12	1	1	SINTETICO
9413411e-64f3-4938-9650-36d4b3b86969	2026-02-02	INTEGRAL	12	0db97b08-9e92-541d-b2d2-1bc810f8fbe8	Iogurte	302	276	26	19	SINTETICO
5c4590f7-b605-449f-942d-ea0e468a4419	2026-02-02	INTEGRAL	12	9bf7d50c-378c-58f7-ba1a-0dccafffc54c	Bolacha doce	54	50	4	2	SINTETICO
75a1fa8b-ee00-4229-96cf-cfe767dccb33	2026-02-02	INTEGRAL	12	9c858519-faab-50d6-9561-8f90f4f84567	Guisado com moranga	96	92	4	32	SINTETICO
3cdaa4c0-bc19-4b8a-9c29-8aae896c661b	2026-02-02	INTEGRAL	12	1b450f5b-ecde-5880-ad0a-91ce0920069d	Maca	11	11	0	1	SINTETICO
e3b08b3d-15d2-4ed6-aa8d-14d329349658	2026-02-02	INTEGRAL	12	153737d9-caa6-55d5-b086-f7e83fdab4d2	Pao com manteiga	13	13	0	1	SINTETICO
b2958372-d6a2-4e2b-9606-1b9d1c05251d	2026-02-02	INTEGRAL	12	eed1d0ec-938c-53ef-94b9-626452f5fbd2	Sopa de legumes	0	0	0	0	SINTETICO
c2991e9b-25f7-481c-906a-364c99304a1a	2026-02-02	INTEGRAL	12	b4612635-bcf9-56d3-bc95-ef912ff6a829	Cenoura cozida	45	45	0	9	SINTETICO
30e5883b-1c9a-46b3-b379-8ca9d331da57	2026-02-02	TARDE	13	eed1d0ec-938c-53ef-94b9-626452f5fbd2	Sopa de legumes	31	29	2	8	SINTETICO
be4cdb1a-ce47-49cb-ad61-b07f134cc2e0	2026-02-02	TARDE	13	153737d9-caa6-55d5-b086-f7e83fdab4d2	Pao com manteiga	43	38	5	2	SINTETICO
de86fe4c-78a4-4682-b43a-827ab3fb1696	2026-02-02	TARDE	13	79ca1872-52e0-59dd-af29-543b793c0860	Macarrao ao sugo	226	221	5	24	SINTETICO
662d6069-9ba9-494d-9789-bb74a3d654ef	2026-02-02	TARDE	13	1b450f5b-ecde-5880-ad0a-91ce0920069d	Maca	153	148	5	8	SINTETICO
449265b7-756d-40f3-9dcf-ccf85653d71a	2026-02-02	INTEGRAL	15	84f7e794-a400-5d46-9efe-1c8a8f2f711d	Suco de fruta natural	0	0	0	0	SINTETICO
4de20e3c-085d-40d2-8baa-cf8cebfc8696	2026-02-02	INTEGRAL	15	add956e1-36ad-584e-b1e4-a4a8db28315f	Banana	0	0	0	0	SINTETICO
fbe0003b-93cf-4b26-8116-f96e2fb14f8f	2026-02-02	INTEGRAL	15	9bf7d50c-378c-58f7-ba1a-0dccafffc54c	Bolacha doce	84	76	8	4	SINTETICO
4df29519-4d0d-49ee-89f4-6e1ee9e34367	2026-02-02	INTEGRAL	15	0db97b08-9e92-541d-b2d2-1bc810f8fbe8	Iogurte	31	29	2	1	SINTETICO
c9446eeb-3786-4a11-a249-d4c5ae44dca8	2026-02-02	INTEGRAL	15	153737d9-caa6-55d5-b086-f7e83fdab4d2	Pao com manteiga	32	28	4	1	SINTETICO
1c901693-67b7-4869-ae03-fcff92edcf67	2026-02-02	INTEGRAL	15	1b450f5b-ecde-5880-ad0a-91ce0920069d	Maca	3	3	0	0	SINTETICO
73f7bae1-f2c1-4f08-94ae-616baf6473bf	2026-02-02	INTEGRAL	15	6ce7a969-7c2b-5a21-b072-594a4412ab8b	Arroz branco	16	16	0	1	SINTETICO
ba543fa3-1490-4374-befd-f0076a5f3aeb	2026-02-02	INTEGRAL	15	b6f014a3-eaad-57c0-8ee9-24eb9abb819a	Cuscuz	0	0	0	0	SINTETICO
80bc27db-a2c7-4fa0-a213-88d9c7608f3b	2026-02-02	TARDE	16	9bf7d50c-378c-58f7-ba1a-0dccafffc54c	Bolacha doce	2	2	0	0	SINTETICO
31c34ff2-e852-471e-84f9-f30918c1c1b8	2026-02-02	TARDE	16	6753aa6f-0f7e-5208-8cd6-9e7a8733ef22	Leite com achocolatado	31	28	3	2	SINTETICO
9f7c3485-61fb-4ebc-b243-520bfd98f7b3	2026-02-02	TARDE	16	add956e1-36ad-584e-b1e4-a4a8db28315f	Banana	390	359	31	18	SINTETICO
c9cfe40a-94de-4efd-aae7-bc4d8f2af31b	2026-02-02	TARDE	16	84f7e794-a400-5d46-9efe-1c8a8f2f711d	Suco de fruta natural	0	0	0	0	SINTETICO
04a7841e-5999-4634-ae36-f1583b1d2f72	2026-02-02	TARDE	16	1b450f5b-ecde-5880-ad0a-91ce0920069d	Maca	109	107	2	5	SINTETICO
4ef367e5-95de-4f31-ba3c-b1b01fca93b0	2026-02-02	INTEGRAL	18	b6f014a3-eaad-57c0-8ee9-24eb9abb819a	Cuscuz	16	15	1	2	SINTETICO
07196654-9a9b-4d32-87d7-95b4831368ae	2026-02-02	INTEGRAL	18	84f7e794-a400-5d46-9efe-1c8a8f2f711d	Suco de fruta natural	43	41	2	2	SINTETICO
969b299a-1c0c-4e23-84f0-21abe25d385c	2026-02-02	INTEGRAL	18	79ca1872-52e0-59dd-af29-543b793c0860	Macarrao ao sugo	23	21	2	3	SINTETICO
8d1a0738-f36a-4bd0-83a9-28fc71c8466a	2026-02-02	INTEGRAL	18	2f723cf1-ddd6-58e2-881e-3ab45db8cd2d	Feijao carioca	50	45	5	5	SINTETICO
4c61d908-6352-4b58-a56b-c37ecf13ba4a	2026-02-02	INTEGRAL	18	eed1d0ec-938c-53ef-94b9-626452f5fbd2	Sopa de legumes	198	195	3	42	SINTETICO
5c0451d1-fa3e-454b-9c71-b31ac22cd8a9	2026-02-03	INTEGRAL	1	84f7e794-a400-5d46-9efe-1c8a8f2f711d	Suco de fruta natural	19	18	1	1	SINTETICO
2ec5d0d8-d578-4414-8da6-b8ad5b38e879	2026-02-03	INTEGRAL	1	add956e1-36ad-584e-b1e4-a4a8db28315f	Banana	2	2	0	0	SINTETICO
f0d61477-ba4b-4c65-87d4-1f8fba161e39	2026-02-03	INTEGRAL	1	6ce7a969-7c2b-5a21-b072-594a4412ab8b	Arroz branco	27	25	2	2	SINTETICO
5e01ed42-ca62-449d-a70f-79624c2ceeeb	2026-02-03	MANHA	3	988137c4-1f9b-556f-a585-e26e4827e310	Carne de panela	40	36	4	3	SINTETICO
3523609d-10a5-4f96-a446-0666060ff6ef	2026-02-03	MANHA	3	eed1d0ec-938c-53ef-94b9-626452f5fbd2	Sopa de legumes	2	2	0	1	SINTETICO
756295c4-a0cc-4fc0-80a9-5bad223e59e4	2026-02-03	MANHA	3	b6f014a3-eaad-57c0-8ee9-24eb9abb819a	Cuscuz	0	0	0	0	SINTETICO
0a751fff-e555-4053-9433-2c4cb12b174d	2026-02-03	MANHA	3	2f723cf1-ddd6-58e2-881e-3ab45db8cd2d	Feijao carioca	0	0	0	0	SINTETICO
edd9ffb3-5830-44b3-88aa-47f5cb1ca6ac	2026-02-03	MANHA	3	add956e1-36ad-584e-b1e4-a4a8db28315f	Banana	78	75	3	2	SINTETICO
2821bd35-83d7-42b9-984f-b7bcbfda8eae	2026-02-03	MANHA	3	6ce7a969-7c2b-5a21-b072-594a4412ab8b	Arroz branco	12	11	1	1	SINTETICO
36eb5b35-02c3-43f3-a178-66ccecd44b4e	2026-02-03	MANHA	3	9bf7d50c-378c-58f7-ba1a-0dccafffc54c	Bolacha doce	8	7	1	0	SINTETICO
440f417e-57ee-497c-9de2-d47e6f18d9d4	2026-02-03	INTEGRAL	4	3331b130-8600-5a59-9e35-f970f9ea497e	Ovo mexido	39	37	2	4	SINTETICO
6229a7df-b094-440c-b670-de831245c6d2	2026-02-03	INTEGRAL	4	6ce7a969-7c2b-5a21-b072-594a4412ab8b	Arroz branco	63	61	2	5	SINTETICO
c0dee783-7130-47c0-93c4-0d0867b7dc1a	2026-02-03	INTEGRAL	4	84f7e794-a400-5d46-9efe-1c8a8f2f711d	Suco de fruta natural	13	12	1	0	SINTETICO
372233ec-cc55-45aa-877b-04fa333d4cf7	2026-02-03	INTEGRAL	4	79ca1872-52e0-59dd-af29-543b793c0860	Macarrao ao sugo	37	34	3	5	SINTETICO
13f08bfe-d129-4ce9-981f-e9f4bb226e9d	2026-02-03	INTEGRAL	4	153737d9-caa6-55d5-b086-f7e83fdab4d2	Pao com manteiga	3	3	0	0	SINTETICO
5ba45f91-a23e-46f5-a878-9c6fdbc5aa20	2026-02-03	INTEGRAL	5	153737d9-caa6-55d5-b086-f7e83fdab4d2	Pao com manteiga	29	28	1	1	SINTETICO
15c626c1-9fb3-430f-8dab-248b883b98a6	2026-02-03	MANHA	6	6753aa6f-0f7e-5208-8cd6-9e7a8733ef22	Leite com achocolatado	2	2	0	0	SINTETICO
38d346be-d632-485e-ab6b-9c8dd33d569f	2026-02-03	MANHA	6	add956e1-36ad-584e-b1e4-a4a8db28315f	Banana	60	55	5	3	SINTETICO
69dcc5c9-f7ff-4e1e-9d73-296afe9994aa	2026-02-03	MANHA	6	6ce7a969-7c2b-5a21-b072-594a4412ab8b	Arroz branco	3	3	0	0	SINTETICO
e97fc4f6-00a7-414f-9195-2b880c54bfa3	2026-02-03	MANHA	6	153737d9-caa6-55d5-b086-f7e83fdab4d2	Pao com manteiga	0	0	0	0	SINTETICO
ff857d94-20f8-47e0-8d04-568f47d1e602	2026-02-03	MANHA	6	9bf7d50c-378c-58f7-ba1a-0dccafffc54c	Bolacha doce	1	1	0	0	SINTETICO
9ebebcc8-9eb4-473a-90e1-ab85db260f53	2026-02-03	MANHA	6	0db97b08-9e92-541d-b2d2-1bc810f8fbe8	Iogurte	7	7	0	0	SINTETICO
cbf12024-3998-498e-9aef-9aa3353abf7c	2026-02-03	MANHA	6	84f7e794-a400-5d46-9efe-1c8a8f2f711d	Suco de fruta natural	0	0	0	0	SINTETICO
2ec89732-5a27-4cc0-8d0d-e2d6710f0ce8	2026-02-03	MANHA	6	eed1d0ec-938c-53ef-94b9-626452f5fbd2	Sopa de legumes	50	47	3	12	SINTETICO
e1d094ec-062b-4548-ad8f-47a1ecf1c8dc	2026-02-03	INTEGRAL	7	1b450f5b-ecde-5880-ad0a-91ce0920069d	Maca	301	267	34	15	SINTETICO
f07b4cac-3e0a-4453-9d04-d637ce1f603c	2026-02-03	INTEGRAL	8	b6f014a3-eaad-57c0-8ee9-24eb9abb819a	Cuscuz	91	85	6	12	SINTETICO
c8f646e9-1bbe-4b78-89eb-50e20e88b154	2026-02-03	INTEGRAL	8	6753aa6f-0f7e-5208-8cd6-9e7a8733ef22	Leite com achocolatado	3	3	0	0	SINTETICO
b6d08370-993d-49d2-9d14-715853070e4e	2026-02-03	INTEGRAL	8	84f7e794-a400-5d46-9efe-1c8a8f2f711d	Suco de fruta natural	0	0	0	0	SINTETICO
95678ae5-0135-4838-8348-68b8de1141db	2026-02-03	TARDE	10	1b450f5b-ecde-5880-ad0a-91ce0920069d	Maca	110	103	7	6	SINTETICO
bbac1311-efc2-405a-8821-83c2dd61341a	2026-02-03	INTEGRAL	13	79ca1872-52e0-59dd-af29-543b793c0860	Macarrao ao sugo	49	45	4	5	SINTETICO
598e207a-f4a1-48b5-8999-93e73ec40606	2026-02-03	INTEGRAL	13	add956e1-36ad-584e-b1e4-a4a8db28315f	Banana	42	40	2	2	SINTETICO
0cd9d2a7-7c68-4b93-bc8a-ab09b8ebcc94	2026-02-03	INTEGRAL	13	6ce7a969-7c2b-5a21-b072-594a4412ab8b	Arroz branco	2	2	0	0	SINTETICO
b1c05fa4-f9f9-410c-abcc-37c7ebf6c822	2026-02-03	INTEGRAL	14	6ce7a969-7c2b-5a21-b072-594a4412ab8b	Arroz branco	301	280	21	18	SINTETICO
9f8cc1d2-2c88-4363-a52a-77d157db767c	2026-02-03	INTEGRAL	14	9bf7d50c-378c-58f7-ba1a-0dccafffc54c	Bolacha doce	163	160	3	8	SINTETICO
544d5a36-e416-46d1-aeb5-d7a09fff67ec	2026-02-03	MANHA	16	9bf7d50c-378c-58f7-ba1a-0dccafffc54c	Bolacha doce	48	44	4	3	SINTETICO
bf593fcb-5355-400b-bfc7-8e138e9b35a8	2026-02-03	MANHA	16	2f723cf1-ddd6-58e2-881e-3ab45db8cd2d	Feijao carioca	0	0	0	0	SINTETICO
e7fb6dcc-4a71-40c8-8686-7576f76673f3	2026-02-03	MANHA	16	6753aa6f-0f7e-5208-8cd6-9e7a8733ef22	Leite com achocolatado	39	38	1	2	SINTETICO
b38f3000-fcf7-4907-bba9-d11e05295e7f	2026-02-03	INTEGRAL	17	153737d9-caa6-55d5-b086-f7e83fdab4d2	Pao com manteiga	76	67	9	4	SINTETICO
3bfe600c-5edf-4ba4-835c-145357460d44	2026-02-03	INTEGRAL	17	eed1d0ec-938c-53ef-94b9-626452f5fbd2	Sopa de legumes	0	0	0	0	SINTETICO
eb36a2ef-e6d0-42cc-a11b-d50ad8b0f7c8	2026-02-03	INTEGRAL	17	b6f014a3-eaad-57c0-8ee9-24eb9abb819a	Cuscuz	3	3	0	0	SINTETICO
70eaa570-76a7-4de4-82b5-dc3ce66be408	2026-02-03	INTEGRAL	17	79ca1872-52e0-59dd-af29-543b793c0860	Macarrao ao sugo	202	180	22	22	SINTETICO
8c65165d-f5d8-4b5e-b061-940a8d0ce8ad	2026-02-03	INTEGRAL	17	0db97b08-9e92-541d-b2d2-1bc810f8fbe8	Iogurte	2	2	0	0	SINTETICO
7128605a-95f2-4733-92f3-f1958b6a4473	2026-02-03	INTEGRAL	17	add956e1-36ad-584e-b1e4-a4a8db28315f	Banana	0	0	0	0	SINTETICO
76ea83e6-7bca-4b0a-aaf9-15a8f92ec0df	2026-02-04	MANHA	3	6ce7a969-7c2b-5a21-b072-594a4412ab8b	Arroz branco	14	14	0	1	SINTETICO
d186729d-9d2f-403f-be0f-e6e0fe223990	2026-02-04	MANHA	3	9bf7d50c-378c-58f7-ba1a-0dccafffc54c	Bolacha doce	0	0	0	0	SINTETICO
c78ef485-2f0d-4d41-92cc-f643ab7030db	2026-02-04	INTEGRAL	4	094e6e93-4244-5901-b94b-836b2b9b21be	Carne suina acebolada	1	1	0	0	SINTETICO
e40c51e7-4244-483e-9f5e-9b8ce0531edb	2026-02-04	INTEGRAL	4	79ca1872-52e0-59dd-af29-543b793c0860	Macarrao ao sugo	0	0	0	0	SINTETICO
87d0c943-4dbe-4d1c-8235-eef6d68328e9	2026-02-04	INTEGRAL	4	9bf7d50c-378c-58f7-ba1a-0dccafffc54c	Bolacha doce	7	7	0	0	SINTETICO
81bb408c-ebdc-49b5-846c-0052025a124f	2026-02-04	MANHA	6	6ce7a969-7c2b-5a21-b072-594a4412ab8b	Arroz branco	14	12	2	1	SINTETICO
a64b7527-d4a5-468d-a0f6-e8fe138565ed	2026-02-04	MANHA	6	eed1d0ec-938c-53ef-94b9-626452f5fbd2	Sopa de legumes	58	52	6	15	SINTETICO
0f3287cc-4279-4cf0-b52c-6fc3b7595f67	2026-02-04	MANHA	8	6ce7a969-7c2b-5a21-b072-594a4412ab8b	Arroz branco	1	1	0	0	SINTETICO
4b6b9645-cfa1-4809-850b-049de4938d9e	2026-02-04	INTEGRAL	10	6ce7a969-7c2b-5a21-b072-594a4412ab8b	Arroz branco	45	40	5	4	SINTETICO
f8ad4c06-d06a-48dc-9d1a-4e35b2616134	2026-02-04	INTEGRAL	12	6ce7a969-7c2b-5a21-b072-594a4412ab8b	Arroz branco	363	337	26	20	SINTETICO
d92601c1-03ba-468d-bf3d-575f45c5023d	2026-02-04	INTEGRAL	12	b6f014a3-eaad-57c0-8ee9-24eb9abb819a	Cuscuz	1	1	0	0	SINTETICO
300e2c2e-1617-479f-9834-1ee5a784fb93	2026-02-04	INTEGRAL	12	9bf7d50c-378c-58f7-ba1a-0dccafffc54c	Bolacha doce	2	2	0	0	SINTETICO
d3dab96f-2606-4387-9d61-7fdc59d4d279	2026-02-04	INTEGRAL	14	9bf7d50c-378c-58f7-ba1a-0dccafffc54c	Bolacha doce	344	329	15	13	SINTETICO
4ca0958f-ea4e-456f-82a0-fce73daef4e9	2026-02-04	INTEGRAL	14	add956e1-36ad-584e-b1e4-a4a8db28315f	Banana	14	12	2	1	SINTETICO
d7e2dbd1-62d1-4b86-ae55-c1eddd5274ec	2026-02-04	INTEGRAL	14	1b450f5b-ecde-5880-ad0a-91ce0920069d	Maca	78	71	7	3	SINTETICO
5c22fbcb-1de2-416f-8108-ffa6226c997d	2026-02-04	INTEGRAL	14	b6f014a3-eaad-57c0-8ee9-24eb9abb819a	Cuscuz	23	21	2	3	SINTETICO
c585a213-c865-49f3-b0c4-2534681e6326	2026-02-04	INTEGRAL	14	e9939964-7e5f-542e-9526-0c743b00ffb0	Salada de tomate	99	93	6	11	SINTETICO
459364c4-3106-479e-b3bc-703431980b64	2026-02-04	INTEGRAL	15	6ce7a969-7c2b-5a21-b072-594a4412ab8b	Arroz branco	20	20	0	2	SINTETICO
2272e53b-f2e9-4369-b7f2-2154c5c0b8c6	2026-02-04	INTEGRAL	15	79ca1872-52e0-59dd-af29-543b793c0860	Macarrao ao sugo	40	37	3	6	SINTETICO
636c1925-d234-4c87-8d02-0dd52f826e52	2026-02-04	INTEGRAL	15	84f7e794-a400-5d46-9efe-1c8a8f2f711d	Suco de fruta natural	0	0	0	0	SINTETICO
c86c6ccf-82aa-4d1e-b5cf-7d1778d93036	2026-02-04	INTEGRAL	15	b6f014a3-eaad-57c0-8ee9-24eb9abb819a	Cuscuz	10	9	1	1	SINTETICO
31bbb299-a59e-4ca6-a157-8203fdeaa285	2026-02-04	INTEGRAL	16	b6f014a3-eaad-57c0-8ee9-24eb9abb819a	Cuscuz	39	37	2	3	SINTETICO
a6174635-2b61-4332-934f-c418a5fb3dc4	2026-02-04	INTEGRAL	16	add956e1-36ad-584e-b1e4-a4a8db28315f	Banana	16	14	2	1	SINTETICO
b5ba2989-09fc-4761-83dc-197076348104	2026-02-04	INTEGRAL	16	6ce7a969-7c2b-5a21-b072-594a4412ab8b	Arroz branco	19	17	2	1	SINTETICO
43d93784-a6c8-4c81-a903-0518781936d6	2026-02-04	INTEGRAL	16	eed1d0ec-938c-53ef-94b9-626452f5fbd2	Sopa de legumes	62	60	2	14	SINTETICO
fffcd22e-5545-49bc-8c55-2ef072dcf563	2026-02-04	INTEGRAL	16	153737d9-caa6-55d5-b086-f7e83fdab4d2	Pao com manteiga	294	260	34	12	SINTETICO
13066c1c-e951-451c-b73e-b7efdbe344ca	2026-02-04	INTEGRAL	17	6753aa6f-0f7e-5208-8cd6-9e7a8733ef22	Leite com achocolatado	40	39	1	3	SINTETICO
369dc899-930e-40ea-b420-4ef8913760e3	2026-02-04	INTEGRAL	17	1b450f5b-ecde-5880-ad0a-91ce0920069d	Maca	33	32	1	2	SINTETICO
98c926e3-8f23-4684-b30a-8eeaa69db622	2026-02-04	INTEGRAL	17	6ce7a969-7c2b-5a21-b072-594a4412ab8b	Arroz branco	21	20	1	1	SINTETICO
c5616610-ea8a-4719-a50e-b2426333eae5	2026-02-04	INTEGRAL	17	eed1d0ec-938c-53ef-94b9-626452f5fbd2	Sopa de legumes	55	51	4	14	SINTETICO
b3ecf11a-43ed-4f97-8654-3b1d267366c7	2026-02-04	INTEGRAL	18	6753aa6f-0f7e-5208-8cd6-9e7a8733ef22	Leite com achocolatado	46	46	0	2	SINTETICO
c49a0f45-e1b0-4886-9b34-0a026de38b2e	2026-02-04	INTEGRAL	18	9bf7d50c-378c-58f7-ba1a-0dccafffc54c	Bolacha doce	0	0	0	0	SINTETICO
6ce6de04-9bfb-43dd-9d59-671a12064436	2026-02-05	INTEGRAL	1	6753aa6f-0f7e-5208-8cd6-9e7a8733ef22	Leite com achocolatado	0	0	0	0	SINTETICO
b7420ec6-976e-43fc-b8ff-a953c175c0c4	2026-02-05	INTEGRAL	1	84f7e794-a400-5d46-9efe-1c8a8f2f711d	Suco de fruta natural	0	0	0	0	SINTETICO
a5c15abc-741e-42c8-a5d5-07671256fafa	2026-02-05	INTEGRAL	2	b6f014a3-eaad-57c0-8ee9-24eb9abb819a	Cuscuz	0	0	0	0	SINTETICO
d2d10a46-6ebf-46f1-ae85-b4b2c8c68314	2026-02-05	INTEGRAL	2	79ca1872-52e0-59dd-af29-543b793c0860	Macarrao ao sugo	405	366	39	42	SINTETICO
641f0bac-d96c-46c1-b5c5-62a272ad0213	2026-02-05	INTEGRAL	2	84f7e794-a400-5d46-9efe-1c8a8f2f711d	Suco de fruta natural	45	43	2	2	SINTETICO
d3071193-0c88-4970-bf72-80d7e2dbe62b	2026-02-05	INTEGRAL	2	0db97b08-9e92-541d-b2d2-1bc810f8fbe8	Iogurte	0	0	0	0	SINTETICO
4bec5d26-4dbe-4a9f-925d-2c4d1649079c	2026-02-05	INTEGRAL	4	153737d9-caa6-55d5-b086-f7e83fdab4d2	Pao com manteiga	7	6	1	0	SINTETICO
5b75b885-341d-4b0f-91eb-ce01fe772b09	2026-02-05	INTEGRAL	4	b6f014a3-eaad-57c0-8ee9-24eb9abb819a	Cuscuz	6	5	1	1	SINTETICO
67f01369-3df5-4bf2-a77f-9e346c567524	2026-02-05	INTEGRAL	4	1b450f5b-ecde-5880-ad0a-91ce0920069d	Maca	221	219	2	12	SINTETICO
8d043c3c-faea-40fe-8c3f-0a597055c8c2	2026-02-05	INTEGRAL	5	84f7e794-a400-5d46-9efe-1c8a8f2f711d	Suco de fruta natural	46	42	4	2	SINTETICO
fda5e77c-10de-46b5-9e6c-0011a87063e7	2026-02-05	INTEGRAL	5	add956e1-36ad-584e-b1e4-a4a8db28315f	Banana	52	48	4	1	SINTETICO
16686a68-91ba-4f27-8161-af72fd0ed03b	2026-02-05	INTEGRAL	5	79ca1872-52e0-59dd-af29-543b793c0860	Macarrao ao sugo	115	105	10	13	SINTETICO
4a1f7ae0-bd86-4c8a-b93a-f57c52d74263	2026-02-05	INTEGRAL	5	6753aa6f-0f7e-5208-8cd6-9e7a8733ef22	Leite com achocolatado	71	66	5	3	SINTETICO
e34d12c6-ba1a-4e07-9c04-dd048da8bef0	2026-02-05	MANHA	9	9bf7d50c-378c-58f7-ba1a-0dccafffc54c	Bolacha doce	3	3	0	0	SINTETICO
fbee2b5d-fda6-47f2-b448-d64c2500ed86	2026-02-05	MANHA	9	153737d9-caa6-55d5-b086-f7e83fdab4d2	Pao com manteiga	9	8	1	0	SINTETICO
7b511037-1e7b-4f2a-9222-55378f81b452	2026-02-05	INTEGRAL	11	b6f014a3-eaad-57c0-8ee9-24eb9abb819a	Cuscuz	79	69	10	9	SINTETICO
0f36eee5-0967-4d8b-b901-0edc04f937c2	2026-02-05	INTEGRAL	12	153737d9-caa6-55d5-b086-f7e83fdab4d2	Pao com manteiga	84	81	3	4	SINTETICO
358151e6-5019-43f6-9efa-99e38530a63d	2026-02-05	INTEGRAL	12	6753aa6f-0f7e-5208-8cd6-9e7a8733ef22	Leite com achocolatado	38	37	1	2	SINTETICO
2423eb56-c776-4417-bc9a-fcc75d11ad6c	2026-02-05	INTEGRAL	12	6ce7a969-7c2b-5a21-b072-594a4412ab8b	Arroz branco	45	41	4	3	SINTETICO
773d26cd-4bb7-46e1-a076-f246e2942033	2026-02-05	MANHA	13	eed1d0ec-938c-53ef-94b9-626452f5fbd2	Sopa de legumes	326	288	38	80	SINTETICO
998ca8bf-4ffd-437e-aa6b-8dc5fc12abaf	2026-02-05	MANHA	13	b6f014a3-eaad-57c0-8ee9-24eb9abb819a	Cuscuz	58	52	6	7	SINTETICO
e55c9ead-240a-4ee4-b457-2c438ad06143	2026-02-05	MANHA	13	153737d9-caa6-55d5-b086-f7e83fdab4d2	Pao com manteiga	1	1	0	0	SINTETICO
a1e3b52b-8d2a-456f-9e52-6cadc00be87f	2026-02-05	MANHA	13	6ce7a969-7c2b-5a21-b072-594a4412ab8b	Arroz branco	2	2	0	0	SINTETICO
9a3cfc08-ce38-4c72-bd60-44bf39acf41d	2026-02-05	MANHA	13	0db97b08-9e92-541d-b2d2-1bc810f8fbe8	Iogurte	27	25	2	1	SINTETICO
816a7d95-dfb2-47ff-9d71-74516f65947b	2026-02-05	MANHA	13	9bf7d50c-378c-58f7-ba1a-0dccafffc54c	Bolacha doce	27	27	0	2	SINTETICO
5988fe05-b9d6-4090-be6f-72ed40d6eb00	2026-02-05	MANHA	13	2f723cf1-ddd6-58e2-881e-3ab45db8cd2d	Feijao carioca	44	43	1	5	SINTETICO
7058b3bf-0d52-41b5-a245-9fb4ed3b7cc8	2026-02-05	INTEGRAL	14	0db97b08-9e92-541d-b2d2-1bc810f8fbe8	Iogurte	108	99	9	5	SINTETICO
c8afc180-8905-4012-9c60-040ddb4111b4	2026-02-05	INTEGRAL	14	1b450f5b-ecde-5880-ad0a-91ce0920069d	Maca	32	29	3	2	SINTETICO
398febf8-10ca-42c8-92ef-c99983a95a7b	2026-02-05	TARDE	17	84f7e794-a400-5d46-9efe-1c8a8f2f711d	Suco de fruta natural	18	16	2	1	SINTETICO
69250da9-bf3d-4c52-b660-8bb1bf75bbad	2026-02-05	TARDE	17	153737d9-caa6-55d5-b086-f7e83fdab4d2	Pao com manteiga	26	24	2	2	SINTETICO
31490b69-5bf5-4033-8e24-3260bca08bba	2026-02-05	MANHA	18	1b450f5b-ecde-5880-ad0a-91ce0920069d	Maca	0	0	0	0	SINTETICO
70d14eb6-b8d6-4bb6-8007-3dd925205285	2026-02-05	MANHA	18	4d3eeba1-ad77-55d4-9ed8-296ad424338e	Molho de frango desfiado	263	245	18	35	SINTETICO
e5751c09-b8f5-4696-bc16-e133534365fa	2026-02-06	MANHA	1	b6f014a3-eaad-57c0-8ee9-24eb9abb819a	Cuscuz	64	56	8	5	SINTETICO
37322c50-9875-4b7e-ad4f-8d76b1bb1e4c	2026-02-06	MANHA	1	6ce7a969-7c2b-5a21-b072-594a4412ab8b	Arroz branco	73	68	5	6	SINTETICO
0d8290d3-41b2-4908-99cd-825c4390ef3b	2026-02-06	MANHA	1	1b450f5b-ecde-5880-ad0a-91ce0920069d	Maca	33	33	0	1	SINTETICO
d8c54045-d065-485d-a673-6fb97f4b6606	2026-02-06	MANHA	1	9bf7d50c-378c-58f7-ba1a-0dccafffc54c	Bolacha doce	71	64	7	3	SINTETICO
4aaae146-8ebc-4812-931c-e4275348ded3	2026-02-06	MANHA	1	153737d9-caa6-55d5-b086-f7e83fdab4d2	Pao com manteiga	10	9	1	1	SINTETICO
17607882-5417-4a7c-9764-c603908dc40c	2026-02-06	MANHA	1	add956e1-36ad-584e-b1e4-a4a8db28315f	Banana	113	103	10	4	SINTETICO
bf40c9bf-3321-490b-901e-2fb676ca6f9b	2026-02-06	INTEGRAL	2	79ca1872-52e0-59dd-af29-543b793c0860	Macarrao ao sugo	64	60	4	6	SINTETICO
1aae99aa-7e61-4c46-b056-1c4b982d27fe	2026-02-06	INTEGRAL	2	b6f014a3-eaad-57c0-8ee9-24eb9abb819a	Cuscuz	22	21	1	3	SINTETICO
bb416a9b-6182-4171-b20d-5dbb77fd44cd	2026-02-06	INTEGRAL	3	84f7e794-a400-5d46-9efe-1c8a8f2f711d	Suco de fruta natural	10	9	1	0	SINTETICO
63fe4792-55ad-42bb-aab0-a98555c997ce	2026-02-06	INTEGRAL	4	b6f014a3-eaad-57c0-8ee9-24eb9abb819a	Cuscuz	13	12	1	1	SINTETICO
ea024d62-c2aa-43a6-82d5-ddb96f42dfeb	2026-02-06	INTEGRAL	6	eed1d0ec-938c-53ef-94b9-626452f5fbd2	Sopa de legumes	27	26	1	7	SINTETICO
5c8929bd-804f-4cb5-a1c2-5c4b233c6655	2026-02-06	INTEGRAL	6	b6f014a3-eaad-57c0-8ee9-24eb9abb819a	Cuscuz	46	41	5	5	SINTETICO
ba24af78-0715-4e25-915c-1ecb3127915e	2026-02-06	INTEGRAL	6	6753aa6f-0f7e-5208-8cd6-9e7a8733ef22	Leite com achocolatado	136	132	4	8	SINTETICO
433365df-c456-4b21-afa7-e510b8a8bd14	2026-02-06	INTEGRAL	6	84f7e794-a400-5d46-9efe-1c8a8f2f711d	Suco de fruta natural	45	43	2	2	SINTETICO
e9801bc2-1481-4b87-8ee6-87f43ab794e8	2026-02-06	INTEGRAL	6	add956e1-36ad-584e-b1e4-a4a8db28315f	Banana	0	0	0	0	SINTETICO
eabdb25d-5e1f-440d-bf81-af4be469793a	2026-02-06	INTEGRAL	6	2f723cf1-ddd6-58e2-881e-3ab45db8cd2d	Feijao carioca	49	44	5	3	SINTETICO
0832ac3b-0c90-44fd-95e2-d724ff462eab	2026-02-06	MANHA	7	eed1d0ec-938c-53ef-94b9-626452f5fbd2	Sopa de legumes	25	23	2	8	SINTETICO
bcff7c8a-7b0b-4244-bb23-bbc63673a513	2026-02-06	INTEGRAL	8	6753aa6f-0f7e-5208-8cd6-9e7a8733ef22	Leite com achocolatado	79	76	3	5	SINTETICO
e859953d-0051-4aa4-8e41-ddaf8afde0b2	2026-02-06	INTEGRAL	11	b6f014a3-eaad-57c0-8ee9-24eb9abb819a	Cuscuz	53	51	2	7	SINTETICO
bacd0c9a-937d-4bb7-b35f-f3ebbaffb4c2	2026-02-06	INTEGRAL	11	6753aa6f-0f7e-5208-8cd6-9e7a8733ef22	Leite com achocolatado	17	17	0	1	SINTETICO
db585c01-fdc3-4420-9a81-ffcc84ee6e95	2026-02-06	INTEGRAL	11	add956e1-36ad-584e-b1e4-a4a8db28315f	Banana	18	16	2	1	SINTETICO
36d74786-5825-4145-8b85-24d7e1ae2800	2026-02-06	INTEGRAL	11	79eb9045-ebdc-53c5-9ede-a0e5d2b7b378	Requeijao caseiro	11	10	1	1	SINTETICO
7712c91f-1960-4a86-9b49-715121e6af5e	2026-02-06	INTEGRAL	11	6ce7a969-7c2b-5a21-b072-594a4412ab8b	Arroz branco	26	24	2	2	SINTETICO
f8e9418f-eb4a-4527-ab85-19abff223b45	2026-02-06	MANHA	12	0db97b08-9e92-541d-b2d2-1bc810f8fbe8	Iogurte	8	7	1	0	SINTETICO
0701d46e-9d35-4894-b837-90e1695b9af4	2026-02-06	MANHA	12	9bf7d50c-378c-58f7-ba1a-0dccafffc54c	Bolacha doce	30	28	2	1	SINTETICO
38628a16-431a-4e8e-b909-291c04de0746	2026-02-06	MANHA	12	2f723cf1-ddd6-58e2-881e-3ab45db8cd2d	Feijao carioca	11	10	1	1	SINTETICO
28820d4d-768d-401d-a3b6-7cd79ee077ab	2026-02-06	MANHA	12	79ca1872-52e0-59dd-af29-543b793c0860	Macarrao ao sugo	125	114	11	19	SINTETICO
4a97a3e3-47f8-43fe-b36f-0684a089515d	2026-02-06	MANHA	12	6ce7a969-7c2b-5a21-b072-594a4412ab8b	Arroz branco	1	1	0	0	SINTETICO
8da04613-aa2f-4b4b-b6d1-45acf56255c6	2026-02-06	TARDE	14	b6f014a3-eaad-57c0-8ee9-24eb9abb819a	Cuscuz	321	313	8	38	SINTETICO
e3e29034-ecad-4fc3-9132-62ab25f62989	2026-02-06	INTEGRAL	15	1b450f5b-ecde-5880-ad0a-91ce0920069d	Maca	46	40	6	1	SINTETICO
7c7ebd8f-b19e-4388-8b3d-09a70ce8f386	2026-02-06	INTEGRAL	17	eed1d0ec-938c-53ef-94b9-626452f5fbd2	Sopa de legumes	14	12	2	4	SINTETICO
9ac0f339-a0de-48ae-b912-7490d4381d74	2026-02-09	MANHA	2	6ce7a969-7c2b-5a21-b072-594a4412ab8b	Arroz branco	20	19	1	2	SINTETICO
a977d4b5-8100-4578-a82f-9bb4c54e77a2	2026-02-09	MANHA	2	eed1d0ec-938c-53ef-94b9-626452f5fbd2	Sopa de legumes	37	37	0	14	SINTETICO
c659e326-7b9b-46b5-a6a4-da3869b3b5df	2026-02-09	MANHA	2	add956e1-36ad-584e-b1e4-a4a8db28315f	Banana	10	10	0	0	SINTETICO
3cc1facf-46a1-4062-a3b9-c12edabc01b7	2026-02-09	MANHA	2	b6f014a3-eaad-57c0-8ee9-24eb9abb819a	Cuscuz	87	77	10	7	SINTETICO
c223caf9-f820-4e4d-af30-94cf9c404552	2026-02-09	INTEGRAL	4	6753aa6f-0f7e-5208-8cd6-9e7a8733ef22	Leite com achocolatado	0	0	0	0	SINTETICO
6c0e5982-c890-4db2-aca6-f4a63dde8545	2026-02-09	INTEGRAL	4	add956e1-36ad-584e-b1e4-a4a8db28315f	Banana	2	2	0	0	SINTETICO
874f51d6-560d-45f5-b13b-5773f754b2a7	2026-02-09	INTEGRAL	4	9bf7d50c-378c-58f7-ba1a-0dccafffc54c	Bolacha doce	46	43	3	2	SINTETICO
8cb3ca33-1fa2-4e57-9575-3ecac22a03a1	2026-02-09	INTEGRAL	5	6753aa6f-0f7e-5208-8cd6-9e7a8733ef22	Leite com achocolatado	32	29	3	2	SINTETICO
c517ee95-fe8c-4f5e-b4cd-0fc8eed3f1ba	2026-02-09	INTEGRAL	5	eed1d0ec-938c-53ef-94b9-626452f5fbd2	Sopa de legumes	0	0	0	0	SINTETICO
3354b871-e773-44b0-89d1-3d1c63e0a5a4	2026-02-09	INTEGRAL	5	6ce7a969-7c2b-5a21-b072-594a4412ab8b	Arroz branco	23	23	0	2	SINTETICO
6cb05849-850b-45c4-a658-c86cd3b80c7e	2026-02-09	INTEGRAL	7	6753aa6f-0f7e-5208-8cd6-9e7a8733ef22	Leite com achocolatado	0	0	0	0	SINTETICO
05f9350e-5870-4f18-a4e0-dee5a3f597fa	2026-02-09	MANHA	8	0db97b08-9e92-541d-b2d2-1bc810f8fbe8	Iogurte	107	105	2	6	SINTETICO
2ea0b394-3116-4503-b4ce-cc5c8881a051	2026-02-09	MANHA	8	84f7e794-a400-5d46-9efe-1c8a8f2f711d	Suco de fruta natural	0	0	0	0	SINTETICO
33461c59-5fe4-4783-a43a-df6786e43f5f	2026-02-09	MANHA	8	add956e1-36ad-584e-b1e4-a4a8db28315f	Banana	116	108	8	3	SINTETICO
5fea00bf-d9b9-47bb-b0ff-053a03c7f25d	2026-02-09	MANHA	8	79ca1872-52e0-59dd-af29-543b793c0860	Macarrao ao sugo	14	12	2	2	SINTETICO
1f0b58f5-3325-4cfb-a265-02e37cd783d3	2026-02-09	INTEGRAL	10	0db97b08-9e92-541d-b2d2-1bc810f8fbe8	Iogurte	2	2	0	0	SINTETICO
43fdb9bd-1127-4e65-a5bd-45c49198c3b5	2026-02-09	INTEGRAL	10	eed1d0ec-938c-53ef-94b9-626452f5fbd2	Sopa de legumes	0	0	0	0	SINTETICO
57e0883b-d43b-400c-8280-f1ff5d47a2c9	2026-02-09	INTEGRAL	10	6ce7a969-7c2b-5a21-b072-594a4412ab8b	Arroz branco	18	17	1	1	SINTETICO
3e55cf8e-db7d-4952-81f0-c0345e36f05a	2026-02-09	INTEGRAL	10	2f723cf1-ddd6-58e2-881e-3ab45db8cd2d	Feijao carioca	14	13	1	1	SINTETICO
142ea9f8-5b14-4a01-838e-2b1e2120ddb0	2026-02-09	MANHA	12	2f723cf1-ddd6-58e2-881e-3ab45db8cd2d	Feijao carioca	60	52	8	6	SINTETICO
736e3431-7f87-402c-9036-8ad479350df9	2026-02-09	INTEGRAL	16	0db97b08-9e92-541d-b2d2-1bc810f8fbe8	Iogurte	112	101	11	6	SINTETICO
ca00b897-dc1e-428a-a8e0-c24ef6e8cfeb	2026-02-09	INTEGRAL	17	2f723cf1-ddd6-58e2-881e-3ab45db8cd2d	Feijao carioca	30	27	3	3	SINTETICO
91d01e45-b6c3-4b4b-b363-fd377ed14298	2026-02-09	INTEGRAL	17	79ca1872-52e0-59dd-af29-543b793c0860	Macarrao ao sugo	0	0	0	0	SINTETICO
77660324-1059-4a27-9faa-693fb568bff8	2026-02-09	INTEGRAL	17	6753aa6f-0f7e-5208-8cd6-9e7a8733ef22	Leite com achocolatado	49	43	6	3	SINTETICO
9d8c012b-4834-405d-8795-67d1c81961d6	2026-02-09	INTEGRAL	18	add956e1-36ad-584e-b1e4-a4a8db28315f	Banana	2	2	0	0	SINTETICO
6de94313-1259-42b8-ad68-39439b75753f	2026-02-09	INTEGRAL	18	6753aa6f-0f7e-5208-8cd6-9e7a8733ef22	Leite com achocolatado	21	18	3	1	SINTETICO
31ca4bb7-8b37-484a-9220-b1f25a47b2fe	2026-02-09	INTEGRAL	18	79ca1872-52e0-59dd-af29-543b793c0860	Macarrao ao sugo	9	8	1	1	SINTETICO
8898e431-4009-468d-b382-728de1b2c738	2026-02-09	INTEGRAL	18	eed1d0ec-938c-53ef-94b9-626452f5fbd2	Sopa de legumes	66	58	8	18	SINTETICO
35a523f6-a64a-4cb9-a8b5-a9ba468e8c02	2026-02-10	MANHA	1	0db97b08-9e92-541d-b2d2-1bc810f8fbe8	Iogurte	0	0	0	0	SINTETICO
1d102002-2680-46ed-9115-9a38f4933d51	2026-02-10	MANHA	1	79ca1872-52e0-59dd-af29-543b793c0860	Macarrao ao sugo	48	48	0	6	SINTETICO
681c629a-4e54-403d-93f6-74ee82cf5e0d	2026-02-10	MANHA	1	eed1d0ec-938c-53ef-94b9-626452f5fbd2	Sopa de legumes	41	38	3	11	SINTETICO
19976037-b3e4-4e8c-a61b-61a4052564fb	2026-02-10	MANHA	1	b6f014a3-eaad-57c0-8ee9-24eb9abb819a	Cuscuz	24	22	2	3	SINTETICO
b852a87e-85f7-4560-90d0-2ca66ad1cfc4	2026-02-10	INTEGRAL	2	9bf7d50c-378c-58f7-ba1a-0dccafffc54c	Bolacha doce	3	3	0	0	SINTETICO
dc2f62a6-8bcc-4f72-b8e8-a5e9ca3b338f	2026-02-10	INTEGRAL	2	79ca1872-52e0-59dd-af29-543b793c0860	Macarrao ao sugo	105	93	12	10	SINTETICO
46f8ae13-d6c1-49e5-b56b-5073b41f2050	2026-02-10	INTEGRAL	2	0db97b08-9e92-541d-b2d2-1bc810f8fbe8	Iogurte	36	32	4	2	SINTETICO
2a2d06ea-eff4-4773-8ac0-2d18d3a8a323	2026-02-10	MANHA	5	6ce7a969-7c2b-5a21-b072-594a4412ab8b	Arroz branco	2	2	0	0	SINTETICO
b5a02c2d-f050-4208-95bf-19b646dd1da7	2026-02-10	INTEGRAL	6	47fbd9af-ac57-5250-a6e2-0018c6bd21c0	Couve	83	74	9	29	SINTETICO
77c46b62-afe9-4e30-b634-88f256bf0445	2026-02-10	INTEGRAL	7	84f7e794-a400-5d46-9efe-1c8a8f2f711d	Suco de fruta natural	15	14	1	1	SINTETICO
ea46d975-dd69-4a11-9403-accad7ef9a9f	2026-02-10	INTEGRAL	7	ddeef647-cce4-5236-a3b1-dece44ed098e	Couve flor	2	2	0	1	SINTETICO
52beee00-3c09-4563-8808-e1662e1e8d44	2026-02-10	INTEGRAL	9	79ca1872-52e0-59dd-af29-543b793c0860	Macarrao ao sugo	0	0	0	0	SINTETICO
92deaee4-2147-4e9b-a7f9-21fd5b7ea60a	2026-02-10	INTEGRAL	9	0db97b08-9e92-541d-b2d2-1bc810f8fbe8	Iogurte	14	12	2	1	SINTETICO
1e7fca14-649f-4a14-9d8c-684f5a626b38	2026-02-10	INTEGRAL	9	78b49edf-4e8b-5161-8bc0-ae05e86853d0	Carne moida tipo pastel	80	70	10	8	SINTETICO
cb67b5cc-bc51-45f5-9c7d-ef22eeb76ae7	2026-02-10	INTEGRAL	11	79ca1872-52e0-59dd-af29-543b793c0860	Macarrao ao sugo	3	3	0	0	SINTETICO
f58c733e-1ffa-4948-a336-cdb158a8dbd6	2026-02-10	MANHA	12	9bf7d50c-378c-58f7-ba1a-0dccafffc54c	Bolacha doce	21	19	2	1	SINTETICO
1185049b-7e15-4cac-9295-f1dc320d666b	2026-02-10	MANHA	13	eed1d0ec-938c-53ef-94b9-626452f5fbd2	Sopa de legumes	49	47	2	11	SINTETICO
b5e323d3-78d5-4d65-ac30-239e8719a648	2026-02-10	TARDE	14	6753aa6f-0f7e-5208-8cd6-9e7a8733ef22	Leite com achocolatado	231	204	27	13	SINTETICO
7e91936b-8a57-4e79-91d2-897d1af4e1b5	2026-02-10	TARDE	14	9bf7d50c-378c-58f7-ba1a-0dccafffc54c	Bolacha doce	84	76	8	4	SINTETICO
edd4ffd5-60a7-440b-8cac-02aafcb2b050	2026-02-10	MANHA	15	6ce7a969-7c2b-5a21-b072-594a4412ab8b	Arroz branco	51	45	6	4	SINTETICO
16c436d1-645f-4a79-9859-d84ea79dab49	2026-02-10	INTEGRAL	16	eed1d0ec-938c-53ef-94b9-626452f5fbd2	Sopa de legumes	35	31	4	9	SINTETICO
3da8522d-6888-4653-89c3-8352bfe50c70	2026-02-10	INTEGRAL	16	2f723cf1-ddd6-58e2-881e-3ab45db8cd2d	Feijao carioca	41	40	1	4	SINTETICO
7aa44101-76e9-46be-b619-06699c195460	2026-02-10	INTEGRAL	16	add956e1-36ad-584e-b1e4-a4a8db28315f	Banana	405	376	29	14	SINTETICO
528b60c6-6c21-4996-a44f-f3e1338bd5d1	2026-02-10	INTEGRAL	17	0db97b08-9e92-541d-b2d2-1bc810f8fbe8	Iogurte	0	0	0	0	SINTETICO
48c262a9-b267-49c3-910e-fd3a8601e78b	2026-02-10	INTEGRAL	17	3331b130-8600-5a59-9e35-f970f9ea497e	Ovo mexido	56	50	6	5	SINTETICO
8d78664f-849f-404b-bff9-ca3fa3f02197	2026-02-10	INTEGRAL	17	84f7e794-a400-5d46-9efe-1c8a8f2f711d	Suco de fruta natural	71	67	4	4	SINTETICO
8f179ab4-d09a-4922-966f-4c6df86a451c	2026-02-11	INTEGRAL	1	6753aa6f-0f7e-5208-8cd6-9e7a8733ef22	Leite com achocolatado	34	32	2	1	SINTETICO
1f8b54bb-977e-465f-b390-429787d534aa	2026-02-11	INTEGRAL	1	9bf7d50c-378c-58f7-ba1a-0dccafffc54c	Bolacha doce	46	42	4	3	SINTETICO
ee379bce-f32b-4273-a921-cda4eb9ad71f	2026-02-11	INTEGRAL	1	b6f014a3-eaad-57c0-8ee9-24eb9abb819a	Cuscuz	3	3	0	0	SINTETICO
1954fb63-ef8f-4ead-9dd6-dbab7706c1ae	2026-02-11	MANHA	4	500ccd6c-b321-531f-81ae-3999b578c2e4	Pure de moranga	55	50	5	11	SINTETICO
232748a2-06da-432e-9990-f9645f5c3340	2026-02-11	MANHA	4	b6f014a3-eaad-57c0-8ee9-24eb9abb819a	Cuscuz	19	19	0	2	SINTETICO
e28956c5-7288-4b2b-b963-ce50bfab8876	2026-02-11	MANHA	7	9bf7d50c-378c-58f7-ba1a-0dccafffc54c	Bolacha doce	55	54	1	2	SINTETICO
9d476a4f-5195-4a64-83a3-81b2a9742865	2026-02-11	MANHA	7	add956e1-36ad-584e-b1e4-a4a8db28315f	Banana	321	282	39	10	SINTETICO
cd6e6bd1-20df-4b78-ae2c-0f2f28e5d8f9	2026-02-11	INTEGRAL	10	2f723cf1-ddd6-58e2-881e-3ab45db8cd2d	Feijao carioca	44	43	1	4	SINTETICO
d717d3ee-28c9-4eba-ae48-9e29e9d7acdd	2026-02-11	INTEGRAL	11	79ca1872-52e0-59dd-af29-543b793c0860	Macarrao ao sugo	0	0	0	0	SINTETICO
7f67bf26-826c-4e7f-b8b9-38ac74317b8c	2026-02-11	INTEGRAL	11	2f723cf1-ddd6-58e2-881e-3ab45db8cd2d	Feijao carioca	5	4	1	0	SINTETICO
7348e400-4309-4462-bf75-b5f8d8d73012	2026-02-11	INTEGRAL	11	1b450f5b-ecde-5880-ad0a-91ce0920069d	Maca	0	0	0	0	SINTETICO
c66c325b-1de8-4e03-a507-a42971648bd5	2026-02-11	INTEGRAL	17	b6f014a3-eaad-57c0-8ee9-24eb9abb819a	Cuscuz	253	235	18	24	SINTETICO
438fbfd6-06d3-470c-b17e-c95df2f5c25d	2026-02-11	INTEGRAL	17	1b450f5b-ecde-5880-ad0a-91ce0920069d	Maca	1	1	0	0	SINTETICO
e6e4994b-c14f-4b84-8805-c6931546ab88	2026-02-11	INTEGRAL	17	9bf7d50c-378c-58f7-ba1a-0dccafffc54c	Bolacha doce	0	0	0	0	SINTETICO
2a312746-9c48-460a-8007-1addf03c3e33	2026-02-11	INTEGRAL	18	6753aa6f-0f7e-5208-8cd6-9e7a8733ef22	Leite com achocolatado	37	37	0	3	SINTETICO
bc9c9f2d-f187-467f-ada8-2ae60d64b0bf	2026-02-12	INTEGRAL	1	84f7e794-a400-5d46-9efe-1c8a8f2f711d	Suco de fruta natural	175	158	17	10	SINTETICO
d279e60e-4bae-4682-bdcf-fb79ce3d9907	2026-02-12	INTEGRAL	1	2f723cf1-ddd6-58e2-881e-3ab45db8cd2d	Feijao carioca	9	8	1	1	SINTETICO
e4d5de9c-2d7d-43f4-bbee-314f0e56158e	2026-02-12	INTEGRAL	1	b6f014a3-eaad-57c0-8ee9-24eb9abb819a	Cuscuz	16	15	1	2	SINTETICO
40017d32-2fb5-414a-99b6-6dd858cd34c9	2026-02-12	INTEGRAL	1	6753aa6f-0f7e-5208-8cd6-9e7a8733ef22	Leite com achocolatado	85	80	5	4	SINTETICO
a05fd0c9-4b21-4b3d-9e9e-6dbe61fac7eb	2026-02-12	INTEGRAL	2	84f7e794-a400-5d46-9efe-1c8a8f2f711d	Suco de fruta natural	266	244	22	9	SINTETICO
f0203051-7722-4be1-8961-e609f995a0aa	2026-02-12	INTEGRAL	3	0db97b08-9e92-541d-b2d2-1bc810f8fbe8	Iogurte	5	4	1	0	SINTETICO
29e33955-55c0-41a5-9f78-d83ff49918a6	2026-02-12	INTEGRAL	3	84f7e794-a400-5d46-9efe-1c8a8f2f711d	Suco de fruta natural	33	29	4	2	SINTETICO
ae1a127f-0dc8-4c45-a23e-0c5ae02fd763	2026-02-12	INTEGRAL	4	84f7e794-a400-5d46-9efe-1c8a8f2f711d	Suco de fruta natural	348	336	12	12	SINTETICO
a44e0dab-4052-4f4f-a796-743b515f1f06	2026-02-12	INTEGRAL	4	eed1d0ec-938c-53ef-94b9-626452f5fbd2	Sopa de legumes	0	0	0	0	SINTETICO
fb35d5bb-9c0c-4b6e-aa55-6e4d3dce86b7	2026-02-12	MANHA	6	1b450f5b-ecde-5880-ad0a-91ce0920069d	Maca	94	84	10	4	SINTETICO
cbd55c67-be56-4fb5-908d-a7862863db8b	2026-02-12	INTEGRAL	7	9bf7d50c-378c-58f7-ba1a-0dccafffc54c	Bolacha doce	6	6	0	0	SINTETICO
04c69d68-a05c-407e-9386-dec35ce2dc5d	2026-02-12	INTEGRAL	7	2f723cf1-ddd6-58e2-881e-3ab45db8cd2d	Feijao carioca	367	334	33	26	SINTETICO
72367381-b71b-43fb-bae8-d883515f0d40	2026-02-12	MANHA	8	0db97b08-9e92-541d-b2d2-1bc810f8fbe8	Iogurte	2	2	0	0	SINTETICO
02f54427-ae1b-4ecf-b3cb-5b345cffe24c	2026-02-12	MANHA	8	6753aa6f-0f7e-5208-8cd6-9e7a8733ef22	Leite com achocolatado	2	2	0	0	SINTETICO
755e2d37-d05e-4fd7-bf2e-c5a9c4f79c2f	2026-02-12	MANHA	8	2f723cf1-ddd6-58e2-881e-3ab45db8cd2d	Feijao carioca	50	44	6	4	SINTETICO
0212c116-6cc0-4186-a661-e71d90c3f164	2026-02-12	MANHA	9	6753aa6f-0f7e-5208-8cd6-9e7a8733ef22	Leite com achocolatado	3	3	0	0	SINTETICO
a38217af-b643-4193-bc0b-03c74a4f0d3c	2026-02-12	MANHA	9	1b450f5b-ecde-5880-ad0a-91ce0920069d	Maca	0	0	0	0	SINTETICO
dd902a32-10b3-4f60-a89d-e95666783671	2026-02-12	MANHA	9	6ce7a969-7c2b-5a21-b072-594a4412ab8b	Arroz branco	0	0	0	0	SINTETICO
5fb1b3dd-ee60-4c81-a918-66238b2965b9	2026-02-12	MANHA	10	84f7e794-a400-5d46-9efe-1c8a8f2f711d	Suco de fruta natural	56	50	6	3	SINTETICO
2903ab1d-e291-41dc-b316-410cc3a5e08d	2026-02-12	MANHA	10	79ca1872-52e0-59dd-af29-543b793c0860	Macarrao ao sugo	41	38	3	4	SINTETICO
d2c69def-9e8b-472e-a6e2-5a005fdb46fe	2026-02-12	TARDE	12	84f7e794-a400-5d46-9efe-1c8a8f2f711d	Suco de fruta natural	356	330	26	12	SINTETICO
b6a86e41-81c6-4f21-899a-c2a8d1938577	2026-02-12	TARDE	12	2f723cf1-ddd6-58e2-881e-3ab45db8cd2d	Feijao carioca	546	494	52	56	SINTETICO
cf301963-1cab-407a-8aff-1a69aa76c28c	2026-02-12	TARDE	12	79ca1872-52e0-59dd-af29-543b793c0860	Macarrao ao sugo	309	302	7	39	SINTETICO
93b92fa1-99fb-4858-99f0-1c383a74032e	2026-02-12	TARDE	12	9bf7d50c-378c-58f7-ba1a-0dccafffc54c	Bolacha doce	533	494	39	25	SINTETICO
c28e8d91-f06f-4376-a3f2-01b26f127dd1	2026-02-12	INTEGRAL	13	79ca1872-52e0-59dd-af29-543b793c0860	Macarrao ao sugo	110	97	13	16	SINTETICO
f5c1278f-23bc-4b3c-a5da-6774b715fb01	2026-02-12	INTEGRAL	13	6ce7a969-7c2b-5a21-b072-594a4412ab8b	Arroz branco	52	50	2	3	SINTETICO
835e7bef-9dd9-4f19-8466-732fc2d8cad1	2026-02-12	INTEGRAL	14	9c858519-faab-50d6-9561-8f90f4f84567	Guisado com moranga	45	40	5	10	SINTETICO
46078889-ab3e-46a9-84e2-5d6fd0c27b10	2026-02-12	INTEGRAL	14	6ce7a969-7c2b-5a21-b072-594a4412ab8b	Arroz branco	36	32	4	2	SINTETICO
a8a68db8-8582-45de-ab5c-0fb69043bc5d	2026-02-12	INTEGRAL	14	2f723cf1-ddd6-58e2-881e-3ab45db8cd2d	Feijao carioca	12	11	1	1	SINTETICO
f4ff16d4-99d1-4831-9bb8-1ab5f1f45124	2026-02-12	INTEGRAL	15	84f7e794-a400-5d46-9efe-1c8a8f2f711d	Suco de fruta natural	40	39	1	2	SINTETICO
c4fbbc7f-4bcb-447b-b1ff-4d1669b82e97	2026-02-12	INTEGRAL	15	eed1d0ec-938c-53ef-94b9-626452f5fbd2	Sopa de legumes	2	2	0	0	SINTETICO
9a8fb11d-16dc-4bd7-aac1-eb1d8e8c9f71	2026-02-12	INTEGRAL	15	2f723cf1-ddd6-58e2-881e-3ab45db8cd2d	Feijao carioca	3	3	0	0	SINTETICO
e6ec666e-6934-4f11-b8d1-b86fda168dd6	2026-02-12	TARDE	16	153737d9-caa6-55d5-b086-f7e83fdab4d2	Pao com manteiga	7	6	1	0	SINTETICO
846f2b94-0449-4d12-8b4d-3e4476d1cbbf	2026-02-12	TARDE	16	b6f014a3-eaad-57c0-8ee9-24eb9abb819a	Cuscuz	1	1	0	0	SINTETICO
22cfe2ba-0dbe-4e48-8425-6c5c3cb3f30e	2026-02-12	INTEGRAL	17	6753aa6f-0f7e-5208-8cd6-9e7a8733ef22	Leite com achocolatado	18	17	1	1	SINTETICO
86d62086-fb64-42b8-8e99-3129c6fe4fc1	2026-02-12	INTEGRAL	17	84f7e794-a400-5d46-9efe-1c8a8f2f711d	Suco de fruta natural	17	16	1	1	SINTETICO
c0a09cbf-2747-4320-9e36-d905ed1af391	2026-02-12	INTEGRAL	17	153737d9-caa6-55d5-b086-f7e83fdab4d2	Pao com manteiga	18	18	0	1	SINTETICO
93678169-ced1-48ad-b9d1-f8b17f8cb557	2026-02-12	INTEGRAL	18	0db97b08-9e92-541d-b2d2-1bc810f8fbe8	Iogurte	11	10	1	1	SINTETICO
3ecb686d-15b7-45fc-99a3-7ee763d1cac4	2026-02-13	TARDE	1	6753aa6f-0f7e-5208-8cd6-9e7a8733ef22	Leite com achocolatado	50	47	3	3	SINTETICO
e1fff634-305e-4f0e-97ec-2ec8896ad789	2026-02-13	TARDE	1	9bf7d50c-378c-58f7-ba1a-0dccafffc54c	Bolacha doce	44	41	3	2	SINTETICO
cf9d326a-fb4a-445c-aad4-83eaa95ac974	2026-02-13	INTEGRAL	3	84f7e794-a400-5d46-9efe-1c8a8f2f711d	Suco de fruta natural	20	19	1	1	SINTETICO
d34f0a78-44e4-4732-bc43-250ee2e2d9c1	2026-02-13	INTEGRAL	3	153737d9-caa6-55d5-b086-f7e83fdab4d2	Pao com manteiga	12	11	1	1	SINTETICO
f0b8d8a6-ea02-4d6a-b495-4d8ff57dbf79	2026-02-13	INTEGRAL	3	eed1d0ec-938c-53ef-94b9-626452f5fbd2	Sopa de legumes	26	23	3	7	SINTETICO
eed6453c-35a9-4af8-a28f-2d7b9423fd60	2026-02-13	INTEGRAL	3	0db97b08-9e92-541d-b2d2-1bc810f8fbe8	Iogurte	91	90	1	6	SINTETICO
22efcfb2-2401-4d1f-a4da-dbf78a5572e2	2026-02-13	INTEGRAL	4	2f723cf1-ddd6-58e2-881e-3ab45db8cd2d	Feijao carioca	34	31	3	3	SINTETICO
290596d2-6c32-4fad-9dd1-f52fc2140685	2026-02-13	INTEGRAL	4	b6f014a3-eaad-57c0-8ee9-24eb9abb819a	Cuscuz	0	0	0	0	SINTETICO
415c3cfd-d457-40c1-bf31-013a6c07f205	2026-02-13	MANHA	6	79ca1872-52e0-59dd-af29-543b793c0860	Macarrao ao sugo	215	187	28	24	SINTETICO
53bcfc9d-d4d3-49d7-b7e1-1c2263a01b62	2026-02-13	MANHA	6	0db97b08-9e92-541d-b2d2-1bc810f8fbe8	Iogurte	43	37	6	2	SINTETICO
2fd43250-2957-44af-a32c-1d9348c5858a	2026-02-13	MANHA	6	153737d9-caa6-55d5-b086-f7e83fdab4d2	Pao com manteiga	77	71	6	3	SINTETICO
20c434a5-0b5c-49b7-9f39-a35f58abd0fe	2026-02-13	INTEGRAL	7	e8c59186-e147-5530-a4ba-b728fd7852c3	Arroz com galinha	0	0	0	0	SINTETICO
97eb0ef6-216f-4c26-99a9-4ea182c423d1	2026-02-13	INTEGRAL	8	0db97b08-9e92-541d-b2d2-1bc810f8fbe8	Iogurte	6	5	1	0	SINTETICO
f425a346-9a3d-4b10-a170-8ef1803e84cf	2026-02-13	INTEGRAL	9	0db97b08-9e92-541d-b2d2-1bc810f8fbe8	Iogurte	0	0	0	0	SINTETICO
ee068dd6-c2e4-4927-9a01-6b7c8900b267	2026-02-13	INTEGRAL	11	b6f014a3-eaad-57c0-8ee9-24eb9abb819a	Cuscuz	49	49	0	4	SINTETICO
e228f3ec-0a80-4dd6-81b0-0dc74f5e6af3	2026-02-13	INTEGRAL	11	6ce7a969-7c2b-5a21-b072-594a4412ab8b	Arroz branco	109	98	11	7	SINTETICO
bc052714-3edb-40df-a486-b7a091ebb9bf	2026-02-13	INTEGRAL	11	84f7e794-a400-5d46-9efe-1c8a8f2f711d	Suco de fruta natural	31	30	1	2	SINTETICO
4dc86b21-7a59-4ae5-b6c8-c84e139f5a88	2026-02-13	INTEGRAL	11	9bf7d50c-378c-58f7-ba1a-0dccafffc54c	Bolacha doce	101	94	7	6	SINTETICO
5ca6aa91-8a95-404e-a213-49de8bbf0b2b	2026-02-13	INTEGRAL	12	9bf7d50c-378c-58f7-ba1a-0dccafffc54c	Bolacha doce	6	5	1	0	SINTETICO
6e97a6ed-3820-4a44-ae26-be9f43c438de	2026-02-13	INTEGRAL	12	eed1d0ec-938c-53ef-94b9-626452f5fbd2	Sopa de legumes	0	0	0	0	SINTETICO
7689d21f-bd7b-4025-824b-94d735b466f6	2026-02-13	INTEGRAL	13	1b450f5b-ecde-5880-ad0a-91ce0920069d	Maca	0	0	0	0	SINTETICO
106e1767-d9c6-453f-917f-be876e8fc9ca	2026-02-13	INTEGRAL	13	153737d9-caa6-55d5-b086-f7e83fdab4d2	Pao com manteiga	215	189	26	14	SINTETICO
d4f2c5f5-8929-4dfc-8e7d-de033c237f42	2026-02-13	TARDE	14	1b450f5b-ecde-5880-ad0a-91ce0920069d	Maca	340	328	12	13	SINTETICO
327ef5d3-67a6-4cc4-909e-376e206b197b	2026-02-13	TARDE	14	2f723cf1-ddd6-58e2-881e-3ab45db8cd2d	Feijao carioca	92	85	7	9	SINTETICO
79b45dd4-5545-4caa-aaaa-2f86fa4d4a19	2026-02-13	INTEGRAL	17	153737d9-caa6-55d5-b086-f7e83fdab4d2	Pao com manteiga	20	18	2	1	SINTETICO
87da87b6-6d6d-4b1d-890b-96512ce7fcf3	2026-02-13	INTEGRAL	17	6753aa6f-0f7e-5208-8cd6-9e7a8733ef22	Leite com achocolatado	18	18	0	1	SINTETICO
61d88ce9-6044-4d5f-983c-d5f9a3d1236e	2026-02-13	INTEGRAL	17	add956e1-36ad-584e-b1e4-a4a8db28315f	Banana	43	39	4	2	SINTETICO
6fff0b00-5656-4e23-813f-77d9da7c2ef5	2026-02-13	INTEGRAL	18	add956e1-36ad-584e-b1e4-a4a8db28315f	Banana	34	33	1	1	SINTETICO
f6727075-f2d0-4bb9-b6ed-c07d6db7a13c	2026-02-13	INTEGRAL	18	0db97b08-9e92-541d-b2d2-1bc810f8fbe8	Iogurte	5	4	1	0	SINTETICO
64cee497-76cf-4603-831a-cadd002741b2	2026-02-16	INTEGRAL	1	b6f014a3-eaad-57c0-8ee9-24eb9abb819a	Cuscuz	14	14	0	1	SINTETICO
7bdc3d65-15ea-455a-85e0-7035f4875be6	2026-02-16	INTEGRAL	1	6753aa6f-0f7e-5208-8cd6-9e7a8733ef22	Leite com achocolatado	2	2	0	0	SINTETICO
d8574aed-3677-4525-a8f6-338fd42a2a1e	2026-02-16	INTEGRAL	1	1b450f5b-ecde-5880-ad0a-91ce0920069d	Maca	0	0	0	0	SINTETICO
07466306-7836-4db0-84ca-f866a3dc2f5b	2026-02-16	INTEGRAL	2	84f7e794-a400-5d46-9efe-1c8a8f2f711d	Suco de fruta natural	14	13	1	1	SINTETICO
b5ebc783-1946-4c5b-bc49-8ddd5d4a04eb	2026-02-16	INTEGRAL	2	0db97b08-9e92-541d-b2d2-1bc810f8fbe8	Iogurte	33	30	3	1	SINTETICO
aee86ec3-b449-4869-8f33-6752e6af8bc3	2026-02-16	MANHA	4	2f723cf1-ddd6-58e2-881e-3ab45db8cd2d	Feijao carioca	13	12	1	1	SINTETICO
fd925eb3-2bed-4628-8d63-76d57e90fb8d	2026-02-16	MANHA	4	eed1d0ec-938c-53ef-94b9-626452f5fbd2	Sopa de legumes	24	22	2	8	SINTETICO
7df738d0-382c-427b-be33-357949791cdb	2026-02-16	MANHA	4	1b450f5b-ecde-5880-ad0a-91ce0920069d	Maca	3	3	0	0	SINTETICO
d29a753a-47d1-445e-af99-7a2ece959559	2026-02-16	MANHA	4	add956e1-36ad-584e-b1e4-a4a8db28315f	Banana	78	70	8	3	SINTETICO
23fa58ea-0d90-44b4-b429-bb109cef15b8	2026-02-16	TARDE	5	b6f014a3-eaad-57c0-8ee9-24eb9abb819a	Cuscuz	25	22	3	2	SINTETICO
61c5f923-74f4-49f3-bcf1-c29402da8a7e	2026-02-16	INTEGRAL	6	1b450f5b-ecde-5880-ad0a-91ce0920069d	Maca	23	21	2	1	SINTETICO
a00d1d92-b5f1-41a8-91ca-af266bb23acb	2026-02-16	INTEGRAL	8	1b450f5b-ecde-5880-ad0a-91ce0920069d	Maca	66	60	6	3	SINTETICO
ad7b5c4e-dea7-421c-ab08-d8fab3e360ae	2026-02-16	INTEGRAL	13	0db97b08-9e92-541d-b2d2-1bc810f8fbe8	Iogurte	9	8	1	1	SINTETICO
88d67e22-39fa-489e-9507-a1ecd5475d4d	2026-02-16	TARDE	14	84f7e794-a400-5d46-9efe-1c8a8f2f711d	Suco de fruta natural	26	26	0	1	SINTETICO
147be7bf-8a5c-4e14-8c35-9a063e37d167	2026-02-16	TARDE	14	2f723cf1-ddd6-58e2-881e-3ab45db8cd2d	Feijao carioca	61	59	2	5	SINTETICO
32c266ec-553f-4bd2-af57-1f83f2037f3a	2026-02-16	INTEGRAL	15	b6f014a3-eaad-57c0-8ee9-24eb9abb819a	Cuscuz	285	264	21	36	SINTETICO
41fe3b41-7610-4a18-b846-a7e0503bd6de	2026-02-16	INTEGRAL	15	1b450f5b-ecde-5880-ad0a-91ce0920069d	Maca	17	16	1	1	SINTETICO
9b39c599-44a0-4593-bbf9-5af3af962e47	2026-02-16	INTEGRAL	15	eed1d0ec-938c-53ef-94b9-626452f5fbd2	Sopa de legumes	53	48	5	14	SINTETICO
d4b7e329-37d2-45b3-bd06-dcc1ff17e5e6	2026-02-16	INTEGRAL	15	2f723cf1-ddd6-58e2-881e-3ab45db8cd2d	Feijao carioca	22	19	3	2	SINTETICO
908d7085-1e0e-4c0c-aa21-542934885b61	2026-02-16	INTEGRAL	15	add956e1-36ad-584e-b1e4-a4a8db28315f	Banana	23	22	1	1	SINTETICO
fc85441d-a560-48a6-a09f-b435b8d84b4e	2026-02-16	INTEGRAL	15	79ca1872-52e0-59dd-af29-543b793c0860	Macarrao ao sugo	3	3	0	1	SINTETICO
74d5be4f-fcd3-431e-9976-0bba519813bc	2026-02-16	INTEGRAL	16	6753aa6f-0f7e-5208-8cd6-9e7a8733ef22	Leite com achocolatado	41	36	5	2	SINTETICO
ba6ce66c-59da-4a98-9b1b-508f49a04772	2026-02-16	INTEGRAL	16	4d3eeba1-ad77-55d4-9ed8-296ad424338e	Molho de frango desfiado	36	34	2	6	SINTETICO
40c92e19-93ab-4a8b-98d3-cc6d98cfb2f6	2026-02-16	INTEGRAL	17	0db97b08-9e92-541d-b2d2-1bc810f8fbe8	Iogurte	21	19	2	1	SINTETICO
1e3f0cf1-af79-41a4-9427-b8eefe883f74	2026-02-17	MANHA	1	2f723cf1-ddd6-58e2-881e-3ab45db8cd2d	Feijao carioca	1	1	0	0	SINTETICO
d20c8b2d-aa5b-4af8-b64b-b08d37160416	2026-02-17	MANHA	1	153737d9-caa6-55d5-b086-f7e83fdab4d2	Pao com manteiga	0	0	0	0	SINTETICO
cd18261f-0edb-478b-89f5-f0ff8925cce2	2026-02-17	INTEGRAL	2	1b450f5b-ecde-5880-ad0a-91ce0920069d	Maca	21	18	3	1	SINTETICO
b39437b9-7a94-4829-852b-7dcbb49b7ceb	2026-02-17	INTEGRAL	2	84f7e794-a400-5d46-9efe-1c8a8f2f711d	Suco de fruta natural	2	2	0	0	SINTETICO
8ff1c54a-9921-497a-8d30-a11313df4702	2026-02-17	MANHA	3	79ca1872-52e0-59dd-af29-543b793c0860	Macarrao ao sugo	41	36	5	4	SINTETICO
25e4a93a-4f91-45e4-a60c-dc1be7798b78	2026-02-17	MANHA	3	153737d9-caa6-55d5-b086-f7e83fdab4d2	Pao com manteiga	1	1	0	0	SINTETICO
b65fb025-8b2f-4a58-85e1-a6dc81378ed6	2026-02-17	MANHA	3	add956e1-36ad-584e-b1e4-a4a8db28315f	Banana	67	59	8	2	SINTETICO
7b4a083e-e8d9-481e-9784-dc3fb0463e7d	2026-02-17	MANHA	3	0db97b08-9e92-541d-b2d2-1bc810f8fbe8	Iogurte	235	225	10	16	SINTETICO
79e860cd-5498-42c9-8e08-b6f449d78467	2026-02-17	INTEGRAL	5	eed1d0ec-938c-53ef-94b9-626452f5fbd2	Sopa de legumes	316	300	16	94	SINTETICO
797960d0-bc41-4a2b-b900-37049027b83e	2026-02-17	INTEGRAL	7	153737d9-caa6-55d5-b086-f7e83fdab4d2	Pao com manteiga	2	2	0	0	SINTETICO
03b54e64-1f44-497e-9d28-2e5f4485d0b9	2026-02-17	MANHA	8	9bf7d50c-378c-58f7-ba1a-0dccafffc54c	Bolacha doce	86	78	8	4	SINTETICO
b56f646e-a66b-4e81-9622-6982b0358a31	2026-02-17	TARDE	9	b6f014a3-eaad-57c0-8ee9-24eb9abb819a	Cuscuz	72	71	1	7	SINTETICO
f861107a-8c6a-4b2d-8f13-06a679150a8e	2026-02-17	TARDE	9	6753aa6f-0f7e-5208-8cd6-9e7a8733ef22	Leite com achocolatado	82	72	10	5	SINTETICO
1070b1a0-95d3-41fe-8d7d-36c0d2cc0c83	2026-02-17	INTEGRAL	10	6753aa6f-0f7e-5208-8cd6-9e7a8733ef22	Leite com achocolatado	193	189	4	14	SINTETICO
f07fccbf-5687-4d39-b6f4-85883c7f1bdb	2026-02-17	INTEGRAL	10	2f723cf1-ddd6-58e2-881e-3ab45db8cd2d	Feijao carioca	384	370	14	27	SINTETICO
e6790b22-8eaf-45a8-a8fd-f8007454b8e1	2026-02-17	INTEGRAL	10	153737d9-caa6-55d5-b086-f7e83fdab4d2	Pao com manteiga	16	16	0	1	SINTETICO
5080aba7-8444-4ee2-858a-b5b53d785e7d	2026-02-17	TARDE	14	0db97b08-9e92-541d-b2d2-1bc810f8fbe8	Iogurte	97	87	10	7	SINTETICO
1e450278-8059-4932-86f4-9d2fe2091c52	2026-02-17	TARDE	14	b6f014a3-eaad-57c0-8ee9-24eb9abb819a	Cuscuz	81	78	3	9	SINTETICO
48ab652d-5a44-4d7f-a5de-d5a061686e07	2026-02-17	INTEGRAL	16	79ca1872-52e0-59dd-af29-543b793c0860	Macarrao ao sugo	21	20	1	2	SINTETICO
27e44b6f-0d5d-4ae5-8f1a-da595d8be014	2026-02-17	INTEGRAL	18	84f7e794-a400-5d46-9efe-1c8a8f2f711d	Suco de fruta natural	78	70	8	3	SINTETICO
c5145ac1-1e6c-4382-8acc-f312965ffcf5	2026-02-18	INTEGRAL	1	6ce7a969-7c2b-5a21-b072-594a4412ab8b	Arroz branco	367	347	20	21	SINTETICO
78791496-1d8f-44d2-87d8-4461e699b199	2026-02-18	INTEGRAL	1	9bf7d50c-378c-58f7-ba1a-0dccafffc54c	Bolacha doce	0	0	0	0	SINTETICO
b0e9ad19-53e2-44cc-b15a-578f6de4cbbf	2026-02-18	INTEGRAL	3	79ca1872-52e0-59dd-af29-543b793c0860	Macarrao ao sugo	6	5	1	1	SINTETICO
7b2cc6b1-ef7e-40e9-b016-aa186af90ddf	2026-02-18	INTEGRAL	3	6ce7a969-7c2b-5a21-b072-594a4412ab8b	Arroz branco	101	98	3	5	SINTETICO
a2c86a7b-69cb-4179-81c0-59f857020aed	2026-02-18	INTEGRAL	4	153737d9-caa6-55d5-b086-f7e83fdab4d2	Pao com manteiga	80	71	9	3	SINTETICO
716717ca-a6de-44b0-9a7f-169f4d93cb57	2026-02-18	TARDE	5	2f723cf1-ddd6-58e2-881e-3ab45db8cd2d	Feijao carioca	43	41	2	5	SINTETICO
57c26cd7-e3dc-4c91-811f-7b755dafbf53	2026-02-18	TARDE	5	1b450f5b-ecde-5880-ad0a-91ce0920069d	Maca	89	81	8	3	SINTETICO
d4a614db-b55a-43f1-8a34-2a90a7b2a08a	2026-02-18	TARDE	5	eed1d0ec-938c-53ef-94b9-626452f5fbd2	Sopa de legumes	114	112	2	36	SINTETICO
e8455074-bf5c-4d6a-8c95-cc788ac0bae4	2026-02-18	TARDE	5	79ca1872-52e0-59dd-af29-543b793c0860	Macarrao ao sugo	130	121	9	20	SINTETICO
b3232082-7fbb-4163-871c-d47665afb6c2	2026-02-18	INTEGRAL	6	6753aa6f-0f7e-5208-8cd6-9e7a8733ef22	Leite com achocolatado	30	29	1	2	SINTETICO
b47f445d-8263-4cdd-95da-01cfa6b06abd	2026-02-18	INTEGRAL	6	0db97b08-9e92-541d-b2d2-1bc810f8fbe8	Iogurte	40	35	5	2	SINTETICO
53a96b3a-179a-4fe2-812a-3bb0a13c0108	2026-02-18	INTEGRAL	6	3d6a3f96-fe67-5811-98e8-2381c1ec5a70	Beterraba ralada	0	0	0	0	SINTETICO
1e3964b3-360d-443f-aeb4-19903f83a13b	2026-02-18	INTEGRAL	6	9bf7d50c-378c-58f7-ba1a-0dccafffc54c	Bolacha doce	10	9	1	0	SINTETICO
3d3b979a-1029-458d-9200-b86ffc64c0af	2026-02-18	INTEGRAL	7	2f723cf1-ddd6-58e2-881e-3ab45db8cd2d	Feijao carioca	340	299	41	30	SINTETICO
b9ffebb3-1f41-4e24-83e7-424fba4d0b27	2026-02-18	INTEGRAL	8	1b450f5b-ecde-5880-ad0a-91ce0920069d	Maca	101	89	12	4	SINTETICO
d71c1623-295d-4054-8cd9-1c4b4075b80c	2026-02-18	INTEGRAL	8	b6f014a3-eaad-57c0-8ee9-24eb9abb819a	Cuscuz	0	0	0	0	SINTETICO
ee7037a7-a978-4baa-b2e9-c25dde84f925	2026-02-18	INTEGRAL	8	47fbd9af-ac57-5250-a6e2-0018c6bd21c0	Couve	40	36	4	10	SINTETICO
5b2f4931-25b4-4640-b66a-a663e2fd7dd8	2026-02-18	INTEGRAL	8	045210e2-4f88-5f7b-950a-db8c8dacab7e	Repolho	0	0	0	0	SINTETICO
1203ccf4-b199-433e-a114-ae661278f011	2026-02-18	INTEGRAL	9	79ca1872-52e0-59dd-af29-543b793c0860	Macarrao ao sugo	75	66	9	8	SINTETICO
e71e89ab-799a-46c3-adb6-326667925e3f	2026-02-18	INTEGRAL	9	500ccd6c-b321-531f-81ae-3999b578c2e4	Pure de moranga	7	7	0	2	SINTETICO
2b46dece-4772-4dda-b49b-3e10b31716f6	2026-02-18	INTEGRAL	9	6753aa6f-0f7e-5208-8cd6-9e7a8733ef22	Leite com achocolatado	101	97	4	7	SINTETICO
a0b121ed-5d19-4157-a1ac-705ed1473e38	2026-02-18	INTEGRAL	10	6ce7a969-7c2b-5a21-b072-594a4412ab8b	Arroz branco	109	102	7	9	SINTETICO
99077622-1c94-4f9c-8a4f-2d65deefcab7	2026-02-18	INTEGRAL	10	045210e2-4f88-5f7b-950a-db8c8dacab7e	Repolho	19	17	2	4	SINTETICO
fc30e6e7-698a-407e-9e72-7cca4df8b4b9	2026-02-18	INTEGRAL	10	1b450f5b-ecde-5880-ad0a-91ce0920069d	Maca	23	23	0	1	SINTETICO
9b3efaa6-3ddb-4ffd-9a0b-ec07a0b846d1	2026-02-18	MANHA	12	9bf7d50c-378c-58f7-ba1a-0dccafffc54c	Bolacha doce	24	22	2	1	SINTETICO
760947d9-b916-4d83-8d60-3e0674c30127	2026-02-18	MANHA	12	84f7e794-a400-5d46-9efe-1c8a8f2f711d	Suco de fruta natural	3	3	0	0	SINTETICO
fed58c8f-17f4-4693-945f-256713575bd8	2026-02-18	INTEGRAL	14	b6f014a3-eaad-57c0-8ee9-24eb9abb819a	Cuscuz	0	0	0	0	SINTETICO
732c27f7-59c1-4898-a86a-9664def9cc4e	2026-02-18	INTEGRAL	17	add956e1-36ad-584e-b1e4-a4a8db28315f	Banana	84	81	3	3	SINTETICO
1ded0ccd-175f-4355-b31d-b286c8b491c1	2026-02-18	INTEGRAL	17	b6f014a3-eaad-57c0-8ee9-24eb9abb819a	Cuscuz	3	3	0	0	SINTETICO
663df87f-7d98-4a9d-97e4-a86013d2180a	2026-02-18	MANHA	18	78b49edf-4e8b-5161-8bc0-ae05e86853d0	Carne moida tipo pastel	60	55	5	5	SINTETICO
2c0bdeae-059b-4431-8800-1804d5818b05	2026-02-18	MANHA	18	b4612635-bcf9-56d3-bc95-ef912ff6a829	Cenoura cozida	117	106	11	20	SINTETICO
78fe042f-23bd-4ce2-84e8-e40ee4c11622	2026-02-19	MANHA	1	79ca1872-52e0-59dd-af29-543b793c0860	Macarrao ao sugo	56	54	2	8	SINTETICO
c9b65016-28d7-4d4e-b463-7821a6557aa2	2026-02-19	MANHA	1	6753aa6f-0f7e-5208-8cd6-9e7a8733ef22	Leite com achocolatado	27	26	1	2	SINTETICO
6bb6301c-808a-4446-9f4b-85bf3dda6807	2026-02-19	MANHA	3	2f723cf1-ddd6-58e2-881e-3ab45db8cd2d	Feijao carioca	35	32	3	3	SINTETICO
2f7d6071-7224-48d6-963c-2869f486b980	2026-02-19	MANHA	3	6753aa6f-0f7e-5208-8cd6-9e7a8733ef22	Leite com achocolatado	320	285	35	13	SINTETICO
f225a2d7-ac8f-4a17-84a2-d977027bf63c	2026-02-19	MANHA	3	6ce7a969-7c2b-5a21-b072-594a4412ab8b	Arroz branco	26	25	1	2	SINTETICO
c5de8652-749d-411c-bd4d-e21b7a75013d	2026-02-19	TARDE	5	9bf7d50c-378c-58f7-ba1a-0dccafffc54c	Bolacha doce	21	21	0	1	SINTETICO
dc379969-9bee-440f-a37d-302ffcc2ec34	2026-02-19	INTEGRAL	7	0db97b08-9e92-541d-b2d2-1bc810f8fbe8	Iogurte	27	24	3	1	SINTETICO
feaf35fa-87f1-4e16-8459-bdd6ae0869ca	2026-02-19	TARDE	8	1b450f5b-ecde-5880-ad0a-91ce0920069d	Maca	0	0	0	0	SINTETICO
83be9a04-9c90-497f-ae4b-92e25c6be918	2026-02-19	TARDE	8	79ca1872-52e0-59dd-af29-543b793c0860	Macarrao ao sugo	18	17	1	2	SINTETICO
3f6c6102-09e8-4225-a602-ca706ceb9442	2026-02-19	TARDE	9	1b450f5b-ecde-5880-ad0a-91ce0920069d	Maca	50	50	0	3	SINTETICO
b094a241-d1c3-43b5-9ea6-aac93c9ef1ed	2026-02-19	TARDE	9	6ce7a969-7c2b-5a21-b072-594a4412ab8b	Arroz branco	43	39	4	3	SINTETICO
15cfd04b-dd3a-485b-96d1-91556ac57585	2026-02-19	TARDE	9	ddeef647-cce4-5236-a3b1-dece44ed098e	Couve flor	243	227	16	67	SINTETICO
46ef2b5a-025d-49bd-97f6-fff651af19ab	2026-02-19	TARDE	9	add956e1-36ad-584e-b1e4-a4a8db28315f	Banana	2	2	0	0	SINTETICO
5fc37e18-e7c2-4b1e-9c04-84d80d71c4c1	2026-02-19	TARDE	9	0db97b08-9e92-541d-b2d2-1bc810f8fbe8	Iogurte	0	0	0	0	SINTETICO
d3fa42fa-4b84-485d-ac23-08e2f2ce5b79	2026-02-19	INTEGRAL	10	2f723cf1-ddd6-58e2-881e-3ab45db8cd2d	Feijao carioca	217	208	9	20	SINTETICO
8e5029dc-37a8-44d0-989c-8dc0d329707a	2026-02-19	INTEGRAL	10	add956e1-36ad-584e-b1e4-a4a8db28315f	Banana	47	44	3	2	SINTETICO
69b0bed6-59ba-43b0-8de1-38007fb14fb1	2026-02-19	INTEGRAL	10	79ca1872-52e0-59dd-af29-543b793c0860	Macarrao ao sugo	0	0	0	0	SINTETICO
d8a03f13-da94-455f-8989-e68a2dea2f86	2026-02-19	INTEGRAL	10	6753aa6f-0f7e-5208-8cd6-9e7a8733ef22	Leite com achocolatado	7	6	1	0	SINTETICO
4a352794-c9e1-45f6-8394-d2d31a2d2123	2026-02-19	INTEGRAL	10	0db97b08-9e92-541d-b2d2-1bc810f8fbe8	Iogurte	0	0	0	0	SINTETICO
e54a05c2-8242-4d02-8390-db425073002e	2026-02-19	INTEGRAL	10	1b450f5b-ecde-5880-ad0a-91ce0920069d	Maca	35	34	1	2	SINTETICO
d6f99da5-5d91-4d18-8906-fa5928885942	2026-02-19	INTEGRAL	10	153737d9-caa6-55d5-b086-f7e83fdab4d2	Pao com manteiga	0	0	0	0	SINTETICO
a7995a54-e875-4ca8-8c3e-4bef9ef16fa2	2026-02-19	INTEGRAL	10	eed1d0ec-938c-53ef-94b9-626452f5fbd2	Sopa de legumes	149	131	18	47	SINTETICO
e37f190a-62a3-4619-8260-950eaeb7d06f	2026-02-19	INTEGRAL	11	add956e1-36ad-584e-b1e4-a4a8db28315f	Banana	68	67	1	3	SINTETICO
be9c1de8-8464-4b8f-a885-aa4d4efa10cd	2026-02-19	INTEGRAL	11	1b450f5b-ecde-5880-ad0a-91ce0920069d	Maca	15	14	1	1	SINTETICO
f89b17ca-f29e-4879-90bb-5464e270c707	2026-02-19	INTEGRAL	13	2f723cf1-ddd6-58e2-881e-3ab45db8cd2d	Feijao carioca	75	74	1	6	SINTETICO
fd892832-9f28-403f-b5bd-39133086268f	2026-02-19	INTEGRAL	14	add956e1-36ad-584e-b1e4-a4a8db28315f	Banana	25	23	2	1	SINTETICO
29cf25b0-3c42-48e0-a226-550eda1b0c0f	2026-02-19	INTEGRAL	14	84f7e794-a400-5d46-9efe-1c8a8f2f711d	Suco de fruta natural	57	53	4	2	SINTETICO
171c1a2a-4599-411b-a3a4-178068f577e0	2026-02-19	INTEGRAL	15	b99afe70-33ca-5504-9840-345a82dc68a3	Cenoura ralada	31	30	1	4	SINTETICO
7456598f-af38-4749-a616-c34995221ce5	2026-02-19	INTEGRAL	15	79ca1872-52e0-59dd-af29-543b793c0860	Macarrao ao sugo	14	13	1	2	SINTETICO
f6e9062a-a1a7-4e1d-a2b4-df477e23ab9d	2026-02-19	INTEGRAL	16	153737d9-caa6-55d5-b086-f7e83fdab4d2	Pao com manteiga	115	106	9	6	SINTETICO
e126847e-2a64-48a1-80fd-de67dedcafe0	2026-02-19	INTEGRAL	18	79ca1872-52e0-59dd-af29-543b793c0860	Macarrao ao sugo	67	62	5	7	SINTETICO
25f70c7c-c97a-4cc1-97e7-a865306ede85	2026-02-19	INTEGRAL	18	1b450f5b-ecde-5880-ad0a-91ce0920069d	Maca	2	2	0	0	SINTETICO
b8eaa16e-9f51-4c9c-8ca4-497986d09f38	2026-02-20	INTEGRAL	4	2f723cf1-ddd6-58e2-881e-3ab45db8cd2d	Feijao carioca	39	37	2	2	SINTETICO
c6863207-2620-48f3-acf3-5e3078ae6c78	2026-02-20	INTEGRAL	4	6ce7a969-7c2b-5a21-b072-594a4412ab8b	Arroz branco	2	2	0	0	SINTETICO
7e96e734-b671-415c-b08c-887070ab32a7	2026-02-20	INTEGRAL	7	6753aa6f-0f7e-5208-8cd6-9e7a8733ef22	Leite com achocolatado	27	26	1	2	SINTETICO
12f1807f-a4be-4e31-bfc1-1f48d742ae3c	2026-02-20	INTEGRAL	8	add956e1-36ad-584e-b1e4-a4a8db28315f	Banana	6	6	0	0	SINTETICO
3a0affb4-4083-4ed9-ba32-e8faa6343bb3	2026-02-20	INTEGRAL	8	1b450f5b-ecde-5880-ad0a-91ce0920069d	Maca	9	8	1	0	SINTETICO
068beae4-3c85-48d0-a3f9-83412036eecd	2026-02-20	INTEGRAL	8	9bf7d50c-378c-58f7-ba1a-0dccafffc54c	Bolacha doce	22	21	1	1	SINTETICO
f713865e-9ec6-4b36-8947-1100ce330201	2026-02-20	INTEGRAL	8	2f723cf1-ddd6-58e2-881e-3ab45db8cd2d	Feijao carioca	8	8	0	1	SINTETICO
6ce04f7c-219d-4a54-a68b-5be6f0383ef0	2026-02-20	INTEGRAL	10	b85fd879-2256-524c-b715-7f9cb93ccd01	Bolo de maca, sem acucar	32	28	4	3	SINTETICO
50f16a0e-2734-4784-8a7b-97b37023e84f	2026-02-20	INTEGRAL	10	b6f014a3-eaad-57c0-8ee9-24eb9abb819a	Cuscuz	318	290	28	36	SINTETICO
229b650c-c1d3-4e44-9979-f68bffad8b16	2026-02-20	INTEGRAL	10	79ca1872-52e0-59dd-af29-543b793c0860	Macarrao ao sugo	198	172	26	28	SINTETICO
4a5dac4e-abb8-4527-9291-00586d737246	2026-02-20	INTEGRAL	10	eed1d0ec-938c-53ef-94b9-626452f5fbd2	Sopa de legumes	1	1	0	0	SINTETICO
03ac720a-1bb9-4b00-9812-70875dbfc637	2026-02-20	INTEGRAL	10	b99afe70-33ca-5504-9840-345a82dc68a3	Cenoura ralada	9	8	1	1	SINTETICO
380096d4-1dd9-41d6-8843-66572f82078c	2026-02-20	INTEGRAL	10	84f7e794-a400-5d46-9efe-1c8a8f2f711d	Suco de fruta natural	15	14	1	1	SINTETICO
eae4d2c3-61b9-40a5-95c3-9874ef85684d	2026-02-20	INTEGRAL	10	add956e1-36ad-584e-b1e4-a4a8db28315f	Banana	9	8	1	0	SINTETICO
a3c66256-111d-423d-8a3b-0b96ec72cf28	2026-02-20	INTEGRAL	10	6ce7a969-7c2b-5a21-b072-594a4412ab8b	Arroz branco	173	171	2	13	SINTETICO
f59c2970-bc44-4218-8144-ef7d7ae4b151	2026-02-20	INTEGRAL	10	1b450f5b-ecde-5880-ad0a-91ce0920069d	Maca	217	205	12	11	SINTETICO
32d9fa8f-d952-4a48-bd95-8fd7ce79b8d8	2026-02-20	INTEGRAL	11	add956e1-36ad-584e-b1e4-a4a8db28315f	Banana	15	15	0	1	SINTETICO
58b42e97-f009-481e-a7ff-303bdaa2ceba	2026-02-20	INTEGRAL	11	6ce7a969-7c2b-5a21-b072-594a4412ab8b	Arroz branco	0	0	0	0	SINTETICO
d9223aa5-1c29-45bc-a306-39e5d7ee2f9c	2026-02-20	INTEGRAL	11	9bf7d50c-378c-58f7-ba1a-0dccafffc54c	Bolacha doce	16	14	2	1	SINTETICO
9d43d236-8aa4-4072-bafd-653ad1e36314	2026-02-20	INTEGRAL	11	84f7e794-a400-5d46-9efe-1c8a8f2f711d	Suco de fruta natural	23	21	2	1	SINTETICO
ca706dd4-3e66-41ae-a878-8fabede056ce	2026-02-20	INTEGRAL	13	153737d9-caa6-55d5-b086-f7e83fdab4d2	Pao com manteiga	312	283	29	21	SINTETICO
379d7934-831f-4f71-86b4-6c5ec39691a8	2026-02-20	INTEGRAL	13	6ce7a969-7c2b-5a21-b072-594a4412ab8b	Arroz branco	26	26	0	2	SINTETICO
77091ecd-90e5-441d-b5d5-802361abc1f6	2026-02-20	INTEGRAL	13	0db97b08-9e92-541d-b2d2-1bc810f8fbe8	Iogurte	0	0	0	0	SINTETICO
2ec5b037-ebbe-4cf0-81e6-6f87c05d68b1	2026-02-20	INTEGRAL	13	84f7e794-a400-5d46-9efe-1c8a8f2f711d	Suco de fruta natural	0	0	0	0	SINTETICO
c787fc8c-b171-49a0-a087-15e39a413362	2026-02-20	INTEGRAL	13	6753aa6f-0f7e-5208-8cd6-9e7a8733ef22	Leite com achocolatado	2	2	0	0	SINTETICO
f0c29b23-0dda-40b6-840f-2b70278de6f5	2026-02-20	INTEGRAL	14	2f723cf1-ddd6-58e2-881e-3ab45db8cd2d	Feijao carioca	1	1	0	0	SINTETICO
7ad81c9c-a98f-4a9c-9c0e-adb9dfcda310	2026-02-20	INTEGRAL	14	6753aa6f-0f7e-5208-8cd6-9e7a8733ef22	Leite com achocolatado	99	97	2	5	SINTETICO
e40046f4-71c7-497c-b33b-fcda8ea41bf3	2026-02-20	INTEGRAL	15	1b450f5b-ecde-5880-ad0a-91ce0920069d	Maca	51	45	6	2	SINTETICO
7ed11394-b54e-4858-908c-091be2c8e4c0	2026-02-20	INTEGRAL	15	153737d9-caa6-55d5-b086-f7e83fdab4d2	Pao com manteiga	1	1	0	0	SINTETICO
d7152b2e-a94e-4e81-b19c-f8768a23f7d3	2026-02-20	INTEGRAL	15	0db97b08-9e92-541d-b2d2-1bc810f8fbe8	Iogurte	73	66	7	4	SINTETICO
675a12ea-d765-4f08-88d5-058fb3bf7fe7	2026-02-20	INTEGRAL	15	84f7e794-a400-5d46-9efe-1c8a8f2f711d	Suco de fruta natural	98	87	11	4	SINTETICO
bc97126b-a780-4057-961c-3d644e5a8b23	2026-02-20	INTEGRAL	16	6ce7a969-7c2b-5a21-b072-594a4412ab8b	Arroz branco	404	360	44	30	SINTETICO
3eae1e30-8f77-4a52-8a53-46d5076cf382	2026-02-20	INTEGRAL	16	0db97b08-9e92-541d-b2d2-1bc810f8fbe8	Iogurte	63	61	2	3	SINTETICO
f832a6ff-2ef4-42e9-b836-4c62aa7d9269	2026-02-20	INTEGRAL	16	84f7e794-a400-5d46-9efe-1c8a8f2f711d	Suco de fruta natural	9	8	1	0	SINTETICO
d2f48fcf-1da8-44bb-8e47-65a9ce3752de	2026-02-20	INTEGRAL	16	6753aa6f-0f7e-5208-8cd6-9e7a8733ef22	Leite com achocolatado	19	18	1	1	SINTETICO
9f531662-3808-47bc-85ca-774118a7e994	2026-02-20	MANHA	17	2f723cf1-ddd6-58e2-881e-3ab45db8cd2d	Feijao carioca	45	45	0	5	SINTETICO
5172c3d8-706a-44ee-a17c-662e51dc3ecc	2026-02-20	MANHA	17	b6cbc98d-85cf-5628-a89e-560cfa264267	Coxa e sobrecoxa de frango ao molho de tomate	329	323	6	50	SINTETICO
9e2de5e4-edb3-4784-93af-b57ee660c0d1	2026-02-20	MANHA	17	6ce7a969-7c2b-5a21-b072-594a4412ab8b	Arroz branco	3	3	0	0	SINTETICO
181bf11f-68a0-4144-a909-e12ce32d74f8	2026-02-23	TARDE	2	9bf7d50c-378c-58f7-ba1a-0dccafffc54c	Bolacha doce	31	28	3	1	SINTETICO
c4805eee-dd73-4a7f-8734-68dcb3f2582f	2026-02-23	TARDE	2	84f7e794-a400-5d46-9efe-1c8a8f2f711d	Suco de fruta natural	105	103	2	5	SINTETICO
6c3a36fa-21c7-4fc3-b422-62e80cdc0898	2026-02-23	MANHA	3	0db97b08-9e92-541d-b2d2-1bc810f8fbe8	Iogurte	164	158	6	10	SINTETICO
3269f074-edf1-4c72-a7bd-62342aa4fe5f	2026-02-23	MANHA	3	add956e1-36ad-584e-b1e4-a4a8db28315f	Banana	75	70	5	3	SINTETICO
28fb5df4-1c05-4984-8af0-6f8e0aea8e83	2026-02-23	MANHA	3	153737d9-caa6-55d5-b086-f7e83fdab4d2	Pao com manteiga	42	40	2	2	SINTETICO
ef1c4eaf-0201-48c1-93a4-d9cc5503d76b	2026-02-23	MANHA	3	6ce7a969-7c2b-5a21-b072-594a4412ab8b	Arroz branco	0	0	0	0	SINTETICO
5da0c631-6bc7-42a3-93d5-b0d0c5598a21	2026-02-23	MANHA	3	84f7e794-a400-5d46-9efe-1c8a8f2f711d	Suco de fruta natural	7	7	0	0	SINTETICO
6b1e7aea-d7fc-4d15-a180-4a5f5b091830	2026-02-23	MANHA	3	eed1d0ec-938c-53ef-94b9-626452f5fbd2	Sopa de legumes	283	269	14	101	SINTETICO
293b92a2-fadd-4672-9a85-37e0f60abe7f	2026-02-23	MANHA	3	3331b130-8600-5a59-9e35-f970f9ea497e	Ovo mexido	0	0	0	0	SINTETICO
23dadf4e-ad41-4b46-8ff1-b01cc4d0c2f7	2026-02-23	TARDE	6	9bf7d50c-378c-58f7-ba1a-0dccafffc54c	Bolacha doce	510	494	16	28	SINTETICO
a81a0415-b213-452b-946d-7d2de4808f43	2026-02-23	TARDE	6	b99afe70-33ca-5504-9840-345a82dc68a3	Cenoura ralada	20	19	1	2	SINTETICO
570e3a3d-db30-4ebc-8c78-7f16bd130c5d	2026-02-23	TARDE	6	eed1d0ec-938c-53ef-94b9-626452f5fbd2	Sopa de legumes	567	494	73	131	SINTETICO
02605d18-5a9c-4874-979e-bac35fa1f3b6	2026-02-23	TARDE	6	153737d9-caa6-55d5-b086-f7e83fdab4d2	Pao com manteiga	119	117	2	7	SINTETICO
505fe97c-e246-4d47-bc9b-46f96047fbf1	2026-02-23	MANHA	7	79ca1872-52e0-59dd-af29-543b793c0860	Macarrao ao sugo	14	13	1	2	SINTETICO
6af77bd3-243f-4b9c-9575-d683926e4fa8	2026-02-23	MANHA	8	6ce7a969-7c2b-5a21-b072-594a4412ab8b	Arroz branco	16	14	2	1	SINTETICO
2d045aa5-d23f-4590-bbd3-c27c22ab7ef3	2026-02-23	MANHA	8	add956e1-36ad-584e-b1e4-a4a8db28315f	Banana	33	33	0	1	SINTETICO
70b860a8-284d-44ee-b454-98be02a75fbc	2026-02-23	MANHA	8	84f7e794-a400-5d46-9efe-1c8a8f2f711d	Suco de fruta natural	22	19	3	1	SINTETICO
db02043c-d226-451e-a1ce-5b765fcd8cb0	2026-02-23	INTEGRAL	9	b6f014a3-eaad-57c0-8ee9-24eb9abb819a	Cuscuz	57	54	3	5	SINTETICO
1700d037-a720-4655-b45a-9b5a3fee1173	2026-02-23	INTEGRAL	9	6ce7a969-7c2b-5a21-b072-594a4412ab8b	Arroz branco	4	4	0	0	SINTETICO
2caee46e-5342-4e57-b787-022ea2325169	2026-02-23	MANHA	10	045210e2-4f88-5f7b-950a-db8c8dacab7e	Repolho	43	39	4	11	SINTETICO
278788dc-e1c4-4e05-befc-6f139357903b	2026-02-23	MANHA	11	6ce7a969-7c2b-5a21-b072-594a4412ab8b	Arroz branco	0	0	0	0	SINTETICO
2393deff-29ae-4d5f-9201-91337c4dd9a6	2026-02-23	MANHA	11	9bf7d50c-378c-58f7-ba1a-0dccafffc54c	Bolacha doce	44	39	5	2	SINTETICO
e8faed5f-ed6f-4af0-8129-23bbcf9c66cc	2026-02-23	MANHA	11	84f7e794-a400-5d46-9efe-1c8a8f2f711d	Suco de fruta natural	64	61	3	4	SINTETICO
1d2bf7e8-422c-4436-8f7f-481a07631066	2026-02-23	MANHA	11	2f723cf1-ddd6-58e2-881e-3ab45db8cd2d	Feijao carioca	51	47	4	4	SINTETICO
eedfda53-967d-410d-a05a-0a1e905f48a2	2026-02-23	INTEGRAL	13	84f7e794-a400-5d46-9efe-1c8a8f2f711d	Suco de fruta natural	18	16	2	1	SINTETICO
101f9249-2756-4a4d-9204-161da977bc78	2026-02-23	INTEGRAL	13	eed1d0ec-938c-53ef-94b9-626452f5fbd2	Sopa de legumes	106	100	6	27	SINTETICO
81ca3157-49a7-4c68-aadc-4a895fb36c19	2026-02-23	INTEGRAL	13	21e707b3-6560-583f-a5f2-f307b82911fd	Salada de alface	45	43	2	10	SINTETICO
f6a79ede-3338-4a8a-b88d-df7403cdca5f	2026-02-23	INTEGRAL	15	eed1d0ec-938c-53ef-94b9-626452f5fbd2	Sopa de legumes	0	0	0	0	SINTETICO
ff654425-2218-49d9-a052-5df0212ba7d0	2026-02-23	INTEGRAL	15	b6f014a3-eaad-57c0-8ee9-24eb9abb819a	Cuscuz	86	78	8	10	SINTETICO
d8ec9893-ea07-404a-a23b-60e12c345f30	2026-02-23	INTEGRAL	15	153737d9-caa6-55d5-b086-f7e83fdab4d2	Pao com manteiga	5	5	0	0	SINTETICO
7cbbe028-46a8-4432-80da-ac82d76f3421	2026-02-23	INTEGRAL	15	9bf7d50c-378c-58f7-ba1a-0dccafffc54c	Bolacha doce	11	11	0	1	SINTETICO
57d6b088-0efd-402d-a05c-f10e8d04df19	2026-02-23	INTEGRAL	16	9bf7d50c-378c-58f7-ba1a-0dccafffc54c	Bolacha doce	0	0	0	0	SINTETICO
6686803d-da75-4f07-b88a-8d2dbef3e36e	2026-02-24	MANHA	7	b6f014a3-eaad-57c0-8ee9-24eb9abb819a	Cuscuz	41	37	4	4	SINTETICO
231a88cd-c872-43a3-8b3f-53cf3ad9bc16	2026-02-24	MANHA	7	9bf7d50c-378c-58f7-ba1a-0dccafffc54c	Bolacha doce	78	73	5	3	SINTETICO
eb2de5ea-2812-4b78-9196-e7f6a732718f	2026-02-24	MANHA	7	0db97b08-9e92-541d-b2d2-1bc810f8fbe8	Iogurte	17	17	0	1	SINTETICO
356012b7-6886-4fde-99b0-65ac8b2a5616	2026-02-24	INTEGRAL	8	9bf7d50c-378c-58f7-ba1a-0dccafffc54c	Bolacha doce	55	49	6	2	SINTETICO
e15b30ac-b0ed-4b76-9455-f3f11f19cc84	2026-02-24	INTEGRAL	8	6ce7a969-7c2b-5a21-b072-594a4412ab8b	Arroz branco	19	17	2	2	SINTETICO
a6a4726e-3c4b-4661-86e2-237177e767ff	2026-02-24	INTEGRAL	8	eed1d0ec-938c-53ef-94b9-626452f5fbd2	Sopa de legumes	1	1	0	0	SINTETICO
10d46306-5077-4d7b-b034-6c9cfb8cb9de	2026-02-24	INTEGRAL	8	8d81f03d-d710-5316-abc7-1763074292b4	Cenoura refogada	42	38	4	5	SINTETICO
2b7e86f6-9cd3-40bb-86bc-3cd9c7f86467	2026-02-24	MANHA	10	1b450f5b-ecde-5880-ad0a-91ce0920069d	Maca	13	12	1	0	SINTETICO
6b4074c3-7e7c-4995-a800-daa00179b401	2026-02-24	INTEGRAL	12	6ce7a969-7c2b-5a21-b072-594a4412ab8b	Arroz branco	354	332	22	30	SINTETICO
4efe2421-7260-42b8-adcc-74d2aca41d30	2026-02-24	INTEGRAL	12	153737d9-caa6-55d5-b086-f7e83fdab4d2	Pao com manteiga	93	91	2	4	SINTETICO
790f53e4-c03a-4f58-890a-ea59a62e244e	2026-02-24	MANHA	13	84f7e794-a400-5d46-9efe-1c8a8f2f711d	Suco de fruta natural	125	111	14	4	SINTETICO
4770526e-a260-48bc-9f2c-b294ef44fff9	2026-02-24	MANHA	13	21e707b3-6560-583f-a5f2-f307b82911fd	Salada de alface	50	50	0	15	SINTETICO
190bdc93-361a-4236-911d-72c46719aac4	2026-02-24	MANHA	13	eed1d0ec-938c-53ef-94b9-626452f5fbd2	Sopa de legumes	2	2	0	1	SINTETICO
2ae84a8b-ce54-4695-bf7e-01abecd0550a	2026-02-24	MANHA	13	add956e1-36ad-584e-b1e4-a4a8db28315f	Banana	8	8	0	0	SINTETICO
0ccb034a-ca5c-4349-906f-e1f5be99fd84	2026-02-24	MANHA	13	153737d9-caa6-55d5-b086-f7e83fdab4d2	Pao com manteiga	60	58	2	4	SINTETICO
aa252dd6-a9ec-4c38-a1ff-4213a7722b53	2026-02-24	INTEGRAL	14	153737d9-caa6-55d5-b086-f7e83fdab4d2	Pao com manteiga	48	46	2	3	SINTETICO
28825840-39b6-4869-93a1-48a1442ac589	2026-02-24	INTEGRAL	17	79ca1872-52e0-59dd-af29-543b793c0860	Macarrao ao sugo	2	2	0	0	SINTETICO
f37eb327-15a8-4fe2-b665-ab1b13dcfa61	2026-02-24	INTEGRAL	17	0db97b08-9e92-541d-b2d2-1bc810f8fbe8	Iogurte	34	33	1	2	SINTETICO
b2f15218-8a8f-48ef-b6b6-835af52adf51	2026-02-24	INTEGRAL	18	79ca1872-52e0-59dd-af29-543b793c0860	Macarrao ao sugo	30	30	0	4	SINTETICO
cd55c421-e3c7-4594-b2e2-165a5ea09300	2026-02-24	INTEGRAL	18	6ce7a969-7c2b-5a21-b072-594a4412ab8b	Arroz branco	0	0	0	0	SINTETICO
2e8c0ea6-3cac-4060-8981-554bf8b3e77a	2026-02-24	INTEGRAL	18	eed1d0ec-938c-53ef-94b9-626452f5fbd2	Sopa de legumes	85	84	1	33	SINTETICO
c5ed93a1-4945-4fab-8908-c7526c87268e	2026-02-24	INTEGRAL	18	84f7e794-a400-5d46-9efe-1c8a8f2f711d	Suco de fruta natural	7	7	0	0	SINTETICO
4fa17e76-d1c3-4928-872d-c7aa0a1d6903	2026-02-24	INTEGRAL	18	1b450f5b-ecde-5880-ad0a-91ce0920069d	Maca	53	47	6	2	SINTETICO
67dc21a9-e54b-45b9-916c-3be409f79b9e	2026-02-25	INTEGRAL	1	6753aa6f-0f7e-5208-8cd6-9e7a8733ef22	Leite com achocolatado	0	0	0	0	SINTETICO
f3e0dc6a-fb15-4455-bd50-f445675a4d46	2026-02-25	INTEGRAL	1	6ce7a969-7c2b-5a21-b072-594a4412ab8b	Arroz branco	0	0	0	0	SINTETICO
84a2667c-934a-441c-8e7a-6a956a570582	2026-02-25	INTEGRAL	1	153737d9-caa6-55d5-b086-f7e83fdab4d2	Pao com manteiga	412	378	34	22	SINTETICO
e3a6cb36-6ada-4d2d-abc2-7c18e9f3d19e	2026-02-25	MANHA	2	6753aa6f-0f7e-5208-8cd6-9e7a8733ef22	Leite com achocolatado	23	21	2	1	SINTETICO
8a9232d3-d51e-40e4-a27f-8137eefc2a24	2026-02-25	INTEGRAL	3	eed1d0ec-938c-53ef-94b9-626452f5fbd2	Sopa de legumes	1	1	0	0	SINTETICO
8a75b5ac-d744-4042-83d4-0c3399375463	2026-02-25	INTEGRAL	3	6ce7a969-7c2b-5a21-b072-594a4412ab8b	Arroz branco	23	21	2	2	SINTETICO
849ed47b-190d-4d38-91b0-23eb90d3a81a	2026-02-25	INTEGRAL	3	b6f014a3-eaad-57c0-8ee9-24eb9abb819a	Cuscuz	0	0	0	0	SINTETICO
302ed98e-946b-4fc6-ba75-45b520ec0dc5	2026-02-25	INTEGRAL	3	84f7e794-a400-5d46-9efe-1c8a8f2f711d	Suco de fruta natural	48	45	3	2	SINTETICO
211de4a0-240c-4825-a648-89fe86c17c9d	2026-02-25	INTEGRAL	4	57892dbd-226e-5042-9150-ecf305a83d0f	Mandioca cozida	17	16	1	3	SINTETICO
2f6f89a5-c059-4fe7-b90b-bf280ecdefea	2026-02-25	INTEGRAL	4	84f7e794-a400-5d46-9efe-1c8a8f2f711d	Suco de fruta natural	3	3	0	0	SINTETICO
7cae30e8-5876-4462-af0b-6fc3b4e9e129	2026-02-25	INTEGRAL	4	153737d9-caa6-55d5-b086-f7e83fdab4d2	Pao com manteiga	0	0	0	0	SINTETICO
5c47664c-7a07-44dc-8b99-951f6e80c3dd	2026-02-25	INTEGRAL	6	6ce7a969-7c2b-5a21-b072-594a4412ab8b	Arroz branco	13	13	0	1	SINTETICO
420d2fc0-250c-40c7-9fb6-492841269017	2026-02-25	INTEGRAL	6	79ca1872-52e0-59dd-af29-543b793c0860	Macarrao ao sugo	115	106	9	13	SINTETICO
1edd780b-2ab8-40ef-a263-024995b5b37c	2026-02-25	INTEGRAL	6	eed1d0ec-938c-53ef-94b9-626452f5fbd2	Sopa de legumes	404	357	47	76	SINTETICO
acdf52f1-6a37-4d77-bbad-41e1aaa0f2bc	2026-02-25	INTEGRAL	6	2f723cf1-ddd6-58e2-881e-3ab45db8cd2d	Feijao carioca	56	49	7	4	SINTETICO
ec604122-2959-4343-8365-63f0ffa55a55	2026-02-25	INTEGRAL	6	add956e1-36ad-584e-b1e4-a4a8db28315f	Banana	0	0	0	0	SINTETICO
4d2faf36-892d-4ff6-8955-83877a25d687	2026-02-25	INTEGRAL	9	1b450f5b-ecde-5880-ad0a-91ce0920069d	Maca	7	7	0	0	SINTETICO
76b3bf16-d24f-4d64-9570-cb850a4a9094	2026-02-25	INTEGRAL	9	79ca1872-52e0-59dd-af29-543b793c0860	Macarrao ao sugo	9	9	0	2	SINTETICO
eab5c83c-71d5-4c8b-bc51-e5a31db202b6	2026-02-25	INTEGRAL	9	d0f748b6-0ca4-5794-9480-45981f00672c	Ensopado de mandioca	8	8	0	1	SINTETICO
4a9c57cd-22e8-452a-bbf7-8f20e18a3bb5	2026-02-25	TARDE	10	153737d9-caa6-55d5-b086-f7e83fdab4d2	Pao com manteiga	0	0	0	0	SINTETICO
1be0b5db-e56f-4e0a-aed6-ffaeb0c00d3e	2026-02-25	TARDE	10	add956e1-36ad-584e-b1e4-a4a8db28315f	Banana	0	0	0	0	SINTETICO
c83acce5-e726-4ca8-b08f-ceb2ee30e757	2026-02-25	TARDE	10	84f7e794-a400-5d46-9efe-1c8a8f2f711d	Suco de fruta natural	100	94	6	6	SINTETICO
549918b7-3847-47ed-a96e-f0f61b2f7923	2026-02-25	INTEGRAL	11	9bf7d50c-378c-58f7-ba1a-0dccafffc54c	Bolacha doce	30	28	2	2	SINTETICO
f0c4c04c-315e-4af9-9184-b1b65adb9fb5	2026-02-25	INTEGRAL	11	153737d9-caa6-55d5-b086-f7e83fdab4d2	Pao com manteiga	0	0	0	0	SINTETICO
48d108be-49ec-484a-a90d-b7d87c715328	2026-02-25	INTEGRAL	12	0db97b08-9e92-541d-b2d2-1bc810f8fbe8	Iogurte	0	0	0	0	SINTETICO
9fd1c5a1-9722-42ce-b7bd-d5375702bb47	2026-02-25	INTEGRAL	12	2f723cf1-ddd6-58e2-881e-3ab45db8cd2d	Feijao carioca	30	30	0	3	SINTETICO
75560eaa-0f9c-45e7-8ef6-796215a3518f	2026-02-25	INTEGRAL	12	84f7e794-a400-5d46-9efe-1c8a8f2f711d	Suco de fruta natural	341	312	29	17	SINTETICO
3a6a64d6-6202-4c0d-aeeb-4d67a54f19ad	2026-02-25	TARDE	14	84f7e794-a400-5d46-9efe-1c8a8f2f711d	Suco de fruta natural	62	56	6	2	SINTETICO
41d498c4-b3a3-4cfc-a770-991d7f1f6325	2026-02-25	TARDE	14	1b450f5b-ecde-5880-ad0a-91ce0920069d	Maca	7	6	1	0	SINTETICO
2287f755-2f66-408c-94b1-63fd64e72c16	2026-02-25	TARDE	14	6ce7a969-7c2b-5a21-b072-594a4412ab8b	Arroz branco	128	118	10	10	SINTETICO
4aab253f-1a5f-4768-b2e4-b6b769c24c66	2026-02-25	TARDE	14	b6f014a3-eaad-57c0-8ee9-24eb9abb819a	Cuscuz	24	24	0	2	SINTETICO
5c858236-d4be-43c6-91a2-bf8139e5fb54	2026-02-25	INTEGRAL	16	84f7e794-a400-5d46-9efe-1c8a8f2f711d	Suco de fruta natural	42	37	5	2	SINTETICO
aba69df8-18fe-42e2-9de7-41f91fa6d302	2026-02-25	INTEGRAL	16	b6f014a3-eaad-57c0-8ee9-24eb9abb819a	Cuscuz	115	101	14	13	SINTETICO
4dca5df0-26f8-4317-864d-ff7d40ee6c28	2026-02-25	INTEGRAL	16	2f723cf1-ddd6-58e2-881e-3ab45db8cd2d	Feijao carioca	225	197	28	19	SINTETICO
0dea500d-7ef4-4bd6-ae15-9dbb21396bc5	2026-02-25	INTEGRAL	16	153737d9-caa6-55d5-b086-f7e83fdab4d2	Pao com manteiga	8	7	1	0	SINTETICO
2d5486f2-d56a-4db1-ad0f-a8f8980fc6a3	2026-02-25	INTEGRAL	16	eed1d0ec-938c-53ef-94b9-626452f5fbd2	Sopa de legumes	0	0	0	0	SINTETICO
29f4a2d9-3769-4a5a-b871-bfd8e03e308e	2026-02-25	INTEGRAL	16	6ce7a969-7c2b-5a21-b072-594a4412ab8b	Arroz branco	2	2	0	0	SINTETICO
076e40ce-3f1b-4e29-bc77-e7ab5c39b974	2026-02-25	INTEGRAL	16	1b450f5b-ecde-5880-ad0a-91ce0920069d	Maca	179	160	19	6	SINTETICO
d4ac2c99-c1a8-496e-97f4-5317395408e5	2026-02-25	INTEGRAL	18	b6f014a3-eaad-57c0-8ee9-24eb9abb819a	Cuscuz	109	104	5	13	SINTETICO
788f54b0-cc1c-4c38-bc4e-5aa1d951ce11	2026-02-25	INTEGRAL	18	eed1d0ec-938c-53ef-94b9-626452f5fbd2	Sopa de legumes	18	17	1	4	SINTETICO
78f94d05-6e2c-4290-a1c5-9ffd89e2c722	2026-02-26	MANHA	1	0db97b08-9e92-541d-b2d2-1bc810f8fbe8	Iogurte	54	52	2	3	SINTETICO
96584eb7-d843-43d5-9345-09d411c76e9c	2026-02-26	MANHA	1	1b450f5b-ecde-5880-ad0a-91ce0920069d	Maca	0	0	0	0	SINTETICO
9ba495d9-d31d-4c7f-afaa-8f61a34f2c6f	2026-02-26	MANHA	1	6753aa6f-0f7e-5208-8cd6-9e7a8733ef22	Leite com achocolatado	12	11	1	1	SINTETICO
dabc8897-f2df-488d-a04f-6621e7958308	2026-02-26	MANHA	1	79ca1872-52e0-59dd-af29-543b793c0860	Macarrao ao sugo	58	54	4	7	SINTETICO
7b20adf1-7df2-44c9-856f-b2e430c5818f	2026-02-26	INTEGRAL	5	0db97b08-9e92-541d-b2d2-1bc810f8fbe8	Iogurte	48	47	1	4	SINTETICO
5135382f-84da-46d2-9d37-88c900e77701	2026-02-26	INTEGRAL	5	6753aa6f-0f7e-5208-8cd6-9e7a8733ef22	Leite com achocolatado	3	3	0	0	SINTETICO
c6bc9e60-c914-4608-a93f-330a4202f33d	2026-02-26	INTEGRAL	5	3331b130-8600-5a59-9e35-f970f9ea497e	Ovo mexido	3	3	0	0	SINTETICO
f8a7bca7-5425-42d6-8049-4305ca0248b9	2026-02-26	INTEGRAL	5	84f7e794-a400-5d46-9efe-1c8a8f2f711d	Suco de fruta natural	8	8	0	0	SINTETICO
d39896a6-b285-40ec-87c5-2dcfdf82f0a7	2026-02-26	INTEGRAL	7	add956e1-36ad-584e-b1e4-a4a8db28315f	Banana	18	16	2	1	SINTETICO
38fcc6b8-f569-485b-9bb9-8884a95ed08d	2026-02-26	INTEGRAL	10	6753aa6f-0f7e-5208-8cd6-9e7a8733ef22	Leite com achocolatado	2	2	0	0	SINTETICO
57e35ee1-0317-4626-9694-e209708ede51	2026-02-26	INTEGRAL	11	eed1d0ec-938c-53ef-94b9-626452f5fbd2	Sopa de legumes	38	38	0	9	SINTETICO
cd079e68-10a5-4726-bb4e-62e71b4c1c32	2026-02-26	INTEGRAL	11	b6f014a3-eaad-57c0-8ee9-24eb9abb819a	Cuscuz	6	6	0	1	SINTETICO
baece999-1d26-4bea-b55f-bc165724fdcc	2026-02-26	MANHA	12	9bf7d50c-378c-58f7-ba1a-0dccafffc54c	Bolacha doce	256	254	2	14	SINTETICO
f82ab74f-d149-41d5-941d-2db5344480f1	2026-02-26	MANHA	12	6753aa6f-0f7e-5208-8cd6-9e7a8733ef22	Leite com achocolatado	15	15	0	1	SINTETICO
7d5abc72-dbcf-4976-a0ac-d7db08cfaae7	2026-02-26	MANHA	14	0db97b08-9e92-541d-b2d2-1bc810f8fbe8	Iogurte	60	55	5	4	SINTETICO
e019997f-af87-4fce-979a-089daf9d9e26	2026-02-26	MANHA	14	84f7e794-a400-5d46-9efe-1c8a8f2f711d	Suco de fruta natural	207	192	15	8	SINTETICO
9010f2a9-098e-4fa0-8f9a-a1f14a480f31	2026-02-26	MANHA	14	6ce7a969-7c2b-5a21-b072-594a4412ab8b	Arroz branco	35	32	3	2	SINTETICO
37cd6c59-533e-40ff-8fc6-1b56cd185ec4	2026-02-26	MANHA	14	153737d9-caa6-55d5-b086-f7e83fdab4d2	Pao com manteiga	25	24	1	2	SINTETICO
7759589a-d0c1-4361-b677-53984cade4bb	2026-02-26	MANHA	14	1b450f5b-ecde-5880-ad0a-91ce0920069d	Maca	33	32	1	1	SINTETICO
f02ba583-ea66-4890-91ca-b9377f4df3e8	2026-02-26	MANHA	14	eed1d0ec-938c-53ef-94b9-626452f5fbd2	Sopa de legumes	66	63	3	23	SINTETICO
946a2f19-8c9b-4f01-b882-2dd344208b58	2026-02-26	MANHA	14	add956e1-36ad-584e-b1e4-a4a8db28315f	Banana	11	10	1	0	SINTETICO
e1d0d60b-8d21-4cad-8b3e-5c552d9d3b2b	2026-02-26	INTEGRAL	16	b6f014a3-eaad-57c0-8ee9-24eb9abb819a	Cuscuz	3	3	0	0	SINTETICO
c4acce26-b547-48c2-aec1-009c952bc11e	2026-02-26	INTEGRAL	16	add956e1-36ad-584e-b1e4-a4a8db28315f	Banana	1	1	0	0	SINTETICO
a6bb5abc-1756-463d-afb0-8600232e6419	2026-02-26	INTEGRAL	16	6ce7a969-7c2b-5a21-b072-594a4412ab8b	Arroz branco	43	38	5	2	SINTETICO
d040fad7-7485-43c8-a4d4-83c107c8edfa	2026-02-26	INTEGRAL	16	9bf7d50c-378c-58f7-ba1a-0dccafffc54c	Bolacha doce	0	0	0	0	SINTETICO
cf7ec6f1-8e9f-4533-9ca8-1d38e27cae46	2026-02-26	INTEGRAL	18	2f723cf1-ddd6-58e2-881e-3ab45db8cd2d	Feijao carioca	0	0	0	0	SINTETICO
e97f3d2f-95c4-452f-85d8-da05e40c2af6	2026-02-26	INTEGRAL	18	153737d9-caa6-55d5-b086-f7e83fdab4d2	Pao com manteiga	17	15	2	1	SINTETICO
c82d94df-ac62-401a-b7f8-c7032f439f4d	2026-02-26	INTEGRAL	18	3331b130-8600-5a59-9e35-f970f9ea497e	Ovo mexido	30	30	0	5	SINTETICO
2465f5ee-498e-4be8-a23d-e07dacff34c5	2026-02-27	INTEGRAL	2	79ca1872-52e0-59dd-af29-543b793c0860	Macarrao ao sugo	40	38	2	5	SINTETICO
033d3678-f3e1-4ace-be70-b96813c87261	2026-02-27	TARDE	4	b4612635-bcf9-56d3-bc95-ef912ff6a829	Cenoura cozida	85	82	3	13	SINTETICO
6326a642-0ddd-4680-b30d-4f00d6dd0973	2026-02-27	TARDE	4	e8c59186-e147-5530-a4ba-b728fd7852c3	Arroz com galinha	166	149	17	9	SINTETICO
a891d290-f54a-420d-a014-b19a801a3320	2026-02-27	TARDE	4	84f7e794-a400-5d46-9efe-1c8a8f2f711d	Suco de fruta natural	67	59	8	4	SINTETICO
770c240a-dbd1-4052-b894-6c6350d09708	2026-02-27	INTEGRAL	5	d02df37a-5ddb-5d71-b171-5b2f6e16b1c8	Ovo cozido	35	31	4	5	SINTETICO
a2270a4b-6947-4805-82fa-d9ce920a452d	2026-02-27	INTEGRAL	7	84f7e794-a400-5d46-9efe-1c8a8f2f711d	Suco de fruta natural	29	29	0	1	SINTETICO
57d0f021-557e-4335-86dc-597aca86bee5	2026-02-27	INTEGRAL	7	b6f014a3-eaad-57c0-8ee9-24eb9abb819a	Cuscuz	34	30	4	4	SINTETICO
8e9d2b75-72ed-493f-81b3-ef5d284e15be	2026-02-27	INTEGRAL	8	4f15f44d-d9a3-5a55-8fd0-0b738c2e28a3	Polenta cozida	9	9	0	1	SINTETICO
92dfbdad-e345-4fff-b91f-1687e4d5d319	2026-02-27	INTEGRAL	8	add956e1-36ad-584e-b1e4-a4a8db28315f	Banana	119	108	11	5	SINTETICO
b02da4dc-9785-40d2-85eb-c60bfa14db31	2026-02-27	INTEGRAL	8	153737d9-caa6-55d5-b086-f7e83fdab4d2	Pao com manteiga	17	15	2	1	SINTETICO
ab040ce2-58a2-4ee6-bef7-64e7c515ac6a	2026-02-27	INTEGRAL	9	b6f014a3-eaad-57c0-8ee9-24eb9abb819a	Cuscuz	9	8	1	1	SINTETICO
804c3f6c-e2ed-43d7-af96-6e64c8a66cfa	2026-02-27	INTEGRAL	9	6ce7a969-7c2b-5a21-b072-594a4412ab8b	Arroz branco	4	4	0	0	SINTETICO
e9485620-ea6c-443e-9689-920827473080	2026-02-27	INTEGRAL	9	84f7e794-a400-5d46-9efe-1c8a8f2f711d	Suco de fruta natural	78	70	8	4	SINTETICO
9b7ce1d4-f6a8-4319-9d9f-1ebc9fa30f94	2026-02-27	MANHA	11	eed1d0ec-938c-53ef-94b9-626452f5fbd2	Sopa de legumes	0	0	0	0	SINTETICO
da2326a1-db6f-4024-9edb-a1451064066f	2026-02-27	MANHA	11	79ca1872-52e0-59dd-af29-543b793c0860	Macarrao ao sugo	2	2	0	0	SINTETICO
144701a4-cbfc-4fca-8d2f-f58b31b9dfa9	2026-02-27	INTEGRAL	12	b6f014a3-eaad-57c0-8ee9-24eb9abb819a	Cuscuz	28	25	3	2	SINTETICO
aaa8c225-eda3-44e1-a02b-169b6188b3a7	2026-02-27	INTEGRAL	13	153737d9-caa6-55d5-b086-f7e83fdab4d2	Pao com manteiga	3	3	0	0	SINTETICO
ce38b4f3-a9ce-4d4b-8f73-bcfba4405614	2026-02-27	INTEGRAL	14	2f723cf1-ddd6-58e2-881e-3ab45db8cd2d	Feijao carioca	115	101	14	8	SINTETICO
463a7b2a-e871-4dd8-bc6e-576bb29bd528	2026-02-27	INTEGRAL	14	6753aa6f-0f7e-5208-8cd6-9e7a8733ef22	Leite com achocolatado	361	317	44	20	SINTETICO
0c7c9e56-26e0-40cf-8c5b-b47b92064ec6	2026-02-27	INTEGRAL	14	add956e1-36ad-584e-b1e4-a4a8db28315f	Banana	97	92	5	4	SINTETICO
00a297c4-b419-4655-a35d-cf7a8c131fe4	2026-02-27	INTEGRAL	14	84f7e794-a400-5d46-9efe-1c8a8f2f711d	Suco de fruta natural	2	2	0	0	SINTETICO
b5ec0251-bb9b-4018-992f-463cb5191144	2026-02-27	INTEGRAL	14	eed1d0ec-938c-53ef-94b9-626452f5fbd2	Sopa de legumes	84	76	8	22	SINTETICO
48cbe741-5b51-4c34-9d78-1aaf0b619a6b	2026-02-27	INTEGRAL	15	2f723cf1-ddd6-58e2-881e-3ab45db8cd2d	Feijao carioca	0	0	0	0	SINTETICO
b28774f2-7bf4-490f-8f15-267a99cdfb65	2026-02-27	INTEGRAL	15	add956e1-36ad-584e-b1e4-a4a8db28315f	Banana	1	1	0	0	SINTETICO
42a56b89-b7e1-4d0b-ba23-3ea5ae15be91	2026-02-27	INTEGRAL	18	6753aa6f-0f7e-5208-8cd6-9e7a8733ef22	Leite com achocolatado	0	0	0	0	SINTETICO
81621eb2-656e-438a-97fa-7a063e2964a0	2026-02-27	INTEGRAL	18	add956e1-36ad-584e-b1e4-a4a8db28315f	Banana	14	14	0	1	SINTETICO
b077675a-da4a-4a8f-9f53-6c72fa309418	2026-02-27	INTEGRAL	18	54e9ea4c-63a9-5952-9616-b24ee0e6a0fa	Frango dourado, acebolado	13	12	1	1	SINTETICO
7fca39bf-26b7-4f40-9d71-c4dded6fad7a	2026-03-02	INTEGRAL	1	b6f014a3-eaad-57c0-8ee9-24eb9abb819a	Cuscuz	0	0	0	0	SINTETICO
b7ac0c32-acf4-4d2d-9f4c-8b320d809a5a	2026-03-02	INTEGRAL	1	0db97b08-9e92-541d-b2d2-1bc810f8fbe8	Iogurte	78	73	5	5	SINTETICO
b2aaaf2d-6754-4b6a-8dcc-f60e5c4293c9	2026-03-02	MANHA	3	0db97b08-9e92-541d-b2d2-1bc810f8fbe8	Iogurte	45	41	4	3	SINTETICO
6ca020f1-7bf2-4b1a-bbba-ffb2c7b9a384	2026-03-02	MANHA	3	6ce7a969-7c2b-5a21-b072-594a4412ab8b	Arroz branco	3	3	0	0	SINTETICO
9659d103-425b-4db5-bbc8-9cf6c04e914f	2026-03-02	MANHA	3	153737d9-caa6-55d5-b086-f7e83fdab4d2	Pao com manteiga	54	51	3	3	SINTETICO
2e41b18f-d295-4dfa-80e5-ff0ed4058c6a	2026-03-02	INTEGRAL	4	84f7e794-a400-5d46-9efe-1c8a8f2f711d	Suco de fruta natural	1	1	0	0	SINTETICO
ed7c6001-f57b-4a6b-9a83-871abc7444eb	2026-03-02	INTEGRAL	4	153737d9-caa6-55d5-b086-f7e83fdab4d2	Pao com manteiga	37	33	4	2	SINTETICO
39cf34e1-b111-4ff8-a247-b0859066afc5	2026-03-02	INTEGRAL	4	eed1d0ec-938c-53ef-94b9-626452f5fbd2	Sopa de legumes	57	51	6	17	SINTETICO
ad46551c-98ce-48de-9d03-f612ef9e5c49	2026-03-02	INTEGRAL	5	eed1d0ec-938c-53ef-94b9-626452f5fbd2	Sopa de legumes	29	29	0	7	SINTETICO
6c75c976-bed7-4a28-a198-8092617343cf	2026-03-02	INTEGRAL	5	6753aa6f-0f7e-5208-8cd6-9e7a8733ef22	Leite com achocolatado	43	40	3	2	SINTETICO
11b26dfc-d055-44ba-af6f-1a12346e879b	2026-03-02	MANHA	6	b6f014a3-eaad-57c0-8ee9-24eb9abb819a	Cuscuz	71	68	3	10	SINTETICO
60c9d7fa-cf48-487b-b9ae-41770ae26e6c	2026-03-02	MANHA	6	add956e1-36ad-584e-b1e4-a4a8db28315f	Banana	3	3	0	0	SINTETICO
86a87e07-9db3-4b54-81eb-ce4b5734c1fd	2026-03-02	INTEGRAL	7	eed1d0ec-938c-53ef-94b9-626452f5fbd2	Sopa de legumes	383	354	29	112	SINTETICO
87f6ad23-2bf9-46ae-abf3-b82b04153056	2026-03-02	INTEGRAL	8	add956e1-36ad-584e-b1e4-a4a8db28315f	Banana	118	103	15	3	SINTETICO
351f489c-3007-4e17-8d79-a9820840c8c3	2026-03-02	INTEGRAL	9	79ca1872-52e0-59dd-af29-543b793c0860	Macarrao ao sugo	16	14	2	2	SINTETICO
a1a60c67-a29a-4054-8755-03f64314b4a1	2026-03-02	INTEGRAL	9	0db97b08-9e92-541d-b2d2-1bc810f8fbe8	Iogurte	18	16	2	1	SINTETICO
befd44ea-dd59-4791-a851-a1806ca6daef	2026-03-02	INTEGRAL	9	153737d9-caa6-55d5-b086-f7e83fdab4d2	Pao com manteiga	43	41	2	3	SINTETICO
3e5faff9-e78b-4502-a58e-e95f31376a28	2026-03-02	INTEGRAL	10	0db97b08-9e92-541d-b2d2-1bc810f8fbe8	Iogurte	0	0	0	0	SINTETICO
9d196fda-3473-4148-b2a4-83bd96096aa9	2026-03-02	INTEGRAL	10	6ce7a969-7c2b-5a21-b072-594a4412ab8b	Arroz branco	90	83	7	5	SINTETICO
99b06868-0b68-474d-a0bb-c5fd3cd06e96	2026-03-02	INTEGRAL	11	6ce7a969-7c2b-5a21-b072-594a4412ab8b	Arroz branco	36	34	2	3	SINTETICO
e56104a8-6c86-43b3-846c-e1e244ecf939	2026-03-02	MANHA	12	1b450f5b-ecde-5880-ad0a-91ce0920069d	Maca	11	10	1	1	SINTETICO
1b279717-8d94-4d76-87fd-5ea23479afd1	2026-03-02	MANHA	12	500ccd6c-b321-531f-81ae-3999b578c2e4	Pure de moranga	41	41	0	12	SINTETICO
f66a5d35-99b9-403b-8c70-8bc597afb171	2026-03-02	MANHA	12	eed1d0ec-938c-53ef-94b9-626452f5fbd2	Sopa de legumes	419	387	32	100	SINTETICO
117c8dc0-8bc3-4333-81d1-0dcc185484a2	2026-03-02	INTEGRAL	13	6753aa6f-0f7e-5208-8cd6-9e7a8733ef22	Leite com achocolatado	9	8	1	0	SINTETICO
c0c9b260-451b-434e-b58a-63af026da1d7	2026-03-02	INTEGRAL	13	b6f014a3-eaad-57c0-8ee9-24eb9abb819a	Cuscuz	411	375	36	58	SINTETICO
82aabeb4-bdef-41c1-bd36-e7e844a9c9dd	2026-03-02	INTEGRAL	13	79ca1872-52e0-59dd-af29-543b793c0860	Macarrao ao sugo	92	90	2	15	SINTETICO
254efbe2-8424-4bc3-bf95-badb6ee219a7	2026-03-02	INTEGRAL	17	6753aa6f-0f7e-5208-8cd6-9e7a8733ef22	Leite com achocolatado	52	48	4	3	SINTETICO
6c97eac6-5484-4eba-8c16-29b161bface7	2026-03-02	INTEGRAL	17	2f723cf1-ddd6-58e2-881e-3ab45db8cd2d	Feijao carioca	344	314	30	23	SINTETICO
e5a9ace1-3a03-4ba3-9730-adad1a333767	2026-03-02	INTEGRAL	17	9bf7d50c-378c-58f7-ba1a-0dccafffc54c	Bolacha doce	31	27	4	1	SINTETICO
95d70721-fec4-4605-a2a8-ee8161fbaba5	2026-03-03	TARDE	1	2f723cf1-ddd6-58e2-881e-3ab45db8cd2d	Feijao carioca	62	60	2	7	SINTETICO
6c6719ba-27dd-4181-9536-234d89fc4d0c	2026-03-03	TARDE	1	0db97b08-9e92-541d-b2d2-1bc810f8fbe8	Iogurte	4	4	0	0	SINTETICO
3ebfef82-17b3-47fe-bd87-71badf83b950	2026-03-03	TARDE	2	9bf7d50c-378c-58f7-ba1a-0dccafffc54c	Bolacha doce	71	63	8	3	SINTETICO
246163f9-0c29-4819-aa68-2f53ee34e24a	2026-03-03	TARDE	2	153737d9-caa6-55d5-b086-f7e83fdab4d2	Pao com manteiga	198	194	4	13	SINTETICO
efd4c873-2336-428a-aa74-fd15d9312384	2026-03-03	MANHA	3	9bf7d50c-378c-58f7-ba1a-0dccafffc54c	Bolacha doce	0	0	0	0	SINTETICO
678a67ed-19b8-4326-a1f4-55d466d876b2	2026-03-03	INTEGRAL	4	153737d9-caa6-55d5-b086-f7e83fdab4d2	Pao com manteiga	66	64	2	3	SINTETICO
706917c4-c806-47c6-b0a1-6740e9f8b1a3	2026-03-03	INTEGRAL	4	79ca1872-52e0-59dd-af29-543b793c0860	Macarrao ao sugo	0	0	0	0	SINTETICO
d81b6062-57c4-4530-a213-690985573971	2026-03-03	INTEGRAL	4	f8c11e3f-147e-575c-879e-d8653a2b447f	Chuchu com tempero verde	1	1	0	0	SINTETICO
9e80f213-5b15-413c-9b88-c1bdaca87493	2026-03-03	INTEGRAL	6	6753aa6f-0f7e-5208-8cd6-9e7a8733ef22	Leite com achocolatado	68	63	5	4	SINTETICO
8828a2ce-3a98-4e7a-b4f9-32d039c229e7	2026-03-03	INTEGRAL	7	0db97b08-9e92-541d-b2d2-1bc810f8fbe8	Iogurte	238	211	27	16	SINTETICO
1cbb1b76-7fcd-4708-8d28-1cd5cec2e9a2	2026-03-03	INTEGRAL	7	2f723cf1-ddd6-58e2-881e-3ab45db8cd2d	Feijao carioca	0	0	0	0	SINTETICO
be20c0e5-4933-4d83-acdb-632d7db36007	2026-03-03	INTEGRAL	7	1b450f5b-ecde-5880-ad0a-91ce0920069d	Maca	0	0	0	0	SINTETICO
60cb882a-a8f6-476c-a592-ace91db4aaef	2026-03-03	INTEGRAL	7	add956e1-36ad-584e-b1e4-a4a8db28315f	Banana	87	80	7	3	SINTETICO
572a7731-99a5-498b-b3b7-e7dba8c8e335	2026-03-03	INTEGRAL	7	b6f014a3-eaad-57c0-8ee9-24eb9abb819a	Cuscuz	0	0	0	0	SINTETICO
857deaa6-2b05-488f-9337-da98168bf50a	2026-03-03	INTEGRAL	10	1b450f5b-ecde-5880-ad0a-91ce0920069d	Maca	25	22	3	1	SINTETICO
ec71c2ce-a824-40c7-82d5-57a34115b646	2026-03-03	INTEGRAL	10	79ca1872-52e0-59dd-af29-543b793c0860	Macarrao ao sugo	2	2	0	0	SINTETICO
0f1ef908-baaf-47cc-ac5f-f00db982fa90	2026-03-03	INTEGRAL	10	6ce7a969-7c2b-5a21-b072-594a4412ab8b	Arroz branco	2	2	0	0	SINTETICO
fbebd21f-bc08-42cd-a19a-65f8bdaf3958	2026-03-03	INTEGRAL	12	6ce7a969-7c2b-5a21-b072-594a4412ab8b	Arroz branco	40	37	3	3	SINTETICO
5259d183-0377-4fb5-a1f4-3d661e8b6ddd	2026-03-03	INTEGRAL	12	2f723cf1-ddd6-58e2-881e-3ab45db8cd2d	Feijao carioca	24	21	3	2	SINTETICO
602be5cf-1bf7-4482-b2d1-d263170b8dde	2026-03-03	INTEGRAL	12	153737d9-caa6-55d5-b086-f7e83fdab4d2	Pao com manteiga	19	17	2	1	SINTETICO
9e546dc1-2226-496f-9cb4-02e1e7f08acb	2026-03-03	INTEGRAL	12	84f7e794-a400-5d46-9efe-1c8a8f2f711d	Suco de fruta natural	68	68	0	3	SINTETICO
0c0c9431-a4f7-4810-a4b9-a8703caa1f92	2026-03-03	INTEGRAL	12	0db97b08-9e92-541d-b2d2-1bc810f8fbe8	Iogurte	23	23	0	1	SINTETICO
159c2485-79c8-4d35-a434-eb4359f374cf	2026-03-03	INTEGRAL	13	add956e1-36ad-584e-b1e4-a4a8db28315f	Banana	45	43	2	2	SINTETICO
68e5be3c-8e61-40f5-87d1-97594a2e9509	2026-03-03	INTEGRAL	13	0db97b08-9e92-541d-b2d2-1bc810f8fbe8	Iogurte	3	3	0	0	SINTETICO
35c8733d-6b93-4d8d-aefa-c5a13b9d37fe	2026-03-03	INTEGRAL	15	988137c4-1f9b-556f-a585-e26e4827e310	Carne de panela	268	250	18	25	SINTETICO
7cc9cfed-9adf-4713-9552-35387b2c17fb	2026-03-03	INTEGRAL	15	b6f014a3-eaad-57c0-8ee9-24eb9abb819a	Cuscuz	77	74	3	7	SINTETICO
d27b5fa2-0659-4788-a4bd-cb2ba8c8dfde	2026-03-03	INTEGRAL	16	153737d9-caa6-55d5-b086-f7e83fdab4d2	Pao com manteiga	29	27	2	2	SINTETICO
f82957cc-4f22-40dd-ae5b-25e096de59b8	2026-03-03	INTEGRAL	16	add956e1-36ad-584e-b1e4-a4a8db28315f	Banana	9	8	1	0	SINTETICO
560ffdb9-a79f-4f65-a954-01166431f519	2026-03-03	INTEGRAL	16	2fb8016f-a7e8-5297-ba7c-fbdbc176e301	Molho de tomate caseiro	2	2	0	0	SINTETICO
eb01fa83-54a6-4ea5-8e3e-a2552e494621	2026-03-03	INTEGRAL	16	84f7e794-a400-5d46-9efe-1c8a8f2f711d	Suco de fruta natural	51	48	3	3	SINTETICO
668260f1-1dc4-40f0-bece-630307ce6b35	2026-03-03	MANHA	17	1b450f5b-ecde-5880-ad0a-91ce0920069d	Maca	372	370	2	16	SINTETICO
fb9c96b5-c502-4780-8c02-3b31855bed8b	2026-03-03	MANHA	17	153737d9-caa6-55d5-b086-f7e83fdab4d2	Pao com manteiga	21	19	2	1	SINTETICO
6c6c0732-a121-4540-acc5-713374447bf7	2026-03-04	INTEGRAL	1	9bf7d50c-378c-58f7-ba1a-0dccafffc54c	Bolacha doce	2	2	0	0	SINTETICO
ab5edeb0-b23f-41f9-96ac-f19caf95e828	2026-03-04	INTEGRAL	1	6ce7a969-7c2b-5a21-b072-594a4412ab8b	Arroz branco	140	129	11	9	SINTETICO
3f83436e-e4af-42c2-aa9d-ea18319079d3	2026-03-04	INTEGRAL	1	add956e1-36ad-584e-b1e4-a4a8db28315f	Banana	15	13	2	1	SINTETICO
86c7d7e8-2049-457f-91c2-77cc5ecfd299	2026-03-04	INTEGRAL	3	79ca1872-52e0-59dd-af29-543b793c0860	Macarrao ao sugo	19	19	0	2	SINTETICO
6f0c2637-ca45-4d1d-86eb-87cccadf0078	2026-03-04	INTEGRAL	7	153737d9-caa6-55d5-b086-f7e83fdab4d2	Pao com manteiga	91	81	10	5	SINTETICO
c67d16be-5a0d-4bd7-acd8-d9138fa05116	2026-03-04	INTEGRAL	7	0db97b08-9e92-541d-b2d2-1bc810f8fbe8	Iogurte	56	49	7	3	SINTETICO
f6c67979-58e6-4cd1-ba78-d1b365dd703c	2026-03-04	INTEGRAL	7	1b450f5b-ecde-5880-ad0a-91ce0920069d	Maca	52	51	1	2	SINTETICO
12b14e0e-67e0-45f7-bc9b-4c9389ed20df	2026-03-04	TARDE	10	79ca1872-52e0-59dd-af29-543b793c0860	Macarrao ao sugo	263	232	31	23	SINTETICO
2bdeb124-9389-4de2-af37-862ac5407cc7	2026-03-04	INTEGRAL	11	6ce7a969-7c2b-5a21-b072-594a4412ab8b	Arroz branco	7	7	0	0	SINTETICO
6c617929-59ed-4f83-9b1e-19f7a568e4b1	2026-03-04	INTEGRAL	12	1b450f5b-ecde-5880-ad0a-91ce0920069d	Maca	33	31	2	2	SINTETICO
2db0e7aa-608b-442b-98d2-7be2bbcb9768	2026-03-04	INTEGRAL	12	b6f014a3-eaad-57c0-8ee9-24eb9abb819a	Cuscuz	11	10	1	1	SINTETICO
1c47ecba-d27c-483e-af93-e1b73127f23e	2026-03-04	MANHA	13	0db97b08-9e92-541d-b2d2-1bc810f8fbe8	Iogurte	15	15	0	1	SINTETICO
ad89bc42-2494-4099-ab3d-138d56fb4ba9	2026-03-04	INTEGRAL	14	84f7e794-a400-5d46-9efe-1c8a8f2f711d	Suco de fruta natural	386	346	40	19	SINTETICO
a661d459-12b7-4c68-8013-411c38d72046	2026-03-04	INTEGRAL	14	2f723cf1-ddd6-58e2-881e-3ab45db8cd2d	Feijao carioca	6	6	0	1	SINTETICO
695ca1fc-6de5-483f-862d-4c591926b95f	2026-03-04	TARDE	15	6753aa6f-0f7e-5208-8cd6-9e7a8733ef22	Leite com achocolatado	50	49	1	2	SINTETICO
c6aa296e-6c03-4327-8341-185b2f09a1f1	2026-03-04	TARDE	15	0db97b08-9e92-541d-b2d2-1bc810f8fbe8	Iogurte	73	68	5	5	SINTETICO
23406c4f-38aa-400d-bd80-f5c87d478075	2026-03-04	TARDE	16	153737d9-caa6-55d5-b086-f7e83fdab4d2	Pao com manteiga	1	1	0	0	SINTETICO
fdea7720-35ae-4f0c-b8b8-57a8da86d6be	2026-03-04	TARDE	16	6753aa6f-0f7e-5208-8cd6-9e7a8733ef22	Leite com achocolatado	0	0	0	0	SINTETICO
c14bf6d5-b1b8-403f-816f-da4798ff503f	2026-03-04	TARDE	16	e8c59186-e147-5530-a4ba-b728fd7852c3	Arroz com galinha	32	31	1	2	SINTETICO
c60973f3-f8a4-4ab5-9b3b-0ae185100286	2026-03-04	TARDE	16	54e9ea4c-63a9-5952-9616-b24ee0e6a0fa	Frango dourado, acebolado	382	335	47	21	SINTETICO
afb065c6-0a3a-46da-8a0d-8951a1328d71	2026-03-04	TARDE	16	b6f014a3-eaad-57c0-8ee9-24eb9abb819a	Cuscuz	4	4	0	1	SINTETICO
71ee0cb9-98fe-499f-91e4-88dc73ed50f8	2026-03-04	INTEGRAL	17	153737d9-caa6-55d5-b086-f7e83fdab4d2	Pao com manteiga	3	3	0	0	SINTETICO
735dfd9e-3ca1-4d1b-b215-7a6d548a5812	2026-03-04	INTEGRAL	18	add956e1-36ad-584e-b1e4-a4a8db28315f	Banana	95	91	4	3	SINTETICO
5614d87b-d573-4c59-8aec-aa4f6975c78b	2026-03-04	INTEGRAL	18	b6f014a3-eaad-57c0-8ee9-24eb9abb819a	Cuscuz	0	0	0	0	SINTETICO
2cac225f-b0f1-490f-a8cf-d0ac0db5d4f8	2026-03-05	MANHA	3	1b450f5b-ecde-5880-ad0a-91ce0920069d	Maca	417	379	38	23	SINTETICO
75ca5506-1959-4dbe-a5ff-55a432b9bbf4	2026-03-05	MANHA	3	e8c59186-e147-5530-a4ba-b728fd7852c3	Arroz com galinha	134	117	17	6	SINTETICO
19b1e206-f8b6-4bd5-91e6-0e22093ef4fc	2026-03-05	INTEGRAL	4	add956e1-36ad-584e-b1e4-a4a8db28315f	Banana	32	31	1	1	SINTETICO
688760dd-1190-45c3-a9f7-f649b7b07df2	2026-03-05	INTEGRAL	4	eed1d0ec-938c-53ef-94b9-626452f5fbd2	Sopa de legumes	93	85	8	32	SINTETICO
47eef9f4-f6da-4fd0-96dd-216dd4b741d5	2026-03-05	INTEGRAL	4	2f723cf1-ddd6-58e2-881e-3ab45db8cd2d	Feijao carioca	52	48	4	5	SINTETICO
10902196-0daf-4c2a-8639-16cd496ca5b0	2026-03-05	INTEGRAL	6	add956e1-36ad-584e-b1e4-a4a8db28315f	Banana	13	12	1	0	SINTETICO
bbe5f7c2-5073-4d57-b554-68ee49a1a89c	2026-03-05	MANHA	7	2f723cf1-ddd6-58e2-881e-3ab45db8cd2d	Feijao carioca	0	0	0	0	SINTETICO
4051fea8-e66d-412a-be4e-74a2427066d7	2026-03-05	MANHA	7	f8c11e3f-147e-575c-879e-d8653a2b447f	Chuchu com tempero verde	0	0	0	0	SINTETICO
5bb53a3a-ceda-4202-a5b4-0b2638f9964a	2026-03-05	TARDE	12	6ce7a969-7c2b-5a21-b072-594a4412ab8b	Arroz branco	0	0	0	0	SINTETICO
0ab9637c-6682-40f6-8769-22eb7ecaa4a9	2026-03-05	TARDE	12	877577bb-d17f-5df7-b369-9be72e456774	Chuchu	552	494	58	113	SINTETICO
3a89bdc4-0ed7-43b2-ba16-1efab8dee39d	2026-03-05	TARDE	12	b6f014a3-eaad-57c0-8ee9-24eb9abb819a	Cuscuz	240	214	26	24	SINTETICO
2c35fe70-8465-4ac6-b492-4c639f3236c0	2026-03-05	TARDE	12	2f723cf1-ddd6-58e2-881e-3ab45db8cd2d	Feijao carioca	169	147	22	14	SINTETICO
c5c500d0-bdc5-462f-a931-87b989221843	2026-03-05	INTEGRAL	13	79ca1872-52e0-59dd-af29-543b793c0860	Macarrao ao sugo	50	44	6	8	SINTETICO
551de303-8256-4f8c-8590-70909c8a73d1	2026-03-05	TARDE	14	eed1d0ec-938c-53ef-94b9-626452f5fbd2	Sopa de legumes	440	389	51	142	SINTETICO
56a4edc6-c18a-4c80-9497-20e9242f1373	2026-03-05	TARDE	14	9bf7d50c-378c-58f7-ba1a-0dccafffc54c	Bolacha doce	5	4	1	0	SINTETICO
4827ab03-1469-48f5-a700-632a5b95c418	2026-03-05	TARDE	14	153737d9-caa6-55d5-b086-f7e83fdab4d2	Pao com manteiga	49	44	5	3	SINTETICO
dc80aced-bb19-4d84-a53a-99038b350f87	2026-03-05	INTEGRAL	15	b6f014a3-eaad-57c0-8ee9-24eb9abb819a	Cuscuz	14	13	1	2	SINTETICO
427b92ee-5c00-466e-92d8-b3cd0fb4c0f3	2026-03-05	MANHA	17	9bf7d50c-378c-58f7-ba1a-0dccafffc54c	Bolacha doce	100	91	9	5	SINTETICO
b744d27a-6b10-4c9b-98a7-16f327f8d84e	2026-03-06	MANHA	1	84f7e794-a400-5d46-9efe-1c8a8f2f711d	Suco de fruta natural	42	42	0	2	SINTETICO
1201641b-0d15-43ea-af47-e7ada66b5cac	2026-03-06	MANHA	1	eed1d0ec-938c-53ef-94b9-626452f5fbd2	Sopa de legumes	18	17	1	5	SINTETICO
27d0b57e-b29f-4651-b6ee-f18fa84e682e	2026-03-06	MANHA	1	9c858519-faab-50d6-9561-8f90f4f84567	Guisado com moranga	54	53	1	20	SINTETICO
7806a08d-126a-43d0-81c0-d8a25b22902a	2026-03-06	MANHA	1	9bf7d50c-378c-58f7-ba1a-0dccafffc54c	Bolacha doce	91	81	10	3	SINTETICO
efd3f228-cb68-424f-816e-0c0d79e1e09a	2026-03-06	MANHA	1	b6f014a3-eaad-57c0-8ee9-24eb9abb819a	Cuscuz	54	50	4	7	SINTETICO
57e510bc-cb4d-46a1-a6fa-412bf4eb9bdb	2026-03-06	INTEGRAL	3	add956e1-36ad-584e-b1e4-a4a8db28315f	Banana	22	21	1	1	SINTETICO
5a94c8cd-a425-40b6-9b89-090b5ee51621	2026-03-06	INTEGRAL	3	1b450f5b-ecde-5880-ad0a-91ce0920069d	Maca	19	18	1	1	SINTETICO
5acfe619-b937-4400-8808-446153f98d5d	2026-03-06	MANHA	4	1b450f5b-ecde-5880-ad0a-91ce0920069d	Maca	57	52	5	3	SINTETICO
2d0b839f-3222-4906-8929-4097d9a6468d	2026-03-06	MANHA	4	add956e1-36ad-584e-b1e4-a4a8db28315f	Banana	2	2	0	0	SINTETICO
032408f8-3423-4ec9-84d3-e1c2bf846b90	2026-03-06	MANHA	4	b6f014a3-eaad-57c0-8ee9-24eb9abb819a	Cuscuz	0	0	0	0	SINTETICO
1f9bd127-b387-4e1e-95ea-f1f29cc6f660	2026-03-06	TARDE	6	add956e1-36ad-584e-b1e4-a4a8db28315f	Banana	159	139	20	6	SINTETICO
c5503f60-1f76-4a7d-98ce-4926d347c922	2026-03-06	INTEGRAL	7	b6f014a3-eaad-57c0-8ee9-24eb9abb819a	Cuscuz	16	16	0	2	SINTETICO
4142c223-1c28-406f-9cd5-b1fedd94dd63	2026-03-06	MANHA	8	b6f014a3-eaad-57c0-8ee9-24eb9abb819a	Cuscuz	90	87	3	7	SINTETICO
8f7bb3d7-56dd-4e52-ac40-aa1aecfd23a7	2026-03-06	MANHA	8	153737d9-caa6-55d5-b086-f7e83fdab4d2	Pao com manteiga	7	6	1	0	SINTETICO
8215ae0f-233d-4613-aeba-5da2b6d2f607	2026-03-06	INTEGRAL	9	6753aa6f-0f7e-5208-8cd6-9e7a8733ef22	Leite com achocolatado	0	0	0	0	SINTETICO
891d72da-5684-44c9-a186-f6dbb01c1f0a	2026-03-06	INTEGRAL	10	6753aa6f-0f7e-5208-8cd6-9e7a8733ef22	Leite com achocolatado	85	78	7	5	SINTETICO
4422474f-6801-4c05-a3a3-d63f545c58ee	2026-03-06	MANHA	11	6753aa6f-0f7e-5208-8cd6-9e7a8733ef22	Leite com achocolatado	0	0	0	0	SINTETICO
3b818a98-d6ef-4738-8b43-bd45484402d1	2026-03-06	INTEGRAL	12	9bf7d50c-378c-58f7-ba1a-0dccafffc54c	Bolacha doce	0	0	0	0	SINTETICO
ef8d299e-8e29-4d2d-a7aa-c92c67bef93c	2026-03-06	INTEGRAL	12	6753aa6f-0f7e-5208-8cd6-9e7a8733ef22	Leite com achocolatado	2	2	0	0	SINTETICO
1fafa334-a491-475b-b7dd-836c6608df28	2026-03-06	INTEGRAL	12	78b49edf-4e8b-5161-8bc0-ae05e86853d0	Carne moida tipo pastel	21	21	0	1	SINTETICO
de17ed76-853d-4967-8877-8c050fecb57f	2026-03-06	INTEGRAL	13	add956e1-36ad-584e-b1e4-a4a8db28315f	Banana	35	32	3	1	SINTETICO
150c48e1-5c45-44d5-8bc8-afb2f57c689a	2026-03-06	INTEGRAL	13	eed1d0ec-938c-53ef-94b9-626452f5fbd2	Sopa de legumes	114	101	13	32	SINTETICO
e65980d1-c419-42d0-b876-7e3446f9ecf1	2026-03-06	INTEGRAL	13	6ce7a969-7c2b-5a21-b072-594a4412ab8b	Arroz branco	31	29	2	2	SINTETICO
2294806a-9487-4c2b-acd6-0498276fad2d	2026-03-06	INTEGRAL	14	9bf7d50c-378c-58f7-ba1a-0dccafffc54c	Bolacha doce	38	34	4	2	SINTETICO
6b280af5-1606-4056-8a46-2c2b22feca4b	2026-03-06	INTEGRAL	14	79ca1872-52e0-59dd-af29-543b793c0860	Macarrao ao sugo	23	23	0	3	SINTETICO
d6b3fac9-19aa-4e2d-80a3-91b68c155b23	2026-03-06	INTEGRAL	14	84f7e794-a400-5d46-9efe-1c8a8f2f711d	Suco de fruta natural	17	16	1	1	SINTETICO
f2fd415d-4678-49ac-b4ee-99352cbbbfb2	2026-03-06	INTEGRAL	15	79ca1872-52e0-59dd-af29-543b793c0860	Macarrao ao sugo	18	17	1	3	SINTETICO
4e3133cc-b387-4afa-a632-fc4f877de3e7	2026-03-06	INTEGRAL	15	84f7e794-a400-5d46-9efe-1c8a8f2f711d	Suco de fruta natural	57	51	6	2	SINTETICO
46dca212-baa1-45ea-aac0-5c37e426c8aa	2026-03-06	INTEGRAL	15	1b450f5b-ecde-5880-ad0a-91ce0920069d	Maca	49	43	6	3	SINTETICO
9825605f-ca43-40f9-84a5-2664ba723a43	2026-03-06	INTEGRAL	15	6ce7a969-7c2b-5a21-b072-594a4412ab8b	Arroz branco	3	3	0	0	SINTETICO
cae55c79-8021-4c4f-b40b-b9066154a9cb	2026-03-06	INTEGRAL	16	ddeef647-cce4-5236-a3b1-dece44ed098e	Couve flor	0	0	0	0	SINTETICO
d5ac99f4-3233-4a5a-8145-672444d0840f	2026-03-06	INTEGRAL	18	eed1d0ec-938c-53ef-94b9-626452f5fbd2	Sopa de legumes	112	99	13	29	SINTETICO
326b1e19-305c-49d4-8294-41fc51482c70	2026-03-09	INTEGRAL	1	79eb9045-ebdc-53c5-9ede-a0e5d2b7b378	Requeijao caseiro	369	344	25	27	SINTETICO
936abd4b-26f5-4ed8-9a72-9c1deda545f2	2026-03-09	INTEGRAL	2	b6f014a3-eaad-57c0-8ee9-24eb9abb819a	Cuscuz	3	3	0	0	SINTETICO
f515510a-677a-4411-b240-8ef618511c82	2026-03-09	INTEGRAL	2	6ce7a969-7c2b-5a21-b072-594a4412ab8b	Arroz branco	2	2	0	0	SINTETICO
3e616f63-938a-439f-8e9c-cbcaf0ecc633	2026-03-09	INTEGRAL	2	add956e1-36ad-584e-b1e4-a4a8db28315f	Banana	0	0	0	0	SINTETICO
e197aa96-995e-4d57-ab4a-f6b860e0589c	2026-03-09	INTEGRAL	2	2f723cf1-ddd6-58e2-881e-3ab45db8cd2d	Feijao carioca	257	257	0	19	SINTETICO
a532ad6b-0520-4809-88e5-316940591a2f	2026-03-09	INTEGRAL	2	79ca1872-52e0-59dd-af29-543b793c0860	Macarrao ao sugo	4	4	0	1	SINTETICO
ea831d53-fce0-4df2-9602-ab851bf3c7fa	2026-03-09	TARDE	3	153737d9-caa6-55d5-b086-f7e83fdab4d2	Pao com manteiga	0	0	0	0	SINTETICO
9b57a3b3-44b3-422d-9c30-32e69d061a55	2026-03-09	TARDE	3	add956e1-36ad-584e-b1e4-a4a8db28315f	Banana	248	235	13	11	SINTETICO
ef5e76b6-2455-45ca-b212-79579256d59e	2026-03-09	INTEGRAL	4	6ce7a969-7c2b-5a21-b072-594a4412ab8b	Arroz branco	7	7	0	1	SINTETICO
b149a684-7b2e-47df-9a00-ec5ed3697df8	2026-03-09	MANHA	5	add956e1-36ad-584e-b1e4-a4a8db28315f	Banana	58	58	0	3	SINTETICO
0374ec1d-2a71-4f35-9ce5-400548dff1cf	2026-03-09	MANHA	5	eed1d0ec-938c-53ef-94b9-626452f5fbd2	Sopa de legumes	29	27	2	7	SINTETICO
8ebbe094-8251-4869-b7c0-5e5082a0825e	2026-03-09	MANHA	5	0db97b08-9e92-541d-b2d2-1bc810f8fbe8	Iogurte	382	380	2	25	SINTETICO
691b8990-a590-43bf-a544-333d58c048ab	2026-03-09	MANHA	5	6753aa6f-0f7e-5208-8cd6-9e7a8733ef22	Leite com achocolatado	32	29	3	2	SINTETICO
e228b7a7-a62a-439d-a5d7-333abf633843	2026-03-09	MANHA	5	79ca1872-52e0-59dd-af29-543b793c0860	Macarrao ao sugo	3	3	0	0	SINTETICO
e02689cd-7b4a-4a61-9678-b21c73514f47	2026-03-09	TARDE	8	1b450f5b-ecde-5880-ad0a-91ce0920069d	Maca	217	216	1	13	SINTETICO
73674013-4fc8-4f54-87b9-73e7ee6872a9	2026-03-09	INTEGRAL	9	6ce7a969-7c2b-5a21-b072-594a4412ab8b	Arroz branco	17	15	2	1	SINTETICO
91da023e-c3fa-4720-b9f7-8afa95b2855f	2026-03-09	INTEGRAL	9	e8c59186-e147-5530-a4ba-b728fd7852c3	Arroz com galinha	421	380	41	32	SINTETICO
52e6b8e6-2784-4cef-89e0-27d2f1bf18cf	2026-03-09	MANHA	10	add956e1-36ad-584e-b1e4-a4a8db28315f	Banana	30	29	1	1	SINTETICO
f8b5ee83-67c9-4f81-93b5-6b28d52c098d	2026-03-09	INTEGRAL	14	84f7e794-a400-5d46-9efe-1c8a8f2f711d	Suco de fruta natural	49	43	6	2	SINTETICO
b389da92-b2d5-43c6-9d6d-23292b5617b8	2026-03-09	INTEGRAL	14	eed1d0ec-938c-53ef-94b9-626452f5fbd2	Sopa de legumes	38	34	4	9	SINTETICO
f0eaf587-0fe0-448a-8990-5f78292dd71c	2026-03-09	INTEGRAL	14	6ce7a969-7c2b-5a21-b072-594a4412ab8b	Arroz branco	14	13	1	1	SINTETICO
ff309f2e-05be-4893-b4f0-70371002b41d	2026-03-09	MANHA	15	9bf7d50c-378c-58f7-ba1a-0dccafffc54c	Bolacha doce	57	50	7	2	SINTETICO
d8ae1907-d17d-4840-84f1-329cd75c89b0	2026-03-09	TARDE	16	79ca1872-52e0-59dd-af29-543b793c0860	Macarrao ao sugo	26	25	1	3	SINTETICO
e9084167-1a2b-4539-a3bc-43b4465ba51a	2026-03-09	TARDE	16	9bf7d50c-378c-58f7-ba1a-0dccafffc54c	Bolacha doce	47	44	3	2	SINTETICO
8dd7fd24-b4cb-4cae-b2e6-8623c34e63cb	2026-03-09	TARDE	16	b6f014a3-eaad-57c0-8ee9-24eb9abb819a	Cuscuz	147	139	8	20	SINTETICO
567fc43a-0277-4a3e-82cf-dce2ebb300de	2026-03-09	MANHA	17	6ce7a969-7c2b-5a21-b072-594a4412ab8b	Arroz branco	17	16	1	1	SINTETICO
5d051c72-859b-472d-bf07-8ecc402c86e9	2026-03-09	MANHA	18	988137c4-1f9b-556f-a585-e26e4827e310	Carne de panela	30	27	3	3	SINTETICO
9bb7ca14-df48-4b07-943e-dd53581e3687	2026-03-09	MANHA	18	6753aa6f-0f7e-5208-8cd6-9e7a8733ef22	Leite com achocolatado	324	321	3	20	SINTETICO
9f7bc3b8-3214-4723-8b87-fa4eb71b3078	2026-03-10	MANHA	1	79ca1872-52e0-59dd-af29-543b793c0860	Macarrao ao sugo	74	71	3	8	SINTETICO
3de66898-76dc-4bfb-99c3-536c0644e7b6	2026-03-10	MANHA	1	84f7e794-a400-5d46-9efe-1c8a8f2f711d	Suco de fruta natural	162	145	17	7	SINTETICO
88284927-39a6-4c55-809d-8bf86129943d	2026-03-10	MANHA	1	b6f014a3-eaad-57c0-8ee9-24eb9abb819a	Cuscuz	50	44	6	5	SINTETICO
d9f2ff36-0ae1-4add-a364-f8b2bc83ad9e	2026-03-10	MANHA	1	2f723cf1-ddd6-58e2-881e-3ab45db8cd2d	Feijao carioca	23	22	1	2	SINTETICO
751811d1-115a-42ab-96ad-22ef81aeeba7	2026-03-10	INTEGRAL	3	9bf7d50c-378c-58f7-ba1a-0dccafffc54c	Bolacha doce	15	15	0	1	SINTETICO
800bed4d-2ae0-4a8b-b49f-47b3254f5b0b	2026-03-10	INTEGRAL	3	2f723cf1-ddd6-58e2-881e-3ab45db8cd2d	Feijao carioca	11	10	1	1	SINTETICO
9563cfcf-8ed5-487f-9bbc-7be24251307c	2026-03-10	INTEGRAL	3	79ca1872-52e0-59dd-af29-543b793c0860	Macarrao ao sugo	23	23	0	3	SINTETICO
57cdff6b-5591-451f-89b2-c03d41b4a5a6	2026-03-10	INTEGRAL	3	6ce7a969-7c2b-5a21-b072-594a4412ab8b	Arroz branco	5	4	1	0	SINTETICO
3d000aea-c6f9-4467-9d33-7ea0761da918	2026-03-10	INTEGRAL	3	1b450f5b-ecde-5880-ad0a-91ce0920069d	Maca	51	46	5	2	SINTETICO
e51de2f8-7737-4527-836f-6b9f915cf5d6	2026-03-10	TARDE	4	b6f014a3-eaad-57c0-8ee9-24eb9abb819a	Cuscuz	136	133	3	12	SINTETICO
915e7866-8b8d-48d3-8526-f3377e043599	2026-03-10	TARDE	5	9bf7d50c-378c-58f7-ba1a-0dccafffc54c	Bolacha doce	0	0	0	0	SINTETICO
03378940-0e17-4c34-97a7-5b6b4d91bf54	2026-03-10	INTEGRAL	6	2f723cf1-ddd6-58e2-881e-3ab45db8cd2d	Feijao carioca	34	31	3	3	SINTETICO
5f896b0c-9557-4515-b74f-6c89ebb81562	2026-03-10	INTEGRAL	6	84f7e794-a400-5d46-9efe-1c8a8f2f711d	Suco de fruta natural	74	68	6	4	SINTETICO
9a520247-34de-4c73-84d6-0c81bdebfc46	2026-03-10	INTEGRAL	6	b6f014a3-eaad-57c0-8ee9-24eb9abb819a	Cuscuz	16	16	0	2	SINTETICO
72a57c8f-d59f-4cc8-a546-1de24eb3afa5	2026-03-10	INTEGRAL	6	9bf7d50c-378c-58f7-ba1a-0dccafffc54c	Bolacha doce	1	1	0	0	SINTETICO
935451d2-b39c-46d8-b6ac-bff3a1a6a1bf	2026-03-10	INTEGRAL	6	1b450f5b-ecde-5880-ad0a-91ce0920069d	Maca	23	22	1	1	SINTETICO
8e3930b0-92d0-45a0-b16c-8875fd401c3c	2026-03-10	INTEGRAL	7	0db97b08-9e92-541d-b2d2-1bc810f8fbe8	Iogurte	0	0	0	0	SINTETICO
c2010c09-ea91-487f-9243-7532290af289	2026-03-10	INTEGRAL	7	79ca1872-52e0-59dd-af29-543b793c0860	Macarrao ao sugo	61	55	6	6	SINTETICO
d8f9a8bf-f1b7-4ef4-ae9a-19375bec16ee	2026-03-10	INTEGRAL	8	0db97b08-9e92-541d-b2d2-1bc810f8fbe8	Iogurte	43	40	3	3	SINTETICO
fb360a4c-d151-4899-9e27-9ef153473f38	2026-03-10	INTEGRAL	9	9bf7d50c-378c-58f7-ba1a-0dccafffc54c	Bolacha doce	2	2	0	0	SINTETICO
a062cb45-e3fb-4de4-9c08-3f629d1dc85d	2026-03-10	INTEGRAL	9	0db97b08-9e92-541d-b2d2-1bc810f8fbe8	Iogurte	36	35	1	2	SINTETICO
e350729b-8e9e-4b8c-9845-81fec78585b5	2026-03-10	MANHA	10	add956e1-36ad-584e-b1e4-a4a8db28315f	Banana	27	26	1	1	SINTETICO
38f638f1-8542-41f8-953f-43eb26782c68	2026-03-10	MANHA	10	9bf7d50c-378c-58f7-ba1a-0dccafffc54c	Bolacha doce	23	21	2	1	SINTETICO
30135679-a2c3-44af-83df-32132d7e83c6	2026-03-10	MANHA	10	1b450f5b-ecde-5880-ad0a-91ce0920069d	Maca	20	20	0	1	SINTETICO
aa6a1e50-af2f-4624-9629-7b3b78c447ba	2026-03-10	TARDE	12	153737d9-caa6-55d5-b086-f7e83fdab4d2	Pao com manteiga	63	58	5	2	SINTETICO
b63fe12c-b2de-4051-bf39-14794449b86d	2026-03-10	TARDE	12	b6f014a3-eaad-57c0-8ee9-24eb9abb819a	Cuscuz	211	203	8	17	SINTETICO
598001a4-d090-4ebf-b234-3dd52ace9261	2026-03-10	TARDE	12	6753aa6f-0f7e-5208-8cd6-9e7a8733ef22	Leite com achocolatado	191	190	1	13	SINTETICO
89997ced-9c94-4a81-ac0d-7ada8c6d94bd	2026-03-10	MANHA	13	79ca1872-52e0-59dd-af29-543b793c0860	Macarrao ao sugo	121	108	13	14	SINTETICO
bbca8f88-5d90-47f3-91ae-93d2a4e5320c	2026-03-10	MANHA	13	6ce7a969-7c2b-5a21-b072-594a4412ab8b	Arroz branco	41	38	3	3	SINTETICO
2c14ab88-9b2b-4d79-988e-6c8cf5091215	2026-03-10	MANHA	13	0db97b08-9e92-541d-b2d2-1bc810f8fbe8	Iogurte	0	0	0	0	SINTETICO
76f69194-842e-4e15-a660-cd38cea2d796	2026-03-10	MANHA	13	9bf7d50c-378c-58f7-ba1a-0dccafffc54c	Bolacha doce	18	17	1	1	SINTETICO
a8279d7e-8e61-49f7-b05f-21a4e87ca38c	2026-03-10	MANHA	13	1b450f5b-ecde-5880-ad0a-91ce0920069d	Maca	89	79	10	5	SINTETICO
050840b0-7eaf-4780-920c-02cc048ca2bb	2026-03-10	TARDE	14	b6f014a3-eaad-57c0-8ee9-24eb9abb819a	Cuscuz	13	12	1	1	SINTETICO
eb4b7655-91b3-4114-96d9-ce28a0d50482	2026-03-10	INTEGRAL	15	eed1d0ec-938c-53ef-94b9-626452f5fbd2	Sopa de legumes	98	96	2	24	SINTETICO
dd505715-446a-4797-947b-e323e1d43c24	2026-03-10	INTEGRAL	15	1b450f5b-ecde-5880-ad0a-91ce0920069d	Maca	38	35	3	1	SINTETICO
df01ab0c-9990-4686-90e3-eb53611680bc	2026-03-10	MANHA	16	153737d9-caa6-55d5-b086-f7e83fdab4d2	Pao com manteiga	104	93	11	6	SINTETICO
1f029fe6-fdcd-4787-9366-6c0b5930229f	2026-03-10	MANHA	16	b6f014a3-eaad-57c0-8ee9-24eb9abb819a	Cuscuz	97	86	11	12	SINTETICO
6f8bd21c-f728-438e-9538-ff475f299840	2026-03-10	MANHA	16	1b450f5b-ecde-5880-ad0a-91ce0920069d	Maca	43	39	4	2	SINTETICO
ecbc03f4-a0f0-4883-98f2-90f7627b0175	2026-03-10	MANHA	16	b6cbc98d-85cf-5628-a89e-560cfa264267	Coxa e sobrecoxa de frango ao molho de tomate	398	394	4	49	SINTETICO
51340bb3-cc65-4808-9f1b-2e21fe6ce622	2026-03-10	MANHA	16	6ce7a969-7c2b-5a21-b072-594a4412ab8b	Arroz branco	35	33	2	2	SINTETICO
a73c5a16-845e-48bd-bf63-82c53bef127f	2026-03-10	MANHA	16	84f7e794-a400-5d46-9efe-1c8a8f2f711d	Suco de fruta natural	434	389	45	20	SINTETICO
18860946-4934-4a86-99cb-ffab269d71e0	2026-03-10	INTEGRAL	18	6753aa6f-0f7e-5208-8cd6-9e7a8733ef22	Leite com achocolatado	64	63	1	3	SINTETICO
a3529a7c-39c2-41a0-b28a-4219603a9ede	2026-03-10	INTEGRAL	18	6ce7a969-7c2b-5a21-b072-594a4412ab8b	Arroz branco	23	22	1	1	SINTETICO
da0e6e1e-2e17-456f-a8b8-a6e786b3eb2f	2026-03-10	INTEGRAL	18	b6f014a3-eaad-57c0-8ee9-24eb9abb819a	Cuscuz	36	32	4	5	SINTETICO
86a9fdfa-7750-431d-9982-d62b7c41b9ac	2026-03-11	INTEGRAL	1	0db97b08-9e92-541d-b2d2-1bc810f8fbe8	Iogurte	77	77	0	3	SINTETICO
e4af56f9-8f88-41c8-a4c9-b182ed80a57c	2026-03-11	INTEGRAL	3	84f7e794-a400-5d46-9efe-1c8a8f2f711d	Suco de fruta natural	8	8	0	0	SINTETICO
9e5ecc62-cf87-476b-a0aa-f4839fddbffc	2026-03-11	INTEGRAL	3	eed1d0ec-938c-53ef-94b9-626452f5fbd2	Sopa de legumes	48	45	3	15	SINTETICO
36837e12-c2c7-4fde-8209-107857651e97	2026-03-11	INTEGRAL	3	b6f014a3-eaad-57c0-8ee9-24eb9abb819a	Cuscuz	31	27	4	3	SINTETICO
99f6aef7-ef42-4d50-b137-f3c9f2274057	2026-03-11	INTEGRAL	3	2f723cf1-ddd6-58e2-881e-3ab45db8cd2d	Feijao carioca	212	190	22	16	SINTETICO
d8b914e7-5464-490b-9e58-905135d1e850	2026-03-11	MANHA	4	6ce7a969-7c2b-5a21-b072-594a4412ab8b	Arroz branco	14	14	0	1	SINTETICO
77335d78-bf6b-4234-92b9-2a94b0fdac93	2026-03-11	INTEGRAL	7	0db97b08-9e92-541d-b2d2-1bc810f8fbe8	Iogurte	31	30	1	2	SINTETICO
72638fcb-6117-492b-8ad7-a1bbbec013bc	2026-03-11	INTEGRAL	7	79ca1872-52e0-59dd-af29-543b793c0860	Macarrao ao sugo	73	66	7	8	SINTETICO
ca295419-57b6-46cd-9d93-b5f2a04f9d71	2026-03-11	INTEGRAL	7	b6f014a3-eaad-57c0-8ee9-24eb9abb819a	Cuscuz	83	76	7	7	SINTETICO
281204de-5a8e-4b15-9e12-6860a7dafb66	2026-03-11	TARDE	9	b6f014a3-eaad-57c0-8ee9-24eb9abb819a	Cuscuz	3	3	0	0	SINTETICO
279e87cd-c746-469b-9a43-5847f88bd323	2026-03-11	TARDE	9	9bf7d50c-378c-58f7-ba1a-0dccafffc54c	Bolacha doce	216	214	2	9	SINTETICO
7d256359-db50-44c6-bc12-9bcdb87d6b2d	2026-03-11	TARDE	9	1b450f5b-ecde-5880-ad0a-91ce0920069d	Maca	81	78	3	3	SINTETICO
ec0430db-ed24-4f87-a9ea-e8b6bf037750	2026-03-11	INTEGRAL	16	153737d9-caa6-55d5-b086-f7e83fdab4d2	Pao com manteiga	75	68	7	4	SINTETICO
1bed3a73-56b9-40f7-b128-38d636c833c1	2026-03-11	INTEGRAL	16	79ca1872-52e0-59dd-af29-543b793c0860	Macarrao ao sugo	0	0	0	0	SINTETICO
fa40a8e8-999c-4343-bed1-0d1144e96225	2026-03-11	INTEGRAL	17	add956e1-36ad-584e-b1e4-a4a8db28315f	Banana	0	0	0	0	SINTETICO
02345611-6417-4f7a-a5bb-be34c77856c8	2026-03-11	TARDE	18	b6f014a3-eaad-57c0-8ee9-24eb9abb819a	Cuscuz	225	213	12	19	SINTETICO
22be128f-d960-499e-a9db-c22cdfa78067	2026-03-11	TARDE	18	b4612635-bcf9-56d3-bc95-ef912ff6a829	Cenoura cozida	217	216	1	32	SINTETICO
babb53d1-e3cc-4b07-8fca-bc7b9d57e811	2026-03-11	TARDE	18	6753aa6f-0f7e-5208-8cd6-9e7a8733ef22	Leite com achocolatado	0	0	0	0	SINTETICO
7fde0584-65ba-45c0-9368-872300d9f651	2026-03-11	TARDE	18	0db97b08-9e92-541d-b2d2-1bc810f8fbe8	Iogurte	49	48	1	3	SINTETICO
16e2903b-5a01-48b5-b164-e84354bdfc13	2026-03-12	INTEGRAL	1	84f7e794-a400-5d46-9efe-1c8a8f2f711d	Suco de fruta natural	251	232	19	9	SINTETICO
289f99ac-3286-4258-af8d-8a3c605cf8ef	2026-03-12	INTEGRAL	1	9bf7d50c-378c-58f7-ba1a-0dccafffc54c	Bolacha doce	5	4	1	0	SINTETICO
62b9b81a-3642-4e8b-bb11-d40dd714ad82	2026-03-12	TARDE	2	0db97b08-9e92-541d-b2d2-1bc810f8fbe8	Iogurte	566	494	72	34	SINTETICO
8ca9f56a-ab40-4f1e-8561-e1deebce9ad5	2026-03-12	TARDE	2	9bf7d50c-378c-58f7-ba1a-0dccafffc54c	Bolacha doce	0	0	0	0	SINTETICO
a2c250a5-2036-4df8-8f4a-757bd0e1b8c9	2026-03-12	TARDE	2	2f723cf1-ddd6-58e2-881e-3ab45db8cd2d	Feijao carioca	50	44	6	4	SINTETICO
e1cec7f4-8dd5-4630-96cf-1f3fa0c114ac	2026-03-12	TARDE	4	1b450f5b-ecde-5880-ad0a-91ce0920069d	Maca	6	5	1	0	SINTETICO
a8b836c7-8665-4273-a751-e5170478a238	2026-03-12	MANHA	8	eed1d0ec-938c-53ef-94b9-626452f5fbd2	Sopa de legumes	347	325	22	108	SINTETICO
87c9c7c9-db8d-4172-a501-071404507a43	2026-03-12	MANHA	8	1b450f5b-ecde-5880-ad0a-91ce0920069d	Maca	222	215	7	12	SINTETICO
2d0841e2-20a9-4022-a229-883999551791	2026-03-12	MANHA	8	84f7e794-a400-5d46-9efe-1c8a8f2f711d	Suco de fruta natural	91	81	10	4	SINTETICO
9ea0d466-cf3e-4bd8-8704-03f032beb7b0	2026-03-12	TARDE	9	b6f014a3-eaad-57c0-8ee9-24eb9abb819a	Cuscuz	94	86	8	11	SINTETICO
a359f4c6-6d8f-463c-a098-dc7bd8648a9e	2026-03-12	TARDE	10	2f723cf1-ddd6-58e2-881e-3ab45db8cd2d	Feijao carioca	104	97	7	9	SINTETICO
ad2ffc3a-bedf-407d-bb17-324fb690a821	2026-03-12	TARDE	11	0db97b08-9e92-541d-b2d2-1bc810f8fbe8	Iogurte	222	210	12	16	SINTETICO
9cbe88b7-e228-4948-ac45-ef34bc172955	2026-03-12	TARDE	11	2f723cf1-ddd6-58e2-881e-3ab45db8cd2d	Feijao carioca	108	95	13	8	SINTETICO
711f719a-b54e-493b-995f-d9e14254d438	2026-03-12	TARDE	11	153737d9-caa6-55d5-b086-f7e83fdab4d2	Pao com manteiga	0	0	0	0	SINTETICO
2857629d-0edb-46a0-8870-0b2bb4c4282b	2026-03-12	TARDE	12	2f723cf1-ddd6-58e2-881e-3ab45db8cd2d	Feijao carioca	52	47	5	3	SINTETICO
6fad7f04-8ca9-4b6f-bdb0-5f7d864f43d3	2026-03-12	TARDE	12	b6f014a3-eaad-57c0-8ee9-24eb9abb819a	Cuscuz	0	0	0	0	SINTETICO
7d0a04b1-8d12-41d2-9340-d6424b951e36	2026-03-12	INTEGRAL	14	153737d9-caa6-55d5-b086-f7e83fdab4d2	Pao com manteiga	25	22	3	2	SINTETICO
3969686e-2ede-4aaf-9f26-416ceeac9f47	2026-03-12	MANHA	16	6ce7a969-7c2b-5a21-b072-594a4412ab8b	Arroz branco	315	302	13	19	SINTETICO
5d8e8c1f-247d-4ffb-9805-acc0189cca68	2026-03-12	INTEGRAL	17	153737d9-caa6-55d5-b086-f7e83fdab4d2	Pao com manteiga	3	3	0	0	SINTETICO
61c6bf85-4f42-46ee-90ad-e497866828d3	2026-03-12	INTEGRAL	17	0db97b08-9e92-541d-b2d2-1bc810f8fbe8	Iogurte	36	33	3	2	SINTETICO
545495eb-bfb2-4c89-a272-20bbfdfa0c89	2026-03-12	INTEGRAL	17	b6f014a3-eaad-57c0-8ee9-24eb9abb819a	Cuscuz	16	15	1	1	SINTETICO
8725bec8-558b-41ef-bc5d-6dff6b6b28d8	2026-03-13	INTEGRAL	1	2f723cf1-ddd6-58e2-881e-3ab45db8cd2d	Feijao carioca	22	20	2	2	SINTETICO
d98c3c04-bb01-4098-9efb-a7711074034c	2026-03-13	INTEGRAL	1	3d6a3f96-fe67-5811-98e8-2381c1ec5a70	Beterraba ralada	21	18	3	7	SINTETICO
96889be0-a5fe-4f2c-b24e-bf88c9d1d2e1	2026-03-13	INTEGRAL	1	1b450f5b-ecde-5880-ad0a-91ce0920069d	Maca	1	1	0	0	SINTETICO
0a556c19-1542-4987-bc24-50523903b719	2026-03-13	INTEGRAL	1	153737d9-caa6-55d5-b086-f7e83fdab4d2	Pao com manteiga	9	8	1	0	SINTETICO
1a3c72af-fec9-4382-9dd9-c13163ea74a3	2026-03-13	INTEGRAL	4	6753aa6f-0f7e-5208-8cd6-9e7a8733ef22	Leite com achocolatado	25	22	3	1	SINTETICO
18226100-7481-4db4-8824-a89c5062fa51	2026-03-13	INTEGRAL	4	eed1d0ec-938c-53ef-94b9-626452f5fbd2	Sopa de legumes	31	29	2	10	SINTETICO
55706568-7791-45dd-9ccd-3bdadbe83100	2026-03-13	INTEGRAL	4	1b450f5b-ecde-5880-ad0a-91ce0920069d	Maca	88	78	10	5	SINTETICO
f3d2f910-0a5e-4975-b3be-091d4d16b959	2026-03-13	INTEGRAL	4	0db97b08-9e92-541d-b2d2-1bc810f8fbe8	Iogurte	45	41	4	2	SINTETICO
f1f5027d-848d-4cdb-8333-b827553e71c4	2026-03-13	INTEGRAL	4	b6f014a3-eaad-57c0-8ee9-24eb9abb819a	Cuscuz	5	5	0	0	SINTETICO
3591b7ba-9ab3-4fb8-8b72-dd1ac2f1623b	2026-03-13	INTEGRAL	5	1b450f5b-ecde-5880-ad0a-91ce0920069d	Maca	37	33	4	1	SINTETICO
3c4b5e46-8caf-4308-8923-f0cf4325f757	2026-03-13	INTEGRAL	5	9bf7d50c-378c-58f7-ba1a-0dccafffc54c	Bolacha doce	194	188	6	8	SINTETICO
06fb52e9-2c74-43bc-a3dc-dfa2da21b531	2026-03-13	INTEGRAL	5	0db97b08-9e92-541d-b2d2-1bc810f8fbe8	Iogurte	40	38	2	2	SINTETICO
31d81fd7-f541-4530-890b-12c6afa47809	2026-03-13	INTEGRAL	5	2f723cf1-ddd6-58e2-881e-3ab45db8cd2d	Feijao carioca	48	45	3	4	SINTETICO
3dfa5355-ec2b-439f-a326-8f8842066499	2026-03-13	INTEGRAL	5	84f7e794-a400-5d46-9efe-1c8a8f2f711d	Suco de fruta natural	39	35	4	1	SINTETICO
706312c2-7625-4f08-8888-3ff5ec735e2e	2026-03-13	INTEGRAL	7	79ca1872-52e0-59dd-af29-543b793c0860	Macarrao ao sugo	27	26	1	3	SINTETICO
b42fe78b-9869-466e-b493-dd5d4a677222	2026-03-13	TARDE	8	1b450f5b-ecde-5880-ad0a-91ce0920069d	Maca	3	3	0	0	SINTETICO
59b684f1-92f0-4878-85d5-10111782e68a	2026-03-13	TARDE	8	9bf7d50c-378c-58f7-ba1a-0dccafffc54c	Bolacha doce	117	114	3	4	SINTETICO
484e0abd-690f-46c4-9776-888081da350e	2026-03-13	TARDE	8	b6f014a3-eaad-57c0-8ee9-24eb9abb819a	Cuscuz	153	140	13	16	SINTETICO
685904af-a570-4fb1-8cd9-a83f7f8960ca	2026-03-13	TARDE	8	eed1d0ec-938c-53ef-94b9-626452f5fbd2	Sopa de legumes	73	70	3	25	SINTETICO
faaf36e5-dc11-4e32-ae14-5ef861c63026	2026-03-13	TARDE	8	6753aa6f-0f7e-5208-8cd6-9e7a8733ef22	Leite com achocolatado	3	3	0	0	SINTETICO
cd501752-276b-478e-bc0a-d140b83fb3ed	2026-03-13	INTEGRAL	9	eed1d0ec-938c-53ef-94b9-626452f5fbd2	Sopa de legumes	54	49	5	17	SINTETICO
78764554-73cd-445b-82c3-c5bf1f3fa8aa	2026-03-13	INTEGRAL	9	b6f014a3-eaad-57c0-8ee9-24eb9abb819a	Cuscuz	3	3	0	0	SINTETICO
55911f92-ccdc-42d8-9ea2-51ab93512ba2	2026-03-13	INTEGRAL	9	84f7e794-a400-5d46-9efe-1c8a8f2f711d	Suco de fruta natural	64	59	5	2	SINTETICO
aaf3d1fa-fb38-4404-8836-d445f82ccea4	2026-03-13	INTEGRAL	9	79ca1872-52e0-59dd-af29-543b793c0860	Macarrao ao sugo	38	34	4	4	SINTETICO
423b3c7d-f764-4cd6-bef8-131064f53f8f	2026-03-13	INTEGRAL	10	6ce7a969-7c2b-5a21-b072-594a4412ab8b	Arroz branco	0	0	0	0	SINTETICO
847e0770-987e-469b-acd1-d1dff23c0724	2026-03-13	INTEGRAL	10	eed1d0ec-938c-53ef-94b9-626452f5fbd2	Sopa de legumes	67	64	3	20	SINTETICO
b10b0b46-1949-4aa0-b744-7fcd83fab768	2026-03-13	INTEGRAL	10	153737d9-caa6-55d5-b086-f7e83fdab4d2	Pao com manteiga	2	2	0	0	SINTETICO
b972f1de-a8b3-43e8-8a09-394648373f3d	2026-03-13	TARDE	11	84f7e794-a400-5d46-9efe-1c8a8f2f711d	Suco de fruta natural	1	1	0	0	SINTETICO
274e0d80-2c81-44b2-aed7-bc3952fff8d2	2026-03-13	TARDE	11	6753aa6f-0f7e-5208-8cd6-9e7a8733ef22	Leite com achocolatado	0	0	0	0	SINTETICO
b418b728-792d-4042-95ba-71ee0b4590fa	2026-03-13	TARDE	13	9bf7d50c-378c-58f7-ba1a-0dccafffc54c	Bolacha doce	172	169	3	6	SINTETICO
a5f2df64-8918-463c-84b5-c4ed3df6a0a8	2026-03-13	TARDE	13	6753aa6f-0f7e-5208-8cd6-9e7a8733ef22	Leite com achocolatado	50	50	0	3	SINTETICO
5e23106b-8bf6-4265-b022-934204a1a85a	2026-03-13	INTEGRAL	16	153737d9-caa6-55d5-b086-f7e83fdab4d2	Pao com manteiga	13	12	1	1	SINTETICO
09178fd3-14ef-4cd5-aac4-c49133a54ee6	2026-03-13	INTEGRAL	16	b6f014a3-eaad-57c0-8ee9-24eb9abb819a	Cuscuz	36	32	4	3	SINTETICO
cfa1530f-d08e-4f36-a56f-c3e38dfa1e52	2026-03-13	INTEGRAL	17	1b450f5b-ecde-5880-ad0a-91ce0920069d	Maca	35	34	1	2	SINTETICO
14e1192b-7302-4103-8cec-561de029275d	2026-03-13	INTEGRAL	17	0db97b08-9e92-541d-b2d2-1bc810f8fbe8	Iogurte	2	2	0	0	SINTETICO
8462147d-4cdb-4b48-9ac2-94c18b000e31	2026-03-13	INTEGRAL	17	eed1d0ec-938c-53ef-94b9-626452f5fbd2	Sopa de legumes	25	24	1	6	SINTETICO
7d12cbc4-164d-42cf-be6d-b19684db330c	2026-03-13	INTEGRAL	17	2f723cf1-ddd6-58e2-881e-3ab45db8cd2d	Feijao carioca	37	35	2	2	SINTETICO
9e48f9eb-0254-42d3-b016-e0e1f32e42a4	2026-03-13	INTEGRAL	17	79ca1872-52e0-59dd-af29-543b793c0860	Macarrao ao sugo	1	1	0	0	SINTETICO
33975261-bd85-4a6d-82cc-afdd4b9b75d4	2026-03-13	TARDE	18	d02df37a-5ddb-5d71-b171-5b2f6e16b1c8	Ovo cozido	7	7	0	1	SINTETICO
d05d928d-fd20-4552-84e7-096141b7a332	2026-03-16	INTEGRAL	1	eed1d0ec-938c-53ef-94b9-626452f5fbd2	Sopa de legumes	55	54	1	19	SINTETICO
481e1196-8d59-493b-8a2f-3760424b9d8b	2026-03-16	INTEGRAL	1	9bf7d50c-378c-58f7-ba1a-0dccafffc54c	Bolacha doce	10	9	1	0	SINTETICO
860192a9-8ebe-4ca5-a6f5-e78d397b5049	2026-03-16	INTEGRAL	1	0db97b08-9e92-541d-b2d2-1bc810f8fbe8	Iogurte	20	18	2	1	SINTETICO
a9965508-6941-4c2d-b6da-5528f46c2304	2026-03-16	INTEGRAL	1	84f7e794-a400-5d46-9efe-1c8a8f2f711d	Suco de fruta natural	0	0	0	0	SINTETICO
8428c4cc-6291-4c8c-bb71-eaf45073d4bc	2026-03-16	INTEGRAL	1	b6f014a3-eaad-57c0-8ee9-24eb9abb819a	Cuscuz	3	3	0	0	SINTETICO
3228c0f7-b355-44f5-b7cf-27c2188beced	2026-03-16	MANHA	2	84f7e794-a400-5d46-9efe-1c8a8f2f711d	Suco de fruta natural	12	11	1	0	SINTETICO
70a2baf3-da83-4126-bef8-21a696928b7c	2026-03-16	MANHA	2	eed1d0ec-938c-53ef-94b9-626452f5fbd2	Sopa de legumes	40	39	1	10	SINTETICO
09fa2ade-1170-43a3-9de6-d649e8166d5f	2026-03-16	MANHA	2	b6f014a3-eaad-57c0-8ee9-24eb9abb819a	Cuscuz	13	12	1	2	SINTETICO
b8fd0666-0f7a-498b-90f1-12c69c35c7ef	2026-03-16	INTEGRAL	5	add956e1-36ad-584e-b1e4-a4a8db28315f	Banana	14	13	1	0	SINTETICO
64e7bf62-ee5e-4767-9d49-b979f713ef7e	2026-03-16	INTEGRAL	5	6753aa6f-0f7e-5208-8cd6-9e7a8733ef22	Leite com achocolatado	31	28	3	1	SINTETICO
27bab51b-2300-4049-aceb-c8d45ecceabb	2026-03-16	INTEGRAL	7	b6f014a3-eaad-57c0-8ee9-24eb9abb819a	Cuscuz	15	14	1	1	SINTETICO
df2d4288-0b24-4da7-864a-0297b14444ec	2026-03-16	INTEGRAL	7	6753aa6f-0f7e-5208-8cd6-9e7a8733ef22	Leite com achocolatado	105	98	7	6	SINTETICO
ae0d9c63-90e8-41d3-8d38-2c948b852d1b	2026-03-16	INTEGRAL	7	84f7e794-a400-5d46-9efe-1c8a8f2f711d	Suco de fruta natural	43	41	2	2	SINTETICO
515d0da3-02a1-4d09-b40a-8a5087391024	2026-03-16	INTEGRAL	9	153737d9-caa6-55d5-b086-f7e83fdab4d2	Pao com manteiga	70	67	3	3	SINTETICO
99bfaa92-52db-41e1-8104-98df9f832fb7	2026-03-16	INTEGRAL	10	b6f014a3-eaad-57c0-8ee9-24eb9abb819a	Cuscuz	1	1	0	0	SINTETICO
5abd7068-12ae-4c5a-aa6a-b152a005b3a6	2026-03-16	INTEGRAL	10	0db97b08-9e92-541d-b2d2-1bc810f8fbe8	Iogurte	72	65	7	4	SINTETICO
a14f4d34-8ac0-46c7-859b-76d9edf7ebe5	2026-03-16	INTEGRAL	12	84f7e794-a400-5d46-9efe-1c8a8f2f711d	Suco de fruta natural	11	11	0	0	SINTETICO
a51c88db-9288-4e8f-8888-2e2dd949feb2	2026-03-16	INTEGRAL	13	1b450f5b-ecde-5880-ad0a-91ce0920069d	Maca	9	9	0	0	SINTETICO
a224d2a0-9363-466a-b5ae-bb31d8ff5d94	2026-03-16	INTEGRAL	13	b6f014a3-eaad-57c0-8ee9-24eb9abb819a	Cuscuz	57	50	7	5	SINTETICO
e5fc44fe-8116-4d8a-957f-e9c87ceaa377	2026-03-16	INTEGRAL	14	153737d9-caa6-55d5-b086-f7e83fdab4d2	Pao com manteiga	0	0	0	0	SINTETICO
83c8f34a-8025-4948-a8ac-f8bdb435e97a	2026-03-16	INTEGRAL	14	b6f014a3-eaad-57c0-8ee9-24eb9abb819a	Cuscuz	18	17	1	1	SINTETICO
72f3cb7e-7695-4ce4-b9e1-b0c38825dfae	2026-03-16	INTEGRAL	14	0db97b08-9e92-541d-b2d2-1bc810f8fbe8	Iogurte	0	0	0	0	SINTETICO
2deb0a31-00c6-4c41-ba7c-23d113b85684	2026-03-16	INTEGRAL	14	6753aa6f-0f7e-5208-8cd6-9e7a8733ef22	Leite com achocolatado	1	1	0	0	SINTETICO
9faab55f-4b65-445f-990a-a858b9b594aa	2026-03-16	INTEGRAL	17	0db97b08-9e92-541d-b2d2-1bc810f8fbe8	Iogurte	18	16	2	1	SINTETICO
4cbaa4ae-5efa-489d-a0b3-ee0691459e9a	2026-03-16	INTEGRAL	17	1b450f5b-ecde-5880-ad0a-91ce0920069d	Maca	14	13	1	1	SINTETICO
f6b74f01-8fc1-461a-b629-b22ff96f3957	2026-03-16	INTEGRAL	18	79ca1872-52e0-59dd-af29-543b793c0860	Macarrao ao sugo	61	60	1	7	SINTETICO
fa7adbda-02c7-485c-a982-9236e9d4c883	2026-03-16	INTEGRAL	18	6753aa6f-0f7e-5208-8cd6-9e7a8733ef22	Leite com achocolatado	26	23	3	2	SINTETICO
45b78185-a954-4b3c-8959-47efd2cfe6d5	2026-03-16	INTEGRAL	18	9bf7d50c-378c-58f7-ba1a-0dccafffc54c	Bolacha doce	220	192	28	10	SINTETICO
42265461-61b5-474c-a4d9-b34fa3b7d28a	2026-03-17	MANHA	2	84f7e794-a400-5d46-9efe-1c8a8f2f711d	Suco de fruta natural	1	1	0	0	SINTETICO
2b8bf039-1f47-4208-83b6-6823a73022aa	2026-03-17	INTEGRAL	3	add956e1-36ad-584e-b1e4-a4a8db28315f	Banana	2	2	0	0	SINTETICO
a527e55a-097f-4860-8356-ad76659eee96	2026-03-17	INTEGRAL	3	153737d9-caa6-55d5-b086-f7e83fdab4d2	Pao com manteiga	92	83	9	5	SINTETICO
8ef80777-7a49-4506-a271-f8e8e8a2ae57	2026-03-17	INTEGRAL	4	0db97b08-9e92-541d-b2d2-1bc810f8fbe8	Iogurte	2	2	0	0	SINTETICO
d7da0214-22bf-406e-a421-1f192ad1a69c	2026-03-17	INTEGRAL	4	6ce7a969-7c2b-5a21-b072-594a4412ab8b	Arroz branco	78	69	9	5	SINTETICO
5cc55f70-b5ff-4f4a-b1e2-5add0a13f97b	2026-03-17	MANHA	5	9bf7d50c-378c-58f7-ba1a-0dccafffc54c	Bolacha doce	2	2	0	0	SINTETICO
d6bcdbcb-8f71-472f-9b49-ba816ba4ce6a	2026-03-17	MANHA	6	b6f014a3-eaad-57c0-8ee9-24eb9abb819a	Cuscuz	15	14	1	2	SINTETICO
8e475d03-8845-42e9-a94d-89d7b2c682b9	2026-03-17	MANHA	7	84f7e794-a400-5d46-9efe-1c8a8f2f711d	Suco de fruta natural	26	24	2	1	SINTETICO
d3726b43-d202-45e3-b7ad-bea3bb7e40c7	2026-03-17	MANHA	7	6753aa6f-0f7e-5208-8cd6-9e7a8733ef22	Leite com achocolatado	37	36	1	2	SINTETICO
5477f887-2fcd-4bc4-b887-02f14bc5f54a	2026-03-17	MANHA	7	153737d9-caa6-55d5-b086-f7e83fdab4d2	Pao com manteiga	460	403	57	24	SINTETICO
2a0bcd80-f901-4487-8a45-9680cedc54e8	2026-03-17	MANHA	7	b6f014a3-eaad-57c0-8ee9-24eb9abb819a	Cuscuz	87	81	6	11	SINTETICO
e8c03849-b41e-424b-95ef-0a16d82d006a	2026-03-17	MANHA	7	79ca1872-52e0-59dd-af29-543b793c0860	Macarrao ao sugo	3	3	0	1	SINTETICO
f7c0e707-ca16-4a91-861e-2181220f4ad2	2026-03-17	MANHA	9	add956e1-36ad-584e-b1e4-a4a8db28315f	Banana	112	101	11	5	SINTETICO
09f886d5-5776-4d04-bd2d-f1e6f03aa5ca	2026-03-17	MANHA	9	153737d9-caa6-55d5-b086-f7e83fdab4d2	Pao com manteiga	0	0	0	0	SINTETICO
64111820-b17f-4382-97c9-dd1af45840c3	2026-03-17	MANHA	9	6ce7a969-7c2b-5a21-b072-594a4412ab8b	Arroz branco	2	2	0	0	SINTETICO
1f8f6c0b-57ee-4e0e-8c19-5dd0cfe91617	2026-03-17	MANHA	9	0db97b08-9e92-541d-b2d2-1bc810f8fbe8	Iogurte	0	0	0	0	SINTETICO
71dfc2b7-0e17-4498-ba71-17328c4d5cef	2026-03-17	MANHA	10	84f7e794-a400-5d46-9efe-1c8a8f2f711d	Suco de fruta natural	44	40	4	3	SINTETICO
b2870398-a59b-4da7-a9b4-55f8dd410cf9	2026-03-17	INTEGRAL	13	153737d9-caa6-55d5-b086-f7e83fdab4d2	Pao com manteiga	2	2	0	0	SINTETICO
2c6d20ae-6d09-46b8-8e82-1375d359b0a5	2026-03-17	INTEGRAL	13	1b450f5b-ecde-5880-ad0a-91ce0920069d	Maca	403	373	30	20	SINTETICO
04fc251c-afd6-4174-9ad2-2d38da43433a	2026-03-17	MANHA	14	153737d9-caa6-55d5-b086-f7e83fdab4d2	Pao com manteiga	102	94	8	6	SINTETICO
41be57ee-4354-4ba5-b8b5-09047ce75af3	2026-03-17	MANHA	16	153737d9-caa6-55d5-b086-f7e83fdab4d2	Pao com manteiga	287	253	34	18	SINTETICO
e4f6e1e5-74db-4868-8d7d-89326e980a54	2026-03-17	MANHA	17	0db97b08-9e92-541d-b2d2-1bc810f8fbe8	Iogurte	0	0	0	0	SINTETICO
f4bf73f4-e1d6-44f3-98a9-8cab0ccb80bf	2026-03-17	MANHA	17	1b450f5b-ecde-5880-ad0a-91ce0920069d	Maca	256	235	21	10	SINTETICO
4164ae4a-00f1-4396-a845-5057d28deb36	2026-03-17	MANHA	17	b6f014a3-eaad-57c0-8ee9-24eb9abb819a	Cuscuz	22	21	1	3	SINTETICO
e82843fa-ff0f-4b2b-9b9e-00ef9c6684d4	2026-03-17	MANHA	17	add956e1-36ad-584e-b1e4-a4a8db28315f	Banana	39	39	0	1	SINTETICO
efd0d500-b128-4e28-a6ae-ea8e0f38c6a3	2026-03-17	INTEGRAL	18	eed1d0ec-938c-53ef-94b9-626452f5fbd2	Sopa de legumes	101	98	3	25	SINTETICO
5554884b-f001-420d-bc26-29eed245ac87	2026-03-17	INTEGRAL	18	2f723cf1-ddd6-58e2-881e-3ab45db8cd2d	Feijao carioca	14	13	1	1	SINTETICO
979918f0-566e-4a45-a0e3-89022a270e03	2026-03-17	INTEGRAL	18	153737d9-caa6-55d5-b086-f7e83fdab4d2	Pao com manteiga	5	5	0	0	SINTETICO
421e31ec-44fa-4b76-be88-eb95e3534ed3	2026-03-17	INTEGRAL	18	1b450f5b-ecde-5880-ad0a-91ce0920069d	Maca	39	35	4	2	SINTETICO
cac85e9c-042d-4893-a26a-0ad4fa02ca54	2026-03-18	INTEGRAL	3	6753aa6f-0f7e-5208-8cd6-9e7a8733ef22	Leite com achocolatado	40	37	3	2	SINTETICO
f368b405-759f-484d-a33e-5e1d6c02055d	2026-03-18	INTEGRAL	4	9bf7d50c-378c-58f7-ba1a-0dccafffc54c	Bolacha doce	83	78	5	3	SINTETICO
ecf80d3f-7e49-45c9-a5c0-a584e7c3a953	2026-03-18	INTEGRAL	4	79ca1872-52e0-59dd-af29-543b793c0860	Macarrao ao sugo	0	0	0	0	SINTETICO
715bdaad-b989-4a42-81c5-6700100e958e	2026-03-18	INTEGRAL	4	84f7e794-a400-5d46-9efe-1c8a8f2f711d	Suco de fruta natural	40	36	4	2	SINTETICO
4e8d0170-0b60-4977-92cf-2f46ff214f3e	2026-03-18	MANHA	7	6753aa6f-0f7e-5208-8cd6-9e7a8733ef22	Leite com achocolatado	1	1	0	0	SINTETICO
2dfb908c-f989-4802-9015-039151ff2650	2026-03-18	INTEGRAL	8	1b450f5b-ecde-5880-ad0a-91ce0920069d	Maca	33	32	1	2	SINTETICO
7a1f0e48-dfa1-4b24-b154-294f57df0617	2026-03-18	INTEGRAL	8	153737d9-caa6-55d5-b086-f7e83fdab4d2	Pao com manteiga	62	57	5	3	SINTETICO
ca1413ce-15a3-4cb1-9021-1d4957c54e07	2026-03-18	TARDE	9	9bf7d50c-378c-58f7-ba1a-0dccafffc54c	Bolacha doce	251	226	25	11	SINTETICO
c6b8ca2e-c34f-4f28-b43e-1f573d7d114b	2026-03-18	INTEGRAL	10	2f723cf1-ddd6-58e2-881e-3ab45db8cd2d	Feijao carioca	0	0	0	0	SINTETICO
dbbee041-3afc-4d89-9391-888267206759	2026-03-18	INTEGRAL	10	1b450f5b-ecde-5880-ad0a-91ce0920069d	Maca	70	67	3	4	SINTETICO
886b4f66-f3b0-4c69-9371-e492f4ae1cb9	2026-03-18	INTEGRAL	10	add956e1-36ad-584e-b1e4-a4a8db28315f	Banana	149	147	2	5	SINTETICO
c3812185-9256-414a-b743-2f77952e077d	2026-03-18	TARDE	11	6753aa6f-0f7e-5208-8cd6-9e7a8733ef22	Leite com achocolatado	0	0	0	0	SINTETICO
335e2d48-78ce-4e03-9c06-37cffb9b157f	2026-03-18	TARDE	11	79ca1872-52e0-59dd-af29-543b793c0860	Macarrao ao sugo	93	86	7	10	SINTETICO
71fc6c90-5013-4ea0-afb6-dfdd0c0352c7	2026-03-18	TARDE	11	9bf7d50c-378c-58f7-ba1a-0dccafffc54c	Bolacha doce	139	129	10	7	SINTETICO
e2537b2c-2a05-48ca-ab50-632d8d469f08	2026-03-18	TARDE	11	153737d9-caa6-55d5-b086-f7e83fdab4d2	Pao com manteiga	52	48	4	3	SINTETICO
988b2feb-857d-401e-a5ed-738a69f539ae	2026-03-18	TARDE	11	6ce7a969-7c2b-5a21-b072-594a4412ab8b	Arroz branco	140	137	3	10	SINTETICO
5714c036-cb26-4df7-b672-8a34a288ff30	2026-03-18	INTEGRAL	12	6753aa6f-0f7e-5208-8cd6-9e7a8733ef22	Leite com achocolatado	1	1	0	0	SINTETICO
071de0e5-377e-4751-bac2-f9e7a325720f	2026-03-18	TARDE	13	84f7e794-a400-5d46-9efe-1c8a8f2f711d	Suco de fruta natural	33	32	1	1	SINTETICO
ef359622-645e-428f-a8a8-62c81780aa1b	2026-03-18	MANHA	14	eed1d0ec-938c-53ef-94b9-626452f5fbd2	Sopa de legumes	39	36	3	10	SINTETICO
2c265efe-5d31-4152-859f-d7166c22eeec	2026-03-18	MANHA	14	6753aa6f-0f7e-5208-8cd6-9e7a8733ef22	Leite com achocolatado	2	2	0	0	SINTETICO
8a3a981e-f262-46c8-832b-8c8ae647b642	2026-03-18	MANHA	14	add956e1-36ad-584e-b1e4-a4a8db28315f	Banana	44	42	2	1	SINTETICO
747b29bc-22f9-4d81-a7ee-588a89789bd3	2026-03-18	MANHA	14	2f723cf1-ddd6-58e2-881e-3ab45db8cd2d	Feijao carioca	0	0	0	0	SINTETICO
86c8481c-2be1-4223-9ec7-6968c19078c7	2026-03-18	MANHA	14	6ce7a969-7c2b-5a21-b072-594a4412ab8b	Arroz branco	18	16	2	1	SINTETICO
c3943e6b-c629-4d00-9a82-ddfe265db221	2026-03-18	MANHA	14	79ca1872-52e0-59dd-af29-543b793c0860	Macarrao ao sugo	44	43	1	7	SINTETICO
84c33e91-10c6-455f-8603-f99cc9e9b27a	2026-03-18	MANHA	14	153737d9-caa6-55d5-b086-f7e83fdab4d2	Pao com manteiga	2	2	0	0	SINTETICO
44d4c4ee-3a3d-4944-8634-c8774dbdc8e6	2026-03-18	INTEGRAL	15	79ca1872-52e0-59dd-af29-543b793c0860	Macarrao ao sugo	7	6	1	1	SINTETICO
7e32664e-6d8c-4807-9720-0e424b33a2c7	2026-03-18	MANHA	17	2b907759-340a-5ede-88d3-7739822c9e55	Molho de carne moida	16	14	2	2	SINTETICO
941bbada-5276-491b-a848-b24409a54866	2026-03-18	MANHA	17	6ce7a969-7c2b-5a21-b072-594a4412ab8b	Arroz branco	107	101	6	7	SINTETICO
d2314403-cdc4-4aa3-863f-5b74ee3882ee	2026-03-18	MANHA	17	78b49edf-4e8b-5161-8bc0-ae05e86853d0	Carne moida tipo pastel	0	0	0	0	SINTETICO
48e2a62d-60c2-4ebc-89e7-b31dbc6f40f4	2026-03-18	MANHA	17	9bf7d50c-378c-58f7-ba1a-0dccafffc54c	Bolacha doce	0	0	0	0	SINTETICO
fb58e426-786e-466d-ad26-a4eefe5bce27	2026-03-18	MANHA	17	0db97b08-9e92-541d-b2d2-1bc810f8fbe8	Iogurte	6	5	1	0	SINTETICO
fcd16fa3-b06f-4ff3-a795-c37d93f35f5c	2026-03-18	MANHA	17	153737d9-caa6-55d5-b086-f7e83fdab4d2	Pao com manteiga	49	44	5	3	SINTETICO
dd94c981-a08a-418c-aad3-5d3abb185c73	2026-03-18	MANHA	17	2f723cf1-ddd6-58e2-881e-3ab45db8cd2d	Feijao carioca	46	41	5	3	SINTETICO
95ac6dea-f1ae-4898-b778-9bc251067b73	2026-03-18	INTEGRAL	18	1b450f5b-ecde-5880-ad0a-91ce0920069d	Maca	33	31	2	2	SINTETICO
f25a376c-3eb6-4cf0-9b9e-bb26d8442c34	2026-03-18	INTEGRAL	18	eed1d0ec-938c-53ef-94b9-626452f5fbd2	Sopa de legumes	237	208	29	64	SINTETICO
6c1dc91c-603e-43a8-be63-77ebdc7dc698	2026-03-18	INTEGRAL	18	6ce7a969-7c2b-5a21-b072-594a4412ab8b	Arroz branco	0	0	0	0	SINTETICO
d8e6b780-4a0f-4f86-bb2c-7d39bc99d092	2026-03-19	INTEGRAL	1	add956e1-36ad-584e-b1e4-a4a8db28315f	Banana	55	54	1	2	SINTETICO
9d75e809-9492-4630-a07d-cbe52e8c66dc	2026-03-19	INTEGRAL	3	b6f014a3-eaad-57c0-8ee9-24eb9abb819a	Cuscuz	0	0	0	0	SINTETICO
9edfd675-c3ea-4d06-ae46-fb67e5f017a1	2026-03-19	INTEGRAL	3	6ce7a969-7c2b-5a21-b072-594a4412ab8b	Arroz branco	52	46	6	3	SINTETICO
2648f6f5-003e-4969-9a61-7038e5bfcc2c	2026-03-19	INTEGRAL	3	eed1d0ec-938c-53ef-94b9-626452f5fbd2	Sopa de legumes	0	0	0	0	SINTETICO
29beecbf-9528-45aa-b4dc-8c7ee1a8c7f3	2026-03-19	MANHA	4	add956e1-36ad-584e-b1e4-a4a8db28315f	Banana	20	18	2	1	SINTETICO
6b8a7aed-f18a-49e6-b6de-275316cf268b	2026-03-19	MANHA	4	eed1d0ec-938c-53ef-94b9-626452f5fbd2	Sopa de legumes	37	35	2	11	SINTETICO
84e1329a-9fd8-4d63-bcd7-48528bee45d5	2026-03-19	MANHA	4	84f7e794-a400-5d46-9efe-1c8a8f2f711d	Suco de fruta natural	39	37	2	2	SINTETICO
8175addc-d8e8-453f-8111-a2b917dd0762	2026-03-19	MANHA	4	9bf7d50c-378c-58f7-ba1a-0dccafffc54c	Bolacha doce	3	3	0	0	SINTETICO
62e8dac8-b422-40f1-8a9f-1d24b3ee66d4	2026-03-19	MANHA	4	3331b130-8600-5a59-9e35-f970f9ea497e	Ovo mexido	51	45	6	5	SINTETICO
c2c07245-d43d-4dde-980c-3a0bc3759fc8	2026-03-19	TARDE	5	2f723cf1-ddd6-58e2-881e-3ab45db8cd2d	Feijao carioca	105	99	6	8	SINTETICO
22cc2729-12f6-49a8-a3be-2db7f2462679	2026-03-19	INTEGRAL	7	153737d9-caa6-55d5-b086-f7e83fdab4d2	Pao com manteiga	50	49	1	4	SINTETICO
f6c3741c-cd02-47cb-b3c7-f04cd10366a0	2026-03-19	INTEGRAL	8	6ce7a969-7c2b-5a21-b072-594a4412ab8b	Arroz branco	48	44	4	3	SINTETICO
395f341c-5768-41c8-bd2f-5f9a217e08e2	2026-03-19	INTEGRAL	8	9c858519-faab-50d6-9561-8f90f4f84567	Guisado com moranga	14	12	2	4	SINTETICO
e085cf46-337e-40da-b3ce-280c9f863a7d	2026-03-19	INTEGRAL	10	79ca1872-52e0-59dd-af29-543b793c0860	Macarrao ao sugo	33	30	3	3	SINTETICO
f1265be0-a3e5-49a7-8d7e-229a7ea295a7	2026-03-19	INTEGRAL	11	2f723cf1-ddd6-58e2-881e-3ab45db8cd2d	Feijao carioca	0	0	0	0	SINTETICO
e5502bfa-361c-4814-9c1f-76faf8049d39	2026-03-19	INTEGRAL	11	eed1d0ec-938c-53ef-94b9-626452f5fbd2	Sopa de legumes	24	21	3	6	SINTETICO
736851a9-c0ae-4dcd-950e-462f857c3d71	2026-03-19	MANHA	12	6753aa6f-0f7e-5208-8cd6-9e7a8733ef22	Leite com achocolatado	0	0	0	0	SINTETICO
390e24b3-52f5-4a1a-8fa8-14f55e2e212e	2026-03-19	MANHA	12	045210e2-4f88-5f7b-950a-db8c8dacab7e	Repolho	32	30	2	10	SINTETICO
ab7a0ace-8d9d-4527-ba56-febc94ccfc59	2026-03-19	INTEGRAL	13	b6f014a3-eaad-57c0-8ee9-24eb9abb819a	Cuscuz	42	37	5	5	SINTETICO
1338077a-b3fc-4892-985f-fdd7f86b130a	2026-03-19	INTEGRAL	16	0db97b08-9e92-541d-b2d2-1bc810f8fbe8	Iogurte	34	32	2	2	SINTETICO
088ce174-1f40-4d36-bb95-98749d414923	2026-03-19	INTEGRAL	18	eed1d0ec-938c-53ef-94b9-626452f5fbd2	Sopa de legumes	313	276	37	68	SINTETICO
620b33db-b258-4660-b2be-bea3b04fe412	2026-03-20	INTEGRAL	3	79ca1872-52e0-59dd-af29-543b793c0860	Macarrao ao sugo	21	19	2	3	SINTETICO
33eb3fce-c9a6-419e-986e-3080c5f69826	2026-03-20	INTEGRAL	6	84f7e794-a400-5d46-9efe-1c8a8f2f711d	Suco de fruta natural	52	48	4	2	SINTETICO
36f5ea34-e38f-4d20-980b-a2daf6328830	2026-03-20	MANHA	7	0db97b08-9e92-541d-b2d2-1bc810f8fbe8	Iogurte	41	38	3	3	SINTETICO
4025a8a7-4a78-4274-a9ed-5d04fc4d87b3	2026-03-20	INTEGRAL	8	add956e1-36ad-584e-b1e4-a4a8db28315f	Banana	11	10	1	0	SINTETICO
7a502dcc-2149-489b-b2a7-72eb9dbc56c4	2026-03-20	INTEGRAL	8	2f723cf1-ddd6-58e2-881e-3ab45db8cd2d	Feijao carioca	5	5	0	1	SINTETICO
1b7d10df-b4f5-4154-9785-f2b925fabf93	2026-03-20	INTEGRAL	8	1b450f5b-ecde-5880-ad0a-91ce0920069d	Maca	31	27	4	2	SINTETICO
332e3b95-73fa-4361-90e4-fb9c6ed03254	2026-03-20	INTEGRAL	8	6753aa6f-0f7e-5208-8cd6-9e7a8733ef22	Leite com achocolatado	1	1	0	0	SINTETICO
d81c9950-3276-4dfc-8801-ac083ebf7b2e	2026-03-20	MANHA	9	bb7ca364-cc13-59ee-a7ed-1d5136b5b6e3	Beterraba cozida	1	1	0	0	SINTETICO
d7b323fe-1572-4245-8f84-f23f53cee173	2026-03-20	MANHA	9	6ce7a969-7c2b-5a21-b072-594a4412ab8b	Arroz branco	36	34	2	3	SINTETICO
a0e00714-c61e-4516-af31-c189bba3e046	2026-03-20	MANHA	9	1b450f5b-ecde-5880-ad0a-91ce0920069d	Maca	81	76	5	3	SINTETICO
14ff7c88-899b-42ef-80d0-05d2ead72052	2026-03-20	INTEGRAL	10	21e707b3-6560-583f-a5f2-f307b82911fd	Salada de alface	0	0	0	0	SINTETICO
165831e1-65b9-406b-b480-8d3d4ee4e514	2026-03-20	INTEGRAL	10	eed1d0ec-938c-53ef-94b9-626452f5fbd2	Sopa de legumes	86	84	2	29	SINTETICO
36f9ae0e-0d45-4d7c-95b3-60d30896f9ec	2026-03-20	INTEGRAL	11	84f7e794-a400-5d46-9efe-1c8a8f2f711d	Suco de fruta natural	19	17	2	1	SINTETICO
3df327a2-e959-46cb-807c-4702b398c617	2026-03-20	INTEGRAL	15	2f723cf1-ddd6-58e2-881e-3ab45db8cd2d	Feijao carioca	7	7	0	1	SINTETICO
7241a76d-f448-4330-aa7d-5001d8f97488	2026-03-20	INTEGRAL	15	153737d9-caa6-55d5-b086-f7e83fdab4d2	Pao com manteiga	37	34	3	2	SINTETICO
e5118b83-63f9-4851-b924-8c8b6e0698e6	2026-03-20	INTEGRAL	18	9bf7d50c-378c-58f7-ba1a-0dccafffc54c	Bolacha doce	33	31	2	2	SINTETICO
f8d1e70e-a42e-4557-95ce-edd671106987	2026-03-23	INTEGRAL	1	9bf7d50c-378c-58f7-ba1a-0dccafffc54c	Bolacha doce	45	41	4	3	SINTETICO
c70b12cf-a0a9-4c1a-8ac6-950757cc8d35	2026-03-23	INTEGRAL	1	eed1d0ec-938c-53ef-94b9-626452f5fbd2	Sopa de legumes	1	1	0	0	SINTETICO
755d9543-948c-41ed-9405-63e68e41d929	2026-03-23	INTEGRAL	2	d0f748b6-0ca4-5794-9480-45981f00672c	Ensopado de mandioca	57	55	2	8	SINTETICO
91fbf144-34da-48f2-bcec-e56a398189d1	2026-03-23	INTEGRAL	2	2f723cf1-ddd6-58e2-881e-3ab45db8cd2d	Feijao carioca	0	0	0	0	SINTETICO
98716929-7e1e-4b66-adcc-7768e0e5be62	2026-03-23	INTEGRAL	2	6ce7a969-7c2b-5a21-b072-594a4412ab8b	Arroz branco	5	4	1	0	SINTETICO
40913cbd-a0ea-4e5a-bad9-6834f56a5282	2026-03-23	INTEGRAL	3	9bf7d50c-378c-58f7-ba1a-0dccafffc54c	Bolacha doce	21	20	1	1	SINTETICO
0d00cf2c-1378-486d-b285-2f0b36cb5e7c	2026-03-23	INTEGRAL	3	eed1d0ec-938c-53ef-94b9-626452f5fbd2	Sopa de legumes	48	47	1	15	SINTETICO
84987a11-5c44-476a-b7e2-39f090c052c8	2026-03-23	INTEGRAL	3	1b450f5b-ecde-5880-ad0a-91ce0920069d	Maca	34	31	3	2	SINTETICO
3806e34f-100b-4bfe-a756-cbd4ba8d1014	2026-03-23	INTEGRAL	3	84f7e794-a400-5d46-9efe-1c8a8f2f711d	Suco de fruta natural	72	66	6	3	SINTETICO
42be8189-6442-4fc3-9bf9-0f392c9f3ec4	2026-03-23	INTEGRAL	3	79ca1872-52e0-59dd-af29-543b793c0860	Macarrao ao sugo	2	2	0	0	SINTETICO
97e9e9d9-c07f-4efb-acc2-f143552cc9ee	2026-03-23	INTEGRAL	4	6ce7a969-7c2b-5a21-b072-594a4412ab8b	Arroz branco	0	0	0	0	SINTETICO
16d8a1dd-35ee-4e3c-a197-4423c069eae8	2026-03-23	INTEGRAL	4	eed1d0ec-938c-53ef-94b9-626452f5fbd2	Sopa de legumes	66	58	8	13	SINTETICO
f8607e66-409d-4cca-9ba9-c9fa27651f5a	2026-03-23	INTEGRAL	4	add956e1-36ad-584e-b1e4-a4a8db28315f	Banana	20	20	0	1	SINTETICO
b6b80f1f-813e-439e-9ebb-1f88e123f327	2026-03-23	INTEGRAL	4	6753aa6f-0f7e-5208-8cd6-9e7a8733ef22	Leite com achocolatado	15	15	0	1	SINTETICO
138ecf40-61c4-46d2-8985-65309208f641	2026-03-23	INTEGRAL	4	9bf7d50c-378c-58f7-ba1a-0dccafffc54c	Bolacha doce	23	22	1	1	SINTETICO
5741305b-ce20-4c64-96e5-31899d757f3d	2026-03-23	INTEGRAL	4	b6f014a3-eaad-57c0-8ee9-24eb9abb819a	Cuscuz	52	47	5	7	SINTETICO
10e17053-4635-441c-ba37-0b1ddf50e306	2026-03-23	INTEGRAL	5	79ca1872-52e0-59dd-af29-543b793c0860	Macarrao ao sugo	8	7	1	1	SINTETICO
d61c33f9-fe60-4e09-a5da-b3d0429081dc	2026-03-23	INTEGRAL	5	153737d9-caa6-55d5-b086-f7e83fdab4d2	Pao com manteiga	0	0	0	0	SINTETICO
676b054a-2980-4120-a4ca-0f8000e28a9b	2026-03-23	INTEGRAL	5	9bf7d50c-378c-58f7-ba1a-0dccafffc54c	Bolacha doce	84	77	7	4	SINTETICO
db1b3a24-160e-41a3-88ff-383b15fafa44	2026-03-23	INTEGRAL	6	79ca1872-52e0-59dd-af29-543b793c0860	Macarrao ao sugo	74	66	8	12	SINTETICO
95bb64c4-9c5e-4f6e-9cfa-33bb8d6e26f3	2026-03-23	INTEGRAL	6	6753aa6f-0f7e-5208-8cd6-9e7a8733ef22	Leite com achocolatado	21	20	1	2	SINTETICO
75d12865-a82f-48c9-80d3-61c9e893b77a	2026-03-23	INTEGRAL	6	0db97b08-9e92-541d-b2d2-1bc810f8fbe8	Iogurte	0	0	0	0	SINTETICO
114eac14-6b95-4af5-bdcb-0854285a4b1f	2026-03-23	INTEGRAL	9	153737d9-caa6-55d5-b086-f7e83fdab4d2	Pao com manteiga	1	1	0	0	SINTETICO
fbd1cbbe-2059-40a1-9fc5-4a0af8e9a53f	2026-03-23	TARDE	10	9bf7d50c-378c-58f7-ba1a-0dccafffc54c	Bolacha doce	0	0	0	0	SINTETICO
d425c60a-824c-467e-bc21-f1c0cc4b990c	2026-03-23	TARDE	10	84f7e794-a400-5d46-9efe-1c8a8f2f711d	Suco de fruta natural	184	182	2	7	SINTETICO
c5d8823f-cf35-4d09-a869-fcc10435baf6	2026-03-23	TARDE	10	6753aa6f-0f7e-5208-8cd6-9e7a8733ef22	Leite com achocolatado	134	134	0	6	SINTETICO
63f45da5-5d1e-4fe0-9c1e-527d98f33c7c	2026-03-23	TARDE	10	9c858519-faab-50d6-9561-8f90f4f84567	Guisado com moranga	140	122	18	38	SINTETICO
ea61c24a-558f-4a56-aba9-c9b228a08e3d	2026-03-23	TARDE	10	0db97b08-9e92-541d-b2d2-1bc810f8fbe8	Iogurte	38	35	3	2	SINTETICO
5000c1e9-1be5-4a45-bb80-0e806a874aa0	2026-03-23	INTEGRAL	12	0db97b08-9e92-541d-b2d2-1bc810f8fbe8	Iogurte	19	19	0	1	SINTETICO
6e3bb24d-4e76-4616-92a9-5430f0f4d585	2026-03-23	INTEGRAL	13	79ca1872-52e0-59dd-af29-543b793c0860	Macarrao ao sugo	0	0	0	0	SINTETICO
bd2f221a-59cf-4ce5-96f2-c14078870a08	2026-03-23	INTEGRAL	13	b6f014a3-eaad-57c0-8ee9-24eb9abb819a	Cuscuz	43	42	1	5	SINTETICO
14e828d6-af0f-4b95-b9da-d2f73c356bf1	2026-03-23	MANHA	15	1b450f5b-ecde-5880-ad0a-91ce0920069d	Maca	5	4	1	0	SINTETICO
d82d397d-a513-47b1-b55c-affef2abc40e	2026-03-23	INTEGRAL	17	0db97b08-9e92-541d-b2d2-1bc810f8fbe8	Iogurte	22	22	0	1	SINTETICO
c2e93dc7-4afb-494f-92c1-18a7a7df0a19	2026-03-23	INTEGRAL	17	add956e1-36ad-584e-b1e4-a4a8db28315f	Banana	0	0	0	0	SINTETICO
cc5fc7ed-c883-4a64-b6bb-62e4bccaf687	2026-03-23	INTEGRAL	17	84f7e794-a400-5d46-9efe-1c8a8f2f711d	Suco de fruta natural	27	27	0	1	SINTETICO
f7411139-ae52-4bf6-8ce9-767ca2b16933	2026-03-23	INTEGRAL	17	eed1d0ec-938c-53ef-94b9-626452f5fbd2	Sopa de legumes	2	2	0	1	SINTETICO
080db8f5-fcdd-4496-ad4d-7f77f1102a9a	2026-03-23	INTEGRAL	17	1b450f5b-ecde-5880-ad0a-91ce0920069d	Maca	1	1	0	0	SINTETICO
680bda8b-c66e-471d-8383-949c9d9b39e1	2026-03-23	INTEGRAL	17	e8c59186-e147-5530-a4ba-b728fd7852c3	Arroz com galinha	19	18	1	1	SINTETICO
e58e740d-eb15-4d07-b1bc-c5dba432a7cc	2026-03-23	INTEGRAL	18	153737d9-caa6-55d5-b086-f7e83fdab4d2	Pao com manteiga	119	107	12	6	SINTETICO
089ebaea-846f-4886-8fa3-c714851fa0d8	2026-03-23	INTEGRAL	18	6ce7a969-7c2b-5a21-b072-594a4412ab8b	Arroz branco	0	0	0	0	SINTETICO
c1868ae5-ad69-4f23-bfa7-b5e7c4df391a	2026-03-23	INTEGRAL	18	eed1d0ec-938c-53ef-94b9-626452f5fbd2	Sopa de legumes	13	12	1	4	SINTETICO
ebacc6cf-6f85-4b54-ad68-14b8beac25b8	2026-03-24	MANHA	1	79ca1872-52e0-59dd-af29-543b793c0860	Macarrao ao sugo	50	49	1	5	SINTETICO
ae7263f1-33a9-4706-9f33-e071a60cdc7d	2026-03-24	INTEGRAL	2	6753aa6f-0f7e-5208-8cd6-9e7a8733ef22	Leite com achocolatado	0	0	0	0	SINTETICO
93acde9e-4060-48d5-9a30-787b15571ba9	2026-03-24	INTEGRAL	2	b6f014a3-eaad-57c0-8ee9-24eb9abb819a	Cuscuz	49	44	5	5	SINTETICO
c806ad58-d3d4-4e21-816a-64cfc52da361	2026-03-24	INTEGRAL	3	84f7e794-a400-5d46-9efe-1c8a8f2f711d	Suco de fruta natural	188	186	2	11	SINTETICO
c35e3bf5-0eda-4583-80e1-3969fddb4644	2026-03-24	INTEGRAL	3	79ca1872-52e0-59dd-af29-543b793c0860	Macarrao ao sugo	18	17	1	2	SINTETICO
1e479adf-a776-447d-be4c-b361979c3a2e	2026-03-24	INTEGRAL	3	add956e1-36ad-584e-b1e4-a4a8db28315f	Banana	32	32	0	1	SINTETICO
e0c476d6-5557-46cc-96d3-bc937b678433	2026-03-24	INTEGRAL	3	1b450f5b-ecde-5880-ad0a-91ce0920069d	Maca	25	23	2	1	SINTETICO
a6a90e13-5937-4ec0-9184-d678102b1721	2026-03-24	INTEGRAL	3	6753aa6f-0f7e-5208-8cd6-9e7a8733ef22	Leite com achocolatado	7	7	0	0	SINTETICO
4571df7b-4cc4-4600-9f1f-e747b4724d46	2026-03-24	MANHA	5	add956e1-36ad-584e-b1e4-a4a8db28315f	Banana	8	7	1	0	SINTETICO
1ce697b8-a13c-44fb-9391-aab6438ac185	2026-03-24	INTEGRAL	6	6753aa6f-0f7e-5208-8cd6-9e7a8733ef22	Leite com achocolatado	54	48	6	2	SINTETICO
aa694172-965b-49b9-abcd-67a7d6226ca8	2026-03-24	INTEGRAL	7	6ce7a969-7c2b-5a21-b072-594a4412ab8b	Arroz branco	45	40	5	3	SINTETICO
0d334ee3-7f95-4d46-b0d7-3e1098957de7	2026-03-24	INTEGRAL	7	2f723cf1-ddd6-58e2-881e-3ab45db8cd2d	Feijao carioca	74	71	3	7	SINTETICO
83251d83-2108-4c33-849c-106639d48e2b	2026-03-24	INTEGRAL	7	79ca1872-52e0-59dd-af29-543b793c0860	Macarrao ao sugo	328	296	32	48	SINTETICO
071709e1-16fd-494d-b384-be93b24c9454	2026-03-24	TARDE	9	79ca1872-52e0-59dd-af29-543b793c0860	Macarrao ao sugo	8	7	1	1	SINTETICO
663c0b23-3e0b-4f40-8a4e-c833d63e6c45	2026-03-24	TARDE	9	1b450f5b-ecde-5880-ad0a-91ce0920069d	Maca	60	53	7	3	SINTETICO
6284e444-62a6-46da-b874-6c12c1507af9	2026-03-24	TARDE	9	153737d9-caa6-55d5-b086-f7e83fdab4d2	Pao com manteiga	8	7	1	0	SINTETICO
fbf23842-2a34-4635-9fcc-c40b7c90a087	2026-03-24	MANHA	11	0db97b08-9e92-541d-b2d2-1bc810f8fbe8	Iogurte	3	3	0	0	SINTETICO
7bc78a10-77eb-427f-89da-8a1dc31f81d0	2026-03-24	MANHA	11	eed1d0ec-938c-53ef-94b9-626452f5fbd2	Sopa de legumes	1	1	0	0	SINTETICO
17533e17-41b3-4da9-8bbb-865c61f8a729	2026-03-24	INTEGRAL	12	eed1d0ec-938c-53ef-94b9-626452f5fbd2	Sopa de legumes	50	47	3	12	SINTETICO
2d903133-455c-4e6f-9425-ed62cb5d298e	2026-03-24	MANHA	13	153737d9-caa6-55d5-b086-f7e83fdab4d2	Pao com manteiga	0	0	0	0	SINTETICO
aebf642b-00b5-4690-87f1-51a87eca9be8	2026-03-24	MANHA	13	add956e1-36ad-584e-b1e4-a4a8db28315f	Banana	1	1	0	0	SINTETICO
ddfff66c-1488-4a72-ac26-96942dcc334f	2026-03-24	TARDE	14	9bf7d50c-378c-58f7-ba1a-0dccafffc54c	Bolacha doce	6	6	0	0	SINTETICO
30b27c18-323d-49b9-8ff5-0d3f15938f27	2026-03-24	INTEGRAL	17	84f7e794-a400-5d46-9efe-1c8a8f2f711d	Suco de fruta natural	55	53	2	3	SINTETICO
8b31cbb1-52a0-4b41-b234-1eb30a619149	2026-03-24	INTEGRAL	17	1b450f5b-ecde-5880-ad0a-91ce0920069d	Maca	0	0	0	0	SINTETICO
e3ccc10f-0cd7-4243-ba87-31f334ff07e2	2026-03-24	INTEGRAL	17	6753aa6f-0f7e-5208-8cd6-9e7a8733ef22	Leite com achocolatado	49	48	1	3	SINTETICO
faec00c8-d9eb-44ae-b5ca-09740592d77f	2026-03-24	INTEGRAL	17	2f723cf1-ddd6-58e2-881e-3ab45db8cd2d	Feijao carioca	1	1	0	0	SINTETICO
c92a00ab-cd77-4858-a983-61c7406de5c0	2026-03-25	INTEGRAL	3	79ca1872-52e0-59dd-af29-543b793c0860	Macarrao ao sugo	241	235	6	37	SINTETICO
a45b47ce-4100-4d24-bca0-5828cafa5d86	2026-03-25	INTEGRAL	4	eed1d0ec-938c-53ef-94b9-626452f5fbd2	Sopa de legumes	192	190	2	60	SINTETICO
5e2dfa32-f64c-4fdb-a9ef-9b7da2db837d	2026-03-25	INTEGRAL	4	2f723cf1-ddd6-58e2-881e-3ab45db8cd2d	Feijao carioca	27	26	1	2	SINTETICO
15c2830a-d400-4195-86f1-6019f8d62350	2026-03-25	INTEGRAL	4	6ce7a969-7c2b-5a21-b072-594a4412ab8b	Arroz branco	17	17	0	1	SINTETICO
abd47540-7328-4807-ac25-27a45d1341d9	2026-03-25	INTEGRAL	4	0db97b08-9e92-541d-b2d2-1bc810f8fbe8	Iogurte	7	7	0	0	SINTETICO
3f0f7880-2893-455e-88c3-fb04cad2e8cd	2026-03-25	INTEGRAL	4	84f7e794-a400-5d46-9efe-1c8a8f2f711d	Suco de fruta natural	15	14	1	1	SINTETICO
dbc47528-f61d-4e64-8344-cc80844c1c12	2026-03-25	INTEGRAL	5	2f723cf1-ddd6-58e2-881e-3ab45db8cd2d	Feijao carioca	18	18	0	2	SINTETICO
f3b188b1-6b97-4db3-9c87-bca824a73a9c	2026-03-25	INTEGRAL	5	1b450f5b-ecde-5880-ad0a-91ce0920069d	Maca	147	128	19	5	SINTETICO
132ee6c3-1294-452f-9cc5-bf70b416bce2	2026-03-25	INTEGRAL	6	79ca1872-52e0-59dd-af29-543b793c0860	Macarrao ao sugo	0	0	0	0	SINTETICO
56e71fc0-877b-4791-96b9-dd0143687043	2026-03-25	INTEGRAL	6	b6f014a3-eaad-57c0-8ee9-24eb9abb819a	Cuscuz	52	50	2	4	SINTETICO
e24b4d93-2ba5-478a-a513-965fa6ef0710	2026-03-25	INTEGRAL	6	47fbd9af-ac57-5250-a6e2-0018c6bd21c0	Couve	17	17	0	7	SINTETICO
01d1a933-940f-4b93-844f-1ff6d4c36359	2026-03-25	INTEGRAL	6	1b450f5b-ecde-5880-ad0a-91ce0920069d	Maca	64	63	1	2	SINTETICO
04f1aabe-93c5-4a1b-b081-53b4157b7d31	2026-03-25	TARDE	7	6ce7a969-7c2b-5a21-b072-594a4412ab8b	Arroz branco	514	494	20	44	SINTETICO
94060a78-8043-496b-82d1-86a62c290c81	2026-03-25	TARDE	7	84f7e794-a400-5d46-9efe-1c8a8f2f711d	Suco de fruta natural	48	46	2	3	SINTETICO
999c448b-184f-4c84-ae3b-acd56b72f167	2026-03-25	INTEGRAL	10	79ca1872-52e0-59dd-af29-543b793c0860	Macarrao ao sugo	8	7	1	1	SINTETICO
f69f5907-7c6e-496d-b0c0-3b214c3d9c1c	2026-03-25	INTEGRAL	10	eed1d0ec-938c-53ef-94b9-626452f5fbd2	Sopa de legumes	42	40	2	15	SINTETICO
0204b3cd-79a9-433e-bc9b-43d1dc52799d	2026-03-25	INTEGRAL	11	b6f014a3-eaad-57c0-8ee9-24eb9abb819a	Cuscuz	122	114	8	16	SINTETICO
bb3bfa6a-9b49-4410-ae25-aa6003616f64	2026-03-25	INTEGRAL	11	1b450f5b-ecde-5880-ad0a-91ce0920069d	Maca	78	68	10	4	SINTETICO
b4bab61d-2dcd-49e4-8f7f-2652e1a58b40	2026-03-25	INTEGRAL	11	9bf7d50c-378c-58f7-ba1a-0dccafffc54c	Bolacha doce	0	0	0	0	SINTETICO
f14bb15f-6a68-4bd6-9458-72ae8bac0e29	2026-03-25	TARDE	12	9bf7d50c-378c-58f7-ba1a-0dccafffc54c	Bolacha doce	73	68	5	4	SINTETICO
6b3b4639-c7bc-4d3d-9be1-119969614f83	2026-03-25	TARDE	12	add956e1-36ad-584e-b1e4-a4a8db28315f	Banana	101	100	1	4	SINTETICO
4fb5f12b-36eb-403b-9991-feb6041946ef	2026-03-25	INTEGRAL	13	84f7e794-a400-5d46-9efe-1c8a8f2f711d	Suco de fruta natural	2	2	0	0	SINTETICO
2953e73f-b2cb-418e-9e74-40ae5c761440	2026-03-25	INTEGRAL	14	153737d9-caa6-55d5-b086-f7e83fdab4d2	Pao com manteiga	81	79	2	5	SINTETICO
1c4c46dc-3a3f-401f-a435-628b5a2588f6	2026-03-25	INTEGRAL	14	9bf7d50c-378c-58f7-ba1a-0dccafffc54c	Bolacha doce	18	17	1	1	SINTETICO
115832c0-3214-45d5-9d2e-21a115b49e69	2026-03-25	INTEGRAL	14	eed1d0ec-938c-53ef-94b9-626452f5fbd2	Sopa de legumes	0	0	0	0	SINTETICO
aebf9e6d-a360-4910-bea4-b2b24855ccdc	2026-03-25	INTEGRAL	15	b6f014a3-eaad-57c0-8ee9-24eb9abb819a	Cuscuz	84	78	6	8	SINTETICO
92164c5c-d40b-4d95-8348-e354e03f72b5	2026-03-25	MANHA	17	add956e1-36ad-584e-b1e4-a4a8db28315f	Banana	422	397	25	13	SINTETICO
540e061e-39d0-400a-ad5f-109df6383ecd	2026-03-25	MANHA	17	b6f014a3-eaad-57c0-8ee9-24eb9abb819a	Cuscuz	18	18	0	3	SINTETICO
2ac2a1bf-402b-4ea6-909a-c33a6de91fc6	2026-03-25	INTEGRAL	18	add956e1-36ad-584e-b1e4-a4a8db28315f	Banana	43	40	3	2	SINTETICO
d6ca886b-ae87-4532-aeec-5af818ea82c9	2026-03-25	INTEGRAL	18	b6f014a3-eaad-57c0-8ee9-24eb9abb819a	Cuscuz	54	50	4	6	SINTETICO
0cb91bb1-0e5a-4b7e-8286-ba6237b20e78	2026-03-26	MANHA	3	6753aa6f-0f7e-5208-8cd6-9e7a8733ef22	Leite com achocolatado	37	37	0	2	SINTETICO
38818015-df44-4670-b7fa-36dced154c8a	2026-03-26	MANHA	3	0db97b08-9e92-541d-b2d2-1bc810f8fbe8	Iogurte	51	45	6	2	SINTETICO
9daabf72-af87-4ea7-b61d-abe516d26dbe	2026-03-26	MANHA	5	eed1d0ec-938c-53ef-94b9-626452f5fbd2	Sopa de legumes	30	28	2	9	SINTETICO
2b30746c-28f3-458f-b9cc-a622cf284907	2026-03-26	INTEGRAL	6	9bf7d50c-378c-58f7-ba1a-0dccafffc54c	Bolacha doce	35	34	1	1	SINTETICO
75b14892-f637-4593-be36-c46f111c06aa	2026-03-26	INTEGRAL	6	eed1d0ec-938c-53ef-94b9-626452f5fbd2	Sopa de legumes	19	19	0	7	SINTETICO
8fc315df-d284-4d31-823b-edd76a78de36	2026-03-26	INTEGRAL	8	6753aa6f-0f7e-5208-8cd6-9e7a8733ef22	Leite com achocolatado	0	0	0	0	SINTETICO
51532dab-16bc-494e-95af-f600e37b635b	2026-03-26	INTEGRAL	10	79ca1872-52e0-59dd-af29-543b793c0860	Macarrao ao sugo	4	4	0	1	SINTETICO
71758417-d607-47b5-a001-f20e6e571636	2026-03-26	INTEGRAL	12	84f7e794-a400-5d46-9efe-1c8a8f2f711d	Suco de fruta natural	61	59	2	2	SINTETICO
bcfd35e0-7caf-4227-8eb8-fa4026a05165	2026-03-26	INTEGRAL	12	500ccd6c-b321-531f-81ae-3999b578c2e4	Pure de moranga	19	17	2	4	SINTETICO
c5385c4e-fd6b-4161-95eb-19d7ee7f2241	2026-03-26	INTEGRAL	12	eed1d0ec-938c-53ef-94b9-626452f5fbd2	Sopa de legumes	74	66	8	25	SINTETICO
ace87992-d849-4c3c-995f-340658f25cc6	2026-03-26	INTEGRAL	12	153737d9-caa6-55d5-b086-f7e83fdab4d2	Pao com manteiga	2	2	0	0	SINTETICO
3be5cb33-d147-4f29-b42b-7a64509e6f75	2026-03-26	INTEGRAL	12	6753aa6f-0f7e-5208-8cd6-9e7a8733ef22	Leite com achocolatado	33	30	3	2	SINTETICO
d5b85414-579b-4e61-b46d-143020e781ac	2026-03-26	INTEGRAL	12	2f723cf1-ddd6-58e2-881e-3ab45db8cd2d	Feijao carioca	0	0	0	0	SINTETICO
20a531ba-2b89-456e-9cad-e4c9cfbcfb17	2026-03-26	INTEGRAL	12	0db97b08-9e92-541d-b2d2-1bc810f8fbe8	Iogurte	41	39	2	3	SINTETICO
ef806bc6-bb0e-43b5-902b-401336b66e34	2026-03-26	INTEGRAL	12	2fb8016f-a7e8-5297-ba7c-fbdbc176e301	Molho de tomate caseiro	47	41	6	6	SINTETICO
d7191dd0-56d5-431b-a1f6-d674b3654f12	2026-03-26	INTEGRAL	12	b6f014a3-eaad-57c0-8ee9-24eb9abb819a	Cuscuz	82	77	5	10	SINTETICO
7ea3dcf8-3b47-4054-bc8b-f5f58fd9ed39	2026-03-26	MANHA	16	6753aa6f-0f7e-5208-8cd6-9e7a8733ef22	Leite com achocolatado	100	96	4	7	SINTETICO
4199f30c-e3ad-4df3-9dd9-ac357dfc8a43	2026-03-26	INTEGRAL	18	1b450f5b-ecde-5880-ad0a-91ce0920069d	Maca	0	0	0	0	SINTETICO
a1e68c3d-63ad-49ef-a240-26a76acd4f75	2026-03-26	INTEGRAL	18	84f7e794-a400-5d46-9efe-1c8a8f2f711d	Suco de fruta natural	87	77	10	3	SINTETICO
16cc39e1-7d46-4e94-8e97-970defcb4a6c	2026-03-27	MANHA	1	9bf7d50c-378c-58f7-ba1a-0dccafffc54c	Bolacha doce	69	68	1	3	SINTETICO
dbc99087-293d-4413-a953-e3ab3853038b	2026-03-27	MANHA	1	0db97b08-9e92-541d-b2d2-1bc810f8fbe8	Iogurte	7	6	1	0	SINTETICO
01d0c090-facf-4e9e-9da8-b8d528a6aa62	2026-03-27	MANHA	1	6ce7a969-7c2b-5a21-b072-594a4412ab8b	Arroz branco	121	112	9	6	SINTETICO
4ede78d5-5057-4027-bfc6-685039bd0001	2026-03-27	MANHA	1	1b450f5b-ecde-5880-ad0a-91ce0920069d	Maca	3	3	0	0	SINTETICO
d8f81139-1a3a-4dcb-86cb-a87caa463c12	2026-03-27	INTEGRAL	5	b6f014a3-eaad-57c0-8ee9-24eb9abb819a	Cuscuz	0	0	0	0	SINTETICO
c285a8af-d79a-4168-a1a1-564e1cb3fdd4	2026-03-27	INTEGRAL	5	add956e1-36ad-584e-b1e4-a4a8db28315f	Banana	17	16	1	1	SINTETICO
6b96f31f-62e7-43b7-9ad6-6fa57ea50b57	2026-03-27	MANHA	6	2f723cf1-ddd6-58e2-881e-3ab45db8cd2d	Feijao carioca	0	0	0	0	SINTETICO
6b193981-9e12-47ca-9fd4-21e913160f14	2026-03-27	MANHA	6	9bf7d50c-378c-58f7-ba1a-0dccafffc54c	Bolacha doce	41	41	0	3	SINTETICO
4770ea71-30fc-4d17-9972-d679db99f85f	2026-03-27	INTEGRAL	8	2f723cf1-ddd6-58e2-881e-3ab45db8cd2d	Feijao carioca	49	48	1	5	SINTETICO
8c91c235-f7f7-4d33-a6a8-3780263742f2	2026-03-27	INTEGRAL	11	9bf7d50c-378c-58f7-ba1a-0dccafffc54c	Bolacha doce	9	8	1	0	SINTETICO
0e226f2f-0f47-4dac-9c2a-cb76cfc3e802	2026-03-27	INTEGRAL	14	79ca1872-52e0-59dd-af29-543b793c0860	Macarrao ao sugo	135	132	3	19	SINTETICO
12b23264-757e-4131-81df-9e1a8b907a97	2026-03-27	INTEGRAL	14	2f723cf1-ddd6-58e2-881e-3ab45db8cd2d	Feijao carioca	7	6	1	0	SINTETICO
15cb3f0c-3b75-4a7c-878a-d5a95f9faff0	2026-03-27	INTEGRAL	14	b6f014a3-eaad-57c0-8ee9-24eb9abb819a	Cuscuz	27	26	1	2	SINTETICO
f2e902d3-31bc-45a6-8e03-ca2c9e9ef92d	2026-03-27	INTEGRAL	14	1b450f5b-ecde-5880-ad0a-91ce0920069d	Maca	0	0	0	0	SINTETICO
1389bd9f-892b-4474-b1bd-d33e38a7309c	2026-03-27	INTEGRAL	15	1b450f5b-ecde-5880-ad0a-91ce0920069d	Maca	3	3	0	0	SINTETICO
5ae61f1b-1480-4fcd-8540-183be0df050a	2026-03-27	INTEGRAL	15	2f723cf1-ddd6-58e2-881e-3ab45db8cd2d	Feijao carioca	58	53	5	4	SINTETICO
daadb84c-c678-4919-8207-2d8e8142a3fe	2026-03-27	INTEGRAL	17	eed1d0ec-938c-53ef-94b9-626452f5fbd2	Sopa de legumes	11	10	1	4	SINTETICO
32dbd1a9-ccf2-4e0a-b54b-c8de5a328a58	2026-03-27	INTEGRAL	17	84f7e794-a400-5d46-9efe-1c8a8f2f711d	Suco de fruta natural	1	1	0	0	SINTETICO
38814f80-f2bd-4b95-bc4c-85a0e7c97f2c	2026-03-27	INTEGRAL	17	b6f014a3-eaad-57c0-8ee9-24eb9abb819a	Cuscuz	53	47	6	5	SINTETICO
663ea6ac-c864-4d45-ad9c-747d10f4dbe4	2026-03-30	INTEGRAL	1	79ca1872-52e0-59dd-af29-543b793c0860	Macarrao ao sugo	55	54	1	9	SINTETICO
c4ce103c-e5b8-4da2-a2d1-87de5c435697	2026-03-30	INTEGRAL	1	eed1d0ec-938c-53ef-94b9-626452f5fbd2	Sopa de legumes	1	1	0	0	SINTETICO
99140218-83a0-481f-a1ea-08da161fe5fc	2026-03-30	INTEGRAL	1	6753aa6f-0f7e-5208-8cd6-9e7a8733ef22	Leite com achocolatado	11	11	0	1	SINTETICO
60c786e8-cf35-45cc-b016-4cbb53e77686	2026-03-30	INTEGRAL	1	6ce7a969-7c2b-5a21-b072-594a4412ab8b	Arroz branco	0	0	0	0	SINTETICO
e8b24d4c-1522-405e-a362-1786d46d1a23	2026-03-30	INTEGRAL	2	2f723cf1-ddd6-58e2-881e-3ab45db8cd2d	Feijao carioca	78	71	7	7	SINTETICO
1219c47e-b1ee-4351-8e8b-fec393435e7c	2026-03-30	INTEGRAL	2	6ce7a969-7c2b-5a21-b072-594a4412ab8b	Arroz branco	2	2	0	0	SINTETICO
cf471ecc-2642-47e2-99d4-d88ae294ec2c	2026-03-30	INTEGRAL	2	79ca1872-52e0-59dd-af29-543b793c0860	Macarrao ao sugo	140	126	14	22	SINTETICO
1cf99202-edc8-4c18-9cc6-5f9cb37e00d3	2026-03-30	INTEGRAL	2	b6f014a3-eaad-57c0-8ee9-24eb9abb819a	Cuscuz	29	28	1	4	SINTETICO
fd71f7fd-97db-4fb8-abc0-378cdbf78f5f	2026-03-30	INTEGRAL	2	1b450f5b-ecde-5880-ad0a-91ce0920069d	Maca	3	3	0	0	SINTETICO
a1d3f045-e902-4d30-bc9f-92dcbaf8210c	2026-03-30	INTEGRAL	2	eed1d0ec-938c-53ef-94b9-626452f5fbd2	Sopa de legumes	2	2	0	1	SINTETICO
7ab38dd1-ac2e-451b-a506-f7f7d34e0352	2026-03-30	INTEGRAL	2	153737d9-caa6-55d5-b086-f7e83fdab4d2	Pao com manteiga	0	0	0	0	SINTETICO
e377a586-09dd-464a-a8d2-dcc3656ce5c6	2026-03-30	INTEGRAL	2	6753aa6f-0f7e-5208-8cd6-9e7a8733ef22	Leite com achocolatado	17	16	1	1	SINTETICO
c474b675-d985-4f49-8263-876ee725bfeb	2026-03-30	MANHA	4	6753aa6f-0f7e-5208-8cd6-9e7a8733ef22	Leite com achocolatado	50	46	4	3	SINTETICO
4033c95e-28b6-453a-82cf-f599cd6c631c	2026-03-30	MANHA	4	b6f014a3-eaad-57c0-8ee9-24eb9abb819a	Cuscuz	353	341	12	46	SINTETICO
b0171d93-c7f8-49a2-84df-362840ad47aa	2026-03-30	MANHA	4	2f723cf1-ddd6-58e2-881e-3ab45db8cd2d	Feijao carioca	406	401	5	26	SINTETICO
2aa78df6-ddcf-4269-b765-78629f6c4d19	2026-03-30	MANHA	4	84f7e794-a400-5d46-9efe-1c8a8f2f711d	Suco de fruta natural	1	1	0	0	SINTETICO
157906b6-2e2c-4485-8eb0-6deceb1591c4	2026-03-30	MANHA	4	153737d9-caa6-55d5-b086-f7e83fdab4d2	Pao com manteiga	3	3	0	0	SINTETICO
050a8d0e-91e0-4476-ac20-c41b1f34989a	2026-03-30	MANHA	5	b6f014a3-eaad-57c0-8ee9-24eb9abb819a	Cuscuz	17	15	2	1	SINTETICO
fd6c76a0-806c-4c89-9939-833401df9f28	2026-03-30	INTEGRAL	6	1b450f5b-ecde-5880-ad0a-91ce0920069d	Maca	26	25	1	1	SINTETICO
fe64109e-e7a9-4356-b5df-c8096004fb29	2026-03-30	INTEGRAL	6	b6f014a3-eaad-57c0-8ee9-24eb9abb819a	Cuscuz	25	23	2	2	SINTETICO
43e31789-83fe-45e1-9763-0c3bb37d7ffc	2026-03-30	INTEGRAL	6	84f7e794-a400-5d46-9efe-1c8a8f2f711d	Suco de fruta natural	112	104	8	4	SINTETICO
600f0341-a2e4-44c4-b2d2-fb6bedd5595c	2026-03-30	INTEGRAL	6	d02df37a-5ddb-5d71-b171-5b2f6e16b1c8	Ovo cozido	40	38	2	6	SINTETICO
659e83a5-c78b-424f-9bfe-60707a4dfa55	2026-03-30	TARDE	7	79ca1872-52e0-59dd-af29-543b793c0860	Macarrao ao sugo	17	15	2	2	SINTETICO
cfdc845d-0518-4674-8ec3-4875550469de	2026-03-30	TARDE	7	6753aa6f-0f7e-5208-8cd6-9e7a8733ef22	Leite com achocolatado	7	6	1	0	SINTETICO
e4fc4a39-c34b-47f3-a3d9-69ceae698b62	2026-03-30	INTEGRAL	8	2f723cf1-ddd6-58e2-881e-3ab45db8cd2d	Feijao carioca	6	5	1	1	SINTETICO
ab37999a-2259-47cb-91ce-6031abb63289	2026-03-30	MANHA	9	6ce7a969-7c2b-5a21-b072-594a4412ab8b	Arroz branco	0	0	0	0	SINTETICO
0e1a8cfe-38ec-4633-a19c-f61a2e84e730	2026-03-30	MANHA	9	add956e1-36ad-584e-b1e4-a4a8db28315f	Banana	14	14	0	1	SINTETICO
f71a62d9-6895-4e21-8339-4707584a4985	2026-03-30	MANHA	9	eed1d0ec-938c-53ef-94b9-626452f5fbd2	Sopa de legumes	4	4	0	1	SINTETICO
47e0abe8-38be-41a4-a895-6234b754e69f	2026-03-30	MANHA	13	eed1d0ec-938c-53ef-94b9-626452f5fbd2	Sopa de legumes	106	95	11	21	SINTETICO
f79f363b-ee95-419f-af69-d2f6c8eb8b79	2026-03-30	MANHA	13	9bf7d50c-378c-58f7-ba1a-0dccafffc54c	Bolacha doce	49	46	3	2	SINTETICO
c55cc8f5-c47b-427d-84c7-fcd8103f7e87	2026-03-30	MANHA	13	1b450f5b-ecde-5880-ad0a-91ce0920069d	Maca	41	38	3	2	SINTETICO
2f5be5ec-0d7d-492a-bfba-a088e8e2c772	2026-03-30	INTEGRAL	14	add956e1-36ad-584e-b1e4-a4a8db28315f	Banana	282	251	31	11	SINTETICO
e0c31b5f-ec55-46b8-95bf-f322e46de5cd	2026-03-30	INTEGRAL	14	6ce7a969-7c2b-5a21-b072-594a4412ab8b	Arroz branco	51	49	2	3	SINTETICO
54840390-c9e6-4c6c-9a94-ebd4f0561720	2026-03-30	INTEGRAL	14	0db97b08-9e92-541d-b2d2-1bc810f8fbe8	Iogurte	0	0	0	0	SINTETICO
9eb8b184-bef3-4dd5-83e2-76ebb414332e	2026-03-30	INTEGRAL	14	b6f014a3-eaad-57c0-8ee9-24eb9abb819a	Cuscuz	26	24	2	3	SINTETICO
928365ef-cd1b-4d44-9022-43d58c57884e	2026-03-30	INTEGRAL	14	84f7e794-a400-5d46-9efe-1c8a8f2f711d	Suco de fruta natural	11	11	0	1	SINTETICO
70746112-4a59-4649-a661-e173180b7517	2026-03-30	INTEGRAL	15	6ce7a969-7c2b-5a21-b072-594a4412ab8b	Arroz branco	202	189	13	10	SINTETICO
209cc34d-c321-4ef2-9fc4-f5067b951eba	2026-03-30	INTEGRAL	15	2f723cf1-ddd6-58e2-881e-3ab45db8cd2d	Feijao carioca	92	91	1	10	SINTETICO
88ef7fb1-fa57-477b-ae67-767da46b7ca8	2026-03-30	INTEGRAL	15	d0f748b6-0ca4-5794-9480-45981f00672c	Ensopado de mandioca	60	52	8	10	SINTETICO
d0c7d5ff-1a43-4250-a727-0e32d012f341	2026-03-30	INTEGRAL	15	84f7e794-a400-5d46-9efe-1c8a8f2f711d	Suco de fruta natural	6	5	1	0	SINTETICO
0314e7df-1198-4897-b7cb-9f9f8a2838ea	2026-03-31	MANHA	2	6753aa6f-0f7e-5208-8cd6-9e7a8733ef22	Leite com achocolatado	56	54	2	3	SINTETICO
b70f3155-6541-4f96-8154-a84cbb9b554f	2026-03-31	MANHA	2	6ce7a969-7c2b-5a21-b072-594a4412ab8b	Arroz branco	295	284	11	15	SINTETICO
f6fd24ce-49d5-4e30-8e4f-7d2c28d5c603	2026-03-31	MANHA	2	eed1d0ec-938c-53ef-94b9-626452f5fbd2	Sopa de legumes	19	17	2	4	SINTETICO
7dc45a96-45c4-4527-9559-edd354cade5e	2026-03-31	MANHA	2	2f723cf1-ddd6-58e2-881e-3ab45db8cd2d	Feijao carioca	18	18	0	2	SINTETICO
17460e58-3638-4919-ba92-c689d27335c4	2026-03-31	MANHA	2	153737d9-caa6-55d5-b086-f7e83fdab4d2	Pao com manteiga	32	30	2	1	SINTETICO
55f65261-5278-4a6c-b59f-290e4db97a6a	2026-03-31	MANHA	2	8d81f03d-d710-5316-abc7-1763074292b4	Cenoura refogada	335	294	41	48	SINTETICO
ecdd1f57-9948-40ca-acbf-a7537b725862	2026-03-31	INTEGRAL	3	eed1d0ec-938c-53ef-94b9-626452f5fbd2	Sopa de legumes	272	267	5	67	SINTETICO
cecbe444-dace-49cb-91b6-33aa340d5b5b	2026-03-31	INTEGRAL	3	79ca1872-52e0-59dd-af29-543b793c0860	Macarrao ao sugo	0	0	0	0	SINTETICO
cc51eb45-9389-4178-915a-a0dd13275b2d	2026-03-31	TARDE	4	0db97b08-9e92-541d-b2d2-1bc810f8fbe8	Iogurte	50	50	0	3	SINTETICO
4e6df7a7-4134-4838-ab3c-c56dfa534f0f	2026-03-31	TARDE	4	9bf7d50c-378c-58f7-ba1a-0dccafffc54c	Bolacha doce	0	0	0	0	SINTETICO
98e2ab48-e2db-4ca7-9d45-3ed8e60f38c5	2026-03-31	INTEGRAL	7	add956e1-36ad-584e-b1e4-a4a8db28315f	Banana	1	1	0	0	SINTETICO
8309a1d5-87b7-4263-b7b6-b030eb10ae3d	2026-03-31	INTEGRAL	8	1b450f5b-ecde-5880-ad0a-91ce0920069d	Maca	24	22	2	1	SINTETICO
9b237c85-7a47-4e1d-8471-0916a2987f03	2026-03-31	INTEGRAL	8	b6f014a3-eaad-57c0-8ee9-24eb9abb819a	Cuscuz	26	25	1	3	SINTETICO
2e817323-60ca-4aae-9160-82ff75f6375f	2026-03-31	INTEGRAL	8	0db97b08-9e92-541d-b2d2-1bc810f8fbe8	Iogurte	13	12	1	1	SINTETICO
4148b115-ad8b-4ad8-a9cb-af19870ea15a	2026-03-31	INTEGRAL	8	6ce7a969-7c2b-5a21-b072-594a4412ab8b	Arroz branco	1	1	0	0	SINTETICO
35be5773-4944-45cf-b440-1df7d1926b97	2026-03-31	INTEGRAL	8	79ca1872-52e0-59dd-af29-543b793c0860	Macarrao ao sugo	45	40	5	5	SINTETICO
3e940874-e00d-4bb6-bf37-1c5e720783ff	2026-03-31	MANHA	9	6753aa6f-0f7e-5208-8cd6-9e7a8733ef22	Leite com achocolatado	40	38	2	2	SINTETICO
2d06b00d-c69e-42e4-acb9-8837b3172931	2026-03-31	MANHA	9	b6f014a3-eaad-57c0-8ee9-24eb9abb819a	Cuscuz	385	360	25	50	SINTETICO
54a50b17-4318-48a5-8751-77848cc1395a	2026-03-31	INTEGRAL	12	e8c59186-e147-5530-a4ba-b728fd7852c3	Arroz com galinha	52	46	6	4	SINTETICO
63c406f8-13b5-4bf3-ae28-bcd362342dd5	2026-03-31	INTEGRAL	12	47fbd9af-ac57-5250-a6e2-0018c6bd21c0	Couve	98	91	7	37	SINTETICO
2333e6d7-ee60-4051-8c24-22afb38f492e	2026-03-31	INTEGRAL	12	add956e1-36ad-584e-b1e4-a4a8db28315f	Banana	24	22	2	1	SINTETICO
bdb70e34-c251-4d67-b0ff-806fe2c75405	2026-03-31	MANHA	13	84f7e794-a400-5d46-9efe-1c8a8f2f711d	Suco de fruta natural	8	7	1	0	SINTETICO
0ba7f767-c02d-4a84-b6bd-b743a7d6c875	2026-03-31	INTEGRAL	14	2f723cf1-ddd6-58e2-881e-3ab45db8cd2d	Feijao carioca	0	0	0	0	SINTETICO
a8401121-3e07-40be-a847-8e8134bca262	2026-03-31	INTEGRAL	14	6753aa6f-0f7e-5208-8cd6-9e7a8733ef22	Leite com achocolatado	20	19	1	1	SINTETICO
9a06731f-ba7b-4708-9eca-fd83e42a0413	2026-03-31	INTEGRAL	14	add956e1-36ad-584e-b1e4-a4a8db28315f	Banana	135	125	10	6	SINTETICO
d2468dc9-67fe-45aa-9e77-170ff668b608	2026-03-31	INTEGRAL	15	6ce7a969-7c2b-5a21-b072-594a4412ab8b	Arroz branco	1	1	0	0	SINTETICO
f7d989d4-f8a7-4a72-8cf6-6ae87a8a46ee	2026-03-31	INTEGRAL	15	add956e1-36ad-584e-b1e4-a4a8db28315f	Banana	7	7	0	0	SINTETICO
038baeae-2b62-4e95-8ee4-dab673617e95	2026-03-31	INTEGRAL	15	6753aa6f-0f7e-5208-8cd6-9e7a8733ef22	Leite com achocolatado	33	29	4	2	SINTETICO
7c5e8913-5393-4fdc-9545-5d140ad249dd	2026-03-31	INTEGRAL	15	79ca1872-52e0-59dd-af29-543b793c0860	Macarrao ao sugo	3	3	0	0	SINTETICO
f8b0ec3c-a4ee-4cef-8f80-e0e94cf97cba	2026-03-31	TARDE	16	6ce7a969-7c2b-5a21-b072-594a4412ab8b	Arroz branco	108	107	1	7	SINTETICO
eed78ffc-6258-448d-8ca4-98f2ad788de8	2026-03-31	TARDE	16	b6f014a3-eaad-57c0-8ee9-24eb9abb819a	Cuscuz	7	6	1	1	SINTETICO
98b4e506-9915-4eaf-aabb-bf15ee8e6620	2026-03-31	TARDE	16	8d81f03d-d710-5316-abc7-1763074292b4	Cenoura refogada	61	61	0	8	SINTETICO
bd5b004d-edc3-496c-9c1c-bc2f2922dc22	2026-03-31	TARDE	16	1b450f5b-ecde-5880-ad0a-91ce0920069d	Maca	0	0	0	0	SINTETICO
3a063e17-7f54-4a2c-aba8-d29b907eb0bc	2026-03-31	INTEGRAL	17	eed1d0ec-938c-53ef-94b9-626452f5fbd2	Sopa de legumes	3	3	0	1	SINTETICO
fded70cd-3888-4947-836c-9b671bafbe18	2026-03-31	TARDE	18	b6cbc98d-85cf-5628-a89e-560cfa264267	Coxa e sobrecoxa de frango ao molho de tomate	188	172	16	22	SINTETICO
bd1fcb6d-3a6f-4f66-9afe-370164319120	2026-04-01	INTEGRAL	1	1b450f5b-ecde-5880-ad0a-91ce0920069d	Maca	0	0	0	0	SINTETICO
d22c5ddc-ffa3-4cbd-8626-9689ea942c3a	2026-04-01	MANHA	2	153737d9-caa6-55d5-b086-f7e83fdab4d2	Pao com manteiga	193	175	18	12	SINTETICO
5d05bc12-6ca9-4de5-bb27-f7beb5657c5e	2026-04-01	MANHA	4	9bf7d50c-378c-58f7-ba1a-0dccafffc54c	Bolacha doce	44	39	5	2	SINTETICO
66522903-609a-4c3b-8fcc-e964b280d37a	2026-04-01	MANHA	4	0db97b08-9e92-541d-b2d2-1bc810f8fbe8	Iogurte	1	1	0	0	SINTETICO
2395c116-bcba-4b6b-a5e6-a5333cc33f2d	2026-04-01	MANHA	4	84f7e794-a400-5d46-9efe-1c8a8f2f711d	Suco de fruta natural	32	28	4	2	SINTETICO
84f20884-9130-4e38-a388-44007f22028f	2026-04-01	MANHA	4	eed1d0ec-938c-53ef-94b9-626452f5fbd2	Sopa de legumes	0	0	0	0	SINTETICO
84f0dbdf-8a5a-4fdb-ba45-9f3a4110cb68	2026-04-01	MANHA	4	78b49edf-4e8b-5161-8bc0-ae05e86853d0	Carne moida tipo pastel	60	54	6	5	SINTETICO
298e895b-95ab-423f-8b0a-e3a4d8671bcb	2026-04-01	INTEGRAL	5	84f7e794-a400-5d46-9efe-1c8a8f2f711d	Suco de fruta natural	25	22	3	1	SINTETICO
5b011f5c-6591-4957-bb65-6c8062a439c9	2026-04-01	INTEGRAL	5	b6f014a3-eaad-57c0-8ee9-24eb9abb819a	Cuscuz	3	3	0	0	SINTETICO
d04104ec-2094-4128-895a-a21db845f6d3	2026-04-01	INTEGRAL	5	eed1d0ec-938c-53ef-94b9-626452f5fbd2	Sopa de legumes	46	44	2	13	SINTETICO
c4fe1ca9-98b1-4175-9380-167d0e51f552	2026-04-01	INTEGRAL	5	6ce7a969-7c2b-5a21-b072-594a4412ab8b	Arroz branco	57	51	6	3	SINTETICO
4d031c83-adc5-4ffb-847b-34b522243a72	2026-04-01	INTEGRAL	5	79ca1872-52e0-59dd-af29-543b793c0860	Macarrao ao sugo	32	29	3	3	SINTETICO
04209c96-6e77-4b85-b7bf-97e23247819c	2026-04-01	INTEGRAL	5	2f723cf1-ddd6-58e2-881e-3ab45db8cd2d	Feijao carioca	114	102	12	9	SINTETICO
b2dcd61c-1e44-4129-9e0f-dd05db9c7c96	2026-04-01	INTEGRAL	6	153737d9-caa6-55d5-b086-f7e83fdab4d2	Pao com manteiga	121	106	15	5	SINTETICO
ff0e0e8c-2b17-485f-b1e4-9c4bd24b018f	2026-04-01	INTEGRAL	6	b85fd879-2256-524c-b715-7f9cb93ccd01	Bolo de maca, sem acucar	1	1	0	0	SINTETICO
cd0f752b-127f-4595-b7d6-fd00961f1c6b	2026-04-01	MANHA	7	add956e1-36ad-584e-b1e4-a4a8db28315f	Banana	171	161	10	8	SINTETICO
d866377c-0bb1-44dd-a21d-76fceef38096	2026-04-01	INTEGRAL	11	2f723cf1-ddd6-58e2-881e-3ab45db8cd2d	Feijao carioca	5	5	0	1	SINTETICO
45d9f7ee-1d5f-4fd9-bcd6-98fda07e83be	2026-04-01	INTEGRAL	11	9bf7d50c-378c-58f7-ba1a-0dccafffc54c	Bolacha doce	45	42	3	2	SINTETICO
89ddbd32-7ecd-4b69-9e2f-f56d91c47afd	2026-04-01	INTEGRAL	13	eed1d0ec-938c-53ef-94b9-626452f5fbd2	Sopa de legumes	185	182	3	57	SINTETICO
f582cf7f-8773-41b8-9ea7-c3a57a3e6a44	2026-04-01	INTEGRAL	14	9bf7d50c-378c-58f7-ba1a-0dccafffc54c	Bolacha doce	12	11	1	0	SINTETICO
d6eb703b-c904-483b-814d-ca4447d982e5	2026-04-01	INTEGRAL	14	0db97b08-9e92-541d-b2d2-1bc810f8fbe8	Iogurte	0	0	0	0	SINTETICO
e63ca51f-7bf8-44c7-bb8a-83eed5f93797	2026-04-01	INTEGRAL	14	1b450f5b-ecde-5880-ad0a-91ce0920069d	Maca	16	15	1	1	SINTETICO
c8159ab3-0eb7-4060-824a-5dc958a0c391	2026-04-01	INTEGRAL	14	b6f014a3-eaad-57c0-8ee9-24eb9abb819a	Cuscuz	379	354	25	50	SINTETICO
49e4e201-a1e8-4127-a2c1-291e195e0ed7	2026-04-01	INTEGRAL	14	153737d9-caa6-55d5-b086-f7e83fdab4d2	Pao com manteiga	104	91	13	4	SINTETICO
b7edfe11-18cc-40b3-a9aa-82442b378de3	2026-04-01	INTEGRAL	17	add956e1-36ad-584e-b1e4-a4a8db28315f	Banana	91	83	8	3	SINTETICO
91b4c8fb-6f55-476f-a5d8-d545a7142afd	2026-04-01	INTEGRAL	17	79ca1872-52e0-59dd-af29-543b793c0860	Macarrao ao sugo	9	9	0	2	SINTETICO
1687ae48-0f78-4cd5-8a27-1dbb5230f50f	2026-04-01	INTEGRAL	18	153737d9-caa6-55d5-b086-f7e83fdab4d2	Pao com manteiga	105	100	5	8	SINTETICO
b4604e5d-077f-4a80-b602-7d3d69747019	2026-04-02	INTEGRAL	4	1b450f5b-ecde-5880-ad0a-91ce0920069d	Maca	50	47	3	2	SINTETICO
4fb73db7-138e-44ed-9afb-59f277c736cb	2026-04-02	INTEGRAL	4	9bf7d50c-378c-58f7-ba1a-0dccafffc54c	Bolacha doce	17	15	2	1	SINTETICO
151df414-ed04-4c23-bf09-ef1728a421ad	2026-04-02	INTEGRAL	4	79ca1872-52e0-59dd-af29-543b793c0860	Macarrao ao sugo	0	0	0	0	SINTETICO
7d44a289-608b-42a8-8a32-c05161be2501	2026-04-02	TARDE	5	1b450f5b-ecde-5880-ad0a-91ce0920069d	Maca	371	327	44	21	SINTETICO
7efc4eab-0fe5-40af-88d2-12b4c2667736	2026-04-02	INTEGRAL	7	eed1d0ec-938c-53ef-94b9-626452f5fbd2	Sopa de legumes	38	34	4	10	SINTETICO
7b19bd33-287a-49ab-a37e-a67da3d0e06e	2026-04-02	INTEGRAL	7	b6f014a3-eaad-57c0-8ee9-24eb9abb819a	Cuscuz	11	10	1	1	SINTETICO
33df207b-4d2c-4d33-b270-8db9b33d7826	2026-04-02	INTEGRAL	7	6ce7a969-7c2b-5a21-b072-594a4412ab8b	Arroz branco	45	41	4	2	SINTETICO
b8dc4d79-c257-4de4-892a-decb3aaa3d8d	2026-04-02	INTEGRAL	9	eed1d0ec-938c-53ef-94b9-626452f5fbd2	Sopa de legumes	20	20	0	7	SINTETICO
7235b29e-f5bd-44fc-afca-aa28868261b3	2026-04-02	INTEGRAL	9	b6f014a3-eaad-57c0-8ee9-24eb9abb819a	Cuscuz	53	47	6	5	SINTETICO
1e38eefc-4215-4a07-9509-a6570989c5da	2026-04-02	INTEGRAL	9	153737d9-caa6-55d5-b086-f7e83fdab4d2	Pao com manteiga	0	0	0	0	SINTETICO
396fe499-1d24-439e-9f5e-0c01ab06dd79	2026-04-02	INTEGRAL	9	1b450f5b-ecde-5880-ad0a-91ce0920069d	Maca	42	38	4	2	SINTETICO
03734f17-9140-4f32-9d4f-f9e6534b26d8	2026-04-02	INTEGRAL	9	add956e1-36ad-584e-b1e4-a4a8db28315f	Banana	204	202	2	7	SINTETICO
4648bfc3-d745-4793-be14-4e7beba063aa	2026-04-02	INTEGRAL	10	84f7e794-a400-5d46-9efe-1c8a8f2f711d	Suco de fruta natural	365	330	35	19	SINTETICO
32e9c24a-237e-4300-95f1-7615f7f4de5a	2026-04-02	INTEGRAL	11	eed1d0ec-938c-53ef-94b9-626452f5fbd2	Sopa de legumes	35	35	0	8	SINTETICO
a6ba00a6-a7c8-41ae-9e3d-5268a78e6985	2026-04-02	INTEGRAL	11	9bf7d50c-378c-58f7-ba1a-0dccafffc54c	Bolacha doce	23	21	2	1	SINTETICO
3d31ae8d-8963-4854-a66f-a2f9074bdcfa	2026-04-02	INTEGRAL	12	153737d9-caa6-55d5-b086-f7e83fdab4d2	Pao com manteiga	78	73	5	4	SINTETICO
757b3dfa-cb07-4c3e-a8a1-fb2146477c46	2026-04-02	INTEGRAL	12	9bf7d50c-378c-58f7-ba1a-0dccafffc54c	Bolacha doce	1	1	0	0	SINTETICO
0ce3f95a-6cd3-4aab-aeb7-da93dd4917a0	2026-04-02	INTEGRAL	13	79ca1872-52e0-59dd-af29-543b793c0860	Macarrao ao sugo	17	16	1	3	SINTETICO
1caa5dd1-61e8-4747-b097-c9ec5189940f	2026-04-02	INTEGRAL	13	153737d9-caa6-55d5-b086-f7e83fdab4d2	Pao com manteiga	134	119	15	6	SINTETICO
585a000a-11f2-481a-939b-3be07750fb6e	2026-04-02	INTEGRAL	13	add956e1-36ad-584e-b1e4-a4a8db28315f	Banana	3	3	0	0	SINTETICO
6c85975b-f698-4e7d-a7d0-b658437b9af7	2026-04-02	INTEGRAL	13	2f723cf1-ddd6-58e2-881e-3ab45db8cd2d	Feijao carioca	31	28	3	3	SINTETICO
9b225ede-444f-4041-b857-c66e93689076	2026-04-02	INTEGRAL	13	b6f014a3-eaad-57c0-8ee9-24eb9abb819a	Cuscuz	86	78	8	7	SINTETICO
a636f98e-0a29-4780-a61e-8de0b09d3899	2026-04-02	INTEGRAL	13	3331b130-8600-5a59-9e35-f970f9ea497e	Ovo mexido	0	0	0	0	SINTETICO
6a562618-de36-4e1c-a8c8-510b049a3526	2026-04-02	INTEGRAL	14	9bf7d50c-378c-58f7-ba1a-0dccafffc54c	Bolacha doce	91	88	3	4	SINTETICO
f399451e-a141-4cbf-bcc5-1ecb52c8f468	2026-04-02	INTEGRAL	14	84f7e794-a400-5d46-9efe-1c8a8f2f711d	Suco de fruta natural	52	49	3	2	SINTETICO
27f10a89-2c06-45c0-82b0-ff6a893b803e	2026-04-02	INTEGRAL	14	153737d9-caa6-55d5-b086-f7e83fdab4d2	Pao com manteiga	29	27	2	1	SINTETICO
fc96df13-6135-4fc2-be1b-6d56d2218dfb	2026-04-02	TARDE	15	eed1d0ec-938c-53ef-94b9-626452f5fbd2	Sopa de legumes	6	5	1	2	SINTETICO
32d3fc5e-da6f-4480-bb5a-faab28a058ab	2026-04-02	TARDE	15	add956e1-36ad-584e-b1e4-a4a8db28315f	Banana	389	373	16	19	SINTETICO
232971d3-09ff-4542-971b-991f113e0f4c	2026-04-02	INTEGRAL	17	153737d9-caa6-55d5-b086-f7e83fdab4d2	Pao com manteiga	33	32	1	2	SINTETICO
d7b6eb72-eb05-4fa1-bb81-67c5461ba029	2026-04-02	INTEGRAL	17	1b450f5b-ecde-5880-ad0a-91ce0920069d	Maca	263	251	12	16	SINTETICO
39d3db7a-ea6d-4ec7-8a0b-99a01089bab9	2026-04-03	INTEGRAL	2	add956e1-36ad-584e-b1e4-a4a8db28315f	Banana	2	2	0	0	SINTETICO
898d783e-7724-4feb-aca6-20e1fdfc8dc5	2026-04-03	TARDE	5	153737d9-caa6-55d5-b086-f7e83fdab4d2	Pao com manteiga	6	6	0	0	SINTETICO
629c04ac-b628-4ca6-bd93-405c1fe16991	2026-04-03	INTEGRAL	6	9bf7d50c-378c-58f7-ba1a-0dccafffc54c	Bolacha doce	44	43	1	2	SINTETICO
c47690a7-74e5-4ab3-be5a-544f2c1e574c	2026-04-03	INTEGRAL	6	6753aa6f-0f7e-5208-8cd6-9e7a8733ef22	Leite com achocolatado	23	20	3	1	SINTETICO
16962411-493b-461b-9047-d53f52214664	2026-04-03	MANHA	7	6753aa6f-0f7e-5208-8cd6-9e7a8733ef22	Leite com achocolatado	20	20	0	1	SINTETICO
b7441830-5963-4cb2-9958-cb2d89d65379	2026-04-03	MANHA	7	b6f014a3-eaad-57c0-8ee9-24eb9abb819a	Cuscuz	73	72	1	11	SINTETICO
ef95bb4f-07dd-433c-bdf4-0cdcdfd8b6df	2026-04-03	MANHA	7	84f7e794-a400-5d46-9efe-1c8a8f2f711d	Suco de fruta natural	45	40	5	3	SINTETICO
f452d351-a4e6-464c-9a2c-9e8e750b9d2a	2026-04-03	MANHA	7	9bf7d50c-378c-58f7-ba1a-0dccafffc54c	Bolacha doce	47	41	6	2	SINTETICO
45344fd2-5b48-4c6b-bb2a-ede2a72f04c3	2026-04-03	MANHA	7	2f723cf1-ddd6-58e2-881e-3ab45db8cd2d	Feijao carioca	32	28	4	2	SINTETICO
b582b007-5b7f-4749-aac1-d2f2d0038801	2026-04-03	MANHA	8	9bf7d50c-378c-58f7-ba1a-0dccafffc54c	Bolacha doce	23	21	2	1	SINTETICO
5592f00e-5adf-4914-84d1-1c414f5bb4e8	2026-04-03	MANHA	8	b6f014a3-eaad-57c0-8ee9-24eb9abb819a	Cuscuz	42	39	3	3	SINTETICO
6dafca5e-86fa-4a38-9890-da02cea939cc	2026-04-03	INTEGRAL	9	9bf7d50c-378c-58f7-ba1a-0dccafffc54c	Bolacha doce	42	37	5	2	SINTETICO
6553fe08-685b-421e-be6f-788e47ab7462	2026-04-03	INTEGRAL	11	6753aa6f-0f7e-5208-8cd6-9e7a8733ef22	Leite com achocolatado	16	15	1	1	SINTETICO
dfa05433-1c7b-421f-a591-a98b718a8983	2026-04-03	INTEGRAL	11	0db97b08-9e92-541d-b2d2-1bc810f8fbe8	Iogurte	114	100	14	5	SINTETICO
21b9e0f7-10f3-4359-85ee-d774302fec2c	2026-04-03	TARDE	12	153737d9-caa6-55d5-b086-f7e83fdab4d2	Pao com manteiga	38	34	4	2	SINTETICO
9c3dc6f5-1203-4bad-b2b2-82412e7af80b	2026-04-03	TARDE	12	6753aa6f-0f7e-5208-8cd6-9e7a8733ef22	Leite com achocolatado	72	71	1	4	SINTETICO
1904f636-0d83-4f71-a22d-79feebf93ddc	2026-04-03	TARDE	12	84f7e794-a400-5d46-9efe-1c8a8f2f711d	Suco de fruta natural	100	98	2	4	SINTETICO
9d80f95f-5759-4d86-830a-5eaf0f7f2ef1	2026-04-03	TARDE	12	2f723cf1-ddd6-58e2-881e-3ab45db8cd2d	Feijao carioca	16	16	0	1	SINTETICO
4217de40-f357-4877-b89b-e11025ba38f8	2026-04-03	INTEGRAL	13	84f7e794-a400-5d46-9efe-1c8a8f2f711d	Suco de fruta natural	187	183	4	10	SINTETICO
954d5bed-00b7-4741-b6f4-53f8e50240ab	2026-04-03	INTEGRAL	14	6ce7a969-7c2b-5a21-b072-594a4412ab8b	Arroz branco	47	47	0	4	SINTETICO
df4aabcc-972c-4095-b47d-b325f2992f82	2026-04-03	INTEGRAL	14	79ca1872-52e0-59dd-af29-543b793c0860	Macarrao ao sugo	0	0	0	0	SINTETICO
ae522637-b00a-471f-a457-e5264297fb41	2026-04-03	INTEGRAL	14	b6f014a3-eaad-57c0-8ee9-24eb9abb819a	Cuscuz	1	1	0	0	SINTETICO
faa3ab6e-1d43-4001-9829-d41557362051	2026-04-03	INTEGRAL	14	0db97b08-9e92-541d-b2d2-1bc810f8fbe8	Iogurte	98	93	5	7	SINTETICO
ec492457-25a6-4e59-b112-08e8aa9d8305	2026-04-03	INTEGRAL	14	6753aa6f-0f7e-5208-8cd6-9e7a8733ef22	Leite com achocolatado	45	39	6	2	SINTETICO
55dd2432-cfea-40d1-879b-b0b203d38051	2026-04-03	INTEGRAL	14	153737d9-caa6-55d5-b086-f7e83fdab4d2	Pao com manteiga	1	1	0	0	SINTETICO
ca0c6468-1aca-4c74-a987-5b1ab890c937	2026-04-03	INTEGRAL	14	2f723cf1-ddd6-58e2-881e-3ab45db8cd2d	Feijao carioca	65	61	4	4	SINTETICO
e5537026-bb1c-4f72-a4d9-61efd14622ad	2026-04-03	INTEGRAL	14	1b450f5b-ecde-5880-ad0a-91ce0920069d	Maca	0	0	0	0	SINTETICO
1c00913a-176d-42d6-9b0b-b469f7be6ec6	2026-04-03	INTEGRAL	15	6753aa6f-0f7e-5208-8cd6-9e7a8733ef22	Leite com achocolatado	53	53	0	4	SINTETICO
57f61f25-ab84-4b1d-8500-38f643f93fe0	2026-04-03	INTEGRAL	15	b6f014a3-eaad-57c0-8ee9-24eb9abb819a	Cuscuz	5	5	0	1	SINTETICO
b99b3721-9421-42a6-9db9-ebc1c689b653	2026-04-03	INTEGRAL	15	84f7e794-a400-5d46-9efe-1c8a8f2f711d	Suco de fruta natural	0	0	0	0	SINTETICO
3c75ca6b-5065-40fc-8393-721ea469790e	2026-04-03	INTEGRAL	16	84f7e794-a400-5d46-9efe-1c8a8f2f711d	Suco de fruta natural	40	35	5	2	SINTETICO
406841bd-d51a-49ad-be6c-f34b9fe7a1be	2026-04-03	INTEGRAL	16	eed1d0ec-938c-53ef-94b9-626452f5fbd2	Sopa de legumes	47	43	4	15	SINTETICO
5a674d56-6c09-44d4-953c-dabfe3dff5b8	2026-04-03	INTEGRAL	16	6753aa6f-0f7e-5208-8cd6-9e7a8733ef22	Leite com achocolatado	0	0	0	0	SINTETICO
164257ce-0522-46a5-bbda-3549119970ed	2026-04-03	INTEGRAL	16	2f723cf1-ddd6-58e2-881e-3ab45db8cd2d	Feijao carioca	168	151	17	11	SINTETICO
114a3122-5c0b-459a-8025-6a0f397f8ce1	2026-04-03	INTEGRAL	17	153737d9-caa6-55d5-b086-f7e83fdab4d2	Pao com manteiga	83	72	11	3	SINTETICO
104945b1-5041-4a9d-b7e7-ba46f0860a12	2026-04-06	INTEGRAL	2	9bf7d50c-378c-58f7-ba1a-0dccafffc54c	Bolacha doce	37	32	5	2	SINTETICO
5b3803b2-cee9-42a1-8b2a-e772c56bb7ec	2026-04-06	MANHA	4	b6f014a3-eaad-57c0-8ee9-24eb9abb819a	Cuscuz	46	43	3	5	SINTETICO
96c0791a-283c-4d41-bc7f-ac6e45c2dc60	2026-04-06	MANHA	4	6753aa6f-0f7e-5208-8cd6-9e7a8733ef22	Leite com achocolatado	291	269	22	20	SINTETICO
5798774e-3204-46d3-bbd2-bd0bac0aae40	2026-04-06	MANHA	4	b99afe70-33ca-5504-9840-345a82dc68a3	Cenoura ralada	3	3	0	0	SINTETICO
927f1c42-6ed1-4af4-aae3-3424027ff154	2026-04-06	INTEGRAL	7	0db97b08-9e92-541d-b2d2-1bc810f8fbe8	Iogurte	50	45	5	2	SINTETICO
825f7de7-e537-4bb0-a858-93cb31b1e004	2026-04-06	MANHA	8	b6f014a3-eaad-57c0-8ee9-24eb9abb819a	Cuscuz	34	32	2	4	SINTETICO
753be759-efa7-4a87-b1a3-963ea55a3e40	2026-04-06	MANHA	8	153737d9-caa6-55d5-b086-f7e83fdab4d2	Pao com manteiga	205	179	26	9	SINTETICO
d614dd1b-377f-42cf-a398-e59c651060b1	2026-04-06	MANHA	8	3331b130-8600-5a59-9e35-f970f9ea497e	Ovo mexido	261	237	24	35	SINTETICO
2b24fe4c-9225-4d22-a617-6b73f6a29165	2026-04-06	MANHA	8	6ce7a969-7c2b-5a21-b072-594a4412ab8b	Arroz branco	54	53	1	4	SINTETICO
93c55c5f-4058-4a5d-9548-0cb7f3e40dc6	2026-04-06	MANHA	8	2f723cf1-ddd6-58e2-881e-3ab45db8cd2d	Feijao carioca	38	35	3	3	SINTETICO
07fa9634-69db-49e2-bef1-15e5b05075d6	2026-04-06	INTEGRAL	11	add956e1-36ad-584e-b1e4-a4a8db28315f	Banana	18	17	1	1	SINTETICO
2bf37f10-fddd-43f5-b45a-52b15d51d9bf	2026-04-06	INTEGRAL	13	153737d9-caa6-55d5-b086-f7e83fdab4d2	Pao com manteiga	238	234	4	12	SINTETICO
6bf51082-ff65-41a6-b9ab-37024ebd9983	2026-04-06	INTEGRAL	13	79ca1872-52e0-59dd-af29-543b793c0860	Macarrao ao sugo	100	91	9	12	SINTETICO
e425a72a-d14c-4b39-b618-1959a5ec5d37	2026-04-06	INTEGRAL	13	eed1d0ec-938c-53ef-94b9-626452f5fbd2	Sopa de legumes	84	83	1	18	SINTETICO
2a18f232-1201-4fe1-ad4e-6a71931f4f17	2026-04-06	INTEGRAL	13	9bf7d50c-378c-58f7-ba1a-0dccafffc54c	Bolacha doce	360	350	10	13	SINTETICO
26c835ce-ed1a-4972-933c-e9661e4de523	2026-04-06	INTEGRAL	13	84f7e794-a400-5d46-9efe-1c8a8f2f711d	Suco de fruta natural	83	80	3	4	SINTETICO
7cb66c2f-b1e8-4f94-ae3d-60c34b157747	2026-04-06	INTEGRAL	14	1b450f5b-ecde-5880-ad0a-91ce0920069d	Maca	48	46	2	2	SINTETICO
947b6c24-8382-466b-9047-4d527c5f06ee	2026-04-06	INTEGRAL	16	b6f014a3-eaad-57c0-8ee9-24eb9abb819a	Cuscuz	0	0	0	0	SINTETICO
fbab9863-3799-42d0-b9ce-d4240e1e4016	2026-04-06	INTEGRAL	16	2f723cf1-ddd6-58e2-881e-3ab45db8cd2d	Feijao carioca	275	257	18	21	SINTETICO
5bd3dd79-bd1b-4978-a1c1-a959ec5374e8	2026-04-06	INTEGRAL	17	153737d9-caa6-55d5-b086-f7e83fdab4d2	Pao com manteiga	85	84	1	5	SINTETICO
3e5370b5-cc1b-4535-9234-2d84c1ae98ab	2026-04-06	INTEGRAL	17	2f723cf1-ddd6-58e2-881e-3ab45db8cd2d	Feijao carioca	35	33	2	2	SINTETICO
bf22b728-8d6a-4d01-a8cb-64c031f2a0b6	2026-04-06	INTEGRAL	17	6753aa6f-0f7e-5208-8cd6-9e7a8733ef22	Leite com achocolatado	5	5	0	0	SINTETICO
f248dae3-0c70-400c-8d23-4710ec427e33	2026-04-06	MANHA	18	84f7e794-a400-5d46-9efe-1c8a8f2f711d	Suco de fruta natural	2	2	0	0	SINTETICO
a6ae459b-d245-4ac9-a904-f588d3689ae6	2026-04-06	MANHA	18	0db97b08-9e92-541d-b2d2-1bc810f8fbe8	Iogurte	9	9	0	1	SINTETICO
645df9b9-bbde-4e8b-8574-4a81daf8bfce	2026-04-06	MANHA	18	9bf7d50c-378c-58f7-ba1a-0dccafffc54c	Bolacha doce	5	5	0	0	SINTETICO
db56f990-6da1-4702-9fff-b505b139068b	2026-04-07	MANHA	1	6ce7a969-7c2b-5a21-b072-594a4412ab8b	Arroz branco	206	182	24	15	SINTETICO
c50597e4-c5f4-494e-9dd9-7941afb887bb	2026-04-07	INTEGRAL	2	153737d9-caa6-55d5-b086-f7e83fdab4d2	Pao com manteiga	85	83	2	5	SINTETICO
1920dc24-cb1f-48d0-95f0-4637ea052ef5	2026-04-07	INTEGRAL	3	6753aa6f-0f7e-5208-8cd6-9e7a8733ef22	Leite com achocolatado	15	15	0	1	SINTETICO
66185be3-acd2-49ca-9dcd-ab368ff35ba7	2026-04-07	INTEGRAL	3	eed1d0ec-938c-53ef-94b9-626452f5fbd2	Sopa de legumes	20	19	1	5	SINTETICO
0f1d282d-c6c5-4ae5-b611-89f4abf4be10	2026-04-07	INTEGRAL	3	153737d9-caa6-55d5-b086-f7e83fdab4d2	Pao com manteiga	71	67	4	3	SINTETICO
693caccc-c70a-4552-9c9e-e781e8a4cf0c	2026-04-07	INTEGRAL	4	79ca1872-52e0-59dd-af29-543b793c0860	Macarrao ao sugo	2	2	0	0	SINTETICO
e68d8b0a-e221-4fc7-a8a4-fc39f37a62f4	2026-04-07	INTEGRAL	4	1b450f5b-ecde-5880-ad0a-91ce0920069d	Maca	22	21	1	1	SINTETICO
8a32d61d-b9e6-4942-8899-ed0eb0f52dec	2026-04-07	INTEGRAL	5	2f723cf1-ddd6-58e2-881e-3ab45db8cd2d	Feijao carioca	99	99	0	7	SINTETICO
7b56eedc-3d77-4261-9ca2-99c8365d4734	2026-04-07	INTEGRAL	5	0db97b08-9e92-541d-b2d2-1bc810f8fbe8	Iogurte	113	107	6	8	SINTETICO
3243beb7-63c4-4f29-b218-69968f997c28	2026-04-07	INTEGRAL	5	eed1d0ec-938c-53ef-94b9-626452f5fbd2	Sopa de legumes	5	5	0	1	SINTETICO
ac8d3f4d-7ca3-4c89-900a-6f2ccd4a982c	2026-04-07	MANHA	6	9bf7d50c-378c-58f7-ba1a-0dccafffc54c	Bolacha doce	7	6	1	0	SINTETICO
b29e5d4f-b3a3-4f53-a09c-a7fa606e8d7c	2026-04-07	MANHA	6	6753aa6f-0f7e-5208-8cd6-9e7a8733ef22	Leite com achocolatado	50	48	2	2	SINTETICO
91eb88d5-c425-473c-bbb8-fbc3ac50903c	2026-04-07	INTEGRAL	7	b6f014a3-eaad-57c0-8ee9-24eb9abb819a	Cuscuz	36	32	4	3	SINTETICO
1b4dd3f5-6d91-42a4-b7cc-825df9585920	2026-04-07	INTEGRAL	7	6753aa6f-0f7e-5208-8cd6-9e7a8733ef22	Leite com achocolatado	6	5	1	0	SINTETICO
c61e8b1e-8785-41c0-9a4d-1353b96853fe	2026-04-07	INTEGRAL	9	2f723cf1-ddd6-58e2-881e-3ab45db8cd2d	Feijao carioca	0	0	0	0	SINTETICO
e0045f3f-5840-4730-aacc-d91b2b4cd5ab	2026-04-07	MANHA	10	79ca1872-52e0-59dd-af29-543b793c0860	Macarrao ao sugo	5	4	1	0	SINTETICO
3e389dd6-a47a-4739-a6d6-dc99e99c1f26	2026-04-07	TARDE	11	0db97b08-9e92-541d-b2d2-1bc810f8fbe8	Iogurte	141	130	11	9	SINTETICO
8838a9e5-3817-45c6-86e8-6d067e691ac9	2026-04-07	TARDE	11	b6f014a3-eaad-57c0-8ee9-24eb9abb819a	Cuscuz	0	0	0	0	SINTETICO
00e13400-171d-43fa-9c97-469c4f0dd8e6	2026-04-07	MANHA	12	b6f014a3-eaad-57c0-8ee9-24eb9abb819a	Cuscuz	38	34	4	3	SINTETICO
533edc0d-0b8d-4a11-894f-937e7f1a29fd	2026-04-07	MANHA	12	2f723cf1-ddd6-58e2-881e-3ab45db8cd2d	Feijao carioca	24	23	1	2	SINTETICO
06a7d4fc-983f-4487-b97a-96a925080833	2026-04-07	MANHA	12	1b450f5b-ecde-5880-ad0a-91ce0920069d	Maca	0	0	0	0	SINTETICO
dd1cfa41-10fa-4647-a25b-e2dd31e9b062	2026-04-07	INTEGRAL	14	b6f014a3-eaad-57c0-8ee9-24eb9abb819a	Cuscuz	10	9	1	1	SINTETICO
6f877792-cf85-45e8-875f-b9a7f5673eb8	2026-04-07	INTEGRAL	14	9bf7d50c-378c-58f7-ba1a-0dccafffc54c	Bolacha doce	2	2	0	0	SINTETICO
9a694602-b370-4767-9160-d4f062bd6246	2026-04-07	MANHA	15	add956e1-36ad-584e-b1e4-a4a8db28315f	Banana	82	79	3	3	SINTETICO
fb25e0a3-5413-4e44-a1f0-1932f0e5b609	2026-04-07	MANHA	15	79ca1872-52e0-59dd-af29-543b793c0860	Macarrao ao sugo	0	0	0	0	SINTETICO
44bcd423-40c2-454a-8b6e-ed6d6aeb4a45	2026-04-07	TARDE	17	6ce7a969-7c2b-5a21-b072-594a4412ab8b	Arroz branco	125	112	13	6	SINTETICO
b77ef602-72ab-4454-80a2-6d9c9569eee7	2026-04-07	TARDE	18	add956e1-36ad-584e-b1e4-a4a8db28315f	Banana	554	494	60	26	SINTETICO
957a5f08-ce7b-4493-bfee-ca072ca4c0e5	2026-04-07	TARDE	18	84f7e794-a400-5d46-9efe-1c8a8f2f711d	Suco de fruta natural	3	3	0	0	SINTETICO
fb079425-7b22-4951-a578-a88825606845	2026-04-07	TARDE	18	6753aa6f-0f7e-5208-8cd6-9e7a8733ef22	Leite com achocolatado	83	76	7	4	SINTETICO
32a95f8a-dd14-4dff-b2d1-e474b689dfcb	2026-04-07	TARDE	18	79ca1872-52e0-59dd-af29-543b793c0860	Macarrao ao sugo	111	107	4	19	SINTETICO
d17b8b5b-10a2-4d84-bbe7-be9a4eb32be0	2026-04-08	TARDE	2	153737d9-caa6-55d5-b086-f7e83fdab4d2	Pao com manteiga	2	2	0	0	SINTETICO
7a59c0a3-5ad5-4d0e-90d3-5f3f66f8e5b1	2026-04-08	TARDE	2	eed1d0ec-938c-53ef-94b9-626452f5fbd2	Sopa de legumes	27	27	0	8	SINTETICO
ec450432-f986-4376-b019-5ab149bd0e03	2026-04-08	INTEGRAL	5	9bf7d50c-378c-58f7-ba1a-0dccafffc54c	Bolacha doce	1	1	0	0	SINTETICO
2b1786f1-a54c-49d4-9c8c-6dcdfe99f43e	2026-04-08	INTEGRAL	5	1b450f5b-ecde-5880-ad0a-91ce0920069d	Maca	39	37	2	2	SINTETICO
f7b9a3e6-b083-485f-b93c-4eef1aa0405d	2026-04-08	INTEGRAL	5	2f723cf1-ddd6-58e2-881e-3ab45db8cd2d	Feijao carioca	3	3	0	0	SINTETICO
b6446426-75a0-4da3-b592-e90b2995ce1c	2026-04-08	INTEGRAL	5	153737d9-caa6-55d5-b086-f7e83fdab4d2	Pao com manteiga	0	0	0	0	SINTETICO
653e25a7-1fd6-4984-ad8a-85d43ed063eb	2026-04-08	MANHA	8	6ce7a969-7c2b-5a21-b072-594a4412ab8b	Arroz branco	58	55	3	5	SINTETICO
10eda74a-3194-4ecc-b154-03b7a688ed7c	2026-04-08	MANHA	8	2f723cf1-ddd6-58e2-881e-3ab45db8cd2d	Feijao carioca	19	19	0	2	SINTETICO
6cadb8b8-995f-4bcf-bf5b-f652975d0f3f	2026-04-08	MANHA	8	153737d9-caa6-55d5-b086-f7e83fdab4d2	Pao com manteiga	18	18	0	1	SINTETICO
86208db2-6646-4ecf-ae73-355bfb069efc	2026-04-08	INTEGRAL	10	84f7e794-a400-5d46-9efe-1c8a8f2f711d	Suco de fruta natural	1	1	0	0	SINTETICO
eeacc14a-363b-491d-9a81-0ee5b8228b92	2026-04-08	TARDE	13	b6f014a3-eaad-57c0-8ee9-24eb9abb819a	Cuscuz	0	0	0	0	SINTETICO
0070df92-438d-4af9-b87a-61832d839179	2026-04-08	TARDE	13	79ca1872-52e0-59dd-af29-543b793c0860	Macarrao ao sugo	31	29	2	3	SINTETICO
0d15ccd1-e02c-4476-848e-687a38f1d69d	2026-04-08	MANHA	15	6753aa6f-0f7e-5208-8cd6-9e7a8733ef22	Leite com achocolatado	5	5	0	0	SINTETICO
d0e96800-7819-46d8-8056-0e04d3f2165f	2026-04-08	INTEGRAL	16	6753aa6f-0f7e-5208-8cd6-9e7a8733ef22	Leite com achocolatado	6	6	0	0	SINTETICO
aaf6d418-8547-4234-8060-0e663eac848e	2026-04-08	TARDE	17	6ce7a969-7c2b-5a21-b072-594a4412ab8b	Arroz branco	125	115	10	6	SINTETICO
9708b544-dd07-4d21-8b36-a4525f7b9956	2026-04-08	TARDE	17	2f723cf1-ddd6-58e2-881e-3ab45db8cd2d	Feijao carioca	85	80	5	9	SINTETICO
7537ce4b-97e1-4659-82b7-865b0daecb86	2026-04-08	INTEGRAL	18	b6f014a3-eaad-57c0-8ee9-24eb9abb819a	Cuscuz	104	103	1	10	SINTETICO
6dfc2ac9-1f12-4977-8b8f-3cb85a29bad7	2026-04-08	INTEGRAL	18	2f723cf1-ddd6-58e2-881e-3ab45db8cd2d	Feijao carioca	24	22	2	1	SINTETICO
581919ed-a2c8-496b-96f6-60c4ed38867b	2026-04-09	INTEGRAL	1	6753aa6f-0f7e-5208-8cd6-9e7a8733ef22	Leite com achocolatado	32	28	4	2	SINTETICO
062037ce-4951-4043-be77-5db02bd94a12	2026-04-09	INTEGRAL	1	0db97b08-9e92-541d-b2d2-1bc810f8fbe8	Iogurte	14	13	1	1	SINTETICO
e639d89b-e48a-4a3e-b96d-6a249aaa3bca	2026-04-09	INTEGRAL	1	6ce7a969-7c2b-5a21-b072-594a4412ab8b	Arroz branco	0	0	0	0	SINTETICO
f463e036-e658-44d6-9ff9-ca66d01e8b08	2026-04-09	INTEGRAL	3	0db97b08-9e92-541d-b2d2-1bc810f8fbe8	Iogurte	2	2	0	0	SINTETICO
290077d2-39a8-4017-bb2f-e7e318c178f0	2026-04-09	INTEGRAL	4	eed1d0ec-938c-53ef-94b9-626452f5fbd2	Sopa de legumes	2	2	0	1	SINTETICO
5477aeb2-add7-4e90-bdc5-edf81b640dfb	2026-04-09	INTEGRAL	5	0db97b08-9e92-541d-b2d2-1bc810f8fbe8	Iogurte	21	21	0	1	SINTETICO
45178513-b155-4cbb-871a-1ef355e78efb	2026-04-09	INTEGRAL	7	add956e1-36ad-584e-b1e4-a4a8db28315f	Banana	110	101	9	3	SINTETICO
0d02079d-22a6-4d94-a31f-f3456a2ad299	2026-04-09	INTEGRAL	8	2f723cf1-ddd6-58e2-881e-3ab45db8cd2d	Feijao carioca	2	2	0	0	SINTETICO
f68d56a8-cce3-4d5f-8a53-72ffd80a5847	2026-04-09	INTEGRAL	10	2f723cf1-ddd6-58e2-881e-3ab45db8cd2d	Feijao carioca	192	172	20	14	SINTETICO
a5d992a8-13ee-458f-a941-85e8b6e4eeed	2026-04-09	INTEGRAL	11	6753aa6f-0f7e-5208-8cd6-9e7a8733ef22	Leite com achocolatado	37	33	4	3	SINTETICO
cee126bf-ecf3-46b6-a2f0-aefc5b7e4777	2026-04-09	INTEGRAL	11	9bf7d50c-378c-58f7-ba1a-0dccafffc54c	Bolacha doce	71	68	3	4	SINTETICO
9ec48f0f-b919-4328-87cc-2cc7630da5b4	2026-04-09	MANHA	12	9bf7d50c-378c-58f7-ba1a-0dccafffc54c	Bolacha doce	3	3	0	0	SINTETICO
20f98f6e-9a2b-4a93-9496-bd4520ecfbaf	2026-04-09	MANHA	15	add956e1-36ad-584e-b1e4-a4a8db28315f	Banana	32	31	1	1	SINTETICO
dcda4ab9-daeb-4b33-ac01-156f554909e8	2026-04-09	MANHA	15	84f7e794-a400-5d46-9efe-1c8a8f2f711d	Suco de fruta natural	108	101	7	4	SINTETICO
a66543fd-b3f8-4eb8-b6b4-96622d35dda6	2026-04-09	MANHA	15	0db97b08-9e92-541d-b2d2-1bc810f8fbe8	Iogurte	24	22	2	1	SINTETICO
0383bcc0-8db3-4383-97bc-d9532cca0775	2026-04-09	MANHA	15	153737d9-caa6-55d5-b086-f7e83fdab4d2	Pao com manteiga	48	47	1	3	SINTETICO
08ae0a5b-6073-40f5-b9c5-ac796f4654c5	2026-04-10	INTEGRAL	1	6753aa6f-0f7e-5208-8cd6-9e7a8733ef22	Leite com achocolatado	97	91	6	4	SINTETICO
00b0eb55-5079-440a-9329-2c6f6b72eccd	2026-04-10	INTEGRAL	1	153737d9-caa6-55d5-b086-f7e83fdab4d2	Pao com manteiga	0	0	0	0	SINTETICO
d36eb376-1bd0-4a23-af69-84ac34a8a5ed	2026-04-10	INTEGRAL	3	0db97b08-9e92-541d-b2d2-1bc810f8fbe8	Iogurte	373	342	31	25	SINTETICO
012a19d0-7842-458b-9d0b-1384fed4c599	2026-04-10	TARDE	8	e9939964-7e5f-542e-9526-0c743b00ffb0	Salada de tomate	169	164	5	18	SINTETICO
abdcdb60-52be-4a17-a67c-b16c566d5b26	2026-04-10	TARDE	8	79ca1872-52e0-59dd-af29-543b793c0860	Macarrao ao sugo	4	4	0	0	SINTETICO
f072d191-0236-4866-b0f3-f20345ba2391	2026-04-10	MANHA	10	0db97b08-9e92-541d-b2d2-1bc810f8fbe8	Iogurte	18	17	1	1	SINTETICO
4d6dddaa-2d91-4691-8f01-a85a30f0625e	2026-04-10	INTEGRAL	12	9bf7d50c-378c-58f7-ba1a-0dccafffc54c	Bolacha doce	1	1	0	0	SINTETICO
0d568454-289b-4ca1-bb8f-8eed41ae6d2a	2026-04-10	INTEGRAL	12	6ce7a969-7c2b-5a21-b072-594a4412ab8b	Arroz branco	0	0	0	0	SINTETICO
11666aa7-e172-4514-8bd3-425c85fd74ab	2026-04-10	INTEGRAL	12	84f7e794-a400-5d46-9efe-1c8a8f2f711d	Suco de fruta natural	5	4	1	0	SINTETICO
415b12fc-bdc8-4dd8-a238-72e5731851ef	2026-04-10	INTEGRAL	14	84f7e794-a400-5d46-9efe-1c8a8f2f711d	Suco de fruta natural	16	14	2	1	SINTETICO
0709c019-b380-449c-a9ae-028766ad74c4	2026-04-10	MANHA	15	add956e1-36ad-584e-b1e4-a4a8db28315f	Banana	89	87	2	3	SINTETICO
a6303fc3-6b81-4269-ae1f-fa2c200836ce	2026-04-10	TARDE	17	1b450f5b-ecde-5880-ad0a-91ce0920069d	Maca	372	349	23	21	SINTETICO
f9610da5-5d84-45e7-9043-cae2082f2b56	2026-04-10	TARDE	17	2f723cf1-ddd6-58e2-881e-3ab45db8cd2d	Feijao carioca	247	229	18	17	SINTETICO
50be5396-33c2-4c73-b7d8-7ebadc0d7233	2026-04-13	MANHA	2	d0f748b6-0ca4-5794-9480-45981f00672c	Ensopado de mandioca	107	94	13	14	SINTETICO
96cc9cd8-d658-4395-8d19-c33f516a031f	2026-04-13	MANHA	2	eed1d0ec-938c-53ef-94b9-626452f5fbd2	Sopa de legumes	0	0	0	0	SINTETICO
196f9fcf-2c0e-4e79-ad48-e1a8e3494f85	2026-04-13	MANHA	2	0db97b08-9e92-541d-b2d2-1bc810f8fbe8	Iogurte	37	36	1	2	SINTETICO
398dbecc-6da5-400d-85ea-b527e2374274	2026-04-13	MANHA	2	153737d9-caa6-55d5-b086-f7e83fdab4d2	Pao com manteiga	2	2	0	0	SINTETICO
28aa8cba-9949-4c0d-8450-72e81a408ca0	2026-04-13	INTEGRAL	4	eed1d0ec-938c-53ef-94b9-626452f5fbd2	Sopa de legumes	38	38	0	14	SINTETICO
7968c67e-b8ea-4de5-95ec-22e988cefcc4	2026-04-13	INTEGRAL	4	9bf7d50c-378c-58f7-ba1a-0dccafffc54c	Bolacha doce	0	0	0	0	SINTETICO
f78a6a5f-7086-4614-bb76-d1cf662b7d83	2026-04-13	MANHA	5	2f723cf1-ddd6-58e2-881e-3ab45db8cd2d	Feijao carioca	5	5	0	1	SINTETICO
fc5c2b2f-5f15-488c-b3e1-3e8aab225aa0	2026-04-13	MANHA	5	6ce7a969-7c2b-5a21-b072-594a4412ab8b	Arroz branco	57	51	6	3	SINTETICO
3b1e89d7-1004-459c-a43e-ade0068f01d4	2026-04-13	MANHA	5	6753aa6f-0f7e-5208-8cd6-9e7a8733ef22	Leite com achocolatado	34	33	1	2	SINTETICO
64ee6562-17a6-43a3-b9e7-ccf8c0c80390	2026-04-13	MANHA	8	b6f014a3-eaad-57c0-8ee9-24eb9abb819a	Cuscuz	21	19	2	2	SINTETICO
76185a6b-d343-409d-b60b-9f19bd18d735	2026-04-13	MANHA	8	ddeef647-cce4-5236-a3b1-dece44ed098e	Couve flor	0	0	0	0	SINTETICO
10a52230-d3ed-417a-94d2-8af649763e45	2026-04-13	MANHA	8	add956e1-36ad-584e-b1e4-a4a8db28315f	Banana	20	18	2	1	SINTETICO
6ea73b70-91a2-4082-b146-365d4774c2d7	2026-04-13	MANHA	8	153737d9-caa6-55d5-b086-f7e83fdab4d2	Pao com manteiga	3	3	0	0	SINTETICO
1de18192-4375-42a8-9505-af6d4d4ed83c	2026-04-13	INTEGRAL	10	1b450f5b-ecde-5880-ad0a-91ce0920069d	Maca	352	335	17	12	SINTETICO
586dbbf9-7a98-4194-96b5-23ef7b9e5a6c	2026-04-13	TARDE	11	6753aa6f-0f7e-5208-8cd6-9e7a8733ef22	Leite com achocolatado	91	83	8	6	SINTETICO
9225c400-e98e-4d3b-a649-b33f261d17c0	2026-04-13	TARDE	11	47fbd9af-ac57-5250-a6e2-0018c6bd21c0	Couve	220	206	14	63	SINTETICO
5a579974-77a2-4c6e-a81e-20efc1ec9777	2026-04-13	TARDE	11	84f7e794-a400-5d46-9efe-1c8a8f2f711d	Suco de fruta natural	73	64	9	4	SINTETICO
fb23fdcb-7833-4b3a-a300-1c88ab125417	2026-04-13	INTEGRAL	12	b6f014a3-eaad-57c0-8ee9-24eb9abb819a	Cuscuz	49	43	6	7	SINTETICO
f8f62c55-6966-4dba-ac75-9fa187e22f72	2026-04-13	TARDE	14	1b450f5b-ecde-5880-ad0a-91ce0920069d	Maca	0	0	0	0	SINTETICO
e0181b2b-0065-42c5-9b5f-46499ac2b0fd	2026-04-13	TARDE	14	b6f014a3-eaad-57c0-8ee9-24eb9abb819a	Cuscuz	114	107	7	13	SINTETICO
b1e3441a-b6e7-459a-addd-b97547c94118	2026-04-13	TARDE	14	eed1d0ec-938c-53ef-94b9-626452f5fbd2	Sopa de legumes	0	0	0	0	SINTETICO
ba26fc17-1e27-47d1-a981-2a40360fa4fc	2026-04-13	TARDE	14	79ca1872-52e0-59dd-af29-543b793c0860	Macarrao ao sugo	92	82	10	13	SINTETICO
b7cb04ef-bcbf-4d1c-a9d1-bee6cca708c2	2026-04-13	INTEGRAL	16	84f7e794-a400-5d46-9efe-1c8a8f2f711d	Suco de fruta natural	3	3	0	0	SINTETICO
5b97d9d7-5d69-4f07-9cee-cc7586aa3e66	2026-04-13	INTEGRAL	16	add956e1-36ad-584e-b1e4-a4a8db28315f	Banana	121	108	13	4	SINTETICO
88634eaa-1f11-4c60-93e3-5350a28d386a	2026-04-13	INTEGRAL	17	0db97b08-9e92-541d-b2d2-1bc810f8fbe8	Iogurte	2	2	0	0	SINTETICO
6cc2b8b1-f3b1-426a-a064-2f211d9d44f2	2026-04-13	INTEGRAL	17	2f723cf1-ddd6-58e2-881e-3ab45db8cd2d	Feijao carioca	0	0	0	0	SINTETICO
4dbd9f31-f5f9-4c5c-98fc-71e54f467879	2026-04-13	INTEGRAL	17	84f7e794-a400-5d46-9efe-1c8a8f2f711d	Suco de fruta natural	76	72	4	4	SINTETICO
4af57c07-734b-49b0-8850-1c1f822f7c7f	2026-04-13	INTEGRAL	17	9bf7d50c-378c-58f7-ba1a-0dccafffc54c	Bolacha doce	18	16	2	1	SINTETICO
140cda40-32f3-4a0b-a216-5f006e6c471f	2026-04-13	INTEGRAL	18	9bf7d50c-378c-58f7-ba1a-0dccafffc54c	Bolacha doce	24	23	1	1	SINTETICO
372671a7-aa21-4cc3-9142-8dd56822f2d9	2026-04-13	INTEGRAL	18	84f7e794-a400-5d46-9efe-1c8a8f2f711d	Suco de fruta natural	3	3	0	0	SINTETICO
bf9c3e9c-2482-4aa0-ae25-3804b0a4e18f	2026-04-14	MANHA	2	b6f014a3-eaad-57c0-8ee9-24eb9abb819a	Cuscuz	23	20	3	2	SINTETICO
e0d8755d-837e-4f96-8bbd-e1e67ee8f79d	2026-04-14	TARDE	4	6ce7a969-7c2b-5a21-b072-594a4412ab8b	Arroz branco	22	20	2	1	SINTETICO
500c4872-c3e1-4aa0-bcf6-97bd48fe7525	2026-04-14	TARDE	4	add956e1-36ad-584e-b1e4-a4a8db28315f	Banana	552	494	58	15	SINTETICO
a0ca5552-36b9-4a52-ac22-25adff20ff40	2026-04-14	TARDE	4	79ca1872-52e0-59dd-af29-543b793c0860	Macarrao ao sugo	32	29	3	4	SINTETICO
a310e645-7673-453a-bd00-a74ea7548e8a	2026-04-14	TARDE	4	045210e2-4f88-5f7b-950a-db8c8dacab7e	Repolho	120	116	4	35	SINTETICO
513c610a-4dad-41b8-a47f-268c3e30b7a4	2026-04-14	MANHA	6	eed1d0ec-938c-53ef-94b9-626452f5fbd2	Sopa de legumes	23	20	3	7	SINTETICO
3354417c-f5d0-4b23-a114-b96fa16361f0	2026-04-14	MANHA	6	2f723cf1-ddd6-58e2-881e-3ab45db8cd2d	Feijao carioca	187	170	17	13	SINTETICO
01bc3e41-b397-4bc5-939f-06d7a896f58c	2026-04-14	MANHA	6	84f7e794-a400-5d46-9efe-1c8a8f2f711d	Suco de fruta natural	72	71	1	3	SINTETICO
02477c0b-be42-457e-9287-e07180b4d715	2026-04-14	MANHA	6	add956e1-36ad-584e-b1e4-a4a8db28315f	Banana	3	3	0	0	SINTETICO
bac48165-312b-49c4-b412-44098626a499	2026-04-14	MANHA	6	6ce7a969-7c2b-5a21-b072-594a4412ab8b	Arroz branco	45	43	2	3	SINTETICO
d237eaa2-dfb7-4480-a0d5-e3fa3559a13d	2026-04-14	MANHA	6	988137c4-1f9b-556f-a585-e26e4827e310	Carne de panela	1	1	0	0	SINTETICO
6038e1aa-2d34-43a6-a14f-3bf2bc782860	2026-04-14	MANHA	6	b6f014a3-eaad-57c0-8ee9-24eb9abb819a	Cuscuz	3	3	0	0	SINTETICO
fcfd6e1f-24fb-4ed1-83f1-6bce7c16667c	2026-04-14	MANHA	6	0db97b08-9e92-541d-b2d2-1bc810f8fbe8	Iogurte	39	35	4	2	SINTETICO
6a2c551c-2f1e-4563-98de-45160ea125e8	2026-04-14	MANHA	9	84f7e794-a400-5d46-9efe-1c8a8f2f711d	Suco de fruta natural	42	41	1	2	SINTETICO
cc37a53a-fca9-4c90-9591-a1eb5af574bf	2026-04-14	MANHA	9	e9939964-7e5f-542e-9526-0c743b00ffb0	Salada de tomate	49	46	3	6	SINTETICO
9ad55e74-66ec-40a2-9359-6613d82070ef	2026-04-14	MANHA	9	add956e1-36ad-584e-b1e4-a4a8db28315f	Banana	10	9	1	0	SINTETICO
c999edd9-d06f-48c3-a909-b505ab134252	2026-04-14	MANHA	9	2f723cf1-ddd6-58e2-881e-3ab45db8cd2d	Feijao carioca	52	47	5	4	SINTETICO
a243b0bf-f32e-4d6a-8cd8-760f285e99b7	2026-04-14	MANHA	9	d0f748b6-0ca4-5794-9480-45981f00672c	Ensopado de mandioca	40	36	4	6	SINTETICO
ac13d5e7-6e08-47a8-8a75-572de8faca81	2026-04-14	MANHA	11	9c858519-faab-50d6-9561-8f90f4f84567	Guisado com moranga	0	0	0	0	SINTETICO
3b954cc3-b598-40c7-9148-6eaf6a5c4a59	2026-04-14	MANHA	11	9bf7d50c-378c-58f7-ba1a-0dccafffc54c	Bolacha doce	89	88	1	5	SINTETICO
db119b3e-8fb8-4c79-b502-c867446cb461	2026-04-14	MANHA	11	add956e1-36ad-584e-b1e4-a4a8db28315f	Banana	125	113	12	4	SINTETICO
9274ee5a-0366-43a1-996a-f10fe26707a4	2026-04-14	MANHA	11	b6f014a3-eaad-57c0-8ee9-24eb9abb819a	Cuscuz	26	24	2	3	SINTETICO
0d12c598-6105-4dcb-bea5-6adbc16715d4	2026-04-14	MANHA	11	153737d9-caa6-55d5-b086-f7e83fdab4d2	Pao com manteiga	18	17	1	1	SINTETICO
56556ffb-5cf5-4074-8f81-5a54a642a795	2026-04-14	INTEGRAL	12	b6f014a3-eaad-57c0-8ee9-24eb9abb819a	Cuscuz	0	0	0	0	SINTETICO
a4a3891e-fc8b-4e8d-b29d-958efada3889	2026-04-14	INTEGRAL	13	153737d9-caa6-55d5-b086-f7e83fdab4d2	Pao com manteiga	50	47	3	3	SINTETICO
d4ad7b01-5cce-4d3c-a795-d7fd78fbb676	2026-04-14	INTEGRAL	14	6753aa6f-0f7e-5208-8cd6-9e7a8733ef22	Leite com achocolatado	3	3	0	0	SINTETICO
1344c971-fad8-45c4-bb06-fa940c15c1d8	2026-04-14	INTEGRAL	14	9c858519-faab-50d6-9561-8f90f4f84567	Guisado com moranga	5	4	1	1	SINTETICO
5b88efaf-3536-44ff-97e5-108e1d1c4fbd	2026-04-14	INTEGRAL	14	9bf7d50c-378c-58f7-ba1a-0dccafffc54c	Bolacha doce	11	10	1	0	SINTETICO
356f8b04-16e8-4c4d-b4c8-8c5a1a244888	2026-04-14	INTEGRAL	14	79ca1872-52e0-59dd-af29-543b793c0860	Macarrao ao sugo	119	106	13	10	SINTETICO
11e02a8a-7797-45ff-b657-93eccb4e5cdd	2026-04-15	INTEGRAL	1	eed1d0ec-938c-53ef-94b9-626452f5fbd2	Sopa de legumes	13	12	1	3	SINTETICO
f57d85f9-fab2-4ad0-9970-7262c1d509b3	2026-04-15	INTEGRAL	1	9bf7d50c-378c-58f7-ba1a-0dccafffc54c	Bolacha doce	75	67	8	3	SINTETICO
b8551481-d632-471b-b926-e3d40bc409b9	2026-04-15	INTEGRAL	1	b4612635-bcf9-56d3-bc95-ef912ff6a829	Cenoura cozida	54	51	3	9	SINTETICO
690bfd95-35f4-4685-a889-81a22945ef3b	2026-04-15	MANHA	2	6753aa6f-0f7e-5208-8cd6-9e7a8733ef22	Leite com achocolatado	111	103	8	7	SINTETICO
00b191ca-47ef-4170-b5c9-cb31c11ee9be	2026-04-15	MANHA	2	9bf7d50c-378c-58f7-ba1a-0dccafffc54c	Bolacha doce	0	0	0	0	SINTETICO
5a9ac96e-b050-475a-aa57-8e8ecb4ff7ac	2026-04-15	MANHA	2	84f7e794-a400-5d46-9efe-1c8a8f2f711d	Suco de fruta natural	6	6	0	0	SINTETICO
c95ed6ca-1a72-4650-bb4f-b57339846e7c	2026-04-15	TARDE	3	add956e1-36ad-584e-b1e4-a4a8db28315f	Banana	20	18	2	1	SINTETICO
ed543619-7e05-479a-b471-5cfcdb872371	2026-04-15	TARDE	3	eed1d0ec-938c-53ef-94b9-626452f5fbd2	Sopa de legumes	192	183	9	65	SINTETICO
7bd07e7e-1b68-4fb7-8379-2642a33757ca	2026-04-15	TARDE	4	eed1d0ec-938c-53ef-94b9-626452f5fbd2	Sopa de legumes	38	33	5	7	SINTETICO
20014f2e-5fcf-4519-b078-bfb062c60460	2026-04-15	TARDE	4	3331b130-8600-5a59-9e35-f970f9ea497e	Ovo mexido	534	494	40	80	SINTETICO
177d5ab0-fac9-4273-8dfc-b493798a7271	2026-04-15	TARDE	4	84f7e794-a400-5d46-9efe-1c8a8f2f711d	Suco de fruta natural	129	116	13	6	SINTETICO
ce661e5b-cd88-468d-80e1-4c253a2f13c7	2026-04-15	TARDE	4	153737d9-caa6-55d5-b086-f7e83fdab4d2	Pao com manteiga	25	24	1	1	SINTETICO
971064aa-fdd0-4524-beee-4d090b53789b	2026-04-15	TARDE	4	add956e1-36ad-584e-b1e4-a4a8db28315f	Banana	29	27	2	1	SINTETICO
d4dd2bcc-e055-4f39-9911-a57e733ba331	2026-04-15	TARDE	4	6753aa6f-0f7e-5208-8cd6-9e7a8733ef22	Leite com achocolatado	268	238	30	15	SINTETICO
bea58ddd-dbec-41a5-836a-1557bf3167bf	2026-04-15	INTEGRAL	5	153737d9-caa6-55d5-b086-f7e83fdab4d2	Pao com manteiga	13	12	1	1	SINTETICO
8499f7e9-953a-4f1f-80a5-368a1dc2ef2f	2026-04-15	INTEGRAL	5	6ce7a969-7c2b-5a21-b072-594a4412ab8b	Arroz branco	110	107	3	7	SINTETICO
013a79d2-98fe-4533-9f70-3a74286b1fc3	2026-04-15	INTEGRAL	7	6ce7a969-7c2b-5a21-b072-594a4412ab8b	Arroz branco	2	2	0	0	SINTETICO
fa98319e-4bf6-4ae0-9afd-87664834185c	2026-04-15	INTEGRAL	8	b6f014a3-eaad-57c0-8ee9-24eb9abb819a	Cuscuz	0	0	0	0	SINTETICO
242fac25-49f3-457c-a8d5-8fd61ba9824d	2026-04-15	INTEGRAL	8	1b450f5b-ecde-5880-ad0a-91ce0920069d	Maca	62	58	4	3	SINTETICO
1b3b7dbb-6de0-40f0-88e4-f08c4004e495	2026-04-15	INTEGRAL	8	79ca1872-52e0-59dd-af29-543b793c0860	Macarrao ao sugo	68	65	3	7	SINTETICO
01f17515-074a-4b16-bf39-4687ac4354c5	2026-04-15	TARDE	9	eed1d0ec-938c-53ef-94b9-626452f5fbd2	Sopa de legumes	1	1	0	0	SINTETICO
a5f99a6e-6fec-43f0-8dd6-6ec828e907bc	2026-04-15	INTEGRAL	10	54e9ea4c-63a9-5952-9616-b24ee0e6a0fa	Frango dourado, acebolado	0	0	0	0	SINTETICO
f6c02b74-bd79-47f7-b0ac-8cecf149ef31	2026-04-15	INTEGRAL	10	3d6a3f96-fe67-5811-98e8-2381c1ec5a70	Beterraba ralada	101	88	13	32	SINTETICO
4b9d2a25-32a9-4e66-9fbd-d86cc95e4672	2026-04-15	INTEGRAL	11	1b450f5b-ecde-5880-ad0a-91ce0920069d	Maca	51	46	5	2	SINTETICO
c13fc08d-2903-470b-a201-2d5604d3e0a0	2026-04-15	INTEGRAL	13	eed1d0ec-938c-53ef-94b9-626452f5fbd2	Sopa de legumes	0	0	0	0	SINTETICO
2df5ce9a-d38e-4d92-b128-4156eb1d1bc4	2026-04-15	INTEGRAL	13	add956e1-36ad-584e-b1e4-a4a8db28315f	Banana	25	23	2	1	SINTETICO
fa328105-d041-4d5f-b6ad-ee7ac81083a5	2026-04-15	INTEGRAL	13	0db97b08-9e92-541d-b2d2-1bc810f8fbe8	Iogurte	2	2	0	0	SINTETICO
12e4389c-81d6-4356-bcb4-84e9213e3b61	2026-04-15	MANHA	18	84f7e794-a400-5d46-9efe-1c8a8f2f711d	Suco de fruta natural	5	5	0	0	SINTETICO
f7fa58f4-aaec-4270-9bc6-6068a3e40940	2026-04-15	MANHA	18	1b450f5b-ecde-5880-ad0a-91ce0920069d	Maca	84	83	1	5	SINTETICO
b5b09d10-4194-45e7-996a-4b951e01ea1b	2026-04-16	INTEGRAL	3	153737d9-caa6-55d5-b086-f7e83fdab4d2	Pao com manteiga	24	23	1	2	SINTETICO
0ec016a2-091b-481c-87f1-a745617cb3d2	2026-04-16	INTEGRAL	3	add956e1-36ad-584e-b1e4-a4a8db28315f	Banana	33	32	1	1	SINTETICO
810d3e5d-e62a-4912-90f9-0dec314b79b9	2026-04-16	INTEGRAL	3	e9939964-7e5f-542e-9526-0c743b00ffb0	Salada de tomate	411	380	31	50	SINTETICO
17f82f49-f646-4aa2-a2f5-688c1911f85a	2026-04-16	INTEGRAL	5	6753aa6f-0f7e-5208-8cd6-9e7a8733ef22	Leite com achocolatado	83	76	7	5	SINTETICO
14391306-9653-49f4-a5b3-b314ab7d7b63	2026-04-16	INTEGRAL	5	e8c59186-e147-5530-a4ba-b728fd7852c3	Arroz com galinha	8	7	1	0	SINTETICO
275f2198-2835-44cc-a952-02bb0d4590f6	2026-04-16	TARDE	6	1b450f5b-ecde-5880-ad0a-91ce0920069d	Maca	0	0	0	0	SINTETICO
a4b62d2d-8079-4dbc-a1d1-a84a89995e2e	2026-04-16	TARDE	6	153737d9-caa6-55d5-b086-f7e83fdab4d2	Pao com manteiga	4	4	0	0	SINTETICO
658b14b1-a123-4380-b41a-42a6caabd1d3	2026-04-16	TARDE	6	0db97b08-9e92-541d-b2d2-1bc810f8fbe8	Iogurte	172	162	10	8	SINTETICO
4aed108e-c32e-4eb8-80da-f13d76c0ad3f	2026-04-16	TARDE	6	add956e1-36ad-584e-b1e4-a4a8db28315f	Banana	17	17	0	1	SINTETICO
2b5c7871-58fa-4dad-a3c1-65d0ee6188ab	2026-04-16	TARDE	6	6ce7a969-7c2b-5a21-b072-594a4412ab8b	Arroz branco	133	128	5	9	SINTETICO
1420f2fe-fe0c-4bf5-93ba-ab8673f089a3	2026-04-16	INTEGRAL	7	2f723cf1-ddd6-58e2-881e-3ab45db8cd2d	Feijao carioca	14	13	1	1	SINTETICO
fbc1e212-1d65-4723-9aab-8bddeed4cebd	2026-04-16	INTEGRAL	8	0db97b08-9e92-541d-b2d2-1bc810f8fbe8	Iogurte	5	4	1	0	SINTETICO
0df6dcd0-b9e4-4787-a662-f72e975fdd9d	2026-04-16	INTEGRAL	8	6f1d5964-e195-53e5-b25d-c4128c0b139a	Iscas de frango acebolada	64	57	7	4	SINTETICO
a2358bcd-e97f-4263-86b3-36474b937e19	2026-04-16	INTEGRAL	9	0db97b08-9e92-541d-b2d2-1bc810f8fbe8	Iogurte	14	13	1	1	SINTETICO
b453aab9-edd9-48dc-aa85-a8f952c6af28	2026-04-16	INTEGRAL	9	6ce7a969-7c2b-5a21-b072-594a4412ab8b	Arroz branco	100	88	12	6	SINTETICO
0d8a89cf-39f5-448c-9da2-5a6ec8de1324	2026-04-16	INTEGRAL	9	84f7e794-a400-5d46-9efe-1c8a8f2f711d	Suco de fruta natural	76	72	4	5	SINTETICO
81535196-f853-4902-94f8-af06ad7afeb9	2026-04-16	INTEGRAL	9	eed1d0ec-938c-53ef-94b9-626452f5fbd2	Sopa de legumes	0	0	0	0	SINTETICO
f17de32d-1d44-4b90-8dca-f3e8dba1ffb4	2026-04-16	INTEGRAL	9	b6f014a3-eaad-57c0-8ee9-24eb9abb819a	Cuscuz	3	3	0	0	SINTETICO
f998a979-a6c6-468f-8a03-711fa1897258	2026-04-16	MANHA	10	6ce7a969-7c2b-5a21-b072-594a4412ab8b	Arroz branco	71	69	2	6	SINTETICO
2e9cb2f7-c6d5-44dc-9bec-87c3d6646bf8	2026-04-16	MANHA	10	eed1d0ec-938c-53ef-94b9-626452f5fbd2	Sopa de legumes	58	52	6	20	SINTETICO
afd31be7-75b5-4f1b-9405-28140753b42b	2026-04-16	MANHA	10	b6f014a3-eaad-57c0-8ee9-24eb9abb819a	Cuscuz	58	54	4	7	SINTETICO
5aaad9c1-e725-4774-bc52-e8d2b16ff758	2026-04-16	MANHA	10	9bf7d50c-378c-58f7-ba1a-0dccafffc54c	Bolacha doce	103	102	1	5	SINTETICO
f62af2af-ff49-4c36-b33c-ae993eb4e510	2026-04-16	INTEGRAL	11	1b450f5b-ecde-5880-ad0a-91ce0920069d	Maca	12	11	1	1	SINTETICO
1fd06098-feae-4dc7-b84c-d0ad5ab5fbee	2026-04-16	INTEGRAL	11	0db97b08-9e92-541d-b2d2-1bc810f8fbe8	Iogurte	2	2	0	0	SINTETICO
4136a17a-ed0b-41dc-9825-d3567ff2fb88	2026-04-16	INTEGRAL	14	6ce7a969-7c2b-5a21-b072-594a4412ab8b	Arroz branco	1	1	0	0	SINTETICO
ca4cc750-93c8-4bbc-ab44-2a44e96457b3	2026-04-16	MANHA	15	6ce7a969-7c2b-5a21-b072-594a4412ab8b	Arroz branco	104	94	10	7	SINTETICO
b8b63484-3f79-4391-84db-47e854972ab7	2026-04-16	INTEGRAL	16	6753aa6f-0f7e-5208-8cd6-9e7a8733ef22	Leite com achocolatado	20	18	2	1	SINTETICO
45ef6338-661f-43dc-9f75-5f68f0e1ec10	2026-04-16	INTEGRAL	18	1b450f5b-ecde-5880-ad0a-91ce0920069d	Maca	0	0	0	0	SINTETICO
aea94a18-21c7-4d44-81ac-e551f7a3e62c	2026-04-16	INTEGRAL	18	6ce7a969-7c2b-5a21-b072-594a4412ab8b	Arroz branco	15	13	2	1	SINTETICO
5032d2ca-3141-4973-a20b-c2d0fc50dbf9	2026-04-17	INTEGRAL	3	add956e1-36ad-584e-b1e4-a4a8db28315f	Banana	114	107	7	3	SINTETICO
84e305d8-b7c6-4e03-8ad0-30cee7cbc4f2	2026-04-17	INTEGRAL	3	9bf7d50c-378c-58f7-ba1a-0dccafffc54c	Bolacha doce	12	12	0	0	SINTETICO
aec7c5dd-3186-4f51-bcc6-207f9899f093	2026-04-17	INTEGRAL	5	0db97b08-9e92-541d-b2d2-1bc810f8fbe8	Iogurte	0	0	0	0	SINTETICO
3f0c0980-da9f-485b-ba5f-f516d68508ce	2026-04-17	INTEGRAL	5	6ce7a969-7c2b-5a21-b072-594a4412ab8b	Arroz branco	96	88	8	6	SINTETICO
2ea88fcd-d0fb-44b4-810e-b48471def46f	2026-04-17	INTEGRAL	5	1b450f5b-ecde-5880-ad0a-91ce0920069d	Maca	105	105	0	6	SINTETICO
ae82111e-1064-4c5b-b057-17724abfbb88	2026-04-17	INTEGRAL	5	add956e1-36ad-584e-b1e4-a4a8db28315f	Banana	31	27	4	1	SINTETICO
182a994a-be5e-49e6-9fd4-97f10aa2eca6	2026-04-17	INTEGRAL	7	b6f014a3-eaad-57c0-8ee9-24eb9abb819a	Cuscuz	0	0	0	0	SINTETICO
8f81a5e2-6479-4690-a800-01bfe3705c75	2026-04-17	INTEGRAL	7	6ce7a969-7c2b-5a21-b072-594a4412ab8b	Arroz branco	38	38	0	2	SINTETICO
00fbfdd3-391a-4e41-8ad8-e35b0463301c	2026-04-17	INTEGRAL	7	84f7e794-a400-5d46-9efe-1c8a8f2f711d	Suco de fruta natural	2	2	0	0	SINTETICO
92fbc83e-8a69-4152-809a-35a90831fd08	2026-04-17	INTEGRAL	7	79ca1872-52e0-59dd-af29-543b793c0860	Macarrao ao sugo	15	13	2	1	SINTETICO
09b13054-fcae-4358-bc08-01a9bf978149	2026-04-17	TARDE	8	2f723cf1-ddd6-58e2-881e-3ab45db8cd2d	Feijao carioca	518	494	24	58	SINTETICO
24f45708-cc06-47ea-9cf0-b170771dbd71	2026-04-17	TARDE	10	2f723cf1-ddd6-58e2-881e-3ab45db8cd2d	Feijao carioca	42	37	5	4	SINTETICO
ca2ddae3-aaab-4e15-b972-991e4fe6b3d4	2026-04-17	TARDE	10	add956e1-36ad-584e-b1e4-a4a8db28315f	Banana	72	68	4	3	SINTETICO
f82310f7-da26-465e-b075-6adb2646d6b4	2026-04-17	INTEGRAL	11	84f7e794-a400-5d46-9efe-1c8a8f2f711d	Suco de fruta natural	1	1	0	0	SINTETICO
14c05073-fe9d-4737-b182-e57669699d66	2026-04-17	INTEGRAL	12	153737d9-caa6-55d5-b086-f7e83fdab4d2	Pao com manteiga	0	0	0	0	SINTETICO
04fb5343-4486-400e-9a2f-e63bdd5273e6	2026-04-17	INTEGRAL	12	2f723cf1-ddd6-58e2-881e-3ab45db8cd2d	Feijao carioca	2	2	0	0	SINTETICO
d020cc7a-ff8f-4132-866a-cbf1c2940e63	2026-04-17	INTEGRAL	12	9bf7d50c-378c-58f7-ba1a-0dccafffc54c	Bolacha doce	50	44	6	2	SINTETICO
66033d43-9e4f-4052-9c86-ec8bc932873b	2026-04-17	INTEGRAL	14	1b450f5b-ecde-5880-ad0a-91ce0920069d	Maca	83	77	6	4	SINTETICO
f1c39282-4f59-4784-9ae6-1be49937d181	2026-04-17	INTEGRAL	14	eed1d0ec-938c-53ef-94b9-626452f5fbd2	Sopa de legumes	28	27	1	7	SINTETICO
05fce19e-c6ec-4e42-a0f1-4dc7c3e0c2f5	2026-04-17	INTEGRAL	14	2f723cf1-ddd6-58e2-881e-3ab45db8cd2d	Feijao carioca	23	22	1	2	SINTETICO
49e89825-198b-46f5-9ee2-2f392ee11bda	2026-04-17	INTEGRAL	14	153737d9-caa6-55d5-b086-f7e83fdab4d2	Pao com manteiga	0	0	0	0	SINTETICO
276129c0-9d7b-413f-b637-34dd1c253227	2026-04-17	INTEGRAL	14	79ca1872-52e0-59dd-af29-543b793c0860	Macarrao ao sugo	108	105	3	14	SINTETICO
a8d1846d-acb1-4a57-888d-eb91463c024d	2026-04-17	INTEGRAL	15	0db97b08-9e92-541d-b2d2-1bc810f8fbe8	Iogurte	0	0	0	0	SINTETICO
0b6b3983-e242-4410-9b4e-f588795929e8	2026-04-17	INTEGRAL	16	9bf7d50c-378c-58f7-ba1a-0dccafffc54c	Bolacha doce	9	8	1	0	SINTETICO
dff26626-64e5-414e-823a-00ca3ee1d635	2026-04-17	INTEGRAL	16	84f7e794-a400-5d46-9efe-1c8a8f2f711d	Suco de fruta natural	8	8	0	0	SINTETICO
c7f82beb-58f2-4c87-aea7-98eeabfc38aa	2026-04-17	INTEGRAL	16	1b450f5b-ecde-5880-ad0a-91ce0920069d	Maca	1	1	0	0	SINTETICO
713fd6af-e73d-4997-8519-9f6ab9a90a28	2026-04-17	INTEGRAL	17	79ca1872-52e0-59dd-af29-543b793c0860	Macarrao ao sugo	117	107	10	15	SINTETICO
f276d7bb-4e14-4bb7-b455-5e34040489d8	2026-04-17	INTEGRAL	17	eed1d0ec-938c-53ef-94b9-626452f5fbd2	Sopa de legumes	39	34	5	11	SINTETICO
5f1cf983-1237-4e93-9740-7884400932e0	2026-04-20	INTEGRAL	1	84f7e794-a400-5d46-9efe-1c8a8f2f711d	Suco de fruta natural	31	29	2	1	SINTETICO
fe79bfdd-1b86-4d3e-a474-a2b8f6160870	2026-04-20	INTEGRAL	1	eed1d0ec-938c-53ef-94b9-626452f5fbd2	Sopa de legumes	12	11	1	3	SINTETICO
58634ee1-ddfd-4e32-8040-b2bb9fc7065a	2026-04-20	INTEGRAL	2	2f723cf1-ddd6-58e2-881e-3ab45db8cd2d	Feijao carioca	1	1	0	0	SINTETICO
614572b8-c253-470e-a743-d7cb581aad4a	2026-04-20	INTEGRAL	2	6753aa6f-0f7e-5208-8cd6-9e7a8733ef22	Leite com achocolatado	115	103	12	7	SINTETICO
2c965ea2-fc2a-4bbf-9b81-b9df8fd5b762	2026-04-20	INTEGRAL	2	0db97b08-9e92-541d-b2d2-1bc810f8fbe8	Iogurte	103	91	12	5	SINTETICO
8bc765bb-ce55-4690-addc-341a3bed0f13	2026-04-20	INTEGRAL	2	eed1d0ec-938c-53ef-94b9-626452f5fbd2	Sopa de legumes	302	276	26	87	SINTETICO
941f48dd-fe7c-4e1e-b242-63c5fc6520e5	2026-04-20	INTEGRAL	2	6ce7a969-7c2b-5a21-b072-594a4412ab8b	Arroz branco	3	3	0	0	SINTETICO
baeb794a-15fe-4249-bb46-84978f98c337	2026-04-20	INTEGRAL	4	1b450f5b-ecde-5880-ad0a-91ce0920069d	Maca	45	40	5	2	SINTETICO
d1254e8a-9a9a-45ce-b109-490126a62673	2026-04-20	INTEGRAL	4	eed1d0ec-938c-53ef-94b9-626452f5fbd2	Sopa de legumes	30	27	3	8	SINTETICO
76c71cb9-839e-4f8d-9bc6-f22c0d2c6851	2026-04-20	INTEGRAL	4	e8c59186-e147-5530-a4ba-b728fd7852c3	Arroz com galinha	1	1	0	0	SINTETICO
f07a37e3-3ba8-47eb-8a71-ebae41a73b92	2026-04-20	TARDE	5	6ce7a969-7c2b-5a21-b072-594a4412ab8b	Arroz branco	52	51	1	3	SINTETICO
1a32f71d-75f5-4477-951e-39399ad9ba24	2026-04-20	TARDE	5	1b450f5b-ecde-5880-ad0a-91ce0920069d	Maca	62	60	2	3	SINTETICO
ee71cac5-f4dc-4f83-ad4e-fdc66949ad12	2026-04-20	MANHA	6	877577bb-d17f-5df7-b369-9be72e456774	Chuchu	93	89	4	27	SINTETICO
cb97c85d-98ac-4144-8619-f688d8cc41d5	2026-04-20	TARDE	8	2f723cf1-ddd6-58e2-881e-3ab45db8cd2d	Feijao carioca	0	0	0	0	SINTETICO
ced59780-99ac-4c59-b54b-1f8a3d506b6a	2026-04-20	INTEGRAL	9	0db97b08-9e92-541d-b2d2-1bc810f8fbe8	Iogurte	116	102	14	5	SINTETICO
d20b9187-740c-492a-aa5f-b449a9e8ee4b	2026-04-20	INTEGRAL	9	79ca1872-52e0-59dd-af29-543b793c0860	Macarrao ao sugo	0	0	0	0	SINTETICO
5b5744f4-6a20-4592-88d4-41b9356377c9	2026-04-20	INTEGRAL	9	84f7e794-a400-5d46-9efe-1c8a8f2f711d	Suco de fruta natural	0	0	0	0	SINTETICO
d3d7de32-8187-4a4b-8943-54064b65e547	2026-04-20	INTEGRAL	9	6ce7a969-7c2b-5a21-b072-594a4412ab8b	Arroz branco	0	0	0	0	SINTETICO
5f373efb-30a6-4249-98ed-ebd29229c31b	2026-04-20	INTEGRAL	12	6ce7a969-7c2b-5a21-b072-594a4412ab8b	Arroz branco	25	22	3	2	SINTETICO
1bb7fca8-235e-49ca-b63d-07fc59060ea3	2026-04-20	INTEGRAL	13	6ce7a969-7c2b-5a21-b072-594a4412ab8b	Arroz branco	28	26	2	2	SINTETICO
05411f0a-ea0a-42a5-8e25-c28823be881d	2026-04-20	INTEGRAL	13	84f7e794-a400-5d46-9efe-1c8a8f2f711d	Suco de fruta natural	0	0	0	0	SINTETICO
88982391-05a1-49d6-bb6e-99dca2329067	2026-04-20	INTEGRAL	13	eed1d0ec-938c-53ef-94b9-626452f5fbd2	Sopa de legumes	35	33	2	9	SINTETICO
47ffad5c-bc37-4271-8c37-43fd024b2ab0	2026-04-21	INTEGRAL	1	1b450f5b-ecde-5880-ad0a-91ce0920069d	Maca	82	82	0	4	SINTETICO
624c2aa2-ada8-4718-a8e1-f3768e2930fd	2026-04-21	TARDE	2	b6f014a3-eaad-57c0-8ee9-24eb9abb819a	Cuscuz	228	219	9	30	SINTETICO
03e672fb-273b-486f-b2c4-16be84f24088	2026-04-21	INTEGRAL	3	2f723cf1-ddd6-58e2-881e-3ab45db8cd2d	Feijao carioca	56	51	5	5	SINTETICO
27847a1a-3fd0-4c96-8b50-938b85e22271	2026-04-21	INTEGRAL	3	1b450f5b-ecde-5880-ad0a-91ce0920069d	Maca	0	0	0	0	SINTETICO
3517c500-0fac-4a3f-ad76-70135a5938e5	2026-04-21	INTEGRAL	3	79ca1872-52e0-59dd-af29-543b793c0860	Macarrao ao sugo	37	34	3	5	SINTETICO
4762fa82-86c5-4f1f-aa82-5c4c38c7872f	2026-04-21	INTEGRAL	4	2f723cf1-ddd6-58e2-881e-3ab45db8cd2d	Feijao carioca	5	5	0	0	SINTETICO
bdbf9ccb-b232-4dbc-81e2-7922495a787c	2026-04-21	INTEGRAL	7	84f7e794-a400-5d46-9efe-1c8a8f2f711d	Suco de fruta natural	73	71	2	3	SINTETICO
0f0b75ed-4b3e-40eb-9008-383823e7104a	2026-04-21	INTEGRAL	7	add956e1-36ad-584e-b1e4-a4a8db28315f	Banana	46	40	6	2	SINTETICO
68b7603e-d8a8-4ed8-8e47-c690da7201b8	2026-04-21	INTEGRAL	9	84f7e794-a400-5d46-9efe-1c8a8f2f711d	Suco de fruta natural	53	52	1	3	SINTETICO
5ea1c298-5cbc-429a-a232-1641377b0651	2026-04-21	INTEGRAL	9	6753aa6f-0f7e-5208-8cd6-9e7a8733ef22	Leite com achocolatado	52	48	4	2	SINTETICO
3b8ab059-9a7a-45a3-bf6b-b503b5e5786e	2026-04-21	INTEGRAL	11	eed1d0ec-938c-53ef-94b9-626452f5fbd2	Sopa de legumes	0	0	0	0	SINTETICO
118dced5-4c7a-4d2a-b4f3-4cbcff5094f4	2026-04-21	INTEGRAL	11	153737d9-caa6-55d5-b086-f7e83fdab4d2	Pao com manteiga	104	97	7	6	SINTETICO
3a9b54c0-9aca-4b38-9709-93a73944b48d	2026-04-21	INTEGRAL	13	b6f014a3-eaad-57c0-8ee9-24eb9abb819a	Cuscuz	389	375	14	46	SINTETICO
e5252136-8eb4-4df1-bd56-17f887190247	2026-04-21	INTEGRAL	14	6ce7a969-7c2b-5a21-b072-594a4412ab8b	Arroz branco	19	18	1	1	SINTETICO
b291af72-64ed-4405-aa37-bab29156198c	2026-04-21	INTEGRAL	14	6753aa6f-0f7e-5208-8cd6-9e7a8733ef22	Leite com achocolatado	0	0	0	0	SINTETICO
a2263a2d-c74b-4a0b-ae60-837bd7114830	2026-04-21	INTEGRAL	14	9bf7d50c-378c-58f7-ba1a-0dccafffc54c	Bolacha doce	42	40	2	2	SINTETICO
f97f8350-6a94-4f54-bf6a-1ab3caf5409b	2026-04-21	INTEGRAL	14	153737d9-caa6-55d5-b086-f7e83fdab4d2	Pao com manteiga	220	213	7	16	SINTETICO
4277613c-7878-4818-9faa-4da40b291ab4	2026-04-21	INTEGRAL	14	add956e1-36ad-584e-b1e4-a4a8db28315f	Banana	24	24	0	1	SINTETICO
732f83a1-4f6f-4a80-9f8e-7369c14ff329	2026-04-21	INTEGRAL	14	0db97b08-9e92-541d-b2d2-1bc810f8fbe8	Iogurte	1	1	0	0	SINTETICO
e6ea66c1-cdf9-40de-974f-dbe37dbf4371	2026-04-21	INTEGRAL	14	b6f014a3-eaad-57c0-8ee9-24eb9abb819a	Cuscuz	10	9	1	1	SINTETICO
dfd67478-a023-46ca-b019-656bd75d019c	2026-04-21	INTEGRAL	15	84f7e794-a400-5d46-9efe-1c8a8f2f711d	Suco de fruta natural	21	21	0	1	SINTETICO
01de6d3d-a5ac-45ea-be49-170d7de342a9	2026-04-21	INTEGRAL	17	b6f014a3-eaad-57c0-8ee9-24eb9abb819a	Cuscuz	49	43	6	5	SINTETICO
edf32532-1357-4a3e-ab8e-628c4778f859	2026-04-21	INTEGRAL	17	79ca1872-52e0-59dd-af29-543b793c0860	Macarrao ao sugo	39	36	3	4	SINTETICO
68adf80e-b861-4b45-a71e-638d4d8f797c	2026-04-21	TARDE	18	2f723cf1-ddd6-58e2-881e-3ab45db8cd2d	Feijao carioca	108	94	14	10	SINTETICO
f8c5acab-5b9a-4322-b0c3-a524ffb63fe2	2026-04-21	TARDE	18	eed1d0ec-938c-53ef-94b9-626452f5fbd2	Sopa de legumes	111	106	5	24	SINTETICO
c86c7635-1af3-40d0-8305-43973985ff37	2026-04-21	TARDE	18	1b450f5b-ecde-5880-ad0a-91ce0920069d	Maca	77	70	7	4	SINTETICO
e7640028-0d94-463e-82e0-441c82cc72a8	2026-04-22	INTEGRAL	1	eed1d0ec-938c-53ef-94b9-626452f5fbd2	Sopa de legumes	16	14	2	4	SINTETICO
85e7f827-b153-4625-b6c0-247db17bbe03	2026-04-22	INTEGRAL	1	0db97b08-9e92-541d-b2d2-1bc810f8fbe8	Iogurte	31	27	4	2	SINTETICO
0ab5bac1-5e88-4820-a946-bee0ace5d890	2026-04-22	INTEGRAL	1	add956e1-36ad-584e-b1e4-a4a8db28315f	Banana	36	35	1	2	SINTETICO
6fbc33b6-04f7-4cc0-9535-2a45a5808ebc	2026-04-22	INTEGRAL	1	153737d9-caa6-55d5-b086-f7e83fdab4d2	Pao com manteiga	2	2	0	0	SINTETICO
4eac83d6-3167-4bff-a57d-155f5fec5e80	2026-04-22	INTEGRAL	2	6753aa6f-0f7e-5208-8cd6-9e7a8733ef22	Leite com achocolatado	0	0	0	0	SINTETICO
fa1788aa-61be-457a-a772-7eea662bed15	2026-04-22	INTEGRAL	2	add956e1-36ad-584e-b1e4-a4a8db28315f	Banana	1	1	0	0	SINTETICO
dae4f483-efdb-483f-8dd3-bf9b04c01267	2026-04-22	INTEGRAL	3	b6f014a3-eaad-57c0-8ee9-24eb9abb819a	Cuscuz	12	12	0	1	SINTETICO
fe961b68-247e-4da8-ae10-245fc51234e2	2026-04-22	INTEGRAL	3	1b450f5b-ecde-5880-ad0a-91ce0920069d	Maca	358	339	19	15	SINTETICO
5ae5005b-2203-4038-b5b7-b9d124e59780	2026-04-22	INTEGRAL	3	6753aa6f-0f7e-5208-8cd6-9e7a8733ef22	Leite com achocolatado	45	40	5	2	SINTETICO
4efb6cd2-1e99-41b2-8123-b40f10b84e32	2026-04-22	INTEGRAL	3	eed1d0ec-938c-53ef-94b9-626452f5fbd2	Sopa de legumes	7	6	1	1	SINTETICO
693b55b8-70ab-481c-9d20-192a8d816e62	2026-04-22	MANHA	4	b6f014a3-eaad-57c0-8ee9-24eb9abb819a	Cuscuz	37	33	4	4	SINTETICO
4993cd1f-5282-4969-9367-582714855bfb	2026-04-22	INTEGRAL	5	9bf7d50c-378c-58f7-ba1a-0dccafffc54c	Bolacha doce	0	0	0	0	SINTETICO
06e47afb-28ac-4d7a-a4ac-8ad7acdd8bda	2026-04-22	INTEGRAL	5	2f723cf1-ddd6-58e2-881e-3ab45db8cd2d	Feijao carioca	14	14	0	2	SINTETICO
8bf37e26-ca22-4d9a-a8a9-b92f137f5198	2026-04-22	INTEGRAL	5	79ca1872-52e0-59dd-af29-543b793c0860	Macarrao ao sugo	0	0	0	0	SINTETICO
25b86b8d-c882-4429-ab3a-e26092ed8f90	2026-04-22	INTEGRAL	5	1b450f5b-ecde-5880-ad0a-91ce0920069d	Maca	21	19	2	1	SINTETICO
5fa9b31a-9675-4860-aa60-7a90e2bdbaf4	2026-04-22	INTEGRAL	5	84f7e794-a400-5d46-9efe-1c8a8f2f711d	Suco de fruta natural	12	11	1	1	SINTETICO
543c7370-42b4-499e-979a-159b086db25a	2026-04-22	INTEGRAL	5	0db97b08-9e92-541d-b2d2-1bc810f8fbe8	Iogurte	87	79	8	5	SINTETICO
4679608a-ebb6-4d22-b86d-b5ffdb65bfd2	2026-04-22	INTEGRAL	6	84f7e794-a400-5d46-9efe-1c8a8f2f711d	Suco de fruta natural	39	39	0	2	SINTETICO
f12da1f0-9006-4594-ba78-69857e7f47a7	2026-04-22	INTEGRAL	8	2f723cf1-ddd6-58e2-881e-3ab45db8cd2d	Feijao carioca	0	0	0	0	SINTETICO
2bd23211-6496-462c-bbd6-74b28d55968a	2026-04-22	INTEGRAL	8	b6f014a3-eaad-57c0-8ee9-24eb9abb819a	Cuscuz	21	19	2	2	SINTETICO
53dbcd7a-c2eb-4006-a29c-ffa4407648f9	2026-04-22	INTEGRAL	9	79ca1872-52e0-59dd-af29-543b793c0860	Macarrao ao sugo	12	12	0	2	SINTETICO
00a8dc39-a698-4e8f-8a0a-fd54b27d4f36	2026-04-22	INTEGRAL	9	0db97b08-9e92-541d-b2d2-1bc810f8fbe8	Iogurte	52	47	5	3	SINTETICO
ccabbb91-cdc5-41a2-8ab6-bc3741357dd3	2026-04-22	INTEGRAL	9	84f7e794-a400-5d46-9efe-1c8a8f2f711d	Suco de fruta natural	18	17	1	1	SINTETICO
47e0f84a-f244-4f7c-b9d0-a0c453a0d94a	2026-04-22	INTEGRAL	11	79ca1872-52e0-59dd-af29-543b793c0860	Macarrao ao sugo	23	21	2	3	SINTETICO
1014588b-06a6-4e2f-bdbe-3bd8acb5818f	2026-04-22	INTEGRAL	11	6ce7a969-7c2b-5a21-b072-594a4412ab8b	Arroz branco	18	17	1	1	SINTETICO
a3359e70-a88c-4a01-bda7-3ec08c854d30	2026-04-22	INTEGRAL	11	eed1d0ec-938c-53ef-94b9-626452f5fbd2	Sopa de legumes	29	29	0	7	SINTETICO
7c3bc7d5-347c-41d0-ab1f-1259dc1e658b	2026-04-22	INTEGRAL	11	6753aa6f-0f7e-5208-8cd6-9e7a8733ef22	Leite com achocolatado	1	1	0	0	SINTETICO
ff7c8e73-902b-4838-9bb4-55d1a8f1b977	2026-04-22	TARDE	13	d0f748b6-0ca4-5794-9480-45981f00672c	Ensopado de mandioca	0	0	0	0	SINTETICO
8e3db12a-7b9f-453c-a152-bf7613787c67	2026-04-22	TARDE	13	153737d9-caa6-55d5-b086-f7e83fdab4d2	Pao com manteiga	187	179	8	9	SINTETICO
0699cdd3-ae92-4527-af90-c1cdcbc8bcc8	2026-04-22	TARDE	13	add956e1-36ad-584e-b1e4-a4a8db28315f	Banana	5	5	0	0	SINTETICO
0dd6598d-20b0-44d2-9df6-a42644b01d6b	2026-04-22	TARDE	13	6ce7a969-7c2b-5a21-b072-594a4412ab8b	Arroz branco	20	19	1	2	SINTETICO
bd30b0d4-d408-45e1-b7b5-f325eec74d37	2026-04-22	TARDE	13	eed1d0ec-938c-53ef-94b9-626452f5fbd2	Sopa de legumes	2	2	0	1	SINTETICO
3922215d-5059-492b-8200-d1ff381f2707	2026-04-22	TARDE	13	b6f014a3-eaad-57c0-8ee9-24eb9abb819a	Cuscuz	66	58	8	7	SINTETICO
4d326992-4120-4f29-951a-8f0bfba7372d	2026-04-22	TARDE	13	79ca1872-52e0-59dd-af29-543b793c0860	Macarrao ao sugo	36	31	5	5	SINTETICO
88eb3ab1-bbb4-44f6-86fb-4e35bec2da34	2026-04-22	TARDE	14	0db97b08-9e92-541d-b2d2-1bc810f8fbe8	Iogurte	131	115	16	6	SINTETICO
173bb0e8-756c-44b4-b39a-5d9aca047ef1	2026-04-22	INTEGRAL	15	b6cbc98d-85cf-5628-a89e-560cfa264267	Coxa e sobrecoxa de frango ao molho de tomate	22	21	1	3	SINTETICO
56829073-7277-4596-8fdf-16a5c847ea84	2026-04-22	INTEGRAL	15	6753aa6f-0f7e-5208-8cd6-9e7a8733ef22	Leite com achocolatado	21	19	2	1	SINTETICO
1f093747-658c-4eea-a947-e4eeb646c871	2026-04-22	INTEGRAL	15	eed1d0ec-938c-53ef-94b9-626452f5fbd2	Sopa de legumes	3	3	0	1	SINTETICO
dfb688d9-353d-48ea-927e-1ca2e0e6fd72	2026-04-22	INTEGRAL	15	1b450f5b-ecde-5880-ad0a-91ce0920069d	Maca	39	35	4	2	SINTETICO
a5b199aa-3aa2-4c4f-9623-dd821709f5fc	2026-04-22	INTEGRAL	15	84f7e794-a400-5d46-9efe-1c8a8f2f711d	Suco de fruta natural	24	23	1	1	SINTETICO
a791ca30-aff1-4771-abfb-bd405dbb2772	2026-04-22	TARDE	17	9bf7d50c-378c-58f7-ba1a-0dccafffc54c	Bolacha doce	257	235	22	10	SINTETICO
537625cb-40c6-4e51-b7be-ff902a38ad2e	2026-04-22	TARDE	17	1b450f5b-ecde-5880-ad0a-91ce0920069d	Maca	33	29	4	1	SINTETICO
b516d52f-aa26-4168-a880-4b1eead62390	2026-04-23	MANHA	1	153737d9-caa6-55d5-b086-f7e83fdab4d2	Pao com manteiga	115	107	8	5	SINTETICO
016371fc-a173-4b0d-b904-db0454235a24	2026-04-23	MANHA	1	6753aa6f-0f7e-5208-8cd6-9e7a8733ef22	Leite com achocolatado	35	34	1	2	SINTETICO
abb072b3-82a9-40b1-800c-a3233dcbc6e4	2026-04-23	INTEGRAL	2	0db97b08-9e92-541d-b2d2-1bc810f8fbe8	Iogurte	15	15	0	1	SINTETICO
36e3319b-56d8-4823-a117-1253ca468b45	2026-04-23	INTEGRAL	3	84f7e794-a400-5d46-9efe-1c8a8f2f711d	Suco de fruta natural	48	43	5	3	SINTETICO
275dced4-8780-4c9b-abcf-815491cb8c0c	2026-04-23	INTEGRAL	3	0db97b08-9e92-541d-b2d2-1bc810f8fbe8	Iogurte	52	49	3	4	SINTETICO
c76100ab-5c68-4770-b43b-47abe0910420	2026-04-23	INTEGRAL	3	79ca1872-52e0-59dd-af29-543b793c0860	Macarrao ao sugo	5	5	0	1	SINTETICO
eff87366-e2e7-4aea-9a14-bcb62d8a341f	2026-04-23	INTEGRAL	3	b6f014a3-eaad-57c0-8ee9-24eb9abb819a	Cuscuz	338	313	25	40	SINTETICO
b501e35e-9683-4926-b241-39b7d7e12550	2026-04-23	MANHA	4	153737d9-caa6-55d5-b086-f7e83fdab4d2	Pao com manteiga	15	15	0	1	SINTETICO
780650b3-b993-40ed-8fe0-110bf8bf9905	2026-04-23	MANHA	4	2f723cf1-ddd6-58e2-881e-3ab45db8cd2d	Feijao carioca	15	14	1	1	SINTETICO
d8d9973b-2515-43a0-a0d9-24700a396b51	2026-04-23	MANHA	4	6ce7a969-7c2b-5a21-b072-594a4412ab8b	Arroz branco	98	89	9	8	SINTETICO
d6370cf8-7345-49a6-b4eb-da53a34bac22	2026-04-23	INTEGRAL	5	84f7e794-a400-5d46-9efe-1c8a8f2f711d	Suco de fruta natural	134	121	13	6	SINTETICO
485ca1d4-8a12-42a9-a0a6-8270fb2519c8	2026-04-23	INTEGRAL	5	6ce7a969-7c2b-5a21-b072-594a4412ab8b	Arroz branco	25	22	3	2	SINTETICO
e9808a6a-d2dc-46ab-9f8c-27484ac2ac49	2026-04-23	INTEGRAL	5	eed1d0ec-938c-53ef-94b9-626452f5fbd2	Sopa de legumes	40	40	0	9	SINTETICO
162be90a-988f-4a25-8bf3-98f204dea19d	2026-04-23	INTEGRAL	5	0db97b08-9e92-541d-b2d2-1bc810f8fbe8	Iogurte	0	0	0	0	SINTETICO
39e28f8c-aee2-4e2b-8279-9ef896530649	2026-04-23	INTEGRAL	5	79ca1872-52e0-59dd-af29-543b793c0860	Macarrao ao sugo	11	11	0	2	SINTETICO
d477e8d5-da10-4488-b625-547966bc1b78	2026-04-23	MANHA	7	2f723cf1-ddd6-58e2-881e-3ab45db8cd2d	Feijao carioca	46	41	5	4	SINTETICO
00ca0813-032d-4f44-95a0-11f85ade4b42	2026-04-23	MANHA	7	153737d9-caa6-55d5-b086-f7e83fdab4d2	Pao com manteiga	26	25	1	2	SINTETICO
c022110d-f56b-4229-9ebf-c2c538f1adb6	2026-04-23	MANHA	7	9bf7d50c-378c-58f7-ba1a-0dccafffc54c	Bolacha doce	3	3	0	0	SINTETICO
257b50e1-cf7e-4cf8-bf93-71d9100feccf	2026-04-23	INTEGRAL	11	84f7e794-a400-5d46-9efe-1c8a8f2f711d	Suco de fruta natural	2	2	0	0	SINTETICO
dc626a58-98da-4de9-9414-73e9c751a9c7	2026-04-23	INTEGRAL	11	0db97b08-9e92-541d-b2d2-1bc810f8fbe8	Iogurte	1	1	0	0	SINTETICO
80a7c9df-fb3a-456d-9d50-1d8954868039	2026-04-23	INTEGRAL	11	1b450f5b-ecde-5880-ad0a-91ce0920069d	Maca	36	34	2	2	SINTETICO
28c3cb37-f0a9-460d-809f-9626d8c915b7	2026-04-23	INTEGRAL	11	79ca1872-52e0-59dd-af29-543b793c0860	Macarrao ao sugo	29	27	2	4	SINTETICO
1b5460b1-25a9-4f7a-9ccd-3675743c2e67	2026-04-23	INTEGRAL	11	add956e1-36ad-584e-b1e4-a4a8db28315f	Banana	0	0	0	0	SINTETICO
5d5c0a60-0dea-4ba1-afcb-29f333910d38	2026-04-23	MANHA	13	6753aa6f-0f7e-5208-8cd6-9e7a8733ef22	Leite com achocolatado	15	14	1	1	SINTETICO
0531fcd7-dec3-4c77-a20a-a8f21bfb9b7d	2026-04-23	MANHA	13	add956e1-36ad-584e-b1e4-a4a8db28315f	Banana	64	56	8	2	SINTETICO
3749de70-58f9-4406-ab89-396e3fd8789e	2026-04-23	TARDE	15	84f7e794-a400-5d46-9efe-1c8a8f2f711d	Suco de fruta natural	21	19	2	1	SINTETICO
1aa9438b-dd76-4482-935f-46a4c3bd3cf9	2026-04-23	TARDE	15	153737d9-caa6-55d5-b086-f7e83fdab4d2	Pao com manteiga	267	252	15	19	SINTETICO
835ff50c-94ae-4593-8c05-fb66972ec4c3	2026-04-23	INTEGRAL	16	add956e1-36ad-584e-b1e4-a4a8db28315f	Banana	2	2	0	0	SINTETICO
8026cb2a-64e5-4c17-b0dc-8a1c8ebd84b3	2026-04-23	TARDE	18	add956e1-36ad-584e-b1e4-a4a8db28315f	Banana	109	104	5	4	SINTETICO
6aa29c28-755f-4fc1-b50c-ed9ff62a9320	2026-04-23	TARDE	18	b6f014a3-eaad-57c0-8ee9-24eb9abb819a	Cuscuz	278	257	21	33	SINTETICO
6fd87fdf-4d13-4fec-a2fe-a2b8e47f46b0	2026-04-23	TARDE	18	9bf7d50c-378c-58f7-ba1a-0dccafffc54c	Bolacha doce	101	91	10	3	SINTETICO
80c08c38-87c6-4313-bd5c-cf6b6dcf773a	2026-04-23	TARDE	18	79ca1872-52e0-59dd-af29-543b793c0860	Macarrao ao sugo	1	1	0	0	SINTETICO
15199178-3501-4203-b620-d57001be88c7	2026-04-24	INTEGRAL	1	6753aa6f-0f7e-5208-8cd6-9e7a8733ef22	Leite com achocolatado	81	74	7	4	SINTETICO
b333e66f-2fb2-4213-b1cf-5465d0663f61	2026-04-24	INTEGRAL	1	84f7e794-a400-5d46-9efe-1c8a8f2f711d	Suco de fruta natural	47	44	3	2	SINTETICO
1474e064-0734-436c-b01e-715eeffd77d7	2026-04-24	INTEGRAL	1	add956e1-36ad-584e-b1e4-a4a8db28315f	Banana	10	10	0	0	SINTETICO
d411a1f2-7e70-4af9-ab8b-b53cac6ab8c7	2026-04-24	INTEGRAL	1	153737d9-caa6-55d5-b086-f7e83fdab4d2	Pao com manteiga	21	19	2	1	SINTETICO
14152df7-b451-4403-a915-b071ddf64ffb	2026-04-24	INTEGRAL	3	6ce7a969-7c2b-5a21-b072-594a4412ab8b	Arroz branco	172	150	22	11	SINTETICO
0c81dafe-4a78-4b69-8782-8d6197866903	2026-04-24	TARDE	4	b85fd879-2256-524c-b715-7f9cb93ccd01	Bolo de maca, sem acucar	218	208	10	32	SINTETICO
ab81495b-0ed9-4ad4-a021-803a4f20a70c	2026-04-24	INTEGRAL	5	9bf7d50c-378c-58f7-ba1a-0dccafffc54c	Bolacha doce	263	263	0	13	SINTETICO
512781e3-f573-4496-a408-3eb666b64cf6	2026-04-24	INTEGRAL	6	6753aa6f-0f7e-5208-8cd6-9e7a8733ef22	Leite com achocolatado	248	232	16	12	SINTETICO
19d62111-d520-49d5-b762-adc6b80e5633	2026-04-24	INTEGRAL	6	9bf7d50c-378c-58f7-ba1a-0dccafffc54c	Bolacha doce	3	3	0	0	SINTETICO
b14b6224-eb30-4256-9586-2e815b90bb3d	2026-04-24	INTEGRAL	6	6ce7a969-7c2b-5a21-b072-594a4412ab8b	Arroz branco	4	4	0	0	SINTETICO
3d63663d-03b1-415d-bc34-383e1410e0e4	2026-04-24	INTEGRAL	6	1b450f5b-ecde-5880-ad0a-91ce0920069d	Maca	0	0	0	0	SINTETICO
20cf5226-9f92-478a-a2ea-08e4f72eb93e	2026-04-24	INTEGRAL	6	0db97b08-9e92-541d-b2d2-1bc810f8fbe8	Iogurte	2	2	0	0	SINTETICO
79939ef4-8c48-46e5-9b52-76ddbb84edf5	2026-04-24	MANHA	7	add956e1-36ad-584e-b1e4-a4a8db28315f	Banana	0	0	0	0	SINTETICO
c8d68e39-2e3c-4315-8d54-27d87c84b3d9	2026-04-24	INTEGRAL	8	eed1d0ec-938c-53ef-94b9-626452f5fbd2	Sopa de legumes	3	3	0	1	SINTETICO
e263e543-4ff3-444e-8b45-1e2ec98ce6da	2026-04-24	INTEGRAL	8	79ca1872-52e0-59dd-af29-543b793c0860	Macarrao ao sugo	0	0	0	0	SINTETICO
7e717419-040b-404f-ba67-02e423b7017d	2026-04-24	INTEGRAL	10	79ca1872-52e0-59dd-af29-543b793c0860	Macarrao ao sugo	40	37	3	6	SINTETICO
87c993f4-20f5-4f1b-82ca-557860db7a37	2026-04-24	MANHA	12	eed1d0ec-938c-53ef-94b9-626452f5fbd2	Sopa de legumes	114	99	15	29	SINTETICO
840008d3-2c8c-45d0-96ef-50110e89faad	2026-04-24	MANHA	12	0db97b08-9e92-541d-b2d2-1bc810f8fbe8	Iogurte	0	0	0	0	SINTETICO
3c085a89-bce9-4401-8692-23028a435406	2026-04-24	INTEGRAL	13	79ca1872-52e0-59dd-af29-543b793c0860	Macarrao ao sugo	21	19	2	3	SINTETICO
383fbd51-9dda-4539-af6f-7d55354cdc05	2026-04-24	INTEGRAL	17	9bf7d50c-378c-58f7-ba1a-0dccafffc54c	Bolacha doce	2	2	0	0	SINTETICO
e555317d-7d53-4df3-9c26-cbfd4daf424b	2026-04-27	INTEGRAL	2	153737d9-caa6-55d5-b086-f7e83fdab4d2	Pao com manteiga	92	92	0	4	SINTETICO
7760c4d4-1779-41b3-ba9a-1375afc73ce2	2026-04-27	INTEGRAL	3	2f723cf1-ddd6-58e2-881e-3ab45db8cd2d	Feijao carioca	2	2	0	0	SINTETICO
d123ae84-7585-4d72-adbc-6916a16102df	2026-04-27	INTEGRAL	5	84f7e794-a400-5d46-9efe-1c8a8f2f711d	Suco de fruta natural	3	3	0	0	SINTETICO
47fcf4ae-fd91-4309-8a58-729faef75a81	2026-04-27	INTEGRAL	5	2f723cf1-ddd6-58e2-881e-3ab45db8cd2d	Feijao carioca	51	46	5	4	SINTETICO
7b0024a3-135e-4bb7-8a33-185e5de8c745	2026-04-27	INTEGRAL	5	3d6a3f96-fe67-5811-98e8-2381c1ec5a70	Beterraba ralada	0	0	0	0	SINTETICO
cc1033df-afc0-49bd-873e-1d91b429f4dc	2026-04-27	MANHA	6	79ca1872-52e0-59dd-af29-543b793c0860	Macarrao ao sugo	2	2	0	0	SINTETICO
6a085ce9-188b-453a-a122-0f8118ab564f	2026-04-27	MANHA	6	1b450f5b-ecde-5880-ad0a-91ce0920069d	Maca	25	23	2	1	SINTETICO
51c53e31-cdb3-445f-ba5b-44b76e9f7aec	2026-04-27	MANHA	6	84f7e794-a400-5d46-9efe-1c8a8f2f711d	Suco de fruta natural	3	3	0	0	SINTETICO
c4ffda97-39e1-473b-a9a6-b0a998d248f7	2026-04-27	INTEGRAL	8	6753aa6f-0f7e-5208-8cd6-9e7a8733ef22	Leite com achocolatado	55	49	6	3	SINTETICO
7167b39d-8842-4ffb-9050-cb7b77041be2	2026-04-27	INTEGRAL	8	153737d9-caa6-55d5-b086-f7e83fdab4d2	Pao com manteiga	250	245	5	15	SINTETICO
7f6ffc4f-aaf9-4dab-bd75-14fd39388531	2026-04-27	INTEGRAL	8	9bf7d50c-378c-58f7-ba1a-0dccafffc54c	Bolacha doce	117	109	8	6	SINTETICO
8c87a0ce-c7bc-4f3e-87f7-62e0522ac43d	2026-04-27	INTEGRAL	9	bb7ca364-cc13-59ee-a7ed-1d5136b5b6e3	Beterraba cozida	1	1	0	0	SINTETICO
1519dc1b-9873-471b-84e8-a8458c37ee2c	2026-04-27	INTEGRAL	9	b6f014a3-eaad-57c0-8ee9-24eb9abb819a	Cuscuz	335	329	6	41	SINTETICO
e1e39fd4-191d-479e-8b35-9e08a3ffb031	2026-04-27	INTEGRAL	9	9bf7d50c-378c-58f7-ba1a-0dccafffc54c	Bolacha doce	15	14	1	1	SINTETICO
b22eef60-478d-4e43-8e1c-efb0aaaf0901	2026-04-27	INTEGRAL	9	84f7e794-a400-5d46-9efe-1c8a8f2f711d	Suco de fruta natural	11	10	1	1	SINTETICO
5f206607-5396-4a5c-992c-13946bf26968	2026-04-27	MANHA	10	add956e1-36ad-584e-b1e4-a4a8db28315f	Banana	6	5	1	0	SINTETICO
b9f1b21e-de2e-4162-9481-5a592ae8203c	2026-04-27	MANHA	12	6ce7a969-7c2b-5a21-b072-594a4412ab8b	Arroz branco	76	68	8	3	SINTETICO
9229d49d-95f7-4567-9437-690b60c0deac	2026-04-27	MANHA	12	0db97b08-9e92-541d-b2d2-1bc810f8fbe8	Iogurte	41	38	3	3	SINTETICO
bb24c7d6-5e14-4e25-ab1c-8a40a92321a2	2026-04-27	MANHA	12	6753aa6f-0f7e-5208-8cd6-9e7a8733ef22	Leite com achocolatado	24	23	1	1	SINTETICO
6dd77501-cafe-491c-b564-68e75efffb20	2026-04-27	INTEGRAL	14	1b450f5b-ecde-5880-ad0a-91ce0920069d	Maca	6	6	0	0	SINTETICO
d87f6e9d-ca25-4eae-b7d5-bee496a0ad16	2026-04-27	INTEGRAL	14	0db97b08-9e92-541d-b2d2-1bc810f8fbe8	Iogurte	278	267	11	17	SINTETICO
67e734b3-2fe6-40b2-a881-da29c6d55856	2026-04-27	INTEGRAL	14	2fb8016f-a7e8-5297-ba7c-fbdbc176e301	Molho de tomate caseiro	13	12	1	1	SINTETICO
3ff8d88d-73e6-4509-863d-a758dab136f3	2026-04-27	INTEGRAL	14	2f723cf1-ddd6-58e2-881e-3ab45db8cd2d	Feijao carioca	0	0	0	0	SINTETICO
1f146f3e-02b4-4fd5-9b89-29015b3e677a	2026-04-27	INTEGRAL	15	9bf7d50c-378c-58f7-ba1a-0dccafffc54c	Bolacha doce	79	79	0	3	SINTETICO
d33f5cc6-c6fa-4dec-b277-7189e30c3171	2026-04-27	INTEGRAL	15	add956e1-36ad-584e-b1e4-a4a8db28315f	Banana	15	13	2	1	SINTETICO
f04a6b8a-3002-43e9-8c7a-86af24003511	2026-04-27	INTEGRAL	15	1b450f5b-ecde-5880-ad0a-91ce0920069d	Maca	66	64	2	4	SINTETICO
aecc2ec9-af04-474c-afd7-cc186e59374c	2026-04-27	INTEGRAL	15	0db97b08-9e92-541d-b2d2-1bc810f8fbe8	Iogurte	196	190	6	14	SINTETICO
16b91a0e-4240-4deb-bfe8-580db6f38583	2026-04-27	INTEGRAL	16	153737d9-caa6-55d5-b086-f7e83fdab4d2	Pao com manteiga	47	43	4	2	SINTETICO
f9ac3fc7-2b18-4e5d-978c-78029b16c15f	2026-04-27	INTEGRAL	16	0db97b08-9e92-541d-b2d2-1bc810f8fbe8	Iogurte	10	10	0	1	SINTETICO
f6e100c1-f226-4c13-999d-9a389b1a1d71	2026-04-27	INTEGRAL	17	6753aa6f-0f7e-5208-8cd6-9e7a8733ef22	Leite com achocolatado	387	372	15	26	SINTETICO
dc16b704-1a2f-4e7d-85ac-8992b52d716b	2026-04-27	INTEGRAL	17	add956e1-36ad-584e-b1e4-a4a8db28315f	Banana	3	3	0	0	SINTETICO
66839c40-f306-4dab-95d3-607bbff3a5fe	2026-04-27	INTEGRAL	18	eed1d0ec-938c-53ef-94b9-626452f5fbd2	Sopa de legumes	25	23	2	7	SINTETICO
180e8c35-010a-4275-95e7-b8c77ce16f84	2026-04-27	INTEGRAL	18	1b450f5b-ecde-5880-ad0a-91ce0920069d	Maca	66	58	8	2	SINTETICO
c691b771-56a4-491e-98b6-1885e991c0af	2026-04-28	INTEGRAL	1	84f7e794-a400-5d46-9efe-1c8a8f2f711d	Suco de fruta natural	28	27	1	1	SINTETICO
7aadf30e-dc8e-4206-aba9-25618b162860	2026-04-28	INTEGRAL	1	0db97b08-9e92-541d-b2d2-1bc810f8fbe8	Iogurte	1	1	0	0	SINTETICO
30ca0d38-cb96-49df-8ad7-c8c6d2387eb5	2026-04-28	TARDE	2	84f7e794-a400-5d46-9efe-1c8a8f2f711d	Suco de fruta natural	18	16	2	1	SINTETICO
8287f8e8-1ace-46b0-bf6c-145479e89c2a	2026-04-28	TARDE	3	b6f014a3-eaad-57c0-8ee9-24eb9abb819a	Cuscuz	556	494	62	49	SINTETICO
d3775171-05f3-42b4-8b46-285f5e80826b	2026-04-28	TARDE	3	e8c59186-e147-5530-a4ba-b728fd7852c3	Arroz com galinha	119	115	4	10	SINTETICO
36dc99b7-537c-4cfc-bcc6-a954c832e495	2026-04-28	TARDE	3	add956e1-36ad-584e-b1e4-a4a8db28315f	Banana	0	0	0	0	SINTETICO
2b517053-96f8-4e87-97da-8611a7790e6c	2026-04-28	TARDE	3	1b450f5b-ecde-5880-ad0a-91ce0920069d	Maca	251	229	22	10	SINTETICO
f0ccd014-4e8d-4bb4-933b-de08daf6ce86	2026-04-28	TARDE	3	6753aa6f-0f7e-5208-8cd6-9e7a8733ef22	Leite com achocolatado	565	494	71	34	SINTETICO
6e00d57e-f089-45dd-b1fb-11d5d6060701	2026-04-28	TARDE	3	2f723cf1-ddd6-58e2-881e-3ab45db8cd2d	Feijao carioca	76	73	3	6	SINTETICO
90d66690-0dfc-4330-b2e4-5435b0cc7bce	2026-04-28	TARDE	4	0db97b08-9e92-541d-b2d2-1bc810f8fbe8	Iogurte	55	52	3	3	SINTETICO
13c75aa4-b454-43dd-8225-2f4215ff2dc2	2026-04-28	INTEGRAL	5	b6f014a3-eaad-57c0-8ee9-24eb9abb819a	Cuscuz	0	0	0	0	SINTETICO
4e7fff61-8298-4bac-bc4d-b3affc9e1936	2026-04-28	INTEGRAL	7	79ca1872-52e0-59dd-af29-543b793c0860	Macarrao ao sugo	7	6	1	1	SINTETICO
81e64dea-b0ba-4764-817f-793bd218fd2a	2026-04-28	INTEGRAL	7	eed1d0ec-938c-53ef-94b9-626452f5fbd2	Sopa de legumes	200	177	23	61	SINTETICO
f8553a59-d1a2-40ad-a76d-2e8d6724ab8a	2026-04-28	INTEGRAL	7	6ce7a969-7c2b-5a21-b072-594a4412ab8b	Arroz branco	0	0	0	0	SINTETICO
9588f75a-1a15-41a8-ac0d-cd328d4013fd	2026-04-28	INTEGRAL	8	9bf7d50c-378c-58f7-ba1a-0dccafffc54c	Bolacha doce	78	76	2	4	SINTETICO
4ed566d3-57fe-4dd1-b87f-a6c11a70b8c5	2026-04-28	TARDE	12	0db97b08-9e92-541d-b2d2-1bc810f8fbe8	Iogurte	8	7	1	0	SINTETICO
f879b1c2-ada0-47bc-bfd4-299b13e99ee4	2026-04-28	TARDE	12	eed1d0ec-938c-53ef-94b9-626452f5fbd2	Sopa de legumes	97	85	12	22	SINTETICO
f6335018-7fa1-48b1-93be-f3e45675aaa8	2026-04-28	TARDE	12	6753aa6f-0f7e-5208-8cd6-9e7a8733ef22	Leite com achocolatado	55	55	0	2	SINTETICO
8fda7c37-986c-4004-b430-a537222734f6	2026-04-28	TARDE	12	add956e1-36ad-584e-b1e4-a4a8db28315f	Banana	100	97	3	3	SINTETICO
60f6ef15-28b4-4cae-94ed-bb20b43887b0	2026-04-28	MANHA	13	2f723cf1-ddd6-58e2-881e-3ab45db8cd2d	Feijao carioca	91	86	5	7	SINTETICO
d4fa4380-7515-410e-8893-fe3d6cc9651d	2026-04-28	MANHA	13	6753aa6f-0f7e-5208-8cd6-9e7a8733ef22	Leite com achocolatado	10	10	0	1	SINTETICO
a81d02e4-bf6b-461f-b775-eb85a95af5ca	2026-04-28	TARDE	14	b6f014a3-eaad-57c0-8ee9-24eb9abb819a	Cuscuz	0	0	0	0	SINTETICO
4d87080d-3b16-4c5e-8b26-d9b19fd72264	2026-04-28	TARDE	14	eed1d0ec-938c-53ef-94b9-626452f5fbd2	Sopa de legumes	7	7	0	1	SINTETICO
42323ef4-1097-4569-8fbf-14081c57a034	2026-04-28	INTEGRAL	15	b6f014a3-eaad-57c0-8ee9-24eb9abb819a	Cuscuz	85	78	7	8	SINTETICO
478960ec-8e60-4ec7-ba8b-0de5bb476708	2026-04-28	INTEGRAL	15	6ce7a969-7c2b-5a21-b072-594a4412ab8b	Arroz branco	103	99	4	7	SINTETICO
d3a88963-c2fa-44e3-a232-2908fe80ec6b	2026-04-28	INTEGRAL	15	79ca1872-52e0-59dd-af29-543b793c0860	Macarrao ao sugo	1	1	0	0	SINTETICO
baa7895a-9edb-446a-a2d8-97f1c962a3a2	2026-04-28	INTEGRAL	15	153737d9-caa6-55d5-b086-f7e83fdab4d2	Pao com manteiga	139	126	13	5	SINTETICO
4c552984-f44e-40a1-b8bb-44ebcea57774	2026-04-28	INTEGRAL	16	6ce7a969-7c2b-5a21-b072-594a4412ab8b	Arroz branco	53	49	4	4	SINTETICO
66bab243-eefb-421b-936f-1f141afb4ab5	2026-04-28	INTEGRAL	16	9bf7d50c-378c-58f7-ba1a-0dccafffc54c	Bolacha doce	1	1	0	0	SINTETICO
c9f0be82-d104-40fd-9b76-396406655cb6	2026-04-28	INTEGRAL	16	84f7e794-a400-5d46-9efe-1c8a8f2f711d	Suco de fruta natural	38	36	2	1	SINTETICO
a65d8480-4e94-4e53-bac4-d29cf8d4e15e	2026-04-28	INTEGRAL	16	eed1d0ec-938c-53ef-94b9-626452f5fbd2	Sopa de legumes	2	2	0	1	SINTETICO
516e720f-b55a-4d51-bcb0-ad5f1bb02d4d	2026-04-28	INTEGRAL	17	9bf7d50c-378c-58f7-ba1a-0dccafffc54c	Bolacha doce	19	19	0	1	SINTETICO
043c4088-f4b4-4b71-b6ff-ba6a6d554df6	2026-04-28	INTEGRAL	17	6753aa6f-0f7e-5208-8cd6-9e7a8733ef22	Leite com achocolatado	35	31	4	2	SINTETICO
577ad8e9-83dd-49e5-b044-5e90760f600e	2026-04-28	INTEGRAL	17	79ca1872-52e0-59dd-af29-543b793c0860	Macarrao ao sugo	62	56	6	9	SINTETICO
e1f7bda6-2a6a-43f2-a1db-4f1b42d711a0	2026-04-28	INTEGRAL	18	0db97b08-9e92-541d-b2d2-1bc810f8fbe8	Iogurte	23	22	1	2	SINTETICO
4e3c28db-eea4-426d-8df1-cea6ffad66ee	2026-04-29	MANHA	1	9bf7d50c-378c-58f7-ba1a-0dccafffc54c	Bolacha doce	3	3	0	0	SINTETICO
69129878-6bf7-4bf6-b17d-cb31e98988a1	2026-04-29	MANHA	1	0db97b08-9e92-541d-b2d2-1bc810f8fbe8	Iogurte	24	21	3	1	SINTETICO
961ae9c8-6f36-426a-a41d-2743b97da199	2026-04-29	MANHA	1	094e6e93-4244-5901-b94b-836b2b9b21be	Carne suina acebolada	42	39	3	5	SINTETICO
ea571015-8abc-4439-9835-97d46841dcdf	2026-04-29	MANHA	1	add956e1-36ad-584e-b1e4-a4a8db28315f	Banana	365	330	35	12	SINTETICO
24e3efdb-5bb6-4169-97b4-cad8303b8268	2026-04-29	INTEGRAL	4	add956e1-36ad-584e-b1e4-a4a8db28315f	Banana	12	11	1	0	SINTETICO
534eed87-e897-433f-9fdc-dcc06f7e97bd	2026-04-29	INTEGRAL	6	eed1d0ec-938c-53ef-94b9-626452f5fbd2	Sopa de legumes	22	20	2	5	SINTETICO
776513e6-8ce6-4465-9876-c8acb0e88e4b	2026-04-29	INTEGRAL	6	1b450f5b-ecde-5880-ad0a-91ce0920069d	Maca	78	70	8	4	SINTETICO
92ed5fda-d7b0-4232-b7a6-2231884829de	2026-04-29	INTEGRAL	6	b6f014a3-eaad-57c0-8ee9-24eb9abb819a	Cuscuz	54	49	5	5	SINTETICO
6c7f2053-4a7e-450a-89ac-b3ce9a3ae2bf	2026-04-29	INTEGRAL	6	0db97b08-9e92-541d-b2d2-1bc810f8fbe8	Iogurte	16	15	1	1	SINTETICO
99d994eb-0791-46a3-91bb-9e285f149c93	2026-04-29	INTEGRAL	7	79ca1872-52e0-59dd-af29-543b793c0860	Macarrao ao sugo	0	0	0	0	SINTETICO
bc1bdb33-79e7-4316-907f-e19c236d4ce6	2026-04-29	INTEGRAL	7	e9939964-7e5f-542e-9526-0c743b00ffb0	Salada de tomate	73	72	1	12	SINTETICO
58c567a6-e0f1-4824-83d6-3205989f08ef	2026-04-29	MANHA	8	153737d9-caa6-55d5-b086-f7e83fdab4d2	Pao com manteiga	22	19	3	1	SINTETICO
313ba45c-2823-4224-b90b-659d21a4bd88	2026-04-29	MANHA	8	2f723cf1-ddd6-58e2-881e-3ab45db8cd2d	Feijao carioca	25	23	2	2	SINTETICO
a2d6c691-1589-4f20-a352-47072ea00cb6	2026-04-29	MANHA	8	eed1d0ec-938c-53ef-94b9-626452f5fbd2	Sopa de legumes	38	37	1	12	SINTETICO
ed11b335-d8a0-48b8-946b-62044bcc18c0	2026-04-29	MANHA	9	9bf7d50c-378c-58f7-ba1a-0dccafffc54c	Bolacha doce	124	110	14	4	SINTETICO
7917bc4e-500e-479f-9a25-6a8cfd711674	2026-04-29	MANHA	9	79ca1872-52e0-59dd-af29-543b793c0860	Macarrao ao sugo	123	112	11	20	SINTETICO
552deb73-c65e-4374-b136-9119dcb5067f	2026-04-29	MANHA	9	6ce7a969-7c2b-5a21-b072-594a4412ab8b	Arroz branco	2	2	0	0	SINTETICO
8297394c-1b46-4882-8351-e2c407797156	2026-04-29	INTEGRAL	11	79ca1872-52e0-59dd-af29-543b793c0860	Macarrao ao sugo	22	21	1	3	SINTETICO
cef1bd5f-fca4-4d5b-ade5-6b6389273cad	2026-04-29	INTEGRAL	11	153737d9-caa6-55d5-b086-f7e83fdab4d2	Pao com manteiga	1	1	0	0	SINTETICO
6b0012dd-baeb-410f-ac5a-2d360114ec4b	2026-04-29	INTEGRAL	11	6753aa6f-0f7e-5208-8cd6-9e7a8733ef22	Leite com achocolatado	0	0	0	0	SINTETICO
3735385b-780e-4934-9b69-365a54b4b365	2026-04-29	INTEGRAL	11	eed1d0ec-938c-53ef-94b9-626452f5fbd2	Sopa de legumes	79	71	8	19	SINTETICO
e0100d22-e32d-44e2-af3f-6728730f08e0	2026-04-29	MANHA	13	b6f014a3-eaad-57c0-8ee9-24eb9abb819a	Cuscuz	34	32	2	4	SINTETICO
01017b69-5cd4-44a2-9ef9-a19324449f06	2026-04-29	MANHA	13	add956e1-36ad-584e-b1e4-a4a8db28315f	Banana	93	85	8	2	SINTETICO
7e0fb300-4a0c-4ef4-a872-ab5263537b65	2026-04-29	INTEGRAL	14	3331b130-8600-5a59-9e35-f970f9ea497e	Ovo mexido	2	2	0	0	SINTETICO
06d29821-83cf-493e-b951-e9ed3ec846fc	2026-04-29	INTEGRAL	14	6753aa6f-0f7e-5208-8cd6-9e7a8733ef22	Leite com achocolatado	0	0	0	0	SINTETICO
d92d14f1-2603-4bf0-a314-afd950265a93	2026-04-29	TARDE	16	6ce7a969-7c2b-5a21-b072-594a4412ab8b	Arroz branco	115	102	13	9	SINTETICO
c610ecb6-b4c5-4754-8618-25da84825e15	2026-04-29	TARDE	16	b6f014a3-eaad-57c0-8ee9-24eb9abb819a	Cuscuz	52	51	1	5	SINTETICO
6a1826f3-8165-49e4-bda7-d2d912974427	2026-04-29	INTEGRAL	17	6ce7a969-7c2b-5a21-b072-594a4412ab8b	Arroz branco	1	1	0	0	SINTETICO
3a484cfd-b879-4835-99c6-41e1ffb70299	2026-04-29	INTEGRAL	17	eed1d0ec-938c-53ef-94b9-626452f5fbd2	Sopa de legumes	265	240	25	56	SINTETICO
000fe8a5-d863-4e4d-86c7-46dfadc7ee3e	2026-04-29	INTEGRAL	17	6753aa6f-0f7e-5208-8cd6-9e7a8733ef22	Leite com achocolatado	17	15	2	1	SINTETICO
95446fc3-9ea7-4243-a3ef-5d05628ad8eb	2026-04-29	INTEGRAL	18	6753aa6f-0f7e-5208-8cd6-9e7a8733ef22	Leite com achocolatado	3	3	0	0	SINTETICO
f9ba5f35-d4be-457c-be0a-462b8533244a	2026-04-29	INTEGRAL	18	eed1d0ec-938c-53ef-94b9-626452f5fbd2	Sopa de legumes	7	6	1	2	SINTETICO
34e7ecb2-3465-4d85-951f-08029d6bb493	2026-04-29	INTEGRAL	18	b6f014a3-eaad-57c0-8ee9-24eb9abb819a	Cuscuz	28	26	2	2	SINTETICO
165568e9-209b-42f6-b142-db73de36da65	2026-04-30	INTEGRAL	1	eed1d0ec-938c-53ef-94b9-626452f5fbd2	Sopa de legumes	20	20	0	6	SINTETICO
974405e3-c02e-4122-93ce-3ef525313ac6	2026-04-30	INTEGRAL	1	9bf7d50c-378c-58f7-ba1a-0dccafffc54c	Bolacha doce	0	0	0	0	SINTETICO
2e2ff351-209b-48be-a3f0-791db72db27a	2026-04-30	INTEGRAL	1	b6f014a3-eaad-57c0-8ee9-24eb9abb819a	Cuscuz	0	0	0	0	SINTETICO
8d3b803c-8114-41ec-b906-3cf978197a18	2026-04-30	MANHA	2	add956e1-36ad-584e-b1e4-a4a8db28315f	Banana	2	2	0	0	SINTETICO
030aab28-5356-4b57-9992-b86adfbcc6ab	2026-04-30	MANHA	2	2f723cf1-ddd6-58e2-881e-3ab45db8cd2d	Feijao carioca	26	24	2	3	SINTETICO
7699ffdc-ac3f-428c-aa83-e5b555764307	2026-04-30	INTEGRAL	3	eed1d0ec-938c-53ef-94b9-626452f5fbd2	Sopa de legumes	1	1	0	0	SINTETICO
7bcd563f-cf23-4020-9e06-8f0e4e452b27	2026-04-30	INTEGRAL	4	eed1d0ec-938c-53ef-94b9-626452f5fbd2	Sopa de legumes	1	1	0	0	SINTETICO
181adf4f-7dbf-4355-896d-782c47c0f60b	2026-04-30	INTEGRAL	5	2f723cf1-ddd6-58e2-881e-3ab45db8cd2d	Feijao carioca	50	47	3	5	SINTETICO
37dac0bd-d0d1-49a2-ab77-67c27162bd6d	2026-04-30	INTEGRAL	5	84f7e794-a400-5d46-9efe-1c8a8f2f711d	Suco de fruta natural	38	36	2	1	SINTETICO
becabdce-c7c3-45df-aca5-2b23d6780a93	2026-04-30	INTEGRAL	6	add956e1-36ad-584e-b1e4-a4a8db28315f	Banana	3	3	0	0	SINTETICO
db4c5e92-8012-429e-a3f8-472a33cf6c58	2026-04-30	INTEGRAL	6	9bf7d50c-378c-58f7-ba1a-0dccafffc54c	Bolacha doce	23	20	3	1	SINTETICO
84272ebe-ee7d-4f56-90b7-46419deea391	2026-04-30	INTEGRAL	6	b6cbc98d-85cf-5628-a89e-560cfa264267	Coxa e sobrecoxa de frango ao molho de tomate	35	35	0	5	SINTETICO
9f252a61-6c4e-4562-852a-35c5218e04da	2026-04-30	INTEGRAL	7	84f7e794-a400-5d46-9efe-1c8a8f2f711d	Suco de fruta natural	8	8	0	0	SINTETICO
ac29385c-dad8-48f2-998c-6823f27bb0df	2026-04-30	INTEGRAL	7	6753aa6f-0f7e-5208-8cd6-9e7a8733ef22	Leite com achocolatado	47	47	0	2	SINTETICO
a3ecc1ae-f25b-4778-9032-c30a807ee149	2026-04-30	INTEGRAL	7	eed1d0ec-938c-53ef-94b9-626452f5fbd2	Sopa de legumes	24	22	2	7	SINTETICO
f73699bb-bdda-4fd5-8469-deff5af4c3df	2026-04-30	INTEGRAL	7	2f723cf1-ddd6-58e2-881e-3ab45db8cd2d	Feijao carioca	22	21	1	2	SINTETICO
49fe31e0-21c2-4e73-b04e-202ad2b46247	2026-04-30	INTEGRAL	7	21e707b3-6560-583f-a5f2-f307b82911fd	Salada de alface	66	64	2	14	SINTETICO
cf99d47f-04b3-474f-a30e-a85869c7c05c	2026-04-30	INTEGRAL	8	6753aa6f-0f7e-5208-8cd6-9e7a8733ef22	Leite com achocolatado	42	41	1	3	SINTETICO
052f4dce-75c5-4ed4-abb6-ff94350ea3cf	2026-04-30	MANHA	9	84f7e794-a400-5d46-9efe-1c8a8f2f711d	Suco de fruta natural	13	12	1	1	SINTETICO
a510c45c-8195-43c7-a0ed-811e651f42a7	2026-04-30	MANHA	9	b99afe70-33ca-5504-9840-345a82dc68a3	Cenoura ralada	312	311	1	64	SINTETICO
b2e493a1-ca02-4712-9cae-51cb0f5931af	2026-04-30	INTEGRAL	10	0db97b08-9e92-541d-b2d2-1bc810f8fbe8	Iogurte	2	2	0	0	SINTETICO
58130e7d-f122-48d3-8aa6-ba458c57208f	2026-04-30	INTEGRAL	10	045210e2-4f88-5f7b-950a-db8c8dacab7e	Repolho	0	0	0	0	SINTETICO
bd91523b-6d02-455d-a60b-cd6a02d76d17	2026-04-30	INTEGRAL	10	6753aa6f-0f7e-5208-8cd6-9e7a8733ef22	Leite com achocolatado	205	197	8	9	SINTETICO
034a2d0d-27c9-4012-b30c-22cc2cbaf8ab	2026-04-30	INTEGRAL	10	eed1d0ec-938c-53ef-94b9-626452f5fbd2	Sopa de legumes	47	43	4	15	SINTETICO
fca3202e-5dd9-4862-a90c-b475c4e4f49b	2026-04-30	INTEGRAL	10	2f723cf1-ddd6-58e2-881e-3ab45db8cd2d	Feijao carioca	13	12	1	1	SINTETICO
9b484d8f-9dd6-4ee4-898b-6c633d62a1e9	2026-04-30	INTEGRAL	10	b6f014a3-eaad-57c0-8ee9-24eb9abb819a	Cuscuz	0	0	0	0	SINTETICO
3d3277a6-04fd-4a6f-b280-44f7ef96c95c	2026-04-30	INTEGRAL	12	b6f014a3-eaad-57c0-8ee9-24eb9abb819a	Cuscuz	10	9	1	1	SINTETICO
930827f0-36d7-45d3-8876-7683b627909b	2026-04-30	INTEGRAL	14	2f723cf1-ddd6-58e2-881e-3ab45db8cd2d	Feijao carioca	370	353	17	36	SINTETICO
3921f3be-531b-428c-9c2b-8151b9df0d3c	2026-04-30	INTEGRAL	14	153737d9-caa6-55d5-b086-f7e83fdab4d2	Pao com manteiga	35	34	1	2	SINTETICO
5be289f8-902d-4d4e-be71-52c92152ceed	2026-04-30	INTEGRAL	14	add956e1-36ad-584e-b1e4-a4a8db28315f	Banana	50	44	6	2	SINTETICO
2d1a753e-1a1b-49a1-84e8-e9ed16e24368	2026-04-30	INTEGRAL	15	0db97b08-9e92-541d-b2d2-1bc810f8fbe8	Iogurte	0	0	0	0	SINTETICO
f47e4f55-3702-4c80-86d0-e09f364224ac	2026-04-30	INTEGRAL	16	b6f014a3-eaad-57c0-8ee9-24eb9abb819a	Cuscuz	47	44	3	4	SINTETICO
658d058f-9d2b-4e49-b188-cba7ddd24c22	2026-04-30	INTEGRAL	17	0db97b08-9e92-541d-b2d2-1bc810f8fbe8	Iogurte	12	12	0	1	SINTETICO
18948568-b4ad-44dd-88d1-117ca32b1fdc	2026-04-30	INTEGRAL	18	84f7e794-a400-5d46-9efe-1c8a8f2f711d	Suco de fruta natural	82	81	1	4	SINTETICO
348c25c9-3299-44bf-8cf3-b254d97aad89	2026-04-30	INTEGRAL	18	6753aa6f-0f7e-5208-8cd6-9e7a8733ef22	Leite com achocolatado	51	49	2	3	SINTETICO
1a432779-cfed-4a7e-ae0e-5ac39ef8cbb8	2026-04-30	INTEGRAL	18	3331b130-8600-5a59-9e35-f970f9ea497e	Ovo mexido	103	92	11	12	SINTETICO
87edecfb-f9e3-4d26-a1ca-ff71700d2b88	2026-04-30	INTEGRAL	18	47fbd9af-ac57-5250-a6e2-0018c6bd21c0	Couve	33	32	1	12	SINTETICO
fa079596-1420-4fa3-ba92-8fe21621d52f	2026-05-01	INTEGRAL	2	eed1d0ec-938c-53ef-94b9-626452f5fbd2	Sopa de legumes	194	188	6	59	SINTETICO
54e1b533-d9d4-43ea-9509-3353ba8a3b39	2026-05-01	MANHA	3	1b450f5b-ecde-5880-ad0a-91ce0920069d	Maca	11	10	1	0	SINTETICO
6a5ad087-4740-4f7c-bc3f-7657f6d59480	2026-05-01	MANHA	3	2f723cf1-ddd6-58e2-881e-3ab45db8cd2d	Feijao carioca	25	25	0	2	SINTETICO
663cdda3-7628-47a3-89e9-17a743544b6a	2026-05-01	MANHA	3	9bf7d50c-378c-58f7-ba1a-0dccafffc54c	Bolacha doce	0	0	0	0	SINTETICO
e0b5aa0c-ebcc-4afe-bb3f-083650db665f	2026-05-01	MANHA	3	add956e1-36ad-584e-b1e4-a4a8db28315f	Banana	65	58	7	2	SINTETICO
52aa56d3-b61f-460f-8fb3-85872ee266c2	2026-05-01	MANHA	3	b6f014a3-eaad-57c0-8ee9-24eb9abb819a	Cuscuz	303	297	6	34	SINTETICO
8e0ca512-b038-4955-8d1c-77884f1440e9	2026-05-01	INTEGRAL	4	2f723cf1-ddd6-58e2-881e-3ab45db8cd2d	Feijao carioca	38	35	3	4	SINTETICO
eaa4eaa3-62b6-4563-b3f4-6430ac26e52a	2026-05-01	INTEGRAL	4	6ce7a969-7c2b-5a21-b072-594a4412ab8b	Arroz branco	0	0	0	0	SINTETICO
b14d362a-1141-4fe5-a099-26d6e3109e3c	2026-05-01	INTEGRAL	5	9bf7d50c-378c-58f7-ba1a-0dccafffc54c	Bolacha doce	11	10	1	0	SINTETICO
9b3ce640-0862-4812-a63f-1113ed1d40c3	2026-05-01	MANHA	6	84f7e794-a400-5d46-9efe-1c8a8f2f711d	Suco de fruta natural	0	0	0	0	SINTETICO
6a0edfe1-1930-4445-9a94-9dc614febd95	2026-05-01	MANHA	8	2f723cf1-ddd6-58e2-881e-3ab45db8cd2d	Feijao carioca	90	79	11	8	SINTETICO
3205b00f-2a6c-431e-bbc6-91c77d6fe6a8	2026-05-01	MANHA	8	79ca1872-52e0-59dd-af29-543b793c0860	Macarrao ao sugo	53	48	5	5	SINTETICO
96635610-b557-4743-a7f5-0fa2b457f966	2026-05-01	MANHA	8	b6f014a3-eaad-57c0-8ee9-24eb9abb819a	Cuscuz	7	6	1	1	SINTETICO
423d9014-75bd-4b46-97cf-ff7edd948be5	2026-05-01	MANHA	8	add956e1-36ad-584e-b1e4-a4a8db28315f	Banana	19	17	2	1	SINTETICO
7f76ac2a-7859-4559-be3a-7e0beae01d06	2026-05-01	MANHA	8	153737d9-caa6-55d5-b086-f7e83fdab4d2	Pao com manteiga	21	20	1	1	SINTETICO
535e565b-da9b-4715-b513-bfb7f700a830	2026-05-01	MANHA	10	9bf7d50c-378c-58f7-ba1a-0dccafffc54c	Bolacha doce	176	162	14	7	SINTETICO
cf4589a3-3132-4e91-8b7a-e945bc90d727	2026-05-01	INTEGRAL	13	84f7e794-a400-5d46-9efe-1c8a8f2f711d	Suco de fruta natural	41	39	2	3	SINTETICO
2ed07b34-148c-40e7-b3b6-ce7c757bce3a	2026-05-01	TARDE	14	79ca1872-52e0-59dd-af29-543b793c0860	Macarrao ao sugo	92	91	1	11	SINTETICO
ef3c3964-66f7-4bd0-8873-e1a6dc547184	2026-05-01	TARDE	14	0db97b08-9e92-541d-b2d2-1bc810f8fbe8	Iogurte	50	47	3	2	SINTETICO
85c10381-cb98-4138-9f81-ef4a96687e80	2026-05-01	MANHA	16	1b450f5b-ecde-5880-ad0a-91ce0920069d	Maca	12	11	1	1	SINTETICO
d9db0d57-a6f3-4f2d-80a4-819d0712db2f	2026-05-01	INTEGRAL	18	84f7e794-a400-5d46-9efe-1c8a8f2f711d	Suco de fruta natural	14	13	1	1	SINTETICO
43f2f33e-892e-4972-8b2a-323993d7adad	2026-05-01	INTEGRAL	18	79ca1872-52e0-59dd-af29-543b793c0860	Macarrao ao sugo	55	51	4	7	SINTETICO
1868a7c2-0d09-44dd-b480-a47a4ab3eff4	2026-05-04	INTEGRAL	1	b6f014a3-eaad-57c0-8ee9-24eb9abb819a	Cuscuz	85	79	6	9	SINTETICO
314f2ac2-b6ed-478e-85b6-24ca867f7635	2026-05-04	INTEGRAL	1	eed1d0ec-938c-53ef-94b9-626452f5fbd2	Sopa de legumes	2	2	0	1	SINTETICO
4a0d2438-38d9-458e-8cbb-cba66ed6587a	2026-05-04	INTEGRAL	2	6753aa6f-0f7e-5208-8cd6-9e7a8733ef22	Leite com achocolatado	1	1	0	0	SINTETICO
f88c6109-bf46-41ea-88d0-fa881a736250	2026-05-04	TARDE	3	6ce7a969-7c2b-5a21-b072-594a4412ab8b	Arroz branco	104	99	5	5	SINTETICO
e2e5c3fc-33ff-49b9-bfb1-6110cce71412	2026-05-04	TARDE	3	84f7e794-a400-5d46-9efe-1c8a8f2f711d	Suco de fruta natural	122	114	8	6	SINTETICO
2f6fba66-cb10-4efc-9c8d-1ccbd6c78c63	2026-05-04	INTEGRAL	6	9bf7d50c-378c-58f7-ba1a-0dccafffc54c	Bolacha doce	0	0	0	0	SINTETICO
c775c886-886e-4a06-829a-b6a2ff5283b2	2026-05-04	INTEGRAL	7	add956e1-36ad-584e-b1e4-a4a8db28315f	Banana	42	40	2	1	SINTETICO
18b4736a-c2c5-469c-b242-d0ed52a5f87d	2026-05-04	INTEGRAL	8	9bf7d50c-378c-58f7-ba1a-0dccafffc54c	Bolacha doce	50	48	2	2	SINTETICO
d9162a65-ed9e-4712-bf63-e20532a8d153	2026-05-04	INTEGRAL	8	6753aa6f-0f7e-5208-8cd6-9e7a8733ef22	Leite com achocolatado	13	12	1	1	SINTETICO
1941a847-6ae1-4e99-a307-3a40606c2663	2026-05-04	INTEGRAL	8	094e6e93-4244-5901-b94b-836b2b9b21be	Carne suina acebolada	0	0	0	0	SINTETICO
612b4c5b-03b0-40ce-9ef1-e806ff088727	2026-05-04	MANHA	9	eed1d0ec-938c-53ef-94b9-626452f5fbd2	Sopa de legumes	0	0	0	0	SINTETICO
f4c1b81e-6ef4-40da-a761-65d582c97e0d	2026-05-04	MANHA	9	add956e1-36ad-584e-b1e4-a4a8db28315f	Banana	47	43	4	1	SINTETICO
a3480f9c-ebb7-4480-a8a3-1f163ce40c1a	2026-05-04	INTEGRAL	10	84f7e794-a400-5d46-9efe-1c8a8f2f711d	Suco de fruta natural	0	0	0	0	SINTETICO
8a6a9d1d-72d8-4af8-9670-375edc1ea89a	2026-05-04	INTEGRAL	10	2f723cf1-ddd6-58e2-881e-3ab45db8cd2d	Feijao carioca	12	12	0	1	SINTETICO
6016626e-7537-40d0-8f87-1b28587f181a	2026-05-04	TARDE	13	2f723cf1-ddd6-58e2-881e-3ab45db8cd2d	Feijao carioca	3	3	0	0	SINTETICO
d3d28f07-e7f4-41a0-9ee6-24e8ee991fc0	2026-05-04	TARDE	13	1b450f5b-ecde-5880-ad0a-91ce0920069d	Maca	0	0	0	0	SINTETICO
f33acd01-6f2f-4775-b9ef-3dbad5daab4a	2026-05-04	TARDE	13	6753aa6f-0f7e-5208-8cd6-9e7a8733ef22	Leite com achocolatado	117	107	10	8	SINTETICO
1f3f0f3f-0733-477a-aafb-1dfdc18502ba	2026-05-04	INTEGRAL	14	6753aa6f-0f7e-5208-8cd6-9e7a8733ef22	Leite com achocolatado	22	21	1	1	SINTETICO
a2556504-af4d-492f-9f0f-6aba045e0fcd	2026-05-04	INTEGRAL	14	84f7e794-a400-5d46-9efe-1c8a8f2f711d	Suco de fruta natural	32	29	3	1	SINTETICO
93ffd5ed-c0ae-4836-95f8-407d05358d2b	2026-05-04	INTEGRAL	14	153737d9-caa6-55d5-b086-f7e83fdab4d2	Pao com manteiga	33	33	0	2	SINTETICO
dad940d4-1444-49db-932f-8e4518c4c1ea	2026-05-04	INTEGRAL	15	eed1d0ec-938c-53ef-94b9-626452f5fbd2	Sopa de legumes	14	13	1	3	SINTETICO
d5a8725c-5d9c-4e3a-add9-7bcfd3374049	2026-05-04	MANHA	17	0db97b08-9e92-541d-b2d2-1bc810f8fbe8	Iogurte	0	0	0	0	SINTETICO
29927367-01a5-405b-a1a4-72f343e19d2b	2026-05-04	MANHA	17	79ca1872-52e0-59dd-af29-543b793c0860	Macarrao ao sugo	16	16	0	2	SINTETICO
bf8d7803-9055-450b-9d68-c6d23d360c11	2026-05-04	MANHA	17	6ce7a969-7c2b-5a21-b072-594a4412ab8b	Arroz branco	57	52	5	4	SINTETICO
1b019b4b-dee6-4403-bd96-37ed6fd655b1	2026-05-05	INTEGRAL	2	eed1d0ec-938c-53ef-94b9-626452f5fbd2	Sopa de legumes	44	41	3	14	SINTETICO
ba82d93e-b2d7-4a67-a824-ebac4a4f6687	2026-05-05	INTEGRAL	7	0db97b08-9e92-541d-b2d2-1bc810f8fbe8	Iogurte	15	15	0	1	SINTETICO
a7085351-042d-4689-aca9-801a699aa3d4	2026-05-05	INTEGRAL	7	2f723cf1-ddd6-58e2-881e-3ab45db8cd2d	Feijao carioca	273	241	32	28	SINTETICO
a6d71544-cb26-4cbd-a37a-fe7dd82aeef6	2026-05-05	INTEGRAL	7	eed1d0ec-938c-53ef-94b9-626452f5fbd2	Sopa de legumes	40	37	3	10	SINTETICO
21ccf2ed-600e-485e-8c51-8550b25c18bf	2026-05-05	INTEGRAL	8	79ca1872-52e0-59dd-af29-543b793c0860	Macarrao ao sugo	0	0	0	0	SINTETICO
6562860b-630a-4c5e-8956-b531127ee713	2026-05-05	INTEGRAL	8	1b450f5b-ecde-5880-ad0a-91ce0920069d	Maca	0	0	0	0	SINTETICO
404fb430-d918-46ed-8086-11cabf64d0d3	2026-05-05	INTEGRAL	8	eed1d0ec-938c-53ef-94b9-626452f5fbd2	Sopa de legumes	44	41	3	11	SINTETICO
9251bb9f-78d6-4a2d-8679-09005314d90b	2026-05-05	INTEGRAL	10	eed1d0ec-938c-53ef-94b9-626452f5fbd2	Sopa de legumes	60	53	7	15	SINTETICO
437c610b-6443-4595-9864-7e9b38859d8b	2026-05-05	INTEGRAL	10	9bf7d50c-378c-58f7-ba1a-0dccafffc54c	Bolacha doce	257	224	33	14	SINTETICO
3c6f757f-4a05-4334-b528-b58d6695d5df	2026-05-05	INTEGRAL	10	84f7e794-a400-5d46-9efe-1c8a8f2f711d	Suco de fruta natural	70	66	4	4	SINTETICO
f1421674-9f14-4232-b0d2-c7a28aa41508	2026-05-05	INTEGRAL	10	add956e1-36ad-584e-b1e4-a4a8db28315f	Banana	131	116	15	5	SINTETICO
8cc774ea-2ad7-4ffb-a256-6cf597817bf1	2026-05-05	MANHA	11	b94bd7bf-252f-5c97-9722-163c6d7e2412	Brocolis	326	297	29	52	SINTETICO
f8d685d4-6229-4e8f-8450-9f5492ac2929	2026-05-05	MANHA	12	6ce7a969-7c2b-5a21-b072-594a4412ab8b	Arroz branco	102	100	2	9	SINTETICO
b4d3025f-0fb0-4f50-b722-2e1bc94e91dd	2026-05-05	INTEGRAL	15	1b450f5b-ecde-5880-ad0a-91ce0920069d	Maca	286	268	18	12	SINTETICO
3d999f31-1966-483b-96a6-1369840496df	2026-05-05	INTEGRAL	15	84f7e794-a400-5d46-9efe-1c8a8f2f711d	Suco de fruta natural	1	1	0	0	SINTETICO
3a666db3-c89b-4c2f-b6f9-1e6fa3ecbed0	2026-05-05	INTEGRAL	15	153737d9-caa6-55d5-b086-f7e83fdab4d2	Pao com manteiga	21	19	2	1	SINTETICO
2035f270-7754-4f84-a585-46752deeb3dd	2026-05-05	INTEGRAL	15	6753aa6f-0f7e-5208-8cd6-9e7a8733ef22	Leite com achocolatado	0	0	0	0	SINTETICO
6434ccd0-39f0-4104-bd7f-81c64133006f	2026-05-05	INTEGRAL	15	b85fd879-2256-524c-b715-7f9cb93ccd01	Bolo de maca, sem acucar	105	99	6	9	SINTETICO
f01966b1-fc8a-47ad-900d-b4eb1edff96b	2026-05-05	INTEGRAL	17	b6f014a3-eaad-57c0-8ee9-24eb9abb819a	Cuscuz	0	0	0	0	SINTETICO
b9aa8ad5-2544-41ce-81ec-eed8f2dd115a	2026-05-05	INTEGRAL	17	84f7e794-a400-5d46-9efe-1c8a8f2f711d	Suco de fruta natural	0	0	0	0	SINTETICO
506f0748-6cf0-47ca-bf93-acd66db7fa61	2026-05-05	MANHA	18	e8c59186-e147-5530-a4ba-b728fd7852c3	Arroz com galinha	196	176	20	13	SINTETICO
1a02bb94-27f2-452d-9c18-ba43306ab457	2026-05-06	INTEGRAL	1	9bf7d50c-378c-58f7-ba1a-0dccafffc54c	Bolacha doce	5	5	0	0	SINTETICO
f40a1e04-63c9-437d-8eaa-5e42327d9ff0	2026-05-06	INTEGRAL	1	79ca1872-52e0-59dd-af29-543b793c0860	Macarrao ao sugo	15	14	1	2	SINTETICO
ded280d4-4c2d-48a3-81e3-c19249a0efb3	2026-05-06	INTEGRAL	2	0db97b08-9e92-541d-b2d2-1bc810f8fbe8	Iogurte	52	47	5	3	SINTETICO
e9dc81ea-9801-46b9-8597-9e2b77bacb1f	2026-05-06	INTEGRAL	2	1b450f5b-ecde-5880-ad0a-91ce0920069d	Maca	37	36	1	2	SINTETICO
65e06e75-ebfe-4e5e-8e83-215213b7100d	2026-05-06	INTEGRAL	2	84f7e794-a400-5d46-9efe-1c8a8f2f711d	Suco de fruta natural	34	32	2	1	SINTETICO
c9574d4d-e225-4b59-ab73-049576bd7951	2026-05-06	TARDE	4	b6f014a3-eaad-57c0-8ee9-24eb9abb819a	Cuscuz	232	225	7	26	SINTETICO
7b6da8b3-ae45-4138-bee3-b32d62932bd0	2026-05-06	TARDE	4	add956e1-36ad-584e-b1e4-a4a8db28315f	Banana	198	194	4	10	SINTETICO
38863c6b-eebc-474b-bd30-01e19b2b41e1	2026-05-06	TARDE	4	153737d9-caa6-55d5-b086-f7e83fdab4d2	Pao com manteiga	161	143	18	8	SINTETICO
3f45f84c-7b09-4cb3-bbb3-99ede402a0dd	2026-05-06	TARDE	4	2f723cf1-ddd6-58e2-881e-3ab45db8cd2d	Feijao carioca	12	12	0	1	SINTETICO
27aceacc-3a87-41a7-94ab-abae89f8c331	2026-05-06	INTEGRAL	6	9bf7d50c-378c-58f7-ba1a-0dccafffc54c	Bolacha doce	91	83	8	3	SINTETICO
7003c294-aa1b-48bc-ae7a-34ccbe1710a8	2026-05-06	INTEGRAL	8	2f723cf1-ddd6-58e2-881e-3ab45db8cd2d	Feijao carioca	43	41	2	3	SINTETICO
6ec6db13-4724-4fc4-b925-c650ead2464f	2026-05-06	INTEGRAL	8	79ca1872-52e0-59dd-af29-543b793c0860	Macarrao ao sugo	39	39	0	4	SINTETICO
8fbc15f3-f333-4169-8763-190478ab371d	2026-05-06	INTEGRAL	10	b6f014a3-eaad-57c0-8ee9-24eb9abb819a	Cuscuz	23	23	0	3	SINTETICO
ee55224d-3380-4caa-a167-68beaa6c29df	2026-05-06	INTEGRAL	10	9bf7d50c-378c-58f7-ba1a-0dccafffc54c	Bolacha doce	23	20	3	1	SINTETICO
26d94319-dea5-46ac-b06d-5a71009e3f2e	2026-05-06	INTEGRAL	10	d0f748b6-0ca4-5794-9480-45981f00672c	Ensopado de mandioca	370	350	20	64	SINTETICO
9f3eef70-bab9-4c9a-90ff-b61e379f5d80	2026-05-06	INTEGRAL	10	6753aa6f-0f7e-5208-8cd6-9e7a8733ef22	Leite com achocolatado	24	21	3	1	SINTETICO
440fad6f-9d3b-4343-b7d5-9ce289378169	2026-05-06	TARDE	11	79ca1872-52e0-59dd-af29-543b793c0860	Macarrao ao sugo	0	0	0	0	SINTETICO
caa2f546-45b2-4f86-9516-a1087b41db19	2026-05-06	TARDE	11	b6f014a3-eaad-57c0-8ee9-24eb9abb819a	Cuscuz	119	106	13	16	SINTETICO
b0eecd89-75b5-468b-a9ed-7d91f16e4f4b	2026-05-06	TARDE	11	0db97b08-9e92-541d-b2d2-1bc810f8fbe8	Iogurte	2	2	0	0	SINTETICO
2e20aeba-c3ff-4734-a7d4-eaca84ab3a39	2026-05-06	TARDE	11	eed1d0ec-938c-53ef-94b9-626452f5fbd2	Sopa de legumes	48	48	0	14	SINTETICO
d93ba0d8-8e53-4c41-9735-2784a3d30cbc	2026-05-06	MANHA	13	eed1d0ec-938c-53ef-94b9-626452f5fbd2	Sopa de legumes	16	14	2	5	SINTETICO
fd44d99e-f26f-4921-aa28-1750501266ce	2026-05-06	MANHA	13	add956e1-36ad-584e-b1e4-a4a8db28315f	Banana	360	317	43	15	SINTETICO
5ada3a4c-42fe-4b6a-852a-3962cff1c764	2026-05-06	MANHA	13	2f723cf1-ddd6-58e2-881e-3ab45db8cd2d	Feijao carioca	114	112	2	9	SINTETICO
9fe3fa4b-1d67-4163-84c6-c726cf30eafd	2026-05-06	MANHA	13	3331b130-8600-5a59-9e35-f970f9ea497e	Ovo mexido	8	7	1	1	SINTETICO
c05bde07-8e7f-46cb-ba23-ae50e53b8301	2026-05-06	INTEGRAL	14	1b450f5b-ecde-5880-ad0a-91ce0920069d	Maca	0	0	0	0	SINTETICO
23d3d858-feb1-4b9d-838a-c7e39d814eba	2026-05-06	INTEGRAL	15	b6f014a3-eaad-57c0-8ee9-24eb9abb819a	Cuscuz	4	4	0	1	SINTETICO
e0b10be7-5197-4a7a-b601-a2e6ffbb23c6	2026-05-06	INTEGRAL	15	84f7e794-a400-5d46-9efe-1c8a8f2f711d	Suco de fruta natural	39	35	4	2	SINTETICO
d3b82ae9-b5ab-47ca-85ab-52cf232438c9	2026-05-06	MANHA	17	add956e1-36ad-584e-b1e4-a4a8db28315f	Banana	16	16	0	1	SINTETICO
d0a97c7b-a925-4f96-bf9d-0b7aabd9c615	2026-05-06	MANHA	17	0db97b08-9e92-541d-b2d2-1bc810f8fbe8	Iogurte	24	21	3	1	SINTETICO
e28317f5-dc14-43fa-825b-25c26149a35e	2026-05-06	MANHA	17	988137c4-1f9b-556f-a585-e26e4827e310	Carne de panela	4	4	0	0	SINTETICO
cc147711-73bd-4092-91bf-7531503ae1c5	2026-05-06	MANHA	17	eed1d0ec-938c-53ef-94b9-626452f5fbd2	Sopa de legumes	295	282	13	73	SINTETICO
aaebab76-1a8f-40b1-a4f5-9d8bbddafc7f	2026-05-06	MANHA	17	1b450f5b-ecde-5880-ad0a-91ce0920069d	Maca	24	21	3	1	SINTETICO
a65c984d-8749-4ae7-8972-1b2d2f23a3fe	2026-05-06	MANHA	17	2f723cf1-ddd6-58e2-881e-3ab45db8cd2d	Feijao carioca	7	6	1	1	SINTETICO
ce46a78c-2858-47c2-95da-92adb9dd8021	2026-05-06	TARDE	18	84f7e794-a400-5d46-9efe-1c8a8f2f711d	Suco de fruta natural	38	35	3	2	SINTETICO
aaf042f3-9ac5-483a-b323-b342bf29a471	2026-05-06	TARDE	18	3331b130-8600-5a59-9e35-f970f9ea497e	Ovo mexido	253	228	25	23	SINTETICO
ff9d2da3-0fae-423a-a6e5-09d122107fe3	2026-05-07	MANHA	2	84f7e794-a400-5d46-9efe-1c8a8f2f711d	Suco de fruta natural	16	14	2	1	SINTETICO
9eddbe57-ce27-4588-bb94-a20016a6ae1f	2026-05-07	MANHA	2	9bf7d50c-378c-58f7-ba1a-0dccafffc54c	Bolacha doce	55	50	5	3	SINTETICO
6af3affe-04e1-4c03-949e-af9620cbb563	2026-05-07	MANHA	4	0db97b08-9e92-541d-b2d2-1bc810f8fbe8	Iogurte	3	3	0	0	SINTETICO
19a67330-6f28-4cab-8af0-47628c58c25f	2026-05-07	MANHA	4	6753aa6f-0f7e-5208-8cd6-9e7a8733ef22	Leite com achocolatado	26	24	2	2	SINTETICO
9ac3cdf8-a174-42d0-963a-2e6276efa60b	2026-05-07	INTEGRAL	5	6753aa6f-0f7e-5208-8cd6-9e7a8733ef22	Leite com achocolatado	20	18	2	1	SINTETICO
fa7dab0c-91e3-4a27-91c3-af22a51e9f8c	2026-05-07	INTEGRAL	7	add956e1-36ad-584e-b1e4-a4a8db28315f	Banana	36	33	3	1	SINTETICO
3452acb8-f60c-4308-8754-34ee89b918bc	2026-05-07	INTEGRAL	9	2f723cf1-ddd6-58e2-881e-3ab45db8cd2d	Feijao carioca	233	219	14	21	SINTETICO
ed667e4b-a6ff-4933-855e-8f204d15e52b	2026-05-07	INTEGRAL	9	eed1d0ec-938c-53ef-94b9-626452f5fbd2	Sopa de legumes	0	0	0	0	SINTETICO
6a2bb709-21df-4cf9-8baa-540fce429a7b	2026-05-07	INTEGRAL	9	1b450f5b-ecde-5880-ad0a-91ce0920069d	Maca	42	40	2	3	SINTETICO
a1ff7811-7ce5-4c5d-9d31-259a818ca509	2026-05-07	INTEGRAL	9	3d6a3f96-fe67-5811-98e8-2381c1ec5a70	Beterraba ralada	19	18	1	7	SINTETICO
28b853a2-bca2-4ce3-84cd-f568bc3abbca	2026-05-07	INTEGRAL	10	0db97b08-9e92-541d-b2d2-1bc810f8fbe8	Iogurte	0	0	0	0	SINTETICO
cce7dbb0-548a-4fb7-be7d-cf1423be6d26	2026-05-07	INTEGRAL	10	84f7e794-a400-5d46-9efe-1c8a8f2f711d	Suco de fruta natural	92	85	7	4	SINTETICO
8e14133e-fd6a-4d70-a509-f1477cfe0248	2026-05-07	INTEGRAL	11	eed1d0ec-938c-53ef-94b9-626452f5fbd2	Sopa de legumes	3	3	0	1	SINTETICO
093ccd45-0169-4c46-b362-f667ada8500d	2026-05-07	MANHA	12	1b450f5b-ecde-5880-ad0a-91ce0920069d	Maca	2	2	0	0	SINTETICO
a4334e19-b394-4759-ba61-ab904c5c5cc3	2026-05-07	INTEGRAL	13	b4612635-bcf9-56d3-bc95-ef912ff6a829	Cenoura cozida	145	129	16	17	SINTETICO
b1b95a41-88b5-40d3-9679-876517034707	2026-05-07	MANHA	14	0db97b08-9e92-541d-b2d2-1bc810f8fbe8	Iogurte	58	56	2	3	SINTETICO
19c468ec-d1c1-4a3c-b4ac-7f26da9fe711	2026-05-07	MANHA	15	eed1d0ec-938c-53ef-94b9-626452f5fbd2	Sopa de legumes	0	0	0	0	SINTETICO
3282ef4d-3ece-4666-ba25-fa99ea0c4307	2026-05-07	MANHA	17	b6f014a3-eaad-57c0-8ee9-24eb9abb819a	Cuscuz	24	22	2	3	SINTETICO
51942ea4-8ea4-4794-9ddf-3c4d5b879538	2026-05-07	MANHA	17	eed1d0ec-938c-53ef-94b9-626452f5fbd2	Sopa de legumes	3	3	0	1	SINTETICO
3562943a-fdd9-4020-ae95-0f2bc09d71cf	2026-05-07	MANHA	17	1b450f5b-ecde-5880-ad0a-91ce0920069d	Maca	43	40	3	2	SINTETICO
e1518405-8078-488f-af7c-a466187a74c5	2026-05-07	MANHA	17	add956e1-36ad-584e-b1e4-a4a8db28315f	Banana	59	52	7	2	SINTETICO
d953a7f4-d4fb-46ee-994a-895505b44de3	2026-05-07	MANHA	17	84f7e794-a400-5d46-9efe-1c8a8f2f711d	Suco de fruta natural	57	50	7	3	SINTETICO
257a0ee8-b2a4-40a6-9d0f-77679c6f9626	2026-05-07	MANHA	17	153737d9-caa6-55d5-b086-f7e83fdab4d2	Pao com manteiga	26	23	3	1	SINTETICO
84fd7673-288e-4a15-9881-c678e346d086	2026-05-07	TARDE	18	84f7e794-a400-5d46-9efe-1c8a8f2f711d	Suco de fruta natural	26	24	2	1	SINTETICO
191eb3dc-3e4b-4bee-a221-d1bc0df0104e	2026-05-07	TARDE	18	9bf7d50c-378c-58f7-ba1a-0dccafffc54c	Bolacha doce	0	0	0	0	SINTETICO
33d3c31e-d7a4-4e7a-bbc5-f9a34f56ee57	2026-05-08	INTEGRAL	1	6753aa6f-0f7e-5208-8cd6-9e7a8733ef22	Leite com achocolatado	22	20	2	2	SINTETICO
952d97f2-7493-4697-b409-025a301ddf36	2026-05-08	INTEGRAL	1	add956e1-36ad-584e-b1e4-a4a8db28315f	Banana	2	2	0	0	SINTETICO
ae33ee7e-2901-4259-8486-6e4c60553d01	2026-05-08	INTEGRAL	1	b6f014a3-eaad-57c0-8ee9-24eb9abb819a	Cuscuz	40	36	4	4	SINTETICO
f5804f9d-12a2-4fd3-9be9-d030c40bb63d	2026-05-08	INTEGRAL	1	2f723cf1-ddd6-58e2-881e-3ab45db8cd2d	Feijao carioca	42	37	5	3	SINTETICO
28b66b15-1f8f-4439-aa9e-f68b012f76d9	2026-05-08	INTEGRAL	2	84f7e794-a400-5d46-9efe-1c8a8f2f711d	Suco de fruta natural	13	13	0	1	SINTETICO
3084a120-2028-4fd3-b1f1-7a551ef5f20f	2026-05-08	INTEGRAL	2	6ce7a969-7c2b-5a21-b072-594a4412ab8b	Arroz branco	35	31	4	2	SINTETICO
605df25f-844d-4c3e-a529-4a2e05beb5b1	2026-05-08	INTEGRAL	2	add956e1-36ad-584e-b1e4-a4a8db28315f	Banana	18	17	1	1	SINTETICO
20281ae8-80b3-4492-971e-5cf8a33a06e3	2026-05-08	TARDE	3	b6f014a3-eaad-57c0-8ee9-24eb9abb819a	Cuscuz	522	494	28	66	SINTETICO
a32066dd-1e3f-41a8-8e5e-fc6b5f9376b4	2026-05-08	MANHA	4	0db97b08-9e92-541d-b2d2-1bc810f8fbe8	Iogurte	143	127	16	9	SINTETICO
0af637e1-07df-41b6-8679-d1a6c5c7b942	2026-05-08	MANHA	4	b6f014a3-eaad-57c0-8ee9-24eb9abb819a	Cuscuz	9	8	1	1	SINTETICO
dc4d20e3-36ab-4bc7-97ef-f84cb1d6e45e	2026-05-08	INTEGRAL	5	0db97b08-9e92-541d-b2d2-1bc810f8fbe8	Iogurte	8	8	0	1	SINTETICO
8cb31943-d302-4d8e-a6c3-36e6fdc0eba9	2026-05-08	INTEGRAL	5	b6f014a3-eaad-57c0-8ee9-24eb9abb819a	Cuscuz	60	54	6	8	SINTETICO
0311f418-84b9-4365-80b4-bca41b5b0cf8	2026-05-08	INTEGRAL	5	84f7e794-a400-5d46-9efe-1c8a8f2f711d	Suco de fruta natural	13	12	1	1	SINTETICO
0f4ed494-a660-4a71-9695-e7b6efcd9fd5	2026-05-08	INTEGRAL	5	9bf7d50c-378c-58f7-ba1a-0dccafffc54c	Bolacha doce	241	230	11	10	SINTETICO
6abcd4f0-f9a1-4126-9e2e-8f7b4aec51a6	2026-05-08	INTEGRAL	9	9bf7d50c-378c-58f7-ba1a-0dccafffc54c	Bolacha doce	18	16	2	1	SINTETICO
42727208-4592-4a3e-9414-fb8a6623197b	2026-05-08	TARDE	10	6ce7a969-7c2b-5a21-b072-594a4412ab8b	Arroz branco	32	29	3	2	SINTETICO
888edce9-186b-4b47-a9f2-45b63bb1b75f	2026-05-08	TARDE	10	79ca1872-52e0-59dd-af29-543b793c0860	Macarrao ao sugo	50	44	6	7	SINTETICO
a4a4b9e3-ee82-40a4-933f-c366f742cf13	2026-05-08	TARDE	12	6753aa6f-0f7e-5208-8cd6-9e7a8733ef22	Leite com achocolatado	199	196	3	13	SINTETICO
00416673-5170-449b-a471-61ef5a6491b4	2026-05-08	MANHA	13	153737d9-caa6-55d5-b086-f7e83fdab4d2	Pao com manteiga	39	37	2	2	SINTETICO
d01a1bbc-b1e0-4f23-9b0d-f87b204b0ca8	2026-05-08	MANHA	13	add956e1-36ad-584e-b1e4-a4a8db28315f	Banana	3	3	0	0	SINTETICO
04961a20-b404-4072-b278-1f1d52165006	2026-05-08	INTEGRAL	14	2f723cf1-ddd6-58e2-881e-3ab45db8cd2d	Feijao carioca	0	0	0	0	SINTETICO
b3134461-2f72-49b0-8dfb-4011fcf8c4ac	2026-05-08	INTEGRAL	14	0db97b08-9e92-541d-b2d2-1bc810f8fbe8	Iogurte	8	8	0	0	SINTETICO
88e32b5b-1b39-44c8-bee2-87a46861d5bc	2026-05-08	INTEGRAL	14	b6f014a3-eaad-57c0-8ee9-24eb9abb819a	Cuscuz	25	22	3	2	SINTETICO
3fe1bf29-7e07-427f-804d-b17403c8da22	2026-05-08	INTEGRAL	14	add956e1-36ad-584e-b1e4-a4a8db28315f	Banana	14	13	1	1	SINTETICO
eaa90b50-059c-48a1-97ed-8962e98ab1d6	2026-05-08	INTEGRAL	14	79eb9045-ebdc-53c5-9ede-a0e5d2b7b378	Requeijao caseiro	49	47	2	2	SINTETICO
90cac9c9-7b6a-4dc7-ba31-bcda182a270b	2026-05-08	INTEGRAL	15	eed1d0ec-938c-53ef-94b9-626452f5fbd2	Sopa de legumes	48	43	5	15	SINTETICO
4e813364-98f8-484e-8978-54f45c38fa11	2026-05-08	INTEGRAL	15	9bf7d50c-378c-58f7-ba1a-0dccafffc54c	Bolacha doce	81	75	6	4	SINTETICO
cb3457d6-de0e-41c7-a549-58036a5fc793	2026-05-11	INTEGRAL	2	2f723cf1-ddd6-58e2-881e-3ab45db8cd2d	Feijao carioca	223	202	21	15	SINTETICO
d9b4d213-55d5-49f0-b769-880552374dc1	2026-05-11	MANHA	4	153737d9-caa6-55d5-b086-f7e83fdab4d2	Pao com manteiga	62	56	6	4	SINTETICO
6d226a88-1e02-4c1a-ad68-367fd6feb312	2026-05-11	MANHA	4	0db97b08-9e92-541d-b2d2-1bc810f8fbe8	Iogurte	22	20	2	2	SINTETICO
3bc5de03-95c5-43f6-96f8-2517b4bae70b	2026-05-11	INTEGRAL	5	eed1d0ec-938c-53ef-94b9-626452f5fbd2	Sopa de legumes	85	77	8	27	SINTETICO
cc9c7d2c-1297-43a5-ac7d-c8a3412b6d8a	2026-05-11	INTEGRAL	5	0db97b08-9e92-541d-b2d2-1bc810f8fbe8	Iogurte	1	1	0	0	SINTETICO
d0b9e644-0380-4ff8-a89b-9e6e72427143	2026-05-11	INTEGRAL	6	add956e1-36ad-584e-b1e4-a4a8db28315f	Banana	11	11	0	0	SINTETICO
82672783-0c4a-406c-925b-44afc3aa030b	2026-05-11	INTEGRAL	6	1b450f5b-ecde-5880-ad0a-91ce0920069d	Maca	14	13	1	1	SINTETICO
a6717447-7308-4860-a513-edbc0cfc58ce	2026-05-11	MANHA	7	eed1d0ec-938c-53ef-94b9-626452f5fbd2	Sopa de legumes	17	16	1	4	SINTETICO
68a463a7-2d5b-4aee-a805-f9db80590a48	2026-05-11	INTEGRAL	8	6ce7a969-7c2b-5a21-b072-594a4412ab8b	Arroz branco	24	23	1	2	SINTETICO
65f13809-163a-45e2-9a26-3947c5bb3a86	2026-05-11	INTEGRAL	8	0db97b08-9e92-541d-b2d2-1bc810f8fbe8	Iogurte	0	0	0	0	SINTETICO
3f9bf428-0f14-4b58-b809-8cfb063e4f63	2026-05-11	INTEGRAL	8	1b450f5b-ecde-5880-ad0a-91ce0920069d	Maca	2	2	0	0	SINTETICO
1539b81c-c15e-464a-817f-2e8ed174bc4c	2026-05-11	INTEGRAL	8	153737d9-caa6-55d5-b086-f7e83fdab4d2	Pao com manteiga	51	47	4	3	SINTETICO
57212107-3715-4139-aa84-66956a9e1bab	2026-05-11	INTEGRAL	8	eed1d0ec-938c-53ef-94b9-626452f5fbd2	Sopa de legumes	174	173	1	52	SINTETICO
8f120ad9-f328-4a67-8370-2a510093a6a2	2026-05-11	INTEGRAL	8	84f7e794-a400-5d46-9efe-1c8a8f2f711d	Suco de fruta natural	64	60	4	3	SINTETICO
8992fb4f-ef17-4d87-aa50-3170f76277b1	2026-05-11	INTEGRAL	12	add956e1-36ad-584e-b1e4-a4a8db28315f	Banana	7	6	1	0	SINTETICO
44efe66d-346b-4942-bbf4-9cb7191f6f7a	2026-05-11	INTEGRAL	12	9bf7d50c-378c-58f7-ba1a-0dccafffc54c	Bolacha doce	23	21	2	1	SINTETICO
176c673a-627c-478f-a3d6-9695776c9887	2026-05-11	INTEGRAL	12	79ca1872-52e0-59dd-af29-543b793c0860	Macarrao ao sugo	90	83	7	8	SINTETICO
9c0afb13-dd65-4a56-b65a-f26a822c1670	2026-05-11	INTEGRAL	13	84f7e794-a400-5d46-9efe-1c8a8f2f711d	Suco de fruta natural	5	5	0	0	SINTETICO
77c4d1fe-e79b-42cb-bda9-d05493a670e3	2026-05-11	INTEGRAL	14	79ca1872-52e0-59dd-af29-543b793c0860	Macarrao ao sugo	11	10	1	1	SINTETICO
48d8fccc-b327-4d18-9589-851545067626	2026-05-11	INTEGRAL	14	add956e1-36ad-584e-b1e4-a4a8db28315f	Banana	70	69	1	3	SINTETICO
48b02d50-7edf-4a5d-a96f-1662a8ce0737	2026-05-11	INTEGRAL	14	b6f014a3-eaad-57c0-8ee9-24eb9abb819a	Cuscuz	11	11	0	1	SINTETICO
0ea7905e-7d6f-4bd4-82e8-300a96b79fca	2026-05-11	MANHA	15	79ca1872-52e0-59dd-af29-543b793c0860	Macarrao ao sugo	12	11	1	2	SINTETICO
833e205f-1420-4ac1-a00d-b5a0d6cf01bd	2026-05-11	MANHA	15	0db97b08-9e92-541d-b2d2-1bc810f8fbe8	Iogurte	0	0	0	0	SINTETICO
2bf8d980-afc3-4421-abe3-e60249d9f92e	2026-05-11	INTEGRAL	18	1b450f5b-ecde-5880-ad0a-91ce0920069d	Maca	21	20	1	1	SINTETICO
a201ba44-5047-43ce-8d6b-a605c519303f	2026-05-11	INTEGRAL	18	79ca1872-52e0-59dd-af29-543b793c0860	Macarrao ao sugo	33	30	3	5	SINTETICO
44347647-55a4-4dd4-9ad0-b24f7fc9e0ab	2026-05-11	INTEGRAL	18	8d81f03d-d710-5316-abc7-1763074292b4	Cenoura refogada	30	27	3	5	SINTETICO
acfe6d1a-7484-491c-ad65-1cd1598d0aa4	2026-05-12	MANHA	1	6ce7a969-7c2b-5a21-b072-594a4412ab8b	Arroz branco	0	0	0	0	SINTETICO
98f09f3b-6e9d-468f-98c6-d0aa4bb2a9d4	2026-05-12	INTEGRAL	2	153737d9-caa6-55d5-b086-f7e83fdab4d2	Pao com manteiga	6	6	0	0	SINTETICO
31cda14d-1b8c-45ee-92d3-8071984d1053	2026-05-12	INTEGRAL	2	eed1d0ec-938c-53ef-94b9-626452f5fbd2	Sopa de legumes	50	47	3	12	SINTETICO
52853f99-59a7-4a68-b25f-e0bbe409ea1d	2026-05-12	INTEGRAL	2	1b450f5b-ecde-5880-ad0a-91ce0920069d	Maca	0	0	0	0	SINTETICO
e8a40d89-f211-413f-95d7-575978f2bc0a	2026-05-12	INTEGRAL	3	bb7ca364-cc13-59ee-a7ed-1d5136b5b6e3	Beterraba cozida	11	11	0	4	SINTETICO
d7ae4c19-01c1-4fcb-ac2b-c2d91ef7786b	2026-05-12	INTEGRAL	3	b6f014a3-eaad-57c0-8ee9-24eb9abb819a	Cuscuz	0	0	0	0	SINTETICO
5820270b-f90e-43dc-8dcd-5e79d3b3329f	2026-05-12	INTEGRAL	4	eed1d0ec-938c-53ef-94b9-626452f5fbd2	Sopa de legumes	175	159	16	49	SINTETICO
4f068b28-d8a1-4314-a8b1-2f6a4050af42	2026-05-12	TARDE	6	e8c59186-e147-5530-a4ba-b728fd7852c3	Arroz com galinha	541	494	47	37	SINTETICO
b9be9110-acd9-46b5-a860-edfcc984b88d	2026-05-12	TARDE	6	877577bb-d17f-5df7-b369-9be72e456774	Chuchu	76	74	2	29	SINTETICO
17096bb7-eb3d-4cc1-a191-8e3523a64622	2026-05-12	TARDE	6	6ce7a969-7c2b-5a21-b072-594a4412ab8b	Arroz branco	26	23	3	1	SINTETICO
80b666a7-dd3f-499e-873f-c50234d3b5f9	2026-05-12	TARDE	6	eed1d0ec-938c-53ef-94b9-626452f5fbd2	Sopa de legumes	75	68	7	26	SINTETICO
eafacdbb-90e8-453d-b173-2fc1decbcbd0	2026-05-12	TARDE	6	6753aa6f-0f7e-5208-8cd6-9e7a8733ef22	Leite com achocolatado	120	111	9	7	SINTETICO
8939daa0-1d95-4546-a31d-8ed67d8b65e6	2026-05-12	INTEGRAL	7	eed1d0ec-938c-53ef-94b9-626452f5fbd2	Sopa de legumes	135	132	3	49	SINTETICO
c5d211e4-f84b-4ee0-ad65-58231ef96590	2026-05-12	INTEGRAL	7	add956e1-36ad-584e-b1e4-a4a8db28315f	Banana	183	161	22	6	SINTETICO
56967c11-c6cc-44c5-85d3-c8f4abdb9d5d	2026-05-12	INTEGRAL	13	84f7e794-a400-5d46-9efe-1c8a8f2f711d	Suco de fruta natural	1	1	0	0	SINTETICO
8503278a-9d53-4ec0-9cba-d847d85375e7	2026-05-12	INTEGRAL	13	153737d9-caa6-55d5-b086-f7e83fdab4d2	Pao com manteiga	3	3	0	0	SINTETICO
52173b06-1738-4c89-ad8e-9a9320d7c80a	2026-05-12	INTEGRAL	13	2f723cf1-ddd6-58e2-881e-3ab45db8cd2d	Feijao carioca	40	38	2	4	SINTETICO
14c85f3f-f801-4542-bbf8-792ea46f91c7	2026-05-12	INTEGRAL	17	b6f014a3-eaad-57c0-8ee9-24eb9abb819a	Cuscuz	122	115	7	18	SINTETICO
2859dca1-c12d-437c-ae13-e16d8215e7d1	2026-05-12	INTEGRAL	18	b6f014a3-eaad-57c0-8ee9-24eb9abb819a	Cuscuz	88	82	6	10	SINTETICO
56c31e0b-b356-4a64-9c38-8fea0240d8ad	2026-05-13	INTEGRAL	1	153737d9-caa6-55d5-b086-f7e83fdab4d2	Pao com manteiga	0	0	0	0	SINTETICO
d88c9617-ea57-4284-b0fc-859bb400febb	2026-05-13	INTEGRAL	1	6ce7a969-7c2b-5a21-b072-594a4412ab8b	Arroz branco	6	6	0	0	SINTETICO
b7571710-73e0-4be6-b058-74c1411da3da	2026-05-13	INTEGRAL	1	1b450f5b-ecde-5880-ad0a-91ce0920069d	Maca	88	82	6	5	SINTETICO
329d3898-bd71-4146-a7dd-6ceff2e66669	2026-05-13	INTEGRAL	1	add956e1-36ad-584e-b1e4-a4a8db28315f	Banana	3	3	0	0	SINTETICO
86dbebc5-0eb1-4a0b-be3b-d778c0a020f4	2026-05-13	INTEGRAL	3	0db97b08-9e92-541d-b2d2-1bc810f8fbe8	Iogurte	38	37	1	2	SINTETICO
40589c6b-0fb1-47ec-bf3b-6585608bc95f	2026-05-13	INTEGRAL	4	eed1d0ec-938c-53ef-94b9-626452f5fbd2	Sopa de legumes	22	21	1	5	SINTETICO
7e149986-fca5-4f78-b69f-9331db310b3e	2026-05-13	INTEGRAL	4	84f7e794-a400-5d46-9efe-1c8a8f2f711d	Suco de fruta natural	114	100	14	6	SINTETICO
7e360967-3e96-41f3-84bf-f1ed7f95b34e	2026-05-13	INTEGRAL	4	0db97b08-9e92-541d-b2d2-1bc810f8fbe8	Iogurte	0	0	0	0	SINTETICO
23819eb7-a1a2-4693-8e2f-85f30666666b	2026-05-13	INTEGRAL	4	79ca1872-52e0-59dd-af29-543b793c0860	Macarrao ao sugo	80	79	1	11	SINTETICO
9fb0cf82-182b-478d-b52a-635e57283c4b	2026-05-13	TARDE	5	84f7e794-a400-5d46-9efe-1c8a8f2f711d	Suco de fruta natural	190	184	6	11	SINTETICO
673c0269-41e3-42df-86ce-14f3519fda18	2026-05-13	INTEGRAL	7	b6f014a3-eaad-57c0-8ee9-24eb9abb819a	Cuscuz	15	14	1	1	SINTETICO
40d387e6-6a0e-49cc-99e7-938d143163b1	2026-05-13	INTEGRAL	7	6ce7a969-7c2b-5a21-b072-594a4412ab8b	Arroz branco	2	2	0	0	SINTETICO
e131852a-2ee4-4793-b2df-7dcdf1513d4e	2026-05-13	MANHA	9	b6f014a3-eaad-57c0-8ee9-24eb9abb819a	Cuscuz	2	2	0	0	SINTETICO
c94d878d-0fc9-4156-bdf8-30c40c67997c	2026-05-13	MANHA	9	84f7e794-a400-5d46-9efe-1c8a8f2f711d	Suco de fruta natural	84	74	10	4	SINTETICO
504fad12-ce49-424a-b12d-32c4b487abbd	2026-05-13	INTEGRAL	10	9bf7d50c-378c-58f7-ba1a-0dccafffc54c	Bolacha doce	5	5	0	0	SINTETICO
b8648f8f-41c5-4c36-b32f-5255cc508e59	2026-05-13	INTEGRAL	11	6753aa6f-0f7e-5208-8cd6-9e7a8733ef22	Leite com achocolatado	152	151	1	11	SINTETICO
1b02153c-1df7-4d08-b1ff-c5b3c45a8bd4	2026-05-13	INTEGRAL	11	eed1d0ec-938c-53ef-94b9-626452f5fbd2	Sopa de legumes	8	7	1	2	SINTETICO
07e6ef75-b62c-4e80-bbc7-6154574bc6fd	2026-05-13	MANHA	12	add956e1-36ad-584e-b1e4-a4a8db28315f	Banana	2	2	0	0	SINTETICO
e49303a9-a211-4007-9a16-ffd72df3fe11	2026-05-13	MANHA	12	84f7e794-a400-5d46-9efe-1c8a8f2f711d	Suco de fruta natural	337	322	15	16	SINTETICO
52a86a33-628f-4603-89b2-4bddc24464cb	2026-05-13	TARDE	16	9bf7d50c-378c-58f7-ba1a-0dccafffc54c	Bolacha doce	25	22	3	1	SINTETICO
fe681165-e7a2-45a3-b3ce-9a2a87c91db9	2026-05-13	MANHA	17	2f723cf1-ddd6-58e2-881e-3ab45db8cd2d	Feijao carioca	17	17	0	2	SINTETICO
8ef4694a-5d48-447a-8cbe-4b2668a19c7b	2026-05-13	MANHA	17	84f7e794-a400-5d46-9efe-1c8a8f2f711d	Suco de fruta natural	48	43	5	2	SINTETICO
ddd6aec0-28cb-4e93-bd87-f4725b461ca1	2026-05-13	MANHA	17	0db97b08-9e92-541d-b2d2-1bc810f8fbe8	Iogurte	30	28	2	1	SINTETICO
07ffe16a-f296-4778-92db-a7933eb298a8	2026-05-13	MANHA	17	6753aa6f-0f7e-5208-8cd6-9e7a8733ef22	Leite com achocolatado	0	0	0	0	SINTETICO
f2610de6-fe7b-49a1-a3b2-e4d881f05be0	2026-05-13	MANHA	17	9bf7d50c-378c-58f7-ba1a-0dccafffc54c	Bolacha doce	0	0	0	0	SINTETICO
688118d5-54c9-4320-a656-725acd3dda40	2026-05-13	MANHA	17	add956e1-36ad-584e-b1e4-a4a8db28315f	Banana	4	4	0	0	SINTETICO
1c36e1f9-e46b-432e-a736-c13476631c77	2026-05-13	INTEGRAL	18	b6f014a3-eaad-57c0-8ee9-24eb9abb819a	Cuscuz	68	60	8	5	SINTETICO
ed5b286c-828b-4548-994d-5850f5b645e3	2026-05-13	INTEGRAL	18	ddeef647-cce4-5236-a3b1-dece44ed098e	Couve flor	55	49	6	14	SINTETICO
fb6c29ae-6fb5-4ca2-9965-5eb799face47	2026-05-13	INTEGRAL	18	1b450f5b-ecde-5880-ad0a-91ce0920069d	Maca	2	2	0	0	SINTETICO
22795f4b-7f1b-4807-be05-b826d3d99db0	2026-05-13	INTEGRAL	18	add956e1-36ad-584e-b1e4-a4a8db28315f	Banana	0	0	0	0	SINTETICO
2d6de8d1-aaf8-488f-a8ba-638e5c3bc6f5	2026-05-13	INTEGRAL	18	84f7e794-a400-5d46-9efe-1c8a8f2f711d	Suco de fruta natural	0	0	0	0	SINTETICO
7c0ca511-0bf6-481e-aabc-4d68b7bfdd88	2026-05-13	INTEGRAL	18	eed1d0ec-938c-53ef-94b9-626452f5fbd2	Sopa de legumes	21	19	2	5	SINTETICO
5c39043d-8ef3-4a07-99e7-7a03f196584e	2026-05-14	INTEGRAL	2	2f723cf1-ddd6-58e2-881e-3ab45db8cd2d	Feijao carioca	211	202	9	22	SINTETICO
c2026e40-b5f8-492e-b6b8-056257118519	2026-05-14	TARDE	3	2f723cf1-ddd6-58e2-881e-3ab45db8cd2d	Feijao carioca	70	66	4	7	SINTETICO
95bc79bb-e85d-45c7-84b1-a7aa68a480c9	2026-05-14	TARDE	3	1b450f5b-ecde-5880-ad0a-91ce0920069d	Maca	529	494	35	24	SINTETICO
d5884ec9-d3f1-49b8-ba7a-508b87dda592	2026-05-14	TARDE	3	79ca1872-52e0-59dd-af29-543b793c0860	Macarrao ao sugo	153	139	14	17	SINTETICO
695b1e17-6934-410b-94ea-e10326c29b3e	2026-05-14	TARDE	3	0db97b08-9e92-541d-b2d2-1bc810f8fbe8	Iogurte	74	73	1	3	SINTETICO
d1331c18-ca7b-42f7-8441-833cfd2f57ff	2026-05-14	INTEGRAL	6	b6f014a3-eaad-57c0-8ee9-24eb9abb819a	Cuscuz	99	91	8	9	SINTETICO
b51d7a0f-3f76-41be-94dd-1bed2395dd4b	2026-05-14	INTEGRAL	6	79ca1872-52e0-59dd-af29-543b793c0860	Macarrao ao sugo	33	32	1	5	SINTETICO
65722138-6430-4578-af78-b1d386874954	2026-05-14	INTEGRAL	6	500ccd6c-b321-531f-81ae-3999b578c2e4	Pure de moranga	24	24	0	5	SINTETICO
c3693ef1-bddb-4fb1-9c03-bb4efb796e86	2026-05-14	MANHA	7	84f7e794-a400-5d46-9efe-1c8a8f2f711d	Suco de fruta natural	7	7	0	0	SINTETICO
0cf31c96-23de-4fa7-8f0c-51d66f8841ea	2026-05-14	MANHA	7	2f723cf1-ddd6-58e2-881e-3ab45db8cd2d	Feijao carioca	83	80	3	6	SINTETICO
ea21074e-ca79-4422-b7bf-99427ba66a64	2026-05-14	MANHA	7	2b907759-340a-5ede-88d3-7739822c9e55	Molho de carne moida	3	3	0	0	SINTETICO
a0d16bd4-69d8-4108-8da9-05a84457a527	2026-05-14	MANHA	7	add956e1-36ad-584e-b1e4-a4a8db28315f	Banana	157	145	12	5	SINTETICO
1ee1b351-c27d-4399-ba26-082966d3de74	2026-05-14	INTEGRAL	8	b99afe70-33ca-5504-9840-345a82dc68a3	Cenoura ralada	2	2	0	0	SINTETICO
04a4747a-9ff5-4ed2-8035-d9154b1a1162	2026-05-14	INTEGRAL	9	6753aa6f-0f7e-5208-8cd6-9e7a8733ef22	Leite com achocolatado	42	41	1	3	SINTETICO
9a953769-18b3-415e-972c-cf261f9e04cc	2026-05-14	INTEGRAL	9	9bf7d50c-378c-58f7-ba1a-0dccafffc54c	Bolacha doce	3	3	0	0	SINTETICO
5c9732ec-7387-4ebe-a6fb-53d65c082d90	2026-05-14	INTEGRAL	9	2f723cf1-ddd6-58e2-881e-3ab45db8cd2d	Feijao carioca	15	15	0	1	SINTETICO
4c5731ab-2d2a-4964-9012-8388d5a8dd71	2026-05-14	TARDE	11	2f723cf1-ddd6-58e2-881e-3ab45db8cd2d	Feijao carioca	211	192	19	22	SINTETICO
008a3f70-6ff4-43bb-9995-0e0f162b0732	2026-05-14	TARDE	11	84f7e794-a400-5d46-9efe-1c8a8f2f711d	Suco de fruta natural	135	118	17	6	SINTETICO
da735e5c-398b-4b95-bc3b-3255e8bf102e	2026-05-14	TARDE	11	1b450f5b-ecde-5880-ad0a-91ce0920069d	Maca	0	0	0	0	SINTETICO
ecf28d24-a687-413c-bd35-08659ca8c5fb	2026-05-14	TARDE	11	6753aa6f-0f7e-5208-8cd6-9e7a8733ef22	Leite com achocolatado	0	0	0	0	SINTETICO
518e431b-e28e-49fd-b0dc-f9a827c6a3b4	2026-05-14	INTEGRAL	12	b6f014a3-eaad-57c0-8ee9-24eb9abb819a	Cuscuz	356	322	34	42	SINTETICO
024c20d7-6e22-4890-87c5-a5d1d1acbc4c	2026-05-14	INTEGRAL	12	6753aa6f-0f7e-5208-8cd6-9e7a8733ef22	Leite com achocolatado	1	1	0	0	SINTETICO
517d22a4-39a3-4d5a-9bc2-301f44f24c9e	2026-05-14	INTEGRAL	12	add956e1-36ad-584e-b1e4-a4a8db28315f	Banana	50	46	4	2	SINTETICO
927e38ef-784e-4d15-9218-09c195f40bd9	2026-05-14	TARDE	13	6753aa6f-0f7e-5208-8cd6-9e7a8733ef22	Leite com achocolatado	3	3	0	0	SINTETICO
85fe19e2-4db4-40e2-b965-6ad0b0857600	2026-05-14	TARDE	13	79ca1872-52e0-59dd-af29-543b793c0860	Macarrao ao sugo	80	72	8	12	SINTETICO
4a75419a-2f58-4281-935b-ee47f3520324	2026-05-14	INTEGRAL	14	153737d9-caa6-55d5-b086-f7e83fdab4d2	Pao com manteiga	39	34	5	2	SINTETICO
ad3160bb-d169-4498-8317-46f2e2c134dc	2026-05-14	INTEGRAL	14	eed1d0ec-938c-53ef-94b9-626452f5fbd2	Sopa de legumes	9	9	0	2	SINTETICO
064bd587-cb0f-4143-99eb-d044f87bc4ff	2026-05-14	INTEGRAL	14	3331b130-8600-5a59-9e35-f970f9ea497e	Ovo mexido	51	44	7	7	SINTETICO
76cbac86-fff9-4cd6-8c21-922fb82b8067	2026-05-14	INTEGRAL	14	47fbd9af-ac57-5250-a6e2-0018c6bd21c0	Couve	41	40	1	16	SINTETICO
b0ccb373-69e7-4b9c-b569-c8a6fcdf4e01	2026-05-14	INTEGRAL	14	9bf7d50c-378c-58f7-ba1a-0dccafffc54c	Bolacha doce	1	1	0	0	SINTETICO
392c47b7-310a-4c66-8379-1c496a4273f3	2026-05-14	INTEGRAL	14	6753aa6f-0f7e-5208-8cd6-9e7a8733ef22	Leite com achocolatado	224	218	6	15	SINTETICO
ad850c5a-b7d0-4c7f-827a-6e713106311a	2026-05-14	INTEGRAL	15	eed1d0ec-938c-53ef-94b9-626452f5fbd2	Sopa de legumes	5	5	0	1	SINTETICO
b7ab0661-bea1-4208-ad7e-2b76413cd36b	2026-05-14	INTEGRAL	15	add956e1-36ad-584e-b1e4-a4a8db28315f	Banana	2	2	0	0	SINTETICO
148510dc-e314-4c87-8b48-2d05aa9aa42a	2026-05-14	INTEGRAL	15	6ce7a969-7c2b-5a21-b072-594a4412ab8b	Arroz branco	39	36	3	2	SINTETICO
4fba3937-affb-4b42-99a7-747e6aafd353	2026-05-14	INTEGRAL	15	79ca1872-52e0-59dd-af29-543b793c0860	Macarrao ao sugo	6	5	1	1	SINTETICO
df13f822-9b18-4c45-ba63-cb29b928b5e4	2026-05-14	INTEGRAL	15	84f7e794-a400-5d46-9efe-1c8a8f2f711d	Suco de fruta natural	33	31	2	1	SINTETICO
5a1c2037-cd16-437d-ba12-e75d074fc633	2026-05-14	TARDE	16	153737d9-caa6-55d5-b086-f7e83fdab4d2	Pao com manteiga	6	6	0	0	SINTETICO
3f7dbde1-6175-4723-b975-d070b1aa689f	2026-05-14	TARDE	16	b6cbc98d-85cf-5628-a89e-560cfa264267	Coxa e sobrecoxa de frango ao molho de tomate	0	0	0	0	SINTETICO
762fabaf-16d3-4dc8-bf3a-15ea7d472f8d	2026-05-15	MANHA	1	9bf7d50c-378c-58f7-ba1a-0dccafffc54c	Bolacha doce	1	1	0	0	SINTETICO
27ef3b62-8a9d-4f80-9c2c-39bd43e894a6	2026-05-15	MANHA	1	153737d9-caa6-55d5-b086-f7e83fdab4d2	Pao com manteiga	3	3	0	0	SINTETICO
dada7257-04e7-4651-b3a8-e413e03d860f	2026-05-15	MANHA	1	0db97b08-9e92-541d-b2d2-1bc810f8fbe8	Iogurte	18	17	1	1	SINTETICO
dc4d388d-5feb-489c-b28f-b9a61bbb99c8	2026-05-15	INTEGRAL	2	6753aa6f-0f7e-5208-8cd6-9e7a8733ef22	Leite com achocolatado	53	51	2	3	SINTETICO
d1d5cb6a-0c41-41c5-92f6-ff189035aec7	2026-05-15	INTEGRAL	2	84f7e794-a400-5d46-9efe-1c8a8f2f711d	Suco de fruta natural	220	216	4	8	SINTETICO
6d928ce8-a450-468a-a6b6-4a737273b986	2026-05-15	TARDE	3	0db97b08-9e92-541d-b2d2-1bc810f8fbe8	Iogurte	219	194	25	10	SINTETICO
d50a1b37-50c2-4086-8ab8-60b59e282fb2	2026-05-15	INTEGRAL	5	add956e1-36ad-584e-b1e4-a4a8db28315f	Banana	24	22	2	1	SINTETICO
5d3f319c-1e8f-47ca-af17-5409db701b6d	2026-05-15	INTEGRAL	5	79ca1872-52e0-59dd-af29-543b793c0860	Macarrao ao sugo	1	1	0	0	SINTETICO
28361dde-c222-452a-bb33-248078d1efaa	2026-05-15	INTEGRAL	5	84f7e794-a400-5d46-9efe-1c8a8f2f711d	Suco de fruta natural	9	9	0	0	SINTETICO
b6b2ef18-9911-452a-b455-d684877f1ca6	2026-05-15	INTEGRAL	9	6753aa6f-0f7e-5208-8cd6-9e7a8733ef22	Leite com achocolatado	1	1	0	0	SINTETICO
a363a2b7-2314-4c1c-a7a1-aa4b47f36d6d	2026-05-15	INTEGRAL	9	6ce7a969-7c2b-5a21-b072-594a4412ab8b	Arroz branco	350	314	36	25	SINTETICO
3f678383-f681-4c13-baee-70926365d66d	2026-05-15	INTEGRAL	9	9bf7d50c-378c-58f7-ba1a-0dccafffc54c	Bolacha doce	0	0	0	0	SINTETICO
f3cde1dd-6236-4d5c-8341-c0501f30b615	2026-05-15	INTEGRAL	10	6753aa6f-0f7e-5208-8cd6-9e7a8733ef22	Leite com achocolatado	4	4	0	0	SINTETICO
2a9099bc-fd6d-44ea-8d4e-0b6d34ba1c93	2026-05-15	INTEGRAL	10	84f7e794-a400-5d46-9efe-1c8a8f2f711d	Suco de fruta natural	3	3	0	0	SINTETICO
117e5180-d03f-4c24-a77a-650b64abd52e	2026-05-15	INTEGRAL	10	6ce7a969-7c2b-5a21-b072-594a4412ab8b	Arroz branco	46	42	4	3	SINTETICO
cbcb092f-2fe3-4daf-bf64-3701d80cdaa5	2026-05-15	INTEGRAL	10	1b450f5b-ecde-5880-ad0a-91ce0920069d	Maca	1	1	0	0	SINTETICO
5f49217b-90a9-4a87-aa16-55f9b5ab9c99	2026-05-15	INTEGRAL	10	eed1d0ec-938c-53ef-94b9-626452f5fbd2	Sopa de legumes	14	12	2	4	SINTETICO
f1583686-9f72-4cb4-a09d-3e6fa8af3adc	2026-05-15	INTEGRAL	10	b6f014a3-eaad-57c0-8ee9-24eb9abb819a	Cuscuz	0	0	0	0	SINTETICO
6b30f5c2-d313-41e1-889a-26cba7ba32a5	2026-05-15	INTEGRAL	10	2f723cf1-ddd6-58e2-881e-3ab45db8cd2d	Feijao carioca	30	27	3	2	SINTETICO
bb087c94-67e1-4b57-89b3-53987983756f	2026-05-15	INTEGRAL	12	9bf7d50c-378c-58f7-ba1a-0dccafffc54c	Bolacha doce	2	2	0	0	SINTETICO
2e1eb2c4-7723-4fa0-8bd4-7b18779a1f7e	2026-05-15	INTEGRAL	12	6ce7a969-7c2b-5a21-b072-594a4412ab8b	Arroz branco	0	0	0	0	SINTETICO
44d5a815-738f-44f9-a7f3-8749f184a596	2026-05-15	INTEGRAL	12	2f723cf1-ddd6-58e2-881e-3ab45db8cd2d	Feijao carioca	0	0	0	0	SINTETICO
eb77dc0e-d7b7-4786-9fa0-91f1e9842a4f	2026-05-15	INTEGRAL	13	9bf7d50c-378c-58f7-ba1a-0dccafffc54c	Bolacha doce	0	0	0	0	SINTETICO
40f8f5dd-e395-4803-8fbf-b7c17a45f565	2026-05-15	INTEGRAL	13	add956e1-36ad-584e-b1e4-a4a8db28315f	Banana	5	5	0	0	SINTETICO
556c5d9f-14e2-4b90-a84b-6f5ac96875a4	2026-05-15	INTEGRAL	14	79ca1872-52e0-59dd-af29-543b793c0860	Macarrao ao sugo	45	45	0	8	SINTETICO
ebbde08c-629d-4012-9b95-5a4173a90542	2026-05-15	INTEGRAL	14	6ce7a969-7c2b-5a21-b072-594a4412ab8b	Arroz branco	49	43	6	4	SINTETICO
c05a8eb8-b94a-426d-9e7e-eb8d8e3e01c0	2026-05-15	INTEGRAL	15	1b450f5b-ecde-5880-ad0a-91ce0920069d	Maca	27	26	1	2	SINTETICO
86bf833b-def1-4b90-84a5-6343b90bf11c	2026-05-15	INTEGRAL	15	b6f014a3-eaad-57c0-8ee9-24eb9abb819a	Cuscuz	0	0	0	0	SINTETICO
d3618936-2a81-40af-ab76-826f9bc3fd9e	2026-05-15	INTEGRAL	15	84f7e794-a400-5d46-9efe-1c8a8f2f711d	Suco de fruta natural	99	88	11	3	SINTETICO
df07fef9-5cd9-4612-b36a-6f1c7b9a3ef9	2026-05-15	INTEGRAL	15	9bf7d50c-378c-58f7-ba1a-0dccafffc54c	Bolacha doce	50	50	0	3	SINTETICO
9c22d227-4655-4559-813e-68214bf4f775	2026-05-15	INTEGRAL	15	eed1d0ec-938c-53ef-94b9-626452f5fbd2	Sopa de legumes	19	17	2	4	SINTETICO
7686f119-d789-41fc-874f-70b194bd2da6	2026-05-15	INTEGRAL	15	2f723cf1-ddd6-58e2-881e-3ab45db8cd2d	Feijao carioca	0	0	0	0	SINTETICO
bee0265e-0800-492b-bb73-f96a4d4367a6	2026-05-15	MANHA	17	add956e1-36ad-584e-b1e4-a4a8db28315f	Banana	45	42	3	1	SINTETICO
270fe57b-f0ad-40ee-bb50-9073c899b025	2026-05-15	MANHA	17	84f7e794-a400-5d46-9efe-1c8a8f2f711d	Suco de fruta natural	318	305	13	17	SINTETICO
92d40be9-2478-4c6f-98cc-352f24a46f2d	2026-05-15	INTEGRAL	18	153737d9-caa6-55d5-b086-f7e83fdab4d2	Pao com manteiga	32	30	2	2	SINTETICO
f4c204be-1638-4de2-b626-550305421141	2026-05-15	INTEGRAL	18	1b450f5b-ecde-5880-ad0a-91ce0920069d	Maca	101	98	3	4	SINTETICO
c8ef4273-0b8c-41c3-a29e-79d0ac2cc01b	2026-05-18	INTEGRAL	3	6753aa6f-0f7e-5208-8cd6-9e7a8733ef22	Leite com achocolatado	84	83	1	6	SINTETICO
a72b30fd-592e-4c24-bd07-288168325308	2026-05-18	INTEGRAL	3	2f723cf1-ddd6-58e2-881e-3ab45db8cd2d	Feijao carioca	15	14	1	1	SINTETICO
c97036a3-1914-4e6f-b2e2-c28737523782	2026-05-18	INTEGRAL	5	79ca1872-52e0-59dd-af29-543b793c0860	Macarrao ao sugo	23	22	1	3	SINTETICO
33feac75-c6d3-48e5-8c52-5ddea67860a9	2026-05-18	INTEGRAL	5	153737d9-caa6-55d5-b086-f7e83fdab4d2	Pao com manteiga	53	48	5	3	SINTETICO
562c9bc1-737d-417b-8ae3-046fd1e3eab4	2026-05-18	INTEGRAL	5	1b450f5b-ecde-5880-ad0a-91ce0920069d	Maca	3	3	0	0	SINTETICO
edbc3c74-5ea5-404e-8f05-6ed07c9c641a	2026-05-18	MANHA	6	6ce7a969-7c2b-5a21-b072-594a4412ab8b	Arroz branco	3	3	0	0	SINTETICO
9388d72b-73e6-47fc-94ba-bc8ba39f848c	2026-05-18	MANHA	6	6753aa6f-0f7e-5208-8cd6-9e7a8733ef22	Leite com achocolatado	3	3	0	0	SINTETICO
0e819401-76ba-4efa-af26-4eb2720cfe26	2026-05-18	TARDE	8	9bf7d50c-378c-58f7-ba1a-0dccafffc54c	Bolacha doce	43	43	0	2	SINTETICO
cf44fe72-4b1f-4858-ad6b-79c18c6cb062	2026-05-18	TARDE	8	eed1d0ec-938c-53ef-94b9-626452f5fbd2	Sopa de legumes	0	0	0	0	SINTETICO
666c599d-0b33-4972-90b5-e6e744dc69f1	2026-05-18	INTEGRAL	9	eed1d0ec-938c-53ef-94b9-626452f5fbd2	Sopa de legumes	19	18	1	4	SINTETICO
9cdf70a9-c38b-4d8e-8881-6b5d9b47a73c	2026-05-18	INTEGRAL	9	84f7e794-a400-5d46-9efe-1c8a8f2f711d	Suco de fruta natural	49	43	6	2	SINTETICO
b52b5df7-2499-482c-8416-d9e554881b0b	2026-05-18	INTEGRAL	9	2f723cf1-ddd6-58e2-881e-3ab45db8cd2d	Feijao carioca	1	1	0	0	SINTETICO
37813ebc-427a-4fff-86f3-e597d1e22ab4	2026-05-18	INTEGRAL	12	9bf7d50c-378c-58f7-ba1a-0dccafffc54c	Bolacha doce	28	27	1	2	SINTETICO
8dc0a10b-cc7e-44e3-a2b5-b9431b32013f	2026-05-18	INTEGRAL	12	0db97b08-9e92-541d-b2d2-1bc810f8fbe8	Iogurte	19	19	0	1	SINTETICO
ba8dbff8-d981-45dc-a586-b2c5fcb1a983	2026-05-18	INTEGRAL	13	6753aa6f-0f7e-5208-8cd6-9e7a8733ef22	Leite com achocolatado	2	2	0	0	SINTETICO
a979a49a-27cd-4e37-8a7d-699bc13df98c	2026-05-18	INTEGRAL	14	153737d9-caa6-55d5-b086-f7e83fdab4d2	Pao com manteiga	2	2	0	0	SINTETICO
0f6ba26f-2ef7-4884-8b41-996757a9a470	2026-05-18	INTEGRAL	14	2f723cf1-ddd6-58e2-881e-3ab45db8cd2d	Feijao carioca	0	0	0	0	SINTETICO
440af38e-5bd0-40b3-bf63-74bcc2d608a5	2026-05-18	INTEGRAL	14	add956e1-36ad-584e-b1e4-a4a8db28315f	Banana	1	1	0	0	SINTETICO
9fbf40ee-a709-4d5c-8a4d-db9ee91ca29d	2026-05-18	INTEGRAL	14	9bf7d50c-378c-58f7-ba1a-0dccafffc54c	Bolacha doce	9	9	0	1	SINTETICO
da1ecb73-9131-4224-864f-2c326b77dcf0	2026-05-18	INTEGRAL	14	6ce7a969-7c2b-5a21-b072-594a4412ab8b	Arroz branco	67	66	1	6	SINTETICO
e4c3076d-a295-4409-8462-4e2e9a7c137b	2026-05-18	INTEGRAL	15	79ca1872-52e0-59dd-af29-543b793c0860	Macarrao ao sugo	49	44	5	7	SINTETICO
c990f365-6f8e-4ac7-a147-b122e75645d2	2026-05-18	INTEGRAL	16	1b450f5b-ecde-5880-ad0a-91ce0920069d	Maca	60	59	1	3	SINTETICO
6aaeb64c-f90f-47fc-8a12-4c451200ba06	2026-05-19	INTEGRAL	2	153737d9-caa6-55d5-b086-f7e83fdab4d2	Pao com manteiga	11	11	0	0	SINTETICO
5042bf5f-30b5-49b4-94d5-798f8bc97087	2026-05-19	INTEGRAL	2	84f7e794-a400-5d46-9efe-1c8a8f2f711d	Suco de fruta natural	416	364	52	18	SINTETICO
72a87d26-799b-4a35-8f88-696795571812	2026-05-19	INTEGRAL	4	1b450f5b-ecde-5880-ad0a-91ce0920069d	Maca	50	44	6	3	SINTETICO
c1336175-cf8e-42da-b746-3712065820d3	2026-05-19	TARDE	5	eed1d0ec-938c-53ef-94b9-626452f5fbd2	Sopa de legumes	0	0	0	0	SINTETICO
df713b67-044f-49aa-8269-554609bbeb97	2026-05-19	TARDE	5	2f723cf1-ddd6-58e2-881e-3ab45db8cd2d	Feijao carioca	10	9	1	1	SINTETICO
74c408b6-fc90-4b1e-ada5-079b44d5e2fe	2026-05-19	TARDE	5	0db97b08-9e92-541d-b2d2-1bc810f8fbe8	Iogurte	57	56	1	2	SINTETICO
99a42866-bdb4-41e7-8091-c83e3c32af74	2026-05-19	INTEGRAL	6	79ca1872-52e0-59dd-af29-543b793c0860	Macarrao ao sugo	237	215	22	29	SINTETICO
7ec84e6c-eada-49fa-86cf-c10760a11164	2026-05-19	INTEGRAL	6	add956e1-36ad-584e-b1e4-a4a8db28315f	Banana	1	1	0	0	SINTETICO
50b9a90b-08ef-463f-b654-f3a2641af4db	2026-05-19	MANHA	7	b6f014a3-eaad-57c0-8ee9-24eb9abb819a	Cuscuz	215	188	27	17	SINTETICO
57752112-b246-4619-a342-345e3ab81693	2026-05-19	MANHA	7	6753aa6f-0f7e-5208-8cd6-9e7a8733ef22	Leite com achocolatado	32	29	3	2	SINTETICO
864abb5c-3d52-4a0b-989b-4efe403045a0	2026-05-19	MANHA	7	84f7e794-a400-5d46-9efe-1c8a8f2f711d	Suco de fruta natural	5	5	0	0	SINTETICO
f6f5b5ef-0e7e-496a-a992-5f9452d99b9a	2026-05-19	MANHA	7	eed1d0ec-938c-53ef-94b9-626452f5fbd2	Sopa de legumes	54	47	7	18	SINTETICO
b51a0c15-99dc-4f66-8306-72a10fa5fceb	2026-05-19	MANHA	7	2f723cf1-ddd6-58e2-881e-3ab45db8cd2d	Feijao carioca	3	3	0	0	SINTETICO
0015c5b8-51a0-467f-acb5-ee9510cc5208	2026-05-19	MANHA	7	6ce7a969-7c2b-5a21-b072-594a4412ab8b	Arroz branco	47	44	3	3	SINTETICO
8f2ce228-514b-4b51-84dc-f8e1368c8f2c	2026-05-19	INTEGRAL	8	add956e1-36ad-584e-b1e4-a4a8db28315f	Banana	0	0	0	0	SINTETICO
40ed6af5-2c7b-4f1b-be84-402967890fc7	2026-05-19	INTEGRAL	9	6753aa6f-0f7e-5208-8cd6-9e7a8733ef22	Leite com achocolatado	1	1	0	0	SINTETICO
dd06f037-08ff-4259-a23e-aaa60b981006	2026-05-19	INTEGRAL	9	6ce7a969-7c2b-5a21-b072-594a4412ab8b	Arroz branco	40	35	5	2	SINTETICO
01d35c9b-2674-4aa2-9839-0235b296346c	2026-05-19	TARDE	10	b6f014a3-eaad-57c0-8ee9-24eb9abb819a	Cuscuz	37	37	0	6	SINTETICO
0f8c7e7b-0151-4e54-8bf2-8e08a1297d3b	2026-05-19	TARDE	10	9bf7d50c-378c-58f7-ba1a-0dccafffc54c	Bolacha doce	223	213	10	10	SINTETICO
8692f17b-43a7-45dc-8f35-78a654a25039	2026-05-19	TARDE	10	2fb8016f-a7e8-5297-ba7c-fbdbc176e301	Molho de tomate caseiro	349	313	36	31	SINTETICO
cefd34d5-7e99-472d-9f6b-32082aeb80e4	2026-05-19	TARDE	10	153737d9-caa6-55d5-b086-f7e83fdab4d2	Pao com manteiga	257	248	9	12	SINTETICO
9a03cdc2-2945-46e9-ba0e-c0cb8698eff4	2026-05-19	INTEGRAL	11	79ca1872-52e0-59dd-af29-543b793c0860	Macarrao ao sugo	0	0	0	0	SINTETICO
fae041a1-2250-4051-a24c-bb1c51413476	2026-05-19	INTEGRAL	12	1b450f5b-ecde-5880-ad0a-91ce0920069d	Maca	0	0	0	0	SINTETICO
64c44898-1fa7-4e02-95f5-c8e8dd30b78b	2026-05-19	INTEGRAL	12	6ce7a969-7c2b-5a21-b072-594a4412ab8b	Arroz branco	0	0	0	0	SINTETICO
9b404a6c-fc1d-4478-a3cb-b063e1fadc07	2026-05-19	INTEGRAL	12	9bf7d50c-378c-58f7-ba1a-0dccafffc54c	Bolacha doce	47	44	3	2	SINTETICO
8785ce06-fb31-4850-925f-4bf3ed58a245	2026-05-19	INTEGRAL	12	6753aa6f-0f7e-5208-8cd6-9e7a8733ef22	Leite com achocolatado	46	44	2	2	SINTETICO
f5340aab-51eb-444b-aaff-ca84c92bd16d	2026-05-19	MANHA	15	500ccd6c-b321-531f-81ae-3999b578c2e4	Pure de moranga	53	51	2	16	SINTETICO
16d7f3f4-1c87-46f7-aae7-7a6cebb6a84d	2026-05-19	INTEGRAL	16	84f7e794-a400-5d46-9efe-1c8a8f2f711d	Suco de fruta natural	34	32	2	1	SINTETICO
12c205da-bded-418e-b4b5-87f37a96a94a	2026-05-19	INTEGRAL	16	b6cbc98d-85cf-5628-a89e-560cfa264267	Coxa e sobrecoxa de frango ao molho de tomate	31	28	3	5	SINTETICO
36e109ec-61e7-4328-a841-917738ce0c6b	2026-05-19	INTEGRAL	16	6753aa6f-0f7e-5208-8cd6-9e7a8733ef22	Leite com achocolatado	3	3	0	0	SINTETICO
c82e96e1-ef61-44d1-be2e-0634efb013d5	2026-05-19	INTEGRAL	16	2f723cf1-ddd6-58e2-881e-3ab45db8cd2d	Feijao carioca	36	32	4	3	SINTETICO
9d1bf493-3add-42cf-bd9b-d1814c133350	2026-05-19	INTEGRAL	16	eed1d0ec-938c-53ef-94b9-626452f5fbd2	Sopa de legumes	18	16	2	6	SINTETICO
b376545f-2209-4a2e-9a11-adbe6678635b	2026-05-19	INTEGRAL	17	0db97b08-9e92-541d-b2d2-1bc810f8fbe8	Iogurte	0	0	0	0	SINTETICO
b3d16f9b-36ce-4979-9b2a-f3082a8b887c	2026-05-19	INTEGRAL	17	6ce7a969-7c2b-5a21-b072-594a4412ab8b	Arroz branco	69	61	8	5	SINTETICO
600b63c3-82de-44b2-a9ec-e1e132227426	2026-05-19	MANHA	18	2f723cf1-ddd6-58e2-881e-3ab45db8cd2d	Feijao carioca	10	9	1	1	SINTETICO
fe3aa810-c68f-4089-b40e-16a256206ae1	2026-05-20	TARDE	1	9bf7d50c-378c-58f7-ba1a-0dccafffc54c	Bolacha doce	33	31	2	2	SINTETICO
b80e1eb1-fc92-4b93-a2fe-ffee4fd71d80	2026-05-20	MANHA	2	9bf7d50c-378c-58f7-ba1a-0dccafffc54c	Bolacha doce	71	68	3	3	SINTETICO
950f757a-40cb-4f87-9068-e4b7f1ffe353	2026-05-20	MANHA	2	add956e1-36ad-584e-b1e4-a4a8db28315f	Banana	120	112	8	3	SINTETICO
d6c5d48d-48da-4a48-a639-52c289b84824	2026-05-20	MANHA	3	eed1d0ec-938c-53ef-94b9-626452f5fbd2	Sopa de legumes	2	2	0	1	SINTETICO
ee7c346d-d2bc-4f3a-8e15-286f24e0a878	2026-05-20	INTEGRAL	4	2f723cf1-ddd6-58e2-881e-3ab45db8cd2d	Feijao carioca	1	1	0	0	SINTETICO
3d6de51f-6f69-451e-a124-5b9944db64fe	2026-05-20	INTEGRAL	5	eed1d0ec-938c-53ef-94b9-626452f5fbd2	Sopa de legumes	7	6	1	2	SINTETICO
7e6f3331-9c87-41a3-8ca3-c80f9d1ad546	2026-05-20	INTEGRAL	8	6753aa6f-0f7e-5208-8cd6-9e7a8733ef22	Leite com achocolatado	364	341	23	15	SINTETICO
ce9f1283-12ae-44fc-96ca-2a95f246901b	2026-05-20	INTEGRAL	9	b6f014a3-eaad-57c0-8ee9-24eb9abb819a	Cuscuz	43	41	2	4	SINTETICO
cec8aab3-22a2-436c-b84a-0881f4909571	2026-05-20	INTEGRAL	11	153737d9-caa6-55d5-b086-f7e83fdab4d2	Pao com manteiga	0	0	0	0	SINTETICO
195de638-2a81-4d2e-9f0f-7a533c18b7b0	2026-05-20	INTEGRAL	12	6ce7a969-7c2b-5a21-b072-594a4412ab8b	Arroz branco	187	166	21	12	SINTETICO
32965277-eade-4476-8d27-1d95389d3ab0	2026-05-20	INTEGRAL	13	84f7e794-a400-5d46-9efe-1c8a8f2f711d	Suco de fruta natural	0	0	0	0	SINTETICO
ccdaf754-9d25-4475-9be9-8a6c99ff80e4	2026-05-20	INTEGRAL	13	79ca1872-52e0-59dd-af29-543b793c0860	Macarrao ao sugo	48	47	1	7	SINTETICO
4a1cef33-06d2-4a28-ac8f-48cf049ac8eb	2026-05-20	INTEGRAL	13	b6f014a3-eaad-57c0-8ee9-24eb9abb819a	Cuscuz	0	0	0	0	SINTETICO
fb740674-1602-4a67-8621-7f6d0f741bdf	2026-05-20	MANHA	15	79ca1872-52e0-59dd-af29-543b793c0860	Macarrao ao sugo	20	18	2	3	SINTETICO
eb351194-53dc-4653-886a-4ffbf566514c	2026-05-20	MANHA	15	b6f014a3-eaad-57c0-8ee9-24eb9abb819a	Cuscuz	2	2	0	0	SINTETICO
1f474259-fa69-478b-bffc-751de1b4f5da	2026-05-20	MANHA	15	2f723cf1-ddd6-58e2-881e-3ab45db8cd2d	Feijao carioca	48	45	3	5	SINTETICO
38987d97-571f-4249-8ab3-bac5f7af8792	2026-05-20	INTEGRAL	16	9bf7d50c-378c-58f7-ba1a-0dccafffc54c	Bolacha doce	15	13	2	1	SINTETICO
75263c12-7a67-43e6-adb5-b913e4efdef4	2026-05-20	INTEGRAL	16	79ca1872-52e0-59dd-af29-543b793c0860	Macarrao ao sugo	23	20	3	3	SINTETICO
b11cf705-dfe4-43e8-89e2-af4a0426fffb	2026-05-20	INTEGRAL	17	eed1d0ec-938c-53ef-94b9-626452f5fbd2	Sopa de legumes	59	56	3	18	SINTETICO
b934e31a-0b11-4893-95fa-ff9c060c4848	2026-05-20	INTEGRAL	17	0db97b08-9e92-541d-b2d2-1bc810f8fbe8	Iogurte	40	40	0	2	SINTETICO
2781dab5-2bc2-44f0-a64e-af51692030bd	2026-05-20	INTEGRAL	17	84f7e794-a400-5d46-9efe-1c8a8f2f711d	Suco de fruta natural	0	0	0	0	SINTETICO
2472a2a4-505f-47ce-8a46-5fef25d350d6	2026-05-20	INTEGRAL	17	1b450f5b-ecde-5880-ad0a-91ce0920069d	Maca	1	1	0	0	SINTETICO
db75383e-f9c7-46da-9441-bef5d20d3cc3	2026-05-20	INTEGRAL	17	79ca1872-52e0-59dd-af29-543b793c0860	Macarrao ao sugo	1	1	0	0	SINTETICO
ec8e4d48-727a-4f22-aa77-5f102fc983be	2026-05-20	MANHA	18	1b450f5b-ecde-5880-ad0a-91ce0920069d	Maca	50	45	5	2	SINTETICO
4c7b28ec-6dfe-4949-9e85-646bd2f4e9c6	2026-05-20	MANHA	18	b6f014a3-eaad-57c0-8ee9-24eb9abb819a	Cuscuz	12	12	0	1	SINTETICO
4b247ef3-74ba-40cc-a251-0e80bf64ddaf	2026-05-20	MANHA	18	0db97b08-9e92-541d-b2d2-1bc810f8fbe8	Iogurte	6	6	0	0	SINTETICO
6b5b0cc5-06d6-437e-955d-f0427db542e8	2026-05-20	MANHA	18	6ce7a969-7c2b-5a21-b072-594a4412ab8b	Arroz branco	0	0	0	0	SINTETICO
215ac176-2a32-47cd-bd72-a77d8b5bcb67	2026-05-21	MANHA	1	0db97b08-9e92-541d-b2d2-1bc810f8fbe8	Iogurte	10	9	1	0	SINTETICO
faeabd10-5d7d-4f55-8bf5-ad3a89c021d2	2026-05-21	MANHA	1	9bf7d50c-378c-58f7-ba1a-0dccafffc54c	Bolacha doce	0	0	0	0	SINTETICO
198401a8-c928-4bc6-b0fa-12578bd59646	2026-05-21	MANHA	1	1b450f5b-ecde-5880-ad0a-91ce0920069d	Maca	24	23	1	1	SINTETICO
e80cd50c-c59a-4dd1-96ca-addfd1bcf1f3	2026-05-21	MANHA	1	79ca1872-52e0-59dd-af29-543b793c0860	Macarrao ao sugo	302	279	23	34	SINTETICO
9db0600f-9ded-4f03-8f24-0bd6cb5700da	2026-05-21	MANHA	1	b6f014a3-eaad-57c0-8ee9-24eb9abb819a	Cuscuz	49	46	3	6	SINTETICO
3137500d-c6eb-4029-b2ad-e5922040ceff	2026-05-21	INTEGRAL	3	84f7e794-a400-5d46-9efe-1c8a8f2f711d	Suco de fruta natural	24	22	2	1	SINTETICO
1de06998-456d-43a3-9d33-c27ec77ed2e7	2026-05-21	INTEGRAL	3	9bf7d50c-378c-58f7-ba1a-0dccafffc54c	Bolacha doce	21	18	3	1	SINTETICO
40d70123-6c2a-448b-98bb-fdb5b3fcc500	2026-05-21	MANHA	4	b6f014a3-eaad-57c0-8ee9-24eb9abb819a	Cuscuz	47	41	6	5	SINTETICO
6d84cc96-eab5-4f1a-a626-3cb54166c96a	2026-05-21	MANHA	4	6ce7a969-7c2b-5a21-b072-594a4412ab8b	Arroz branco	11	10	1	1	SINTETICO
737f757c-fd90-4172-b80f-e603b35f5a92	2026-05-21	INTEGRAL	5	add956e1-36ad-584e-b1e4-a4a8db28315f	Banana	10	9	1	0	SINTETICO
3d28b271-55b4-47c1-89ce-af6c8a49bfa6	2026-05-21	INTEGRAL	5	6ce7a969-7c2b-5a21-b072-594a4412ab8b	Arroz branco	0	0	0	0	SINTETICO
453e4fbd-232c-4f03-993e-cd2411d53082	2026-05-21	INTEGRAL	5	1b450f5b-ecde-5880-ad0a-91ce0920069d	Maca	2	2	0	0	SINTETICO
a549ea06-fa32-4317-ab93-d8ff3a8544ba	2026-05-21	INTEGRAL	6	6753aa6f-0f7e-5208-8cd6-9e7a8733ef22	Leite com achocolatado	36	32	4	1	SINTETICO
affe87ad-d83d-4b55-af15-153e20981543	2026-05-21	INTEGRAL	6	9bf7d50c-378c-58f7-ba1a-0dccafffc54c	Bolacha doce	0	0	0	0	SINTETICO
c12d394f-6254-482b-ba2e-8ad414a1340d	2026-05-21	INTEGRAL	6	add956e1-36ad-584e-b1e4-a4a8db28315f	Banana	3	3	0	0	SINTETICO
06ab4f08-a6ec-45dd-99e2-9c499aeefd1b	2026-05-21	INTEGRAL	6	6ce7a969-7c2b-5a21-b072-594a4412ab8b	Arroz branco	18	17	1	1	SINTETICO
98bb77b7-3a35-4917-a273-75eb9dd6f2bc	2026-05-21	MANHA	7	6753aa6f-0f7e-5208-8cd6-9e7a8733ef22	Leite com achocolatado	2	2	0	0	SINTETICO
8d8de780-abd8-4893-9e62-6ab9783fcd56	2026-05-21	MANHA	7	1b450f5b-ecde-5880-ad0a-91ce0920069d	Maca	49	44	5	2	SINTETICO
8818a135-97b5-49ae-b9fb-ce113880592b	2026-05-21	INTEGRAL	8	6753aa6f-0f7e-5208-8cd6-9e7a8733ef22	Leite com achocolatado	34	32	2	2	SINTETICO
0dbef88a-7bc9-4b60-a380-3f20f74d8f41	2026-05-21	INTEGRAL	8	84f7e794-a400-5d46-9efe-1c8a8f2f711d	Suco de fruta natural	0	0	0	0	SINTETICO
5dd798d3-61a4-4005-869a-9316169304b4	2026-05-21	INTEGRAL	8	1b450f5b-ecde-5880-ad0a-91ce0920069d	Maca	15	14	1	1	SINTETICO
bef59dce-5474-4194-a4c1-53438d9560fb	2026-05-21	INTEGRAL	8	9bf7d50c-378c-58f7-ba1a-0dccafffc54c	Bolacha doce	23	22	1	1	SINTETICO
bd331a90-443d-4588-9338-eade679db988	2026-05-21	INTEGRAL	8	b6f014a3-eaad-57c0-8ee9-24eb9abb819a	Cuscuz	14	14	0	2	SINTETICO
1affa6b1-e65c-4f98-b25d-081678ae5b65	2026-05-21	MANHA	10	eed1d0ec-938c-53ef-94b9-626452f5fbd2	Sopa de legumes	47	42	5	11	SINTETICO
39b23106-3a98-4973-9075-09053f1cb246	2026-05-21	MANHA	10	1b450f5b-ecde-5880-ad0a-91ce0920069d	Maca	0	0	0	0	SINTETICO
aadacde7-df72-4013-ab09-7ef68f4db0b4	2026-05-21	MANHA	10	153737d9-caa6-55d5-b086-f7e83fdab4d2	Pao com manteiga	1	1	0	0	SINTETICO
ef4fec9e-55d0-4a45-ae17-4a7f496e513f	2026-05-21	INTEGRAL	11	add956e1-36ad-584e-b1e4-a4a8db28315f	Banana	42	41	1	1	SINTETICO
9cacea58-f912-474d-b15d-342b6b85ff57	2026-05-21	INTEGRAL	11	9bf7d50c-378c-58f7-ba1a-0dccafffc54c	Bolacha doce	3	3	0	0	SINTETICO
173d7335-041c-47b7-b756-d5215136e5fa	2026-05-21	INTEGRAL	11	1b450f5b-ecde-5880-ad0a-91ce0920069d	Maca	84	84	0	5	SINTETICO
92bceb3f-c939-4f36-96bf-a45e8dd76bb7	2026-05-21	INTEGRAL	11	6ce7a969-7c2b-5a21-b072-594a4412ab8b	Arroz branco	62	57	5	3	SINTETICO
7f9e4d46-95d2-49bc-8e8a-960ae4d5576a	2026-05-21	INTEGRAL	11	ddeef647-cce4-5236-a3b1-dece44ed098e	Couve flor	122	113	9	32	SINTETICO
2f280278-b99d-4378-bc4c-ab9eefee023e	2026-05-21	TARDE	12	1b450f5b-ecde-5880-ad0a-91ce0920069d	Maca	88	80	8	5	SINTETICO
7e4c01eb-67f9-4bfd-8df1-927d3518fd36	2026-05-21	TARDE	12	6ce7a969-7c2b-5a21-b072-594a4412ab8b	Arroz branco	69	63	6	3	SINTETICO
85ca9be4-03f5-4184-9c62-9cfda3ee9944	2026-05-21	TARDE	12	9bf7d50c-378c-58f7-ba1a-0dccafffc54c	Bolacha doce	39	37	2	2	SINTETICO
f30df046-17db-4651-9fc4-a8f96e6eabaa	2026-05-21	TARDE	12	153737d9-caa6-55d5-b086-f7e83fdab4d2	Pao com manteiga	69	65	4	5	SINTETICO
5bc74b7f-7920-437a-902b-4d6f6726b2d3	2026-05-21	INTEGRAL	14	9bf7d50c-378c-58f7-ba1a-0dccafffc54c	Bolacha doce	297	274	23	17	SINTETICO
a2578184-5947-4d1c-9e76-48094592b59e	2026-05-21	INTEGRAL	14	1b450f5b-ecde-5880-ad0a-91ce0920069d	Maca	0	0	0	0	SINTETICO
0470f786-556d-4b1f-82ab-7b5d8efc35fb	2026-05-21	MANHA	15	eed1d0ec-938c-53ef-94b9-626452f5fbd2	Sopa de legumes	39	37	2	13	SINTETICO
f51128de-4b07-4cb2-8511-3f12000e6816	2026-05-21	MANHA	15	79ca1872-52e0-59dd-af29-543b793c0860	Macarrao ao sugo	1	1	0	0	SINTETICO
ce27a780-1796-478a-a2ed-29368d977914	2026-05-21	MANHA	15	6753aa6f-0f7e-5208-8cd6-9e7a8733ef22	Leite com achocolatado	59	56	3	2	SINTETICO
2bbdca26-4a09-4db7-9a47-a160547c0ad1	2026-05-21	INTEGRAL	17	eed1d0ec-938c-53ef-94b9-626452f5fbd2	Sopa de legumes	49	45	4	17	SINTETICO
968316e0-22a0-4d60-af98-4e5017d0ed23	2026-05-21	INTEGRAL	17	153737d9-caa6-55d5-b086-f7e83fdab4d2	Pao com manteiga	38	34	4	2	SINTETICO
a4de8332-2301-4127-b05f-37600937973a	2026-05-21	INTEGRAL	17	79ca1872-52e0-59dd-af29-543b793c0860	Macarrao ao sugo	3	3	0	1	SINTETICO
80ef05e8-24fb-4b33-a9db-35bdc026a94f	2026-05-21	INTEGRAL	17	1b450f5b-ecde-5880-ad0a-91ce0920069d	Maca	0	0	0	0	SINTETICO
ca44fd6b-e3e4-4ed5-94be-bb15fd99f33b	2026-05-22	TARDE	3	6ce7a969-7c2b-5a21-b072-594a4412ab8b	Arroz branco	7	6	1	1	SINTETICO
91211957-b6aa-4987-b6a8-8c8a398e2e31	2026-05-22	TARDE	3	2f723cf1-ddd6-58e2-881e-3ab45db8cd2d	Feijao carioca	281	258	23	30	SINTETICO
8faf718a-4d52-496c-a3f0-eac3bf6533d6	2026-05-22	TARDE	3	1b450f5b-ecde-5880-ad0a-91ce0920069d	Maca	78	70	8	2	SINTETICO
ccb22128-c6a0-46cc-af26-03dbc4046570	2026-05-22	TARDE	3	eed1d0ec-938c-53ef-94b9-626452f5fbd2	Sopa de legumes	139	138	1	32	SINTETICO
6eef9e75-48e3-4f5b-9f3f-abdf6e46741d	2026-05-22	TARDE	3	84f7e794-a400-5d46-9efe-1c8a8f2f711d	Suco de fruta natural	0	0	0	0	SINTETICO
f523c2ba-97c3-4ffc-82d3-2e785a1eb800	2026-05-22	INTEGRAL	4	eed1d0ec-938c-53ef-94b9-626452f5fbd2	Sopa de legumes	0	0	0	0	SINTETICO
bf75a881-1339-4557-b555-ec628e44dd92	2026-05-22	INTEGRAL	4	153737d9-caa6-55d5-b086-f7e83fdab4d2	Pao com manteiga	11	11	0	1	SINTETICO
c5621d65-2d56-4eb9-a438-6b56904574db	2026-05-22	INTEGRAL	4	add956e1-36ad-584e-b1e4-a4a8db28315f	Banana	230	222	8	8	SINTETICO
d3a31b30-596a-4a33-be8e-d759afddde27	2026-05-22	INTEGRAL	4	9bf7d50c-378c-58f7-ba1a-0dccafffc54c	Bolacha doce	15	13	2	1	SINTETICO
e61b3fe6-34e4-41a5-a21c-b4ad7d5cdc64	2026-05-22	INTEGRAL	4	2f723cf1-ddd6-58e2-881e-3ab45db8cd2d	Feijao carioca	22	21	1	2	SINTETICO
28c78cac-0532-42bd-9542-22929fe39d27	2026-05-22	INTEGRAL	4	0db97b08-9e92-541d-b2d2-1bc810f8fbe8	Iogurte	0	0	0	0	SINTETICO
3606b8bc-b730-4fc9-9995-1d96aaf1b5f1	2026-05-22	INTEGRAL	4	6ce7a969-7c2b-5a21-b072-594a4412ab8b	Arroz branco	40	35	5	2	SINTETICO
af2f87f2-7acc-4704-ad9a-dc7a02fef6f6	2026-05-22	MANHA	5	79ca1872-52e0-59dd-af29-543b793c0860	Macarrao ao sugo	0	0	0	0	SINTETICO
7dd00da8-99ad-44c1-8765-aab8e85992a9	2026-05-22	MANHA	5	153737d9-caa6-55d5-b086-f7e83fdab4d2	Pao com manteiga	96	84	12	5	SINTETICO
b7d8d589-814e-4e25-900d-385f7a72d9a2	2026-05-22	TARDE	6	84f7e794-a400-5d46-9efe-1c8a8f2f711d	Suco de fruta natural	107	104	3	6	SINTETICO
3789babb-bd29-48e6-a788-803c3baf2743	2026-05-22	TARDE	6	eed1d0ec-938c-53ef-94b9-626452f5fbd2	Sopa de legumes	28	27	1	9	SINTETICO
3f061a7a-d69f-4b5d-94e9-c97151e5d8fc	2026-05-22	TARDE	6	add956e1-36ad-584e-b1e4-a4a8db28315f	Banana	58	57	1	3	SINTETICO
a6b00148-02dd-4692-b263-7ac25161c6f9	2026-05-22	INTEGRAL	7	2f723cf1-ddd6-58e2-881e-3ab45db8cd2d	Feijao carioca	19	19	0	2	SINTETICO
f077d472-457e-467c-af1e-4878f97201c6	2026-05-22	INTEGRAL	7	b6f014a3-eaad-57c0-8ee9-24eb9abb819a	Cuscuz	0	0	0	0	SINTETICO
ef262c0f-b9d7-42cc-ae41-8bca5c8cd714	2026-05-22	INTEGRAL	7	84f7e794-a400-5d46-9efe-1c8a8f2f711d	Suco de fruta natural	0	0	0	0	SINTETICO
1074364a-865e-4259-b0ba-e603c143fa26	2026-05-22	INTEGRAL	9	1b450f5b-ecde-5880-ad0a-91ce0920069d	Maca	49	47	2	3	SINTETICO
321b19e8-cea5-4e65-aeb6-e1e955672797	2026-05-22	INTEGRAL	9	79ca1872-52e0-59dd-af29-543b793c0860	Macarrao ao sugo	123	109	14	19	SINTETICO
050f0235-ab79-4351-adc6-5fba8fbd6755	2026-05-22	INTEGRAL	11	153737d9-caa6-55d5-b086-f7e83fdab4d2	Pao com manteiga	15	13	2	1	SINTETICO
ac179bd9-9162-4416-afe9-d67512caa32e	2026-05-22	INTEGRAL	11	1b450f5b-ecde-5880-ad0a-91ce0920069d	Maca	3	3	0	0	SINTETICO
40204de3-7e37-4163-b4c5-421afcc16033	2026-05-22	INTEGRAL	11	b6f014a3-eaad-57c0-8ee9-24eb9abb819a	Cuscuz	409	359	50	37	SINTETICO
3f4d59a0-69f8-4ed1-8f71-c37950565100	2026-05-22	MANHA	13	0db97b08-9e92-541d-b2d2-1bc810f8fbe8	Iogurte	293	285	8	18	SINTETICO
7df0cf51-4810-4dc2-b96e-2987bb603316	2026-05-22	MANHA	13	6753aa6f-0f7e-5208-8cd6-9e7a8733ef22	Leite com achocolatado	1	1	0	0	SINTETICO
11d49360-246f-4740-a865-cc415f9232a3	2026-05-22	TARDE	14	eed1d0ec-938c-53ef-94b9-626452f5fbd2	Sopa de legumes	104	103	1	34	SINTETICO
663bdd57-4648-413a-aa1d-891cf78400ec	2026-05-22	MANHA	17	add956e1-36ad-584e-b1e4-a4a8db28315f	Banana	3	3	0	0	SINTETICO
10339c10-c227-45d0-9e1b-0d54e8a9b9f2	2026-05-22	TARDE	18	6753aa6f-0f7e-5208-8cd6-9e7a8733ef22	Leite com achocolatado	15	13	2	1	SINTETICO
9feeb51a-b5ef-456a-9292-a6d846cc03e4	2026-05-22	TARDE	18	add956e1-36ad-584e-b1e4-a4a8db28315f	Banana	153	145	8	4	SINTETICO
8571c203-fa53-4d65-ac62-30aa4107849d	2026-05-25	INTEGRAL	1	2f723cf1-ddd6-58e2-881e-3ab45db8cd2d	Feijao carioca	1	1	0	0	SINTETICO
7b87847e-6809-4a8c-914e-cbc954fcc8ea	2026-05-25	INTEGRAL	1	0db97b08-9e92-541d-b2d2-1bc810f8fbe8	Iogurte	0	0	0	0	SINTETICO
b21441bd-7886-4733-a5b9-955a810e3f6c	2026-05-25	MANHA	3	0db97b08-9e92-541d-b2d2-1bc810f8fbe8	Iogurte	0	0	0	0	SINTETICO
4094524a-c862-4000-89f8-719c9aede672	2026-05-25	TARDE	5	0db97b08-9e92-541d-b2d2-1bc810f8fbe8	Iogurte	32	29	3	2	SINTETICO
efacbb70-4fb6-4ca7-89d3-80e15e57bbe9	2026-05-25	INTEGRAL	7	2f723cf1-ddd6-58e2-881e-3ab45db8cd2d	Feijao carioca	1	1	0	0	SINTETICO
322ed6bf-e906-4a2f-b577-4d7aee4ca9eb	2026-05-25	INTEGRAL	7	6ce7a969-7c2b-5a21-b072-594a4412ab8b	Arroz branco	77	76	1	7	SINTETICO
a122fce2-6929-475c-8c7d-937e852b5335	2026-05-25	INTEGRAL	7	1b450f5b-ecde-5880-ad0a-91ce0920069d	Maca	9	9	0	0	SINTETICO
402fc540-3dd5-492c-b20b-6bc455b31161	2026-05-25	INTEGRAL	9	add956e1-36ad-584e-b1e4-a4a8db28315f	Banana	24	22	2	1	SINTETICO
c44a8c20-87dc-42a0-8be5-c8ac7a1bc9aa	2026-05-25	INTEGRAL	9	9bf7d50c-378c-58f7-ba1a-0dccafffc54c	Bolacha doce	1	1	0	0	SINTETICO
6cedc29a-bf1d-47d5-8f68-f0baa4745882	2026-05-25	INTEGRAL	9	eed1d0ec-938c-53ef-94b9-626452f5fbd2	Sopa de legumes	2	2	0	0	SINTETICO
1c48704e-7acf-443a-9b37-7c2aa700f580	2026-05-25	TARDE	10	153737d9-caa6-55d5-b086-f7e83fdab4d2	Pao com manteiga	100	94	6	6	SINTETICO
4d2ebd7e-888e-4d7e-bc4a-97bfdd6f9b87	2026-05-25	INTEGRAL	12	2f723cf1-ddd6-58e2-881e-3ab45db8cd2d	Feijao carioca	81	73	8	5	SINTETICO
6ecbefe3-e79d-47f3-92c6-25a0fe6d02ca	2026-05-25	INTEGRAL	12	6ce7a969-7c2b-5a21-b072-594a4412ab8b	Arroz branco	225	199	26	14	SINTETICO
99689a4e-750e-482c-88d0-a5e7211c8008	2026-05-25	INTEGRAL	14	eed1d0ec-938c-53ef-94b9-626452f5fbd2	Sopa de legumes	13	12	1	4	SINTETICO
13592527-8a5d-4715-a823-b4723b88d564	2026-05-25	TARDE	16	add956e1-36ad-584e-b1e4-a4a8db28315f	Banana	123	118	5	4	SINTETICO
56ad2b02-aa82-4ce5-b4ef-b9c352abae94	2026-05-25	TARDE	16	9bf7d50c-378c-58f7-ba1a-0dccafffc54c	Bolacha doce	54	51	3	3	SINTETICO
8b9c88dd-e513-4981-bc8f-f8e658dd2c21	2026-05-25	TARDE	16	2f723cf1-ddd6-58e2-881e-3ab45db8cd2d	Feijao carioca	244	222	22	18	SINTETICO
8ba8066e-e2f3-4f70-9001-542174539503	2026-05-25	TARDE	16	1b450f5b-ecde-5880-ad0a-91ce0920069d	Maca	30	27	3	2	SINTETICO
ffa17881-8868-42bd-b805-5b3fa79bb261	2026-05-25	TARDE	16	4d3eeba1-ad77-55d4-9ed8-296ad424338e	Molho de frango desfiado	109	100	9	14	SINTETICO
740d97f9-e205-4c13-a8df-f68ced5816b4	2026-05-25	TARDE	16	6753aa6f-0f7e-5208-8cd6-9e7a8733ef22	Leite com achocolatado	214	213	1	10	SINTETICO
00cc1e72-d5a4-4d92-8326-f170696863ab	2026-05-25	MANHA	17	0db97b08-9e92-541d-b2d2-1bc810f8fbe8	Iogurte	80	72	8	5	SINTETICO
cebbabf0-b5b3-40be-9079-c0e0831f10c4	2026-05-25	MANHA	17	eed1d0ec-938c-53ef-94b9-626452f5fbd2	Sopa de legumes	85	76	9	28	SINTETICO
ec4668b9-dff3-4a36-8a69-a613a8984c08	2026-05-25	MANHA	17	6753aa6f-0f7e-5208-8cd6-9e7a8733ef22	Leite com achocolatado	62	60	2	3	SINTETICO
0f86eb4f-1a74-4a38-9cac-0bc975ec6533	2026-05-25	INTEGRAL	18	153737d9-caa6-55d5-b086-f7e83fdab4d2	Pao com manteiga	3	3	0	0	SINTETICO
1a128630-d930-479f-846a-800900b8575c	2026-05-25	INTEGRAL	18	eed1d0ec-938c-53ef-94b9-626452f5fbd2	Sopa de legumes	99	97	2	24	SINTETICO
6fbfbb68-05ae-4da0-99df-dea3c438d812	2026-05-26	INTEGRAL	2	add956e1-36ad-584e-b1e4-a4a8db28315f	Banana	2	2	0	0	SINTETICO
65797b11-bcb6-4173-9763-10e4a0c3665a	2026-05-26	INTEGRAL	2	54e9ea4c-63a9-5952-9616-b24ee0e6a0fa	Frango dourado, acebolado	79	71	8	5	SINTETICO
132b18e6-564d-45e2-a4fc-3a81850a5612	2026-05-26	INTEGRAL	2	2f723cf1-ddd6-58e2-881e-3ab45db8cd2d	Feijao carioca	32	31	1	2	SINTETICO
427da7f0-d933-43cb-bc5b-11c7cf59d419	2026-05-26	INTEGRAL	2	153737d9-caa6-55d5-b086-f7e83fdab4d2	Pao com manteiga	104	100	4	5	SINTETICO
f50f4cb6-6de4-447f-a83b-ca9c87db0c1f	2026-05-26	INTEGRAL	2	79ca1872-52e0-59dd-af29-543b793c0860	Macarrao ao sugo	0	0	0	0	SINTETICO
e0d6b90c-bff7-43c2-acfd-d51b549cf628	2026-05-26	MANHA	5	1b450f5b-ecde-5880-ad0a-91ce0920069d	Maca	1	1	0	0	SINTETICO
24940b25-98e4-40e4-84ea-5f255532a5e6	2026-05-26	MANHA	5	0db97b08-9e92-541d-b2d2-1bc810f8fbe8	Iogurte	0	0	0	0	SINTETICO
fd988f74-87d7-4cfc-b905-f0e1de497b00	2026-05-26	MANHA	5	153737d9-caa6-55d5-b086-f7e83fdab4d2	Pao com manteiga	8	7	1	0	SINTETICO
b306a5d1-bea8-40e1-b536-91b1f0203587	2026-05-26	TARDE	6	79ca1872-52e0-59dd-af29-543b793c0860	Macarrao ao sugo	39	35	4	5	SINTETICO
680e5623-09fc-408d-9c14-6aae2337bc73	2026-05-26	INTEGRAL	7	1b450f5b-ecde-5880-ad0a-91ce0920069d	Maca	65	63	2	2	SINTETICO
9e10eb32-b3cb-4e03-8137-8581d38084cb	2026-05-26	INTEGRAL	7	84f7e794-a400-5d46-9efe-1c8a8f2f711d	Suco de fruta natural	136	133	3	6	SINTETICO
cdca7f8c-d27e-407a-98b1-11753d16c7ea	2026-05-26	INTEGRAL	7	b6f014a3-eaad-57c0-8ee9-24eb9abb819a	Cuscuz	0	0	0	0	SINTETICO
a47e3a2e-ad72-47fe-a911-2991f03bc98b	2026-05-26	INTEGRAL	7	79ca1872-52e0-59dd-af29-543b793c0860	Macarrao ao sugo	51	48	3	7	SINTETICO
7207cfe6-99fa-4eef-9dfe-6a912658eadc	2026-05-26	INTEGRAL	7	add956e1-36ad-584e-b1e4-a4a8db28315f	Banana	43	39	4	2	SINTETICO
d7fa8d50-5123-4660-9448-87ea791ed5d9	2026-05-26	INTEGRAL	7	9bf7d50c-378c-58f7-ba1a-0dccafffc54c	Bolacha doce	30	28	2	2	SINTETICO
d3cd3139-2c7a-41fb-8c86-8d82f3ab5711	2026-05-26	TARDE	8	add956e1-36ad-584e-b1e4-a4a8db28315f	Banana	551	494	57	20	SINTETICO
456dd9ff-06b2-46e9-b4c2-d4a55ce7bb9b	2026-05-26	TARDE	8	1b450f5b-ecde-5880-ad0a-91ce0920069d	Maca	112	98	14	5	SINTETICO
8f5e7d0b-ff5b-47bb-b8f2-1140dae11435	2026-05-26	TARDE	8	0db97b08-9e92-541d-b2d2-1bc810f8fbe8	Iogurte	26	25	1	1	SINTETICO
6f4fd06f-9559-4a76-8543-098d3dcb66bf	2026-05-26	TARDE	8	988137c4-1f9b-556f-a585-e26e4827e310	Carne de panela	175	155	20	17	SINTETICO
2a09743a-8ed3-4fcf-8c14-5ae205dc304c	2026-05-26	TARDE	8	2f723cf1-ddd6-58e2-881e-3ab45db8cd2d	Feijao carioca	25	23	2	2	SINTETICO
a6bc8d40-4da6-45d5-b47f-a5ead6a2807c	2026-05-26	TARDE	8	6ce7a969-7c2b-5a21-b072-594a4412ab8b	Arroz branco	554	494	60	26	SINTETICO
65d226ce-9ca9-4392-9c0f-e382db7dd0c7	2026-05-26	INTEGRAL	9	6ce7a969-7c2b-5a21-b072-594a4412ab8b	Arroz branco	393	372	21	32	SINTETICO
a70efea6-7f51-47d2-bfb7-02d902544961	2026-05-26	INTEGRAL	10	bb7ca364-cc13-59ee-a7ed-1d5136b5b6e3	Beterraba cozida	47	44	3	14	SINTETICO
3f67a8c5-9655-4143-9b32-ba70743a2e41	2026-05-26	INTEGRAL	11	1b450f5b-ecde-5880-ad0a-91ce0920069d	Maca	30	27	3	1	SINTETICO
35ecaef7-c831-4a67-a404-39b2d24d2282	2026-05-26	MANHA	12	2f723cf1-ddd6-58e2-881e-3ab45db8cd2d	Feijao carioca	19	17	2	1	SINTETICO
c1d0649a-04ce-44fe-aa1e-1e265cf8b9f9	2026-05-26	MANHA	12	6ce7a969-7c2b-5a21-b072-594a4412ab8b	Arroz branco	9	9	0	1	SINTETICO
e1acd51a-2484-4275-b1f5-1914e3fe5a64	2026-05-26	MANHA	12	153737d9-caa6-55d5-b086-f7e83fdab4d2	Pao com manteiga	0	0	0	0	SINTETICO
21fbbbb8-a26c-438d-8ae1-af2c9abe24a8	2026-05-26	MANHA	12	0db97b08-9e92-541d-b2d2-1bc810f8fbe8	Iogurte	8	7	1	0	SINTETICO
379ca25b-9bb8-44a2-b960-207998f47c6a	2026-05-26	MANHA	12	eed1d0ec-938c-53ef-94b9-626452f5fbd2	Sopa de legumes	2	2	0	0	SINTETICO
c8c44a43-bade-40ae-9e3a-f8078a1e8b78	2026-05-26	MANHA	12	84f7e794-a400-5d46-9efe-1c8a8f2f711d	Suco de fruta natural	60	58	2	2	SINTETICO
0b4763a0-7d09-471f-8976-880b47be6a88	2026-05-26	MANHA	14	2f723cf1-ddd6-58e2-881e-3ab45db8cd2d	Feijao carioca	92	89	3	6	SINTETICO
efcf5456-7538-4f8b-be71-389396a13e06	2026-05-26	TARDE	15	79ca1872-52e0-59dd-af29-543b793c0860	Macarrao ao sugo	181	161	20	24	SINTETICO
73239fb5-a496-441e-ba5d-ce8ec95337c3	2026-05-26	TARDE	16	1b450f5b-ecde-5880-ad0a-91ce0920069d	Maca	478	469	9	24	SINTETICO
814efb92-ade3-4f5c-bd0c-18c087b6e05b	2026-05-26	TARDE	16	79ca1872-52e0-59dd-af29-543b793c0860	Macarrao ao sugo	42	41	1	6	SINTETICO
930f6975-7616-47ee-bd41-0a3ad7b5b1b9	2026-05-26	TARDE	16	d0f748b6-0ca4-5794-9480-45981f00672c	Ensopado de mandioca	32	30	2	4	SINTETICO
80a60c67-cef8-41e3-96f8-4925441907e5	2026-05-26	TARDE	16	6ce7a969-7c2b-5a21-b072-594a4412ab8b	Arroz branco	0	0	0	0	SINTETICO
d54e5c61-e0ab-429c-afbe-907743689fe2	2026-05-26	TARDE	16	b6f014a3-eaad-57c0-8ee9-24eb9abb819a	Cuscuz	2	2	0	0	SINTETICO
6e06cee1-d32e-4f25-b94d-9fb464f55827	2026-05-26	MANHA	17	153737d9-caa6-55d5-b086-f7e83fdab4d2	Pao com manteiga	2	2	0	0	SINTETICO
d14158af-b77b-4c37-b0d8-b22a47b7702d	2026-05-27	MANHA	1	9bf7d50c-378c-58f7-ba1a-0dccafffc54c	Bolacha doce	380	352	28	17	SINTETICO
eb750999-09b3-49a6-9053-85f71e3aa622	2026-05-27	INTEGRAL	2	6753aa6f-0f7e-5208-8cd6-9e7a8733ef22	Leite com achocolatado	14	13	1	1	SINTETICO
6683d1c5-3cc0-4cb2-aae9-416fde841ee9	2026-05-27	INTEGRAL	2	6ce7a969-7c2b-5a21-b072-594a4412ab8b	Arroz branco	1	1	0	0	SINTETICO
3bb6d2c2-e473-40ef-8cbe-7d59a1ab2374	2026-05-27	INTEGRAL	2	153737d9-caa6-55d5-b086-f7e83fdab4d2	Pao com manteiga	8	8	0	0	SINTETICO
18cc5977-3297-4a50-9d60-4e43318dac88	2026-05-27	INTEGRAL	2	b6f014a3-eaad-57c0-8ee9-24eb9abb819a	Cuscuz	156	156	0	21	SINTETICO
d916034f-708d-45eb-980b-24182b9cdb1f	2026-05-27	INTEGRAL	2	1b450f5b-ecde-5880-ad0a-91ce0920069d	Maca	1	1	0	0	SINTETICO
7d38c3be-9b4d-4a1e-9911-b2ccc7daafb6	2026-05-27	INTEGRAL	2	79ca1872-52e0-59dd-af29-543b793c0860	Macarrao ao sugo	21	19	2	2	SINTETICO
18597268-87ba-481e-9d5a-abd660ccc724	2026-05-27	INTEGRAL	3	9bf7d50c-378c-58f7-ba1a-0dccafffc54c	Bolacha doce	23	20	3	1	SINTETICO
b23da1f3-8145-47b8-8bcc-463cc0d5dd01	2026-05-27	INTEGRAL	3	6753aa6f-0f7e-5208-8cd6-9e7a8733ef22	Leite com achocolatado	7	7	0	0	SINTETICO
23e0ce23-5007-4dc8-b3a0-7ddb04834418	2026-05-27	INTEGRAL	3	b6f014a3-eaad-57c0-8ee9-24eb9abb819a	Cuscuz	69	65	4	6	SINTETICO
b4fa2447-9bb4-47da-8bc1-4f68b6ae9749	2026-05-27	MANHA	4	9bf7d50c-378c-58f7-ba1a-0dccafffc54c	Bolacha doce	4	4	0	0	SINTETICO
d1c20457-f59e-4f83-bcc6-30b56e56d474	2026-05-27	INTEGRAL	5	6753aa6f-0f7e-5208-8cd6-9e7a8733ef22	Leite com achocolatado	117	104	13	4	SINTETICO
e09f9f73-d32f-4bc3-961f-a17648e2189a	2026-05-27	INTEGRAL	5	b6f014a3-eaad-57c0-8ee9-24eb9abb819a	Cuscuz	257	250	7	22	SINTETICO
f2c03064-91cf-49ee-a710-f8dba6815fcc	2026-05-27	MANHA	7	6753aa6f-0f7e-5208-8cd6-9e7a8733ef22	Leite com achocolatado	2	2	0	0	SINTETICO
dcf9adc2-2a9c-4778-bb41-172ad853ccdd	2026-05-27	MANHA	7	84f7e794-a400-5d46-9efe-1c8a8f2f711d	Suco de fruta natural	0	0	0	0	SINTETICO
0b80a5b9-d1a0-48b5-bca5-0d22c65b49cc	2026-05-27	INTEGRAL	8	153737d9-caa6-55d5-b086-f7e83fdab4d2	Pao com manteiga	83	80	3	4	SINTETICO
f77dea36-1a51-42ac-82c3-97af813407db	2026-05-27	INTEGRAL	10	2f723cf1-ddd6-58e2-881e-3ab45db8cd2d	Feijao carioca	15	15	0	1	SINTETICO
3d288d3d-7491-4b8e-bd98-952eedd1f30e	2026-05-27	INTEGRAL	10	6ce7a969-7c2b-5a21-b072-594a4412ab8b	Arroz branco	49	46	3	2	SINTETICO
55c4f436-0a8d-4a10-9e10-d66565855603	2026-05-27	MANHA	11	2f723cf1-ddd6-58e2-881e-3ab45db8cd2d	Feijao carioca	38	37	1	3	SINTETICO
96e9538f-dedd-4ed3-97be-49ee743aa960	2026-05-27	MANHA	11	add956e1-36ad-584e-b1e4-a4a8db28315f	Banana	114	101	13	4	SINTETICO
37ea82e2-135e-47b4-a2ee-2eae737bdc1f	2026-05-27	MANHA	11	b6f014a3-eaad-57c0-8ee9-24eb9abb819a	Cuscuz	45	40	5	4	SINTETICO
46f76b3b-b99d-4be6-8cca-14d57a09e1c8	2026-05-27	TARDE	12	b4612635-bcf9-56d3-bc95-ef912ff6a829	Cenoura cozida	254	231	23	26	SINTETICO
d073527e-7cc8-410e-81d1-af2a8e091f28	2026-05-27	INTEGRAL	13	9bf7d50c-378c-58f7-ba1a-0dccafffc54c	Bolacha doce	32	30	2	1	SINTETICO
6eb39c56-5118-4f45-8534-a7a8bff5aff8	2026-05-27	INTEGRAL	14	add956e1-36ad-584e-b1e4-a4a8db28315f	Banana	15	14	1	0	SINTETICO
32ecbfd4-130c-482a-930f-77f1b1f4a1fd	2026-05-27	INTEGRAL	14	d02df37a-5ddb-5d71-b171-5b2f6e16b1c8	Ovo cozido	60	58	2	7	SINTETICO
80731187-64e8-4ea6-a9d0-ea2b5162ea0a	2026-05-27	INTEGRAL	14	153737d9-caa6-55d5-b086-f7e83fdab4d2	Pao com manteiga	103	102	1	8	SINTETICO
ac7285bf-52d4-406c-a572-1a96d0ecfd20	2026-05-27	INTEGRAL	14	b6f014a3-eaad-57c0-8ee9-24eb9abb819a	Cuscuz	43	41	2	6	SINTETICO
12045b5c-ec94-40a2-bebf-0e3685a222ff	2026-05-27	INTEGRAL	14	0db97b08-9e92-541d-b2d2-1bc810f8fbe8	Iogurte	46	45	1	2	SINTETICO
ec4cd9f7-7291-4c8f-9a52-eb0119da521a	2026-05-27	INTEGRAL	14	6753aa6f-0f7e-5208-8cd6-9e7a8733ef22	Leite com achocolatado	53	49	4	4	SINTETICO
bb0095d1-f7bc-411b-bf0a-317317ac87cb	2026-05-27	INTEGRAL	14	eed1d0ec-938c-53ef-94b9-626452f5fbd2	Sopa de legumes	0	0	0	0	SINTETICO
6422c2dd-dc7e-4e6e-8c28-b87719195e6d	2026-05-27	INTEGRAL	18	add956e1-36ad-584e-b1e4-a4a8db28315f	Banana	11	10	1	0	SINTETICO
25ef8444-dde1-40bf-b9ed-bca526650fa4	2026-05-27	INTEGRAL	18	0db97b08-9e92-541d-b2d2-1bc810f8fbe8	Iogurte	47	43	4	2	SINTETICO
13b820b0-ba96-4824-9229-3e160d964c9f	2026-05-28	TARDE	1	79ca1872-52e0-59dd-af29-543b793c0860	Macarrao ao sugo	106	98	8	15	SINTETICO
69f1fb1c-014f-4c4b-a2fa-c89a2bd25fd3	2026-05-28	INTEGRAL	3	6753aa6f-0f7e-5208-8cd6-9e7a8733ef22	Leite com achocolatado	17	15	2	1	SINTETICO
e8ed42ba-3962-4a2b-ab68-c6c7686918f9	2026-05-28	INTEGRAL	3	1b450f5b-ecde-5880-ad0a-91ce0920069d	Maca	1	1	0	0	SINTETICO
156e8639-80d0-4de9-a0b2-ef5ec083d458	2026-05-28	INTEGRAL	3	6ce7a969-7c2b-5a21-b072-594a4412ab8b	Arroz branco	91	86	5	5	SINTETICO
37a97cf4-99af-4f07-a63d-5210b08ec65b	2026-05-28	INTEGRAL	3	2f723cf1-ddd6-58e2-881e-3ab45db8cd2d	Feijao carioca	29	25	4	3	SINTETICO
da3b2a27-5a64-47ce-a8fa-3c65bfc2ff4d	2026-05-28	INTEGRAL	3	b6f014a3-eaad-57c0-8ee9-24eb9abb819a	Cuscuz	36	33	3	3	SINTETICO
0ba585e6-db07-4622-81ef-6ccc3ea6268d	2026-05-28	INTEGRAL	3	eed1d0ec-938c-53ef-94b9-626452f5fbd2	Sopa de legumes	288	286	2	79	SINTETICO
5071622e-61b5-4f6a-a1e8-5b0b322ce48b	2026-05-28	INTEGRAL	3	0db97b08-9e92-541d-b2d2-1bc810f8fbe8	Iogurte	2	2	0	0	SINTETICO
debac5fa-4fac-4cb4-b443-143ffda7ed82	2026-05-28	MANHA	4	6753aa6f-0f7e-5208-8cd6-9e7a8733ef22	Leite com achocolatado	3	3	0	0	SINTETICO
585cd8f6-7ff1-4f4c-a464-26572deb2365	2026-05-28	MANHA	4	79ca1872-52e0-59dd-af29-543b793c0860	Macarrao ao sugo	26	24	2	4	SINTETICO
c14b0ca8-4dcb-4a97-ac81-c6362db3730b	2026-05-28	MANHA	4	6ce7a969-7c2b-5a21-b072-594a4412ab8b	Arroz branco	129	117	12	9	SINTETICO
afa25af9-68af-4ca0-9f3c-602fce4c5d6b	2026-05-28	INTEGRAL	5	eed1d0ec-938c-53ef-94b9-626452f5fbd2	Sopa de legumes	40	35	5	8	SINTETICO
4cf828f7-6878-4d89-a769-044053a07aa8	2026-05-28	INTEGRAL	5	6ce7a969-7c2b-5a21-b072-594a4412ab8b	Arroz branco	13	12	1	1	SINTETICO
4ae967ae-034d-4042-b0de-144f246d3415	2026-05-28	INTEGRAL	7	79ca1872-52e0-59dd-af29-543b793c0860	Macarrao ao sugo	40	37	3	4	SINTETICO
830ef8a6-b691-41ee-9d71-286dd5285dde	2026-05-28	MANHA	8	79ca1872-52e0-59dd-af29-543b793c0860	Macarrao ao sugo	109	104	5	15	SINTETICO
54b51466-da0c-4f51-ae99-660f88e9f8a1	2026-05-28	MANHA	8	153737d9-caa6-55d5-b086-f7e83fdab4d2	Pao com manteiga	20	20	0	1	SINTETICO
a40e3691-936b-49d3-a0ff-d1d7d13ba5a0	2026-05-28	MANHA	8	0db97b08-9e92-541d-b2d2-1bc810f8fbe8	Iogurte	4	4	0	0	SINTETICO
bd33e4af-a35b-4a76-82d7-551319102a5e	2026-05-28	INTEGRAL	10	84f7e794-a400-5d46-9efe-1c8a8f2f711d	Suco de fruta natural	25	23	2	1	SINTETICO
5bb08d39-703c-401b-a8c8-b884607f6cda	2026-05-28	INTEGRAL	10	2f723cf1-ddd6-58e2-881e-3ab45db8cd2d	Feijao carioca	95	95	0	9	SINTETICO
244e94b3-92f3-469b-9d2d-0290bb69d99c	2026-05-28	INTEGRAL	10	6753aa6f-0f7e-5208-8cd6-9e7a8733ef22	Leite com achocolatado	43	40	3	2	SINTETICO
2774cb92-c57c-4954-8fc7-a0510cc61535	2026-05-28	INTEGRAL	11	add956e1-36ad-584e-b1e4-a4a8db28315f	Banana	52	49	3	1	SINTETICO
65fb7006-86a0-4a95-b03e-de295568d660	2026-05-28	INTEGRAL	11	b6f014a3-eaad-57c0-8ee9-24eb9abb819a	Cuscuz	1	1	0	0	SINTETICO
fc4efe96-28b0-4e3c-801c-128ea71803cf	2026-05-28	INTEGRAL	11	6ce7a969-7c2b-5a21-b072-594a4412ab8b	Arroz branco	81	76	5	7	SINTETICO
a90d63d8-fa46-444e-ab4f-e7585e85da02	2026-05-28	INTEGRAL	11	9bf7d50c-378c-58f7-ba1a-0dccafffc54c	Bolacha doce	25	24	1	1	SINTETICO
10d15118-61f7-4165-83a0-ca1c29aec5a9	2026-05-28	INTEGRAL	11	84f7e794-a400-5d46-9efe-1c8a8f2f711d	Suco de fruta natural	115	105	10	5	SINTETICO
ecb24ccd-64a7-4aed-aef9-2be5c26ac1a5	2026-05-28	INTEGRAL	12	6ce7a969-7c2b-5a21-b072-594a4412ab8b	Arroz branco	49	48	1	3	SINTETICO
ef39f354-c757-4a5d-83d5-fcfd6b3a4871	2026-05-28	INTEGRAL	13	0db97b08-9e92-541d-b2d2-1bc810f8fbe8	Iogurte	46	42	4	2	SINTETICO
e2a32c99-0cb6-45b3-a124-ff99d0af39c6	2026-05-28	INTEGRAL	13	47fbd9af-ac57-5250-a6e2-0018c6bd21c0	Couve	71	62	9	24	SINTETICO
4e7e9458-495e-43fe-bc14-1e12ec9a1897	2026-05-28	INTEGRAL	13	153737d9-caa6-55d5-b086-f7e83fdab4d2	Pao com manteiga	8	7	1	0	SINTETICO
4bcd9aaa-3561-42df-8938-4a3242f91147	2026-05-28	INTEGRAL	13	eed1d0ec-938c-53ef-94b9-626452f5fbd2	Sopa de legumes	23	21	2	6	SINTETICO
0fd51fc1-7381-494d-a280-45d15676b852	2026-05-28	MANHA	14	2f723cf1-ddd6-58e2-881e-3ab45db8cd2d	Feijao carioca	12	11	1	1	SINTETICO
d05a8826-751b-4341-8e36-0bb75dcb6972	2026-05-28	TARDE	15	84f7e794-a400-5d46-9efe-1c8a8f2f711d	Suco de fruta natural	127	113	14	5	SINTETICO
58ad6c75-a6dc-4405-b2f7-22d942aa8a5d	2026-05-28	TARDE	15	9bf7d50c-378c-58f7-ba1a-0dccafffc54c	Bolacha doce	8	7	1	0	SINTETICO
9847eca4-09af-46e8-a0e7-64eb7e91ce54	2026-05-28	INTEGRAL	16	eed1d0ec-938c-53ef-94b9-626452f5fbd2	Sopa de legumes	36	35	1	9	SINTETICO
61b845b9-91bd-4a9f-9d7b-2832b3651db3	2026-05-28	INTEGRAL	16	add956e1-36ad-584e-b1e4-a4a8db28315f	Banana	4	4	0	0	SINTETICO
6e728183-c663-4e55-aacd-40bf8a623405	2026-05-28	MANHA	18	2f723cf1-ddd6-58e2-881e-3ab45db8cd2d	Feijao carioca	1	1	0	0	SINTETICO
9abc8c8d-ffee-4ab2-b53a-341440e737cf	2026-05-29	INTEGRAL	3	eed1d0ec-938c-53ef-94b9-626452f5fbd2	Sopa de legumes	52	52	0	13	SINTETICO
762fdf72-6439-4505-994a-6cc308e6c932	2026-05-29	INTEGRAL	3	84f7e794-a400-5d46-9efe-1c8a8f2f711d	Suco de fruta natural	69	64	5	3	SINTETICO
9a0d9fce-8840-4dd3-9b12-ba7b72f23a3b	2026-05-29	MANHA	4	9bf7d50c-378c-58f7-ba1a-0dccafffc54c	Bolacha doce	0	0	0	0	SINTETICO
8b26684c-3fa9-4cb3-be7a-3e7bc5bccbad	2026-05-29	MANHA	4	2f723cf1-ddd6-58e2-881e-3ab45db8cd2d	Feijao carioca	0	0	0	0	SINTETICO
67ce9e97-fbec-4f17-bc57-6a4a00403e0a	2026-05-29	INTEGRAL	5	84f7e794-a400-5d46-9efe-1c8a8f2f711d	Suco de fruta natural	19	19	0	1	SINTETICO
56cec46a-01af-416f-aba5-8e6455b7f296	2026-05-29	INTEGRAL	5	0db97b08-9e92-541d-b2d2-1bc810f8fbe8	Iogurte	0	0	0	0	SINTETICO
eca86310-0edf-4924-83ef-153e8e00b7d7	2026-05-29	INTEGRAL	5	eed1d0ec-938c-53ef-94b9-626452f5fbd2	Sopa de legumes	268	254	14	57	SINTETICO
798befcd-99d0-48ef-9699-26d510acd5ea	2026-05-29	MANHA	9	1b450f5b-ecde-5880-ad0a-91ce0920069d	Maca	1	1	0	0	SINTETICO
b9758c85-e1f7-4d0e-bde4-4929bf915f98	2026-05-29	MANHA	9	153737d9-caa6-55d5-b086-f7e83fdab4d2	Pao com manteiga	11	10	1	1	SINTETICO
23274d0e-32e5-40dd-adc1-e13d4108d9ff	2026-05-29	MANHA	9	2fb8016f-a7e8-5297-ba7c-fbdbc176e301	Molho de tomate caseiro	106	100	6	10	SINTETICO
e0c8fd71-f87f-4e6e-b7c8-690dc6df4d80	2026-05-29	INTEGRAL	11	bb7ca364-cc13-59ee-a7ed-1d5136b5b6e3	Beterraba cozida	15	14	1	4	SINTETICO
a9ad7d9b-b896-472f-b529-442f75baffdc	2026-05-29	INTEGRAL	11	1b450f5b-ecde-5880-ad0a-91ce0920069d	Maca	31	28	3	2	SINTETICO
065b80a5-3254-413b-abd4-219b131ca916	2026-05-29	INTEGRAL	13	9bf7d50c-378c-58f7-ba1a-0dccafffc54c	Bolacha doce	11	10	1	0	SINTETICO
e40f994e-7ee1-4998-ac91-f3d98a94843d	2026-05-29	INTEGRAL	13	1b450f5b-ecde-5880-ad0a-91ce0920069d	Maca	27	24	3	1	SINTETICO
c135e1fc-aa47-4323-ac1a-498e4d7e6958	2026-05-29	MANHA	15	84f7e794-a400-5d46-9efe-1c8a8f2f711d	Suco de fruta natural	12	11	1	0	SINTETICO
35efacd9-c6b6-4eb9-af0f-b167f3dce008	2026-05-29	MANHA	15	9c858519-faab-50d6-9561-8f90f4f84567	Guisado com moranga	1	1	0	0	SINTETICO
301cae93-41e7-4c77-ab22-d9986541380a	2026-05-29	MANHA	15	153737d9-caa6-55d5-b086-f7e83fdab4d2	Pao com manteiga	100	96	4	6	SINTETICO
cef83ce2-e056-4620-9641-3573200208a4	2026-05-29	MANHA	17	79eb9045-ebdc-53c5-9ede-a0e5d2b7b378	Requeijao caseiro	42	41	1	2	SINTETICO
4e31b4f9-2542-4fa8-958c-307ed91e8a04	2026-06-01	TARDE	1	4d3eeba1-ad77-55d4-9ed8-296ad424338e	Molho de frango desfiado	1	1	0	0	SINTETICO
f21df5c3-da1e-4d70-b0d0-569d7146326c	2026-06-01	TARDE	1	79ca1872-52e0-59dd-af29-543b793c0860	Macarrao ao sugo	125	112	13	20	SINTETICO
098fe518-5340-460f-ba88-b912fc14d72f	2026-06-01	INTEGRAL	2	b85fd879-2256-524c-b715-7f9cb93ccd01	Bolo de maca, sem acucar	28	28	0	5	SINTETICO
d23d4218-a32d-45f3-a4ea-3961e13dbc22	2026-06-01	INTEGRAL	3	b6f014a3-eaad-57c0-8ee9-24eb9abb819a	Cuscuz	92	91	1	8	SINTETICO
69665993-6332-41e0-a29e-282a246e06d8	2026-06-01	INTEGRAL	4	153737d9-caa6-55d5-b086-f7e83fdab4d2	Pao com manteiga	52	45	7	3	SINTETICO
897ca97b-a7e5-4b7a-9c55-9a6406c25326	2026-06-01	INTEGRAL	5	0db97b08-9e92-541d-b2d2-1bc810f8fbe8	Iogurte	256	238	18	12	SINTETICO
ea09b5ba-09ed-4331-8064-c3e15948ffca	2026-06-01	INTEGRAL	5	153737d9-caa6-55d5-b086-f7e83fdab4d2	Pao com manteiga	0	0	0	0	SINTETICO
b2097755-a7cf-4c21-931b-d0c23467ee56	2026-06-01	INTEGRAL	5	1b450f5b-ecde-5880-ad0a-91ce0920069d	Maca	2	2	0	0	SINTETICO
885c842c-abbf-4349-9be7-61d4c5adc639	2026-06-01	INTEGRAL	7	b6f014a3-eaad-57c0-8ee9-24eb9abb819a	Cuscuz	29	26	3	3	SINTETICO
845a91aa-5697-4138-8175-21c6257c9c27	2026-06-01	INTEGRAL	7	0db97b08-9e92-541d-b2d2-1bc810f8fbe8	Iogurte	48	45	3	2	SINTETICO
afea96c3-a84a-43ae-b0ed-3eff269bd6a3	2026-06-01	INTEGRAL	7	153737d9-caa6-55d5-b086-f7e83fdab4d2	Pao com manteiga	45	42	3	3	SINTETICO
41e351d8-540b-4fd1-bf4e-87a719274d6f	2026-06-01	INTEGRAL	8	add956e1-36ad-584e-b1e4-a4a8db28315f	Banana	0	0	0	0	SINTETICO
f78d6e58-5b35-43da-a9eb-6a3c18aa7a23	2026-06-01	INTEGRAL	13	79ca1872-52e0-59dd-af29-543b793c0860	Macarrao ao sugo	1	1	0	0	SINTETICO
2567eb74-0839-4ff2-b297-0a5c1659bec4	2026-06-01	INTEGRAL	13	1b450f5b-ecde-5880-ad0a-91ce0920069d	Maca	10	9	1	1	SINTETICO
d00e1ef9-1773-4dfa-8512-9695b46b60b9	2026-06-01	INTEGRAL	13	eed1d0ec-938c-53ef-94b9-626452f5fbd2	Sopa de legumes	1	1	0	0	SINTETICO
21286d55-e0a5-4688-913e-9071e1f16f6b	2026-06-01	MANHA	15	6753aa6f-0f7e-5208-8cd6-9e7a8733ef22	Leite com achocolatado	55	54	1	3	SINTETICO
3d22a1b4-eba6-40bc-b5e2-10859317fdfc	2026-06-01	MANHA	15	b6f014a3-eaad-57c0-8ee9-24eb9abb819a	Cuscuz	11	11	0	1	SINTETICO
fd5e94d5-a5ca-4461-859f-dfd266b9f33c	2026-06-01	MANHA	15	6ce7a969-7c2b-5a21-b072-594a4412ab8b	Arroz branco	0	0	0	0	SINTETICO
f9a495d1-eeac-4f87-8ed7-71fc07e8bc6f	2026-06-01	MANHA	15	9bf7d50c-378c-58f7-ba1a-0dccafffc54c	Bolacha doce	17	16	1	1	SINTETICO
306a1d2f-d5b6-478d-a82e-5e819e61a109	2026-06-01	INTEGRAL	17	84f7e794-a400-5d46-9efe-1c8a8f2f711d	Suco de fruta natural	2	2	0	0	SINTETICO
0b9c9fd2-2bde-4715-8bee-5df6502bca05	2026-06-01	INTEGRAL	17	9bf7d50c-378c-58f7-ba1a-0dccafffc54c	Bolacha doce	9	8	1	0	SINTETICO
310e9820-029a-430e-ac57-a800de37981d	2026-06-01	MANHA	18	0db97b08-9e92-541d-b2d2-1bc810f8fbe8	Iogurte	340	340	0	19	SINTETICO
319664cb-0759-45a0-a003-73dd50a625a2	2026-06-01	MANHA	18	153737d9-caa6-55d5-b086-f7e83fdab4d2	Pao com manteiga	18	17	1	1	SINTETICO
7abd06ae-98e6-4c1d-b98f-1c9e3bc00d22	2026-06-01	MANHA	18	79ca1872-52e0-59dd-af29-543b793c0860	Macarrao ao sugo	18	16	2	3	SINTETICO
173fb04b-0a86-4adc-a43b-31c8d60e0fde	2026-06-01	MANHA	18	b6f014a3-eaad-57c0-8ee9-24eb9abb819a	Cuscuz	6	6	0	1	SINTETICO
bb8f8dbd-6b34-4bb1-8573-4df8c27b2376	2026-06-02	INTEGRAL	3	eed1d0ec-938c-53ef-94b9-626452f5fbd2	Sopa de legumes	95	84	11	26	SINTETICO
6e603db1-82d4-4f92-90c8-08a6bfc95b22	2026-06-02	INTEGRAL	3	0db97b08-9e92-541d-b2d2-1bc810f8fbe8	Iogurte	8	7	1	1	SINTETICO
4802af4a-0890-4cdc-819c-dfb1330fec81	2026-06-02	INTEGRAL	3	153737d9-caa6-55d5-b086-f7e83fdab4d2	Pao com manteiga	44	42	2	2	SINTETICO
80eb70fb-692d-4682-8bb4-88d2a66928f0	2026-06-02	INTEGRAL	4	b6f014a3-eaad-57c0-8ee9-24eb9abb819a	Cuscuz	121	109	12	16	SINTETICO
110bf265-3e78-43a1-81a6-6ef45e3f9959	2026-06-02	INTEGRAL	5	0db97b08-9e92-541d-b2d2-1bc810f8fbe8	Iogurte	6	5	1	0	SINTETICO
fec0e558-a368-4e48-9c0a-fd9378f4caa3	2026-06-02	INTEGRAL	5	6753aa6f-0f7e-5208-8cd6-9e7a8733ef22	Leite com achocolatado	33	32	1	2	SINTETICO
08fc7f80-0a32-46c2-9d50-5f2e1dcb58ad	2026-06-02	MANHA	7	54e9ea4c-63a9-5952-9616-b24ee0e6a0fa	Frango dourado, acebolado	49	49	0	3	SINTETICO
0844b575-e9e5-44b9-8426-3e3973e21ff4	2026-06-02	MANHA	7	6ce7a969-7c2b-5a21-b072-594a4412ab8b	Arroz branco	66	59	7	4	SINTETICO
a65d9c96-d787-48f2-9fbc-89e052318469	2026-06-02	MANHA	8	2f723cf1-ddd6-58e2-881e-3ab45db8cd2d	Feijao carioca	97	93	4	7	SINTETICO
8ff13c35-7c69-4847-ab68-402938db10ef	2026-06-02	MANHA	8	79ca1872-52e0-59dd-af29-543b793c0860	Macarrao ao sugo	98	93	5	9	SINTETICO
15d3b5a2-5c54-4700-8cea-de89e3cad07b	2026-06-02	INTEGRAL	9	eed1d0ec-938c-53ef-94b9-626452f5fbd2	Sopa de legumes	41	40	1	11	SINTETICO
0d44909a-91fb-4f0c-b901-a83d7e135aa4	2026-06-02	INTEGRAL	10	877577bb-d17f-5df7-b369-9be72e456774	Chuchu	20	18	2	6	SINTETICO
5d415c8a-342c-4bdd-a623-d0decd3efd8b	2026-06-02	INTEGRAL	10	6753aa6f-0f7e-5208-8cd6-9e7a8733ef22	Leite com achocolatado	0	0	0	0	SINTETICO
9cab9538-fe98-45be-9b3a-04c30244fb2a	2026-06-02	INTEGRAL	10	0db97b08-9e92-541d-b2d2-1bc810f8fbe8	Iogurte	0	0	0	0	SINTETICO
ac0a7cdf-12e8-45e5-a9fd-a34e66cd6d10	2026-06-02	MANHA	12	1b450f5b-ecde-5880-ad0a-91ce0920069d	Maca	82	80	2	3	SINTETICO
5257b58a-7b19-4d9c-bde5-f3962298a69c	2026-06-02	MANHA	12	b6f014a3-eaad-57c0-8ee9-24eb9abb819a	Cuscuz	277	269	8	29	SINTETICO
8421a946-68f0-4767-8e20-0b944e6b0746	2026-06-02	MANHA	12	eed1d0ec-938c-53ef-94b9-626452f5fbd2	Sopa de legumes	3	3	0	1	SINTETICO
5d0ebb59-685e-47a9-b616-e11c8dcccbea	2026-06-02	INTEGRAL	13	153737d9-caa6-55d5-b086-f7e83fdab4d2	Pao com manteiga	23	21	2	1	SINTETICO
a3ca4718-ddde-4284-a9a2-cb68b0146e5c	2026-06-02	INTEGRAL	13	2f723cf1-ddd6-58e2-881e-3ab45db8cd2d	Feijao carioca	418	368	50	34	SINTETICO
04511916-5320-420d-8a18-f73d33b9a9cd	2026-06-02	INTEGRAL	14	add956e1-36ad-584e-b1e4-a4a8db28315f	Banana	305	273	32	8	SINTETICO
14ae914f-a453-4528-8cbe-5d761daa296c	2026-06-02	INTEGRAL	16	6ce7a969-7c2b-5a21-b072-594a4412ab8b	Arroz branco	70	69	1	4	SINTETICO
aa3d4da7-b409-4bac-8109-bbb2e1b46fa8	2026-06-02	MANHA	17	6753aa6f-0f7e-5208-8cd6-9e7a8733ef22	Leite com achocolatado	124	113	11	7	SINTETICO
b52455b2-c4e8-4e82-b046-fb4b30768f66	2026-06-02	MANHA	17	0db97b08-9e92-541d-b2d2-1bc810f8fbe8	Iogurte	381	359	22	21	SINTETICO
d7569da8-5519-487a-8723-3030fe367f2c	2026-06-03	TARDE	1	b6f014a3-eaad-57c0-8ee9-24eb9abb819a	Cuscuz	17	16	1	2	SINTETICO
169d1cb0-e413-45eb-9e56-a1d369a148dd	2026-06-03	TARDE	1	add956e1-36ad-584e-b1e4-a4a8db28315f	Banana	117	110	7	4	SINTETICO
a1a656b2-f87d-4930-b788-c3594b8a3f5f	2026-06-03	TARDE	1	9bf7d50c-378c-58f7-ba1a-0dccafffc54c	Bolacha doce	556	494	62	21	SINTETICO
cc2bc721-096b-4ead-9327-bf2d2da6e7c9	2026-06-03	TARDE	3	79ca1872-52e0-59dd-af29-543b793c0860	Macarrao ao sugo	68	61	7	11	SINTETICO
e062745f-032b-4f90-bb74-790da59a348f	2026-06-03	TARDE	3	9bf7d50c-378c-58f7-ba1a-0dccafffc54c	Bolacha doce	0	0	0	0	SINTETICO
87b9a273-986b-430e-8034-e127e98d7260	2026-06-03	TARDE	3	3331b130-8600-5a59-9e35-f970f9ea497e	Ovo mexido	122	118	4	13	SINTETICO
cd351206-0ba8-4af9-a5ca-5a3b92caa381	2026-06-03	TARDE	3	6753aa6f-0f7e-5208-8cd6-9e7a8733ef22	Leite com achocolatado	123	116	7	8	SINTETICO
ec783b33-5ee2-4198-806a-7fae90744e7e	2026-06-03	TARDE	3	1b450f5b-ecde-5880-ad0a-91ce0920069d	Maca	3	3	0	0	SINTETICO
01d1aeab-03e5-40e7-8ecf-3972bfa922e3	2026-06-03	MANHA	4	84f7e794-a400-5d46-9efe-1c8a8f2f711d	Suco de fruta natural	12	11	1	1	SINTETICO
f149ca80-f0a1-4af2-90cb-aee87ded1f0a	2026-06-03	MANHA	4	b6f014a3-eaad-57c0-8ee9-24eb9abb819a	Cuscuz	116	114	2	17	SINTETICO
e99f2510-4992-4320-946b-20ba3ce7c849	2026-06-03	MANHA	4	79ca1872-52e0-59dd-af29-543b793c0860	Macarrao ao sugo	0	0	0	0	SINTETICO
ad3bf659-b9e5-4271-8a67-517eed0ed3ca	2026-06-03	MANHA	4	4f15f44d-d9a3-5a55-8fd0-0b738c2e28a3	Polenta cozida	194	184	10	17	SINTETICO
0b9235c8-fcba-4e91-be5a-45a62f8d9c66	2026-06-03	INTEGRAL	6	79ca1872-52e0-59dd-af29-543b793c0860	Macarrao ao sugo	14	13	1	2	SINTETICO
2b20697f-e2fd-43cc-a868-8b10c1d3b9ff	2026-06-03	INTEGRAL	6	6ce7a969-7c2b-5a21-b072-594a4412ab8b	Arroz branco	0	0	0	0	SINTETICO
761b4f86-367b-4a5e-ae2b-9811be71951e	2026-06-03	INTEGRAL	6	b6f014a3-eaad-57c0-8ee9-24eb9abb819a	Cuscuz	29	28	1	3	SINTETICO
8db2e92a-882e-45a8-aef0-937bb3861fc3	2026-06-03	INTEGRAL	8	79ca1872-52e0-59dd-af29-543b793c0860	Macarrao ao sugo	82	72	10	9	SINTETICO
80e59720-c8be-4a92-b52d-ea8d182eab7b	2026-06-03	INTEGRAL	8	6ce7a969-7c2b-5a21-b072-594a4412ab8b	Arroz branco	47	44	3	3	SINTETICO
dc950832-cf18-4197-a8ae-b83cbd18790f	2026-06-03	INTEGRAL	8	6753aa6f-0f7e-5208-8cd6-9e7a8733ef22	Leite com achocolatado	0	0	0	0	SINTETICO
0ec8e525-4603-4b28-9bcb-d672af71b1a8	2026-06-03	MANHA	9	2f723cf1-ddd6-58e2-881e-3ab45db8cd2d	Feijao carioca	120	118	2	8	SINTETICO
5ad0c107-b62c-4f79-b482-c686cd05a113	2026-06-03	MANHA	10	6ce7a969-7c2b-5a21-b072-594a4412ab8b	Arroz branco	78	69	9	4	SINTETICO
4d816e78-f96a-4de7-bc98-1cf444bf46a1	2026-06-03	MANHA	10	153737d9-caa6-55d5-b086-f7e83fdab4d2	Pao com manteiga	211	186	25	14	SINTETICO
db53d0ad-9efc-4fc1-8a0a-c1f61e8a5b7d	2026-06-03	MANHA	10	eed1d0ec-938c-53ef-94b9-626452f5fbd2	Sopa de legumes	0	0	0	0	SINTETICO
98a1981b-4bad-45b8-bfe1-e47af3425eeb	2026-06-03	TARDE	11	6ce7a969-7c2b-5a21-b072-594a4412ab8b	Arroz branco	41	40	1	3	SINTETICO
16950273-e556-4f15-9caf-16bc9b9a2a21	2026-06-03	TARDE	11	84f7e794-a400-5d46-9efe-1c8a8f2f711d	Suco de fruta natural	25	22	3	1	SINTETICO
50ea7040-02ee-4cfe-a698-d5ca87c52e7c	2026-06-03	TARDE	11	eed1d0ec-938c-53ef-94b9-626452f5fbd2	Sopa de legumes	97	89	8	28	SINTETICO
268bcbdf-8b20-4ff3-bea9-85c9d18caa39	2026-06-03	TARDE	11	9bf7d50c-378c-58f7-ba1a-0dccafffc54c	Bolacha doce	54	47	7	3	SINTETICO
b4dce3c4-91a3-4627-812c-cdb8a0e49d2e	2026-06-03	TARDE	11	153737d9-caa6-55d5-b086-f7e83fdab4d2	Pao com manteiga	291	261	30	11	SINTETICO
c9e93b17-4ff0-4cad-ac47-7373b056a80c	2026-06-03	INTEGRAL	12	add956e1-36ad-584e-b1e4-a4a8db28315f	Banana	21	19	2	1	SINTETICO
66ebf515-6db2-4ef6-a894-98f0b653543d	2026-06-03	INTEGRAL	13	153737d9-caa6-55d5-b086-f7e83fdab4d2	Pao com manteiga	1	1	0	0	SINTETICO
2336ed27-1814-48e6-a897-596eef7ce26d	2026-06-03	INTEGRAL	13	eed1d0ec-938c-53ef-94b9-626452f5fbd2	Sopa de legumes	24	22	2	5	SINTETICO
9ef60f80-cb90-466d-a5a6-e3755f054e0f	2026-06-03	MANHA	14	153737d9-caa6-55d5-b086-f7e83fdab4d2	Pao com manteiga	2	2	0	0	SINTETICO
e15d79ca-caa2-48ec-bc5b-b034221d5399	2026-06-03	MANHA	14	84f7e794-a400-5d46-9efe-1c8a8f2f711d	Suco de fruta natural	84	74	10	4	SINTETICO
f6bf439c-4e16-4b4f-a83d-a5e2e60daeb0	2026-06-03	MANHA	14	eed1d0ec-938c-53ef-94b9-626452f5fbd2	Sopa de legumes	42	39	3	13	SINTETICO
31c1caf3-f3e1-4a70-9a6f-575c8290bf3f	2026-06-03	INTEGRAL	15	add956e1-36ad-584e-b1e4-a4a8db28315f	Banana	118	111	7	3	SINTETICO
66786658-a63d-411d-a8ba-38829a3bd893	2026-06-03	MANHA	16	84f7e794-a400-5d46-9efe-1c8a8f2f711d	Suco de fruta natural	0	0	0	0	SINTETICO
f5f07640-0486-4c43-b056-cae53cdc69bd	2026-06-03	MANHA	16	6ce7a969-7c2b-5a21-b072-594a4412ab8b	Arroz branco	395	372	23	21	SINTETICO
49457eb5-416e-4213-9512-0b911722bae4	2026-06-03	MANHA	16	2f723cf1-ddd6-58e2-881e-3ab45db8cd2d	Feijao carioca	0	0	0	0	SINTETICO
d15756f1-04a0-4ce3-ba60-d6e994469155	2026-06-03	TARDE	17	153737d9-caa6-55d5-b086-f7e83fdab4d2	Pao com manteiga	501	494	7	26	SINTETICO
c8277bd8-1125-4407-b30b-e8301fe69515	2026-06-03	TARDE	17	add956e1-36ad-584e-b1e4-a4a8db28315f	Banana	59	58	1	2	SINTETICO
5f5dd848-34ef-4c84-a528-ef9ebc91ec9c	2026-06-03	INTEGRAL	18	6ce7a969-7c2b-5a21-b072-594a4412ab8b	Arroz branco	15	14	1	1	SINTETICO
8413cec0-1469-4b2e-ad98-71d8e35573bc	2026-06-04	INTEGRAL	2	0db97b08-9e92-541d-b2d2-1bc810f8fbe8	Iogurte	0	0	0	0	SINTETICO
9d6d4190-6156-40d0-8560-136c0350a2a1	2026-06-04	INTEGRAL	3	79ca1872-52e0-59dd-af29-543b793c0860	Macarrao ao sugo	0	0	0	0	SINTETICO
2964cf2d-c0db-4568-aa91-c08b62c89be4	2026-06-04	INTEGRAL	5	153737d9-caa6-55d5-b086-f7e83fdab4d2	Pao com manteiga	18	16	2	1	SINTETICO
37271ea1-434b-4b4c-8f5a-c9d7c79705eb	2026-06-04	INTEGRAL	5	6753aa6f-0f7e-5208-8cd6-9e7a8733ef22	Leite com achocolatado	0	0	0	0	SINTETICO
3fa4782c-4eca-4cb1-963b-0e05cf40a8c7	2026-06-04	INTEGRAL	5	b6f014a3-eaad-57c0-8ee9-24eb9abb819a	Cuscuz	411	378	33	48	SINTETICO
f162ba91-6ce4-446a-87b1-5ac9b6733d92	2026-06-04	MANHA	6	84f7e794-a400-5d46-9efe-1c8a8f2f711d	Suco de fruta natural	22	20	2	1	SINTETICO
e16a9848-4e06-46fb-b20b-c92f5e6e4ea4	2026-06-04	INTEGRAL	7	1b450f5b-ecde-5880-ad0a-91ce0920069d	Maca	18	17	1	1	SINTETICO
8ecaa9db-acc8-4be0-8559-43ca35efbd65	2026-06-04	INTEGRAL	7	84f7e794-a400-5d46-9efe-1c8a8f2f711d	Suco de fruta natural	56	56	0	3	SINTETICO
82f4b4eb-eac9-4164-b337-6d6ef33aa394	2026-06-04	INTEGRAL	7	153737d9-caa6-55d5-b086-f7e83fdab4d2	Pao com manteiga	33	32	1	2	SINTETICO
f3b19dc7-b8a4-46fe-ad19-dfb6f37c93f8	2026-06-04	MANHA	8	153737d9-caa6-55d5-b086-f7e83fdab4d2	Pao com manteiga	385	365	20	21	SINTETICO
d65b8121-81ad-4385-9195-2a4c06d5d320	2026-06-04	MANHA	8	500ccd6c-b321-531f-81ae-3999b578c2e4	Pure de moranga	7	6	1	2	SINTETICO
98337331-e792-4d64-989e-8a79fd9e4f03	2026-06-04	MANHA	8	79ca1872-52e0-59dd-af29-543b793c0860	Macarrao ao sugo	64	56	8	9	SINTETICO
f839d864-47d0-40ff-beea-5dcf848fa2c0	2026-06-04	MANHA	8	6753aa6f-0f7e-5208-8cd6-9e7a8733ef22	Leite com achocolatado	18	17	1	1	SINTETICO
63fc96f6-bc20-493c-8039-7fdc8d45d4bf	2026-06-04	INTEGRAL	9	add956e1-36ad-584e-b1e4-a4a8db28315f	Banana	1	1	0	0	SINTETICO
949a2bd5-691b-4601-8ce6-ef8f8354ca6a	2026-06-04	INTEGRAL	9	2f723cf1-ddd6-58e2-881e-3ab45db8cd2d	Feijao carioca	0	0	0	0	SINTETICO
12ff402e-0285-470c-bfb8-e19454b97412	2026-06-04	INTEGRAL	9	9bf7d50c-378c-58f7-ba1a-0dccafffc54c	Bolacha doce	0	0	0	0	SINTETICO
7d135a74-9d19-4d22-85bf-d73c5cf47747	2026-06-04	INTEGRAL	9	b6f014a3-eaad-57c0-8ee9-24eb9abb819a	Cuscuz	67	62	5	6	SINTETICO
e0789673-a528-49d0-9418-827856c72aa7	2026-06-04	INTEGRAL	9	6ce7a969-7c2b-5a21-b072-594a4412ab8b	Arroz branco	58	56	2	5	SINTETICO
ebfe2bdc-3d1e-4b01-a458-edb3c45b3a65	2026-06-04	MANHA	10	eed1d0ec-938c-53ef-94b9-626452f5fbd2	Sopa de legumes	17	16	1	5	SINTETICO
12ae9ce8-c2e6-4a28-b820-32053ac4d144	2026-06-04	MANHA	10	0db97b08-9e92-541d-b2d2-1bc810f8fbe8	Iogurte	331	326	5	17	SINTETICO
71234a73-233d-4fce-b2bb-8a84ccfbf420	2026-06-04	INTEGRAL	11	2f723cf1-ddd6-58e2-881e-3ab45db8cd2d	Feijao carioca	1	1	0	0	SINTETICO
f6369640-3e11-44e7-b31c-bcdcc2f0f132	2026-06-04	INTEGRAL	12	79ca1872-52e0-59dd-af29-543b793c0860	Macarrao ao sugo	0	0	0	0	SINTETICO
97ca2a71-d8c4-4c31-b08d-8077aa7e7aad	2026-06-04	INTEGRAL	12	b6f014a3-eaad-57c0-8ee9-24eb9abb819a	Cuscuz	0	0	0	0	SINTETICO
b5e23cd3-bc06-4269-aa62-c13ba3168036	2026-06-04	INTEGRAL	13	4d3eeba1-ad77-55d4-9ed8-296ad424338e	Molho de frango desfiado	39	37	2	4	SINTETICO
5f3672f7-e235-4b6a-a4dc-67ac69ae6119	2026-06-04	INTEGRAL	13	6753aa6f-0f7e-5208-8cd6-9e7a8733ef22	Leite com achocolatado	48	47	1	3	SINTETICO
bdc94566-93d3-49e1-b307-d7d203df85d0	2026-06-04	INTEGRAL	13	9bf7d50c-378c-58f7-ba1a-0dccafffc54c	Bolacha doce	7	6	1	0	SINTETICO
0d1cd23d-ec97-4663-9e29-e4875336b4e9	2026-06-04	INTEGRAL	13	b6f014a3-eaad-57c0-8ee9-24eb9abb819a	Cuscuz	34	32	2	4	SINTETICO
81daeebd-ae16-4f76-b0cd-3b4136966d67	2026-06-04	INTEGRAL	13	0db97b08-9e92-541d-b2d2-1bc810f8fbe8	Iogurte	3	3	0	0	SINTETICO
0d4ebbd8-dfc1-405b-9ef1-7b43a38a5407	2026-06-04	MANHA	15	add956e1-36ad-584e-b1e4-a4a8db28315f	Banana	30	30	0	1	SINTETICO
b6529e95-4894-4f5d-8e8d-ae86b9f45e31	2026-06-04	MANHA	15	1b450f5b-ecde-5880-ad0a-91ce0920069d	Maca	0	0	0	0	SINTETICO
5bec7857-a91f-4779-ab21-2b4ebe4e3368	2026-06-04	TARDE	16	6ce7a969-7c2b-5a21-b072-594a4412ab8b	Arroz branco	66	65	1	4	SINTETICO
d90e81ae-5bf1-4ebf-bae0-77c30040e90a	2026-06-04	TARDE	16	6f1d5964-e195-53e5-b25d-c4128c0b139a	Iscas de frango acebolada	4	4	0	0	SINTETICO
f12ea5d0-b0a7-4828-8294-c7047a3e4885	2026-06-04	TARDE	16	2f723cf1-ddd6-58e2-881e-3ab45db8cd2d	Feijao carioca	240	219	21	19	SINTETICO
db4226fc-439e-4b99-9d69-a5774b74abf4	2026-06-04	MANHA	18	2f723cf1-ddd6-58e2-881e-3ab45db8cd2d	Feijao carioca	3	3	0	0	SINTETICO
c818202b-1964-4990-a471-7ee7f179d80b	2026-06-05	MANHA	1	2f723cf1-ddd6-58e2-881e-3ab45db8cd2d	Feijao carioca	13	11	2	1	SINTETICO
a6f7e4b7-12b2-4668-a386-c1578960faee	2026-06-05	MANHA	1	6753aa6f-0f7e-5208-8cd6-9e7a8733ef22	Leite com achocolatado	125	111	14	5	SINTETICO
416ba596-325b-462f-bca6-eb28c43ba67e	2026-06-05	MANHA	1	eed1d0ec-938c-53ef-94b9-626452f5fbd2	Sopa de legumes	1	1	0	0	SINTETICO
4427a577-f82d-4af4-906f-a6f6c8ee3b6a	2026-06-05	TARDE	4	2f723cf1-ddd6-58e2-881e-3ab45db8cd2d	Feijao carioca	103	90	13	6	SINTETICO
4d154666-cfdc-4649-9d99-6d1d9834a231	2026-06-05	INTEGRAL	6	add956e1-36ad-584e-b1e4-a4a8db28315f	Banana	7	7	0	0	SINTETICO
1c644f9b-6948-48d2-8577-2ba2e2169b0e	2026-06-05	INTEGRAL	6	b6f014a3-eaad-57c0-8ee9-24eb9abb819a	Cuscuz	48	46	2	6	SINTETICO
3dad1445-49b9-4a08-b4d7-c4a4d08a05fe	2026-06-05	MANHA	7	add956e1-36ad-584e-b1e4-a4a8db28315f	Banana	50	44	6	2	SINTETICO
36914731-6b55-4176-9871-da667c06bc9e	2026-06-05	MANHA	7	1b450f5b-ecde-5880-ad0a-91ce0920069d	Maca	15	14	1	1	SINTETICO
e6f5cb4e-d3be-4463-a0b4-2287a2d61190	2026-06-05	MANHA	7	6ce7a969-7c2b-5a21-b072-594a4412ab8b	Arroz branco	1	1	0	0	SINTETICO
1a450a7b-623e-4544-94cb-e8cd6e023225	2026-06-05	MANHA	7	6753aa6f-0f7e-5208-8cd6-9e7a8733ef22	Leite com achocolatado	1	1	0	0	SINTETICO
be2df088-8bb9-4274-a03a-225596bcce6a	2026-06-05	TARDE	8	eed1d0ec-938c-53ef-94b9-626452f5fbd2	Sopa de legumes	5	4	1	1	SINTETICO
e7ce97ba-6122-4cb1-8d3c-aaab266272ca	2026-06-05	TARDE	8	1b450f5b-ecde-5880-ad0a-91ce0920069d	Maca	46	43	3	3	SINTETICO
a1fc5779-7382-41f9-abd9-ae15c7d2bdfc	2026-06-05	TARDE	8	9bf7d50c-378c-58f7-ba1a-0dccafffc54c	Bolacha doce	42	42	0	3	SINTETICO
0812d391-fd1a-4352-9079-bb5a6fc3495a	2026-06-05	TARDE	8	0db97b08-9e92-541d-b2d2-1bc810f8fbe8	Iogurte	33	29	4	2	SINTETICO
e31f2b74-e1ea-42d0-9a30-7108433ba91c	2026-06-05	TARDE	8	2f723cf1-ddd6-58e2-881e-3ab45db8cd2d	Feijao carioca	139	135	4	13	SINTETICO
ee3a8546-5809-4986-b4a6-2764353b7837	2026-06-05	INTEGRAL	10	2f723cf1-ddd6-58e2-881e-3ab45db8cd2d	Feijao carioca	74	66	8	4	SINTETICO
edb0882b-9beb-46a7-93b0-84e3e4765699	2026-06-05	MANHA	13	0db97b08-9e92-541d-b2d2-1bc810f8fbe8	Iogurte	64	56	8	4	SINTETICO
2fc447ff-464c-4bdd-ba96-5f4b3251b9cc	2026-06-05	MANHA	17	6753aa6f-0f7e-5208-8cd6-9e7a8733ef22	Leite com achocolatado	6	5	1	0	SINTETICO
277ded7f-6a5f-478e-bd8e-0cfa507b912b	2026-06-05	MANHA	17	9bf7d50c-378c-58f7-ba1a-0dccafffc54c	Bolacha doce	23	22	1	1	SINTETICO
cf5be2ed-1c77-4b43-a89e-7341053f2a44	2026-06-05	MANHA	17	eed1d0ec-938c-53ef-94b9-626452f5fbd2	Sopa de legumes	101	98	3	23	SINTETICO
25dc69c1-c4ff-4388-b4d8-3f9aa1fa43d6	2026-06-05	MANHA	17	84f7e794-a400-5d46-9efe-1c8a8f2f711d	Suco de fruta natural	75	70	5	4	SINTETICO
5cbfc9d2-07ea-4e89-bc6f-8f1faa5b95ea	2026-06-08	INTEGRAL	1	6ce7a969-7c2b-5a21-b072-594a4412ab8b	Arroz branco	26	24	2	2	SINTETICO
226cec1e-af87-4adb-9d2d-bedadfd6f593	2026-06-08	INTEGRAL	1	2f723cf1-ddd6-58e2-881e-3ab45db8cd2d	Feijao carioca	0	0	0	0	SINTETICO
ebde6fba-81e5-4095-89bc-ebd9560a6e91	2026-06-08	INTEGRAL	1	b6f014a3-eaad-57c0-8ee9-24eb9abb819a	Cuscuz	0	0	0	0	SINTETICO
ad2b2400-317d-46c6-919f-2e319fd6a41b	2026-06-08	MANHA	2	6753aa6f-0f7e-5208-8cd6-9e7a8733ef22	Leite com achocolatado	0	0	0	0	SINTETICO
c8dd6108-1842-4665-9387-9f3331ec4f4f	2026-06-08	INTEGRAL	3	add956e1-36ad-584e-b1e4-a4a8db28315f	Banana	355	330	25	14	SINTETICO
bc69ec44-0747-4717-a04e-816d278fa581	2026-06-08	INTEGRAL	3	b6f014a3-eaad-57c0-8ee9-24eb9abb819a	Cuscuz	0	0	0	0	SINTETICO
5d6b8d1f-2b42-4ec5-9b8c-d0c5098fb549	2026-06-08	MANHA	5	153737d9-caa6-55d5-b086-f7e83fdab4d2	Pao com manteiga	28	27	1	1	SINTETICO
344cac13-c15e-4086-9c3a-28202e082d26	2026-06-08	INTEGRAL	6	6ce7a969-7c2b-5a21-b072-594a4412ab8b	Arroz branco	3	3	0	0	SINTETICO
c935a211-a1b2-48c5-84b9-a2816a8ef3f5	2026-06-08	INTEGRAL	7	79ca1872-52e0-59dd-af29-543b793c0860	Macarrao ao sugo	1	1	0	0	SINTETICO
7c2f8206-6d7e-47c9-a216-da13ae61723b	2026-06-08	INTEGRAL	7	6753aa6f-0f7e-5208-8cd6-9e7a8733ef22	Leite com achocolatado	30	28	2	2	SINTETICO
abb290ae-bd14-40d1-a9a2-2262b321ad74	2026-06-08	INTEGRAL	7	1b450f5b-ecde-5880-ad0a-91ce0920069d	Maca	2	2	0	0	SINTETICO
79c2d354-f100-4503-a24b-ace54abb65b9	2026-06-08	MANHA	8	eed1d0ec-938c-53ef-94b9-626452f5fbd2	Sopa de legumes	53	48	5	18	SINTETICO
50f94a1a-6f33-491a-933c-4f77bda8a9e6	2026-06-08	MANHA	8	84f7e794-a400-5d46-9efe-1c8a8f2f711d	Suco de fruta natural	2	2	0	0	SINTETICO
7cbdbfaf-2996-40f6-8a3c-a9c8667d8ec5	2026-06-08	MANHA	8	1b450f5b-ecde-5880-ad0a-91ce0920069d	Maca	118	108	10	7	SINTETICO
708c714e-7da8-49a7-850b-201b3c1b0b3d	2026-06-08	MANHA	8	9bf7d50c-378c-58f7-ba1a-0dccafffc54c	Bolacha doce	17	17	0	1	SINTETICO
cb88bffc-a992-453a-a922-59c9c6caff98	2026-06-08	MANHA	8	b6f014a3-eaad-57c0-8ee9-24eb9abb819a	Cuscuz	43	42	1	6	SINTETICO
a65429de-2b60-4a36-84a5-82f3947c5f4a	2026-06-08	MANHA	10	b6f014a3-eaad-57c0-8ee9-24eb9abb819a	Cuscuz	0	0	0	0	SINTETICO
aa2ef15a-b520-4478-abc9-ca887e4bbd5e	2026-06-08	MANHA	10	0db97b08-9e92-541d-b2d2-1bc810f8fbe8	Iogurte	20	18	2	1	SINTETICO
f2b5b18c-5e2c-4bb1-93e2-d11805749253	2026-06-08	MANHA	10	6753aa6f-0f7e-5208-8cd6-9e7a8733ef22	Leite com achocolatado	13	12	1	1	SINTETICO
5af1b36f-45bb-4868-a7b3-006fbb726ef8	2026-06-08	INTEGRAL	11	eed1d0ec-938c-53ef-94b9-626452f5fbd2	Sopa de legumes	2	2	0	1	SINTETICO
11bd4d9a-cd47-452f-89b4-3b59e6edb037	2026-06-08	INTEGRAL	11	9bf7d50c-378c-58f7-ba1a-0dccafffc54c	Bolacha doce	10	10	0	1	SINTETICO
d4cb115a-7483-4fe2-9c35-8aeb827fe4b3	2026-06-08	INTEGRAL	11	0db97b08-9e92-541d-b2d2-1bc810f8fbe8	Iogurte	25	23	2	1	SINTETICO
f3e3ac66-1e32-4cc0-9db2-bdee51218fb4	2026-06-08	TARDE	12	79ca1872-52e0-59dd-af29-543b793c0860	Macarrao ao sugo	548	494	54	66	SINTETICO
d0580fc0-8306-4e6d-93af-87731bfc39fd	2026-06-08	TARDE	12	153737d9-caa6-55d5-b086-f7e83fdab4d2	Pao com manteiga	16	15	1	1	SINTETICO
51d1a3e6-155f-46ce-83b0-d75d3b5b0dc1	2026-06-08	INTEGRAL	13	b6f014a3-eaad-57c0-8ee9-24eb9abb819a	Cuscuz	2	2	0	0	SINTETICO
c1f9bf2b-0572-4003-91d1-847066b86ac6	2026-06-08	INTEGRAL	13	6753aa6f-0f7e-5208-8cd6-9e7a8733ef22	Leite com achocolatado	85	80	5	5	SINTETICO
76016177-a444-4bc7-ad7c-9744f20a47df	2026-06-08	INTEGRAL	14	2f723cf1-ddd6-58e2-881e-3ab45db8cd2d	Feijao carioca	1	1	0	0	SINTETICO
a3316c99-efcd-45fd-a6d8-554faead7dbd	2026-06-08	TARDE	16	2f723cf1-ddd6-58e2-881e-3ab45db8cd2d	Feijao carioca	0	0	0	0	SINTETICO
607c95a4-43fd-49bc-bd18-16da63aece3a	2026-06-08	INTEGRAL	18	2f723cf1-ddd6-58e2-881e-3ab45db8cd2d	Feijao carioca	8	8	0	1	SINTETICO
dba0801e-e833-4622-9918-6cf037e3c864	2026-06-09	MANHA	2	153737d9-caa6-55d5-b086-f7e83fdab4d2	Pao com manteiga	26	23	3	1	SINTETICO
76487978-27ca-4f9e-b536-40e48e19cb3d	2026-06-09	MANHA	2	21e707b3-6560-583f-a5f2-f307b82911fd	Salada de alface	44	39	5	9	SINTETICO
16150fad-0ce8-4934-bb8e-d85a86725bbd	2026-06-09	MANHA	2	eed1d0ec-938c-53ef-94b9-626452f5fbd2	Sopa de legumes	82	75	7	26	SINTETICO
5d93541f-8a58-4942-ae9e-106088178207	2026-06-09	MANHA	3	84f7e794-a400-5d46-9efe-1c8a8f2f711d	Suco de fruta natural	13	11	2	1	SINTETICO
e66f6f8e-53be-4199-a179-3042a4a13e95	2026-06-09	MANHA	3	add956e1-36ad-584e-b1e4-a4a8db28315f	Banana	5	5	0	0	SINTETICO
67692892-544c-40da-a793-c3576811bcf4	2026-06-09	INTEGRAL	4	153737d9-caa6-55d5-b086-f7e83fdab4d2	Pao com manteiga	1	1	0	0	SINTETICO
f75b65a9-1df6-4822-a03c-6c183342480d	2026-06-09	INTEGRAL	4	1b450f5b-ecde-5880-ad0a-91ce0920069d	Maca	0	0	0	0	SINTETICO
f906b44b-ea90-47e8-9441-d87b1e49d964	2026-06-09	INTEGRAL	4	add956e1-36ad-584e-b1e4-a4a8db28315f	Banana	327	324	3	10	SINTETICO
ac606acb-bb63-48e5-b44a-2c0ff8aafeb9	2026-06-09	INTEGRAL	4	0db97b08-9e92-541d-b2d2-1bc810f8fbe8	Iogurte	7	7	0	1	SINTETICO
37ed7b12-905e-41bc-8945-74e9ee3bcd43	2026-06-09	INTEGRAL	6	79ca1872-52e0-59dd-af29-543b793c0860	Macarrao ao sugo	9	9	0	1	SINTETICO
74da04bb-8c56-4665-83e2-abddc73cbd85	2026-06-09	INTEGRAL	6	6ce7a969-7c2b-5a21-b072-594a4412ab8b	Arroz branco	15	14	1	1	SINTETICO
17925f1c-8ba4-425d-900b-987706bbd405	2026-06-09	INTEGRAL	6	2f723cf1-ddd6-58e2-881e-3ab45db8cd2d	Feijao carioca	9	9	0	1	SINTETICO
c12f717a-b4ec-4519-9a94-fc56269cac80	2026-06-09	INTEGRAL	6	1b450f5b-ecde-5880-ad0a-91ce0920069d	Maca	32	28	4	1	SINTETICO
4bc5a7e9-f598-4cc0-9436-e54e8f27c59b	2026-06-09	INTEGRAL	6	eed1d0ec-938c-53ef-94b9-626452f5fbd2	Sopa de legumes	6	6	0	1	SINTETICO
04ea0547-0638-4a6e-888a-09b81404ffba	2026-06-09	INTEGRAL	7	b6f014a3-eaad-57c0-8ee9-24eb9abb819a	Cuscuz	29	29	0	4	SINTETICO
d7fe4d8b-a420-47c1-b67b-c20920e3368b	2026-06-09	INTEGRAL	7	79ca1872-52e0-59dd-af29-543b793c0860	Macarrao ao sugo	16	15	1	2	SINTETICO
baa3080e-645b-4fbf-a00b-95e5d56f5c62	2026-06-09	INTEGRAL	7	add956e1-36ad-584e-b1e4-a4a8db28315f	Banana	2	2	0	0	SINTETICO
8f698d67-3e95-408e-9b21-19c193f13a25	2026-06-09	INTEGRAL	7	6753aa6f-0f7e-5208-8cd6-9e7a8733ef22	Leite com achocolatado	70	64	6	5	SINTETICO
e8550784-37ed-443f-a4c4-a88ea4b1e157	2026-06-09	MANHA	8	eed1d0ec-938c-53ef-94b9-626452f5fbd2	Sopa de legumes	28	25	3	6	SINTETICO
3d19876b-3eb2-405f-b7db-f8ebf598f18f	2026-06-09	INTEGRAL	11	6ce7a969-7c2b-5a21-b072-594a4412ab8b	Arroz branco	47	44	3	2	SINTETICO
ddf1de64-3930-4483-b590-a1bf11f79a18	2026-06-09	MANHA	13	add956e1-36ad-584e-b1e4-a4a8db28315f	Banana	2	2	0	0	SINTETICO
e7d5e330-392b-4c4f-825c-48c7a499ef39	2026-06-09	INTEGRAL	16	b6f014a3-eaad-57c0-8ee9-24eb9abb819a	Cuscuz	145	130	15	11	SINTETICO
851c40af-48f2-45ba-b1ad-e7314b93be54	2026-06-09	INTEGRAL	16	9bf7d50c-378c-58f7-ba1a-0dccafffc54c	Bolacha doce	1	1	0	0	SINTETICO
ae34c054-c46a-4a07-98b3-2015d77ca39a	2026-06-09	INTEGRAL	16	1b450f5b-ecde-5880-ad0a-91ce0920069d	Maca	47	41	6	2	SINTETICO
36eaf672-b981-48b4-932a-e3775876191d	2026-06-09	INTEGRAL	16	eed1d0ec-938c-53ef-94b9-626452f5fbd2	Sopa de legumes	40	37	3	11	SINTETICO
cae9b81a-36bc-4f25-89fb-65d43212873c	2026-06-09	INTEGRAL	17	79ca1872-52e0-59dd-af29-543b793c0860	Macarrao ao sugo	13	12	1	1	SINTETICO
96c995d3-14b8-4adb-92b4-285f6450cdc5	2026-06-09	INTEGRAL	17	add956e1-36ad-584e-b1e4-a4a8db28315f	Banana	44	42	2	2	SINTETICO
dbcdc69e-a069-4c1d-aec4-839b09370fae	2026-06-09	INTEGRAL	17	eed1d0ec-938c-53ef-94b9-626452f5fbd2	Sopa de legumes	2	2	0	1	SINTETICO
f54502f8-feaf-4c2f-9b09-f06a32b21388	2026-06-09	TARDE	18	1b450f5b-ecde-5880-ad0a-91ce0920069d	Maca	40	39	1	2	SINTETICO
406b80a4-1f06-4404-8c5a-c1a7b79a40c4	2026-06-09	TARDE	18	eed1d0ec-938c-53ef-94b9-626452f5fbd2	Sopa de legumes	2	2	0	1	SINTETICO
05c404fa-3edf-4044-8776-a7ac68e484d0	2026-06-09	TARDE	18	0db97b08-9e92-541d-b2d2-1bc810f8fbe8	Iogurte	7	6	1	0	SINTETICO
c5bcd6cc-797f-4318-940f-63d5442ca5c7	2026-06-10	MANHA	2	0db97b08-9e92-541d-b2d2-1bc810f8fbe8	Iogurte	53	48	5	3	SINTETICO
ade3e482-7824-4140-a192-4c1649b46076	2026-06-10	MANHA	2	79ca1872-52e0-59dd-af29-543b793c0860	Macarrao ao sugo	0	0	0	0	SINTETICO
a89ee174-9494-493d-9e46-5c8d8c74c60d	2026-06-10	MANHA	2	eed1d0ec-938c-53ef-94b9-626452f5fbd2	Sopa de legumes	90	81	9	25	SINTETICO
c08ec173-c02b-44e3-bfd4-f441c85d49f2	2026-06-10	MANHA	2	2f723cf1-ddd6-58e2-881e-3ab45db8cd2d	Feijao carioca	10	9	1	1	SINTETICO
0c201974-4059-4604-bc3e-c1cf5ce47e8a	2026-06-10	INTEGRAL	3	6ce7a969-7c2b-5a21-b072-594a4412ab8b	Arroz branco	73	64	9	5	SINTETICO
d2edec9d-67e0-4e43-94f1-84498e528a8f	2026-06-10	INTEGRAL	3	add956e1-36ad-584e-b1e4-a4a8db28315f	Banana	7	7	0	0	SINTETICO
71fa2960-ff95-499f-915c-98f01f51a887	2026-06-10	INTEGRAL	7	2f723cf1-ddd6-58e2-881e-3ab45db8cd2d	Feijao carioca	105	97	8	9	SINTETICO
c03e4365-e3c3-4ea0-8589-42f25198b6db	2026-06-10	INTEGRAL	7	6ce7a969-7c2b-5a21-b072-594a4412ab8b	Arroz branco	50	45	5	4	SINTETICO
e31cc1b5-96e8-4633-980a-7c3b95d8a170	2026-06-10	INTEGRAL	8	6753aa6f-0f7e-5208-8cd6-9e7a8733ef22	Leite com achocolatado	44	40	4	2	SINTETICO
12da8641-fff2-4bfa-82f9-ac0ea44f4014	2026-06-10	INTEGRAL	8	eed1d0ec-938c-53ef-94b9-626452f5fbd2	Sopa de legumes	336	331	5	71	SINTETICO
978d3902-063b-4aa7-9afc-624cdeaef9dc	2026-06-10	INTEGRAL	8	2f723cf1-ddd6-58e2-881e-3ab45db8cd2d	Feijao carioca	10	9	1	1	SINTETICO
91400a7d-d657-41ea-ac0f-cd0ec90389d5	2026-06-10	INTEGRAL	8	84f7e794-a400-5d46-9efe-1c8a8f2f711d	Suco de fruta natural	70	70	0	3	SINTETICO
0950ee04-151e-4abc-a817-fa98f8a4ec92	2026-06-10	INTEGRAL	10	153737d9-caa6-55d5-b086-f7e83fdab4d2	Pao com manteiga	48	47	1	3	SINTETICO
0ca42794-50ba-4af9-8f4c-1b039e538fc4	2026-06-10	INTEGRAL	10	6ce7a969-7c2b-5a21-b072-594a4412ab8b	Arroz branco	64	56	8	3	SINTETICO
d1ed3316-1eea-4830-850e-8cb55027c0da	2026-06-10	TARDE	12	6ce7a969-7c2b-5a21-b072-594a4412ab8b	Arroz branco	166	145	21	11	SINTETICO
50f06949-7de3-4f55-84fa-c4e6378e2e01	2026-06-10	TARDE	12	79ca1872-52e0-59dd-af29-543b793c0860	Macarrao ao sugo	2	2	0	0	SINTETICO
c229b4e4-75d8-4a93-a5bc-1a9653b49c06	2026-06-10	TARDE	12	d0f748b6-0ca4-5794-9480-45981f00672c	Ensopado de mandioca	0	0	0	0	SINTETICO
f82dcccb-6f16-4d9c-bc62-f36e98d5aae0	2026-06-10	TARDE	12	1b450f5b-ecde-5880-ad0a-91ce0920069d	Maca	106	101	5	5	SINTETICO
7ef45921-a132-4176-b0bc-b63f97e392d5	2026-06-10	TARDE	12	2f723cf1-ddd6-58e2-881e-3ab45db8cd2d	Feijao carioca	7	6	1	0	SINTETICO
82c0b82e-ad45-4aa2-a237-482d3100c08b	2026-06-10	TARDE	12	6753aa6f-0f7e-5208-8cd6-9e7a8733ef22	Leite com achocolatado	10	9	1	0	SINTETICO
e5a4fc13-4e0f-4ad6-94cd-ee2c4ff514f6	2026-06-10	INTEGRAL	14	79ca1872-52e0-59dd-af29-543b793c0860	Macarrao ao sugo	0	0	0	0	SINTETICO
0d14c5c6-d6cf-4705-9f46-766a62a8bfa7	2026-06-10	INTEGRAL	16	b6f014a3-eaad-57c0-8ee9-24eb9abb819a	Cuscuz	1	1	0	0	SINTETICO
101c7f5c-7f3c-45a0-aad7-be1babe0a3b5	2026-06-10	MANHA	17	b6f014a3-eaad-57c0-8ee9-24eb9abb819a	Cuscuz	107	103	4	10	SINTETICO
0c8fc935-8339-40a1-96f9-386e66f4f744	2026-06-11	MANHA	1	add956e1-36ad-584e-b1e4-a4a8db28315f	Banana	90	79	11	4	SINTETICO
b3150b30-0dd4-4425-b1dc-5e7f643c468e	2026-06-11	INTEGRAL	2	6ce7a969-7c2b-5a21-b072-594a4412ab8b	Arroz branco	0	0	0	0	SINTETICO
f31ec0d4-a11d-4530-aa71-37f9454b07a4	2026-06-11	INTEGRAL	2	9bf7d50c-378c-58f7-ba1a-0dccafffc54c	Bolacha doce	0	0	0	0	SINTETICO
6d156b48-7f3b-4139-8992-9b24be9d7666	2026-06-11	INTEGRAL	2	84f7e794-a400-5d46-9efe-1c8a8f2f711d	Suco de fruta natural	263	244	19	9	SINTETICO
be76e6fa-9c12-40ae-9896-17ddbf256410	2026-06-11	INTEGRAL	2	79ca1872-52e0-59dd-af29-543b793c0860	Macarrao ao sugo	15	15	0	2	SINTETICO
1ad8ecc2-2a29-4d1c-8b51-725330cf3218	2026-06-11	INTEGRAL	3	84f7e794-a400-5d46-9efe-1c8a8f2f711d	Suco de fruta natural	0	0	0	0	SINTETICO
2bd716fa-403b-4c67-811b-80e76ef205be	2026-06-11	INTEGRAL	3	6ce7a969-7c2b-5a21-b072-594a4412ab8b	Arroz branco	25	24	1	2	SINTETICO
cfd7fbf0-1c19-42f1-9c2d-24f3a49a931b	2026-06-11	INTEGRAL	7	153737d9-caa6-55d5-b086-f7e83fdab4d2	Pao com manteiga	3	3	0	0	SINTETICO
1ccc4906-8d9c-4081-aa37-45212300c80e	2026-06-11	MANHA	8	84f7e794-a400-5d46-9efe-1c8a8f2f711d	Suco de fruta natural	30	28	2	1	SINTETICO
4ff95c82-611e-4285-8e05-5745f1eea897	2026-06-11	MANHA	8	1b450f5b-ecde-5880-ad0a-91ce0920069d	Maca	8	7	1	0	SINTETICO
db55d237-6315-48c9-9685-fd5789329b0b	2026-06-11	INTEGRAL	9	79ca1872-52e0-59dd-af29-543b793c0860	Macarrao ao sugo	9	8	1	1	SINTETICO
72d21f10-b12f-4e9e-a797-e9d7909567ca	2026-06-11	INTEGRAL	9	1b450f5b-ecde-5880-ad0a-91ce0920069d	Maca	33	29	4	2	SINTETICO
ecf5dc1f-8b0f-495e-9cbe-7f51e95f7e8d	2026-06-11	INTEGRAL	9	79eb9045-ebdc-53c5-9ede-a0e5d2b7b378	Requeijao caseiro	40	39	1	3	SINTETICO
15b8a5dc-3490-42b0-99d1-c031b263d918	2026-06-11	INTEGRAL	12	9bf7d50c-378c-58f7-ba1a-0dccafffc54c	Bolacha doce	37	35	2	2	SINTETICO
6c15a27b-5b04-4044-bdd9-64743ecec782	2026-06-11	INTEGRAL	12	6ce7a969-7c2b-5a21-b072-594a4412ab8b	Arroz branco	54	54	0	3	SINTETICO
bc421114-488b-4a03-9f6e-e558e0070c87	2026-06-11	INTEGRAL	13	0db97b08-9e92-541d-b2d2-1bc810f8fbe8	Iogurte	2	2	0	0	SINTETICO
583554c6-51b9-4adc-a488-12c6acdcb3fe	2026-06-11	INTEGRAL	13	2f723cf1-ddd6-58e2-881e-3ab45db8cd2d	Feijao carioca	251	228	23	26	SINTETICO
d45eaa65-ca8a-48dc-ab78-f32f3569743c	2026-06-11	INTEGRAL	13	84f7e794-a400-5d46-9efe-1c8a8f2f711d	Suco de fruta natural	2	2	0	0	SINTETICO
55713293-adb3-4c84-9317-d7fd7d9d8e73	2026-06-11	INTEGRAL	13	6753aa6f-0f7e-5208-8cd6-9e7a8733ef22	Leite com achocolatado	0	0	0	0	SINTETICO
5b52d6a3-2362-414a-8f67-c22d43d027dd	2026-06-11	INTEGRAL	13	add956e1-36ad-584e-b1e4-a4a8db28315f	Banana	117	110	7	5	SINTETICO
3fea8c38-cc93-4b0d-8c38-087513f3d4b1	2026-06-11	MANHA	14	b6f014a3-eaad-57c0-8ee9-24eb9abb819a	Cuscuz	6	6	0	1	SINTETICO
688aa71e-32d8-40b9-8aa5-1c6604645008	2026-06-11	MANHA	16	b6f014a3-eaad-57c0-8ee9-24eb9abb819a	Cuscuz	76	69	7	6	SINTETICO
ebba1029-5216-49dd-b84a-c4b326461b4c	2026-06-11	INTEGRAL	17	84f7e794-a400-5d46-9efe-1c8a8f2f711d	Suco de fruta natural	3	3	0	0	SINTETICO
307a2d2f-dfc1-4d8c-a30f-a4a90e2f7e9e	2026-06-11	INTEGRAL	17	0db97b08-9e92-541d-b2d2-1bc810f8fbe8	Iogurte	29	26	3	2	SINTETICO
054ba645-5d13-4f9b-b5eb-d9ffa4f3835b	2026-06-12	INTEGRAL	3	79ca1872-52e0-59dd-af29-543b793c0860	Macarrao ao sugo	12	11	1	2	SINTETICO
6a5bd806-2eb2-462a-811c-428a551171a1	2026-06-12	MANHA	4	eed1d0ec-938c-53ef-94b9-626452f5fbd2	Sopa de legumes	11	11	0	2	SINTETICO
88a0a2e3-051e-4599-85c0-686801deb55d	2026-06-12	INTEGRAL	5	1b450f5b-ecde-5880-ad0a-91ce0920069d	Maca	4	4	0	0	SINTETICO
6d96e7c0-d9d3-4cff-81ba-821cd414931a	2026-06-12	TARDE	7	add956e1-36ad-584e-b1e4-a4a8db28315f	Banana	178	172	6	6	SINTETICO
fedb8b7d-92d4-4fda-b89e-001bbfee4056	2026-06-12	TARDE	7	84f7e794-a400-5d46-9efe-1c8a8f2f711d	Suco de fruta natural	49	49	0	3	SINTETICO
3ef2fde5-bee2-477e-9f3f-b4abc7463a86	2026-06-12	INTEGRAL	9	eed1d0ec-938c-53ef-94b9-626452f5fbd2	Sopa de legumes	15	14	1	4	SINTETICO
98b8b75c-1df4-457f-923d-47bbc6c981d6	2026-06-12	MANHA	10	0db97b08-9e92-541d-b2d2-1bc810f8fbe8	Iogurte	15	14	1	1	SINTETICO
3a0feccf-7275-4638-8d26-e525136b6902	2026-06-12	MANHA	10	e9939964-7e5f-542e-9526-0c743b00ffb0	Salada de tomate	1	1	0	0	SINTETICO
608fb0fc-8dcb-4ac0-8c2f-abf00a96d060	2026-06-12	MANHA	10	b6f014a3-eaad-57c0-8ee9-24eb9abb819a	Cuscuz	7	7	0	1	SINTETICO
f5b4d533-432c-4eb2-8db8-e118a02258ae	2026-06-12	MANHA	11	6ce7a969-7c2b-5a21-b072-594a4412ab8b	Arroz branco	26	23	3	2	SINTETICO
09a0fd95-d813-44b6-a92a-7f8562aeb3d4	2026-06-12	MANHA	11	153737d9-caa6-55d5-b086-f7e83fdab4d2	Pao com manteiga	41	38	3	2	SINTETICO
592f4d70-7418-4a58-ac5a-3bb6a99f053c	2026-06-12	INTEGRAL	12	9bf7d50c-378c-58f7-ba1a-0dccafffc54c	Bolacha doce	42	41	1	2	SINTETICO
41fa625a-1070-485d-86c2-186c6b736372	2026-06-12	INTEGRAL	12	0db97b08-9e92-541d-b2d2-1bc810f8fbe8	Iogurte	1	1	0	0	SINTETICO
199f9978-c743-4af3-bca7-f2990f510dd4	2026-06-12	MANHA	13	2f723cf1-ddd6-58e2-881e-3ab45db8cd2d	Feijao carioca	39	36	3	2	SINTETICO
d31d17dc-6999-4c53-b00a-657b5c23f406	2026-06-12	MANHA	13	6ce7a969-7c2b-5a21-b072-594a4412ab8b	Arroz branco	30	29	1	1	SINTETICO
4b04c9fc-6b96-402a-8db9-9417142717ea	2026-06-12	MANHA	13	84f7e794-a400-5d46-9efe-1c8a8f2f711d	Suco de fruta natural	16	15	1	1	SINTETICO
3afaac50-07d2-4f9f-87c8-cdd5feca27c0	2026-06-12	MANHA	13	9bf7d50c-378c-58f7-ba1a-0dccafffc54c	Bolacha doce	6	6	0	0	SINTETICO
fd2f54d1-8102-4f2f-bff6-1191961919bb	2026-06-12	MANHA	14	84f7e794-a400-5d46-9efe-1c8a8f2f711d	Suco de fruta natural	0	0	0	0	SINTETICO
c6e80b7e-f293-42f7-8ffc-4c04e6c72d24	2026-06-12	TARDE	15	153737d9-caa6-55d5-b086-f7e83fdab4d2	Pao com manteiga	89	84	5	4	SINTETICO
c64cf6ea-241a-4026-b026-052263bba9f4	2026-06-12	TARDE	15	add956e1-36ad-584e-b1e4-a4a8db28315f	Banana	555	494	61	18	SINTETICO
6721d237-b1f1-4f2a-8108-fd5d2a1743d7	2026-06-12	TARDE	15	500ccd6c-b321-531f-81ae-3999b578c2e4	Pure de moranga	205	195	10	60	SINTETICO
c2fb5774-24f6-48a2-b71c-633a94366746	2026-06-12	TARDE	15	eed1d0ec-938c-53ef-94b9-626452f5fbd2	Sopa de legumes	33	31	2	7	SINTETICO
a4670bcc-d8e5-4286-a018-776bf2ea45f5	2026-06-12	INTEGRAL	17	d0f748b6-0ca4-5794-9480-45981f00672c	Ensopado de mandioca	36	34	2	5	SINTETICO
2732ad05-51df-487c-a4ab-31ed80e2c83a	2026-06-12	INTEGRAL	17	add956e1-36ad-584e-b1e4-a4a8db28315f	Banana	41	37	4	1	SINTETICO
8eeda567-f7aa-4069-ac8a-a1e4e1aa55af	2026-06-12	TARDE	18	79ca1872-52e0-59dd-af29-543b793c0860	Macarrao ao sugo	193	190	3	21	SINTETICO
949fba67-73f7-4258-a9fd-88623631bfb2	2026-06-15	INTEGRAL	2	1b450f5b-ecde-5880-ad0a-91ce0920069d	Maca	2	2	0	0	SINTETICO
98265c92-5e57-4e5f-92a4-277e9dd936ec	2026-06-15	INTEGRAL	4	eed1d0ec-938c-53ef-94b9-626452f5fbd2	Sopa de legumes	61	60	1	19	SINTETICO
a83f7a0a-3af0-43b7-ae42-96f2eeb49c5e	2026-06-15	INTEGRAL	7	add956e1-36ad-584e-b1e4-a4a8db28315f	Banana	3	3	0	0	SINTETICO
b925a900-9dc9-4598-8245-365a9955d2a4	2026-06-15	INTEGRAL	7	6ce7a969-7c2b-5a21-b072-594a4412ab8b	Arroz branco	25	25	0	1	SINTETICO
94373794-500c-405d-b623-09f1b7ec6536	2026-06-15	MANHA	8	0db97b08-9e92-541d-b2d2-1bc810f8fbe8	Iogurte	22	22	0	1	SINTETICO
21801213-ff68-48b2-a294-e2c0f4666800	2026-06-15	MANHA	8	1b450f5b-ecde-5880-ad0a-91ce0920069d	Maca	112	103	9	6	SINTETICO
027dba0b-ecf9-4227-8c0a-5126d76a550e	2026-06-15	MANHA	8	9bf7d50c-378c-58f7-ba1a-0dccafffc54c	Bolacha doce	0	0	0	0	SINTETICO
30923307-8068-4ad9-b87a-24b54330eeea	2026-06-15	MANHA	8	79ca1872-52e0-59dd-af29-543b793c0860	Macarrao ao sugo	35	31	4	5	SINTETICO
2d9a774f-3d78-4f39-9f80-2f02a1abaf34	2026-06-15	INTEGRAL	10	0db97b08-9e92-541d-b2d2-1bc810f8fbe8	Iogurte	365	345	20	18	SINTETICO
5f56bc1b-4bb4-4df7-95c9-93ab5f271836	2026-06-15	INTEGRAL	10	eed1d0ec-938c-53ef-94b9-626452f5fbd2	Sopa de legumes	35	31	4	8	SINTETICO
b6dba7d5-f35f-4eba-8c03-d6bf5420baaf	2026-06-15	INTEGRAL	12	eed1d0ec-938c-53ef-94b9-626452f5fbd2	Sopa de legumes	65	58	7	22	SINTETICO
564227f6-720b-4435-824f-97987d7f8e62	2026-06-15	INTEGRAL	12	b6f014a3-eaad-57c0-8ee9-24eb9abb819a	Cuscuz	1	1	0	0	SINTETICO
4f621754-98ee-4e8c-96b7-0b38b46b39e0	2026-06-15	INTEGRAL	12	9bf7d50c-378c-58f7-ba1a-0dccafffc54c	Bolacha doce	3	3	0	0	SINTETICO
d311ef7a-9468-43e9-abd8-c90e780a4c65	2026-06-15	INTEGRAL	12	6753aa6f-0f7e-5208-8cd6-9e7a8733ef22	Leite com achocolatado	50	49	1	4	SINTETICO
4b1223f8-d704-40af-9f59-4eb9633ef720	2026-06-15	INTEGRAL	14	79eb9045-ebdc-53c5-9ede-a0e5d2b7b378	Requeijao caseiro	359	329	30	17	SINTETICO
f3c5df3d-f2e6-48c5-9497-cfa2cbb40b07	2026-06-15	INTEGRAL	15	add956e1-36ad-584e-b1e4-a4a8db28315f	Banana	141	124	17	4	SINTETICO
5a8b4e9d-0f22-4172-87ab-6f8b0be36ca4	2026-06-15	INTEGRAL	15	79ca1872-52e0-59dd-af29-543b793c0860	Macarrao ao sugo	43	41	2	6	SINTETICO
5495adeb-fa33-4e69-bfaa-7c3dd0f7aad6	2026-06-15	INTEGRAL	15	eed1d0ec-938c-53ef-94b9-626452f5fbd2	Sopa de legumes	22	20	2	7	SINTETICO
a1af9cb2-3685-4697-a213-e63658e0e6a1	2026-06-15	INTEGRAL	15	47fbd9af-ac57-5250-a6e2-0018c6bd21c0	Couve	71	63	8	15	SINTETICO
bde4cbb1-de1a-45c5-96bf-78941e490bd1	2026-06-15	INTEGRAL	15	6ce7a969-7c2b-5a21-b072-594a4412ab8b	Arroz branco	17	16	1	1	SINTETICO
ef0490b7-1179-40eb-be4d-eca3182fe848	2026-06-15	INTEGRAL	15	2f723cf1-ddd6-58e2-881e-3ab45db8cd2d	Feijao carioca	93	84	9	7	SINTETICO
f30c740c-83c3-452d-acaa-578e6ff9d208	2026-06-15	INTEGRAL	16	2f723cf1-ddd6-58e2-881e-3ab45db8cd2d	Feijao carioca	9	8	1	1	SINTETICO
6ecd4190-4d82-4ea6-83f1-e0a72b37a1b8	2026-06-15	INTEGRAL	16	84f7e794-a400-5d46-9efe-1c8a8f2f711d	Suco de fruta natural	0	0	0	0	SINTETICO
d65066a5-8064-4e05-a214-d6270cc448f0	2026-06-15	INTEGRAL	16	9bf7d50c-378c-58f7-ba1a-0dccafffc54c	Bolacha doce	14	12	2	0	SINTETICO
4bbec3c8-eca8-4b6f-856d-c5ec76b3498f	2026-06-15	INTEGRAL	17	6ce7a969-7c2b-5a21-b072-594a4412ab8b	Arroz branco	7	6	1	1	SINTETICO
01f5ff0a-9b38-4f6e-91ea-caa5ace1bf3e	2026-06-16	INTEGRAL	1	9bf7d50c-378c-58f7-ba1a-0dccafffc54c	Bolacha doce	54	49	5	2	SINTETICO
743d5572-9efa-4a27-9b0d-5a07d4a5adb6	2026-06-16	INTEGRAL	4	0db97b08-9e92-541d-b2d2-1bc810f8fbe8	Iogurte	36	33	3	2	SINTETICO
2408e38e-1296-446b-b17b-d1d84e3e4e9e	2026-06-16	INTEGRAL	4	84f7e794-a400-5d46-9efe-1c8a8f2f711d	Suco de fruta natural	396	375	21	23	SINTETICO
cd93a2af-b6f2-427e-ad77-353377aeb560	2026-06-16	INTEGRAL	4	3331b130-8600-5a59-9e35-f970f9ea497e	Ovo mexido	35	34	1	4	SINTETICO
94587114-94e2-41b8-bcb2-3a31ef85fda1	2026-06-16	INTEGRAL	5	9bf7d50c-378c-58f7-ba1a-0dccafffc54c	Bolacha doce	5	5	0	0	SINTETICO
f2a23f99-1265-491a-92ee-cebe292563cb	2026-06-16	MANHA	6	1b450f5b-ecde-5880-ad0a-91ce0920069d	Maca	16	15	1	1	SINTETICO
35716c09-321e-4918-8b80-031099163771	2026-06-16	MANHA	6	877577bb-d17f-5df7-b369-9be72e456774	Chuchu	0	0	0	0	SINTETICO
0b199dfc-6bd1-4547-ae11-aa5528d5b4d2	2026-06-16	INTEGRAL	7	0db97b08-9e92-541d-b2d2-1bc810f8fbe8	Iogurte	107	95	12	4	SINTETICO
2a998d55-1629-4dd4-a487-e74e2d6f3ad1	2026-06-16	INTEGRAL	7	9bf7d50c-378c-58f7-ba1a-0dccafffc54c	Bolacha doce	10	9	1	0	SINTETICO
58988229-47d5-4e88-b95d-79a10cc0f27d	2026-06-16	INTEGRAL	8	1b450f5b-ecde-5880-ad0a-91ce0920069d	Maca	34	31	3	2	SINTETICO
2467cd35-2738-4b39-9171-002aea38ff3a	2026-06-16	MANHA	10	add956e1-36ad-584e-b1e4-a4a8db28315f	Banana	407	368	39	12	SINTETICO
a263c585-fcc6-401e-a153-0902dabd8d2a	2026-06-16	MANHA	10	84f7e794-a400-5d46-9efe-1c8a8f2f711d	Suco de fruta natural	5	5	0	0	SINTETICO
c4f2ef85-f15e-40cb-a127-b2314a09b08f	2026-06-16	MANHA	10	6ce7a969-7c2b-5a21-b072-594a4412ab8b	Arroz branco	2	2	0	0	SINTETICO
7fbeb55e-f5ad-4f97-95a8-1da53a1277e3	2026-06-16	MANHA	10	153737d9-caa6-55d5-b086-f7e83fdab4d2	Pao com manteiga	72	64	8	5	SINTETICO
8d62aafd-d43f-4176-b6d8-19d7347823af	2026-06-16	MANHA	10	1b450f5b-ecde-5880-ad0a-91ce0920069d	Maca	223	204	19	8	SINTETICO
90549f1e-4fb1-4ec5-a1eb-d1ab2b709f1f	2026-06-16	MANHA	10	2f723cf1-ddd6-58e2-881e-3ab45db8cd2d	Feijao carioca	418	393	25	42	SINTETICO
a253f7ec-b97a-45b1-b5c1-85f92a38f4ec	2026-06-16	INTEGRAL	13	6ce7a969-7c2b-5a21-b072-594a4412ab8b	Arroz branco	17	15	2	1	SINTETICO
f9326572-97d4-409d-80c0-a5f59de70f9f	2026-06-16	INTEGRAL	13	eed1d0ec-938c-53ef-94b9-626452f5fbd2	Sopa de legumes	47	43	4	14	SINTETICO
31963b26-0d46-4769-bc18-65582c74e287	2026-06-16	INTEGRAL	15	9bf7d50c-378c-58f7-ba1a-0dccafffc54c	Bolacha doce	52	49	3	2	SINTETICO
104db8d4-5215-4cc0-bad2-3470bcc1fa42	2026-06-16	INTEGRAL	15	79ca1872-52e0-59dd-af29-543b793c0860	Macarrao ao sugo	341	335	6	58	SINTETICO
2c278ecd-2775-4fa0-9850-44411826ba32	2026-06-16	INTEGRAL	15	84f7e794-a400-5d46-9efe-1c8a8f2f711d	Suco de fruta natural	15	14	1	1	SINTETICO
19389d81-483f-467a-bf1f-7d1121150953	2026-06-16	MANHA	16	add956e1-36ad-584e-b1e4-a4a8db28315f	Banana	41	38	3	1	SINTETICO
548f3158-9916-4dae-9868-9f02a4ef04de	2026-06-16	MANHA	16	1b450f5b-ecde-5880-ad0a-91ce0920069d	Maca	80	73	7	4	SINTETICO
9aa7d41a-dd69-4b14-870d-2f8e02477b6b	2026-06-17	INTEGRAL	1	eed1d0ec-938c-53ef-94b9-626452f5fbd2	Sopa de legumes	47	43	4	15	SINTETICO
0faf5af7-6a7e-4e77-bf79-075026b7abb4	2026-06-17	INTEGRAL	1	1b450f5b-ecde-5880-ad0a-91ce0920069d	Maca	37	33	4	2	SINTETICO
d45d7cce-f8f6-4859-aea7-76b9110722bc	2026-06-17	INTEGRAL	1	6753aa6f-0f7e-5208-8cd6-9e7a8733ef22	Leite com achocolatado	29	27	2	2	SINTETICO
7e6afcd0-af4e-44ae-8969-dc9c2f8df0ed	2026-06-17	INTEGRAL	1	79ca1872-52e0-59dd-af29-543b793c0860	Macarrao ao sugo	20	18	2	3	SINTETICO
cace41c8-d5c0-43a3-971d-267c26e81697	2026-06-17	INTEGRAL	2	84f7e794-a400-5d46-9efe-1c8a8f2f711d	Suco de fruta natural	52	47	5	2	SINTETICO
4b9ff5b9-d438-4529-a50f-d9ae32b92586	2026-06-17	TARDE	3	add956e1-36ad-584e-b1e4-a4a8db28315f	Banana	325	290	35	11	SINTETICO
28d9c932-aec8-467e-af6e-8597d7c9c0b5	2026-06-17	TARDE	3	6ce7a969-7c2b-5a21-b072-594a4412ab8b	Arroz branco	381	346	35	21	SINTETICO
a89714f9-10fa-4371-a714-7bdabd4ed84c	2026-06-17	TARDE	3	6753aa6f-0f7e-5208-8cd6-9e7a8733ef22	Leite com achocolatado	19	18	1	1	SINTETICO
13777818-d71f-43d9-9739-b5998016d952	2026-06-17	TARDE	3	84f7e794-a400-5d46-9efe-1c8a8f2f711d	Suco de fruta natural	228	204	24	12	SINTETICO
0b3274d5-c3d3-401f-9cbf-fcbe2a5e18e4	2026-06-17	INTEGRAL	4	eed1d0ec-938c-53ef-94b9-626452f5fbd2	Sopa de legumes	176	169	7	54	SINTETICO
7eb57418-53da-4695-88a4-cd6ad1863f4c	2026-06-17	INTEGRAL	4	84f7e794-a400-5d46-9efe-1c8a8f2f711d	Suco de fruta natural	248	240	8	11	SINTETICO
cab9d8ef-1e97-420c-b2db-dd543fad1024	2026-06-17	INTEGRAL	6	2b907759-340a-5ede-88d3-7739822c9e55	Molho de carne moida	263	240	23	32	SINTETICO
b0438491-51e5-4f45-a8ce-09376b681688	2026-06-17	INTEGRAL	6	0db97b08-9e92-541d-b2d2-1bc810f8fbe8	Iogurte	23	22	1	1	SINTETICO
c4066104-47b7-49fb-8741-1fee589bc640	2026-06-17	INTEGRAL	6	2f723cf1-ddd6-58e2-881e-3ab45db8cd2d	Feijao carioca	34	33	1	3	SINTETICO
ac8bc68b-6897-42fe-87fd-d271efa81e7c	2026-06-17	INTEGRAL	6	1b450f5b-ecde-5880-ad0a-91ce0920069d	Maca	255	246	9	11	SINTETICO
67d53483-da97-46a3-a46e-ab9f41791c49	2026-06-17	INTEGRAL	6	f8c11e3f-147e-575c-879e-d8653a2b447f	Chuchu com tempero verde	28	26	2	7	SINTETICO
77640eee-e6d5-40d9-a14e-a97996c29129	2026-06-17	INTEGRAL	10	b6f014a3-eaad-57c0-8ee9-24eb9abb819a	Cuscuz	1	1	0	0	SINTETICO
c1f70651-fd90-48e8-9cdb-f55756892019	2026-06-17	INTEGRAL	11	6ce7a969-7c2b-5a21-b072-594a4412ab8b	Arroz branco	101	98	3	6	SINTETICO
a9102ead-929b-40cb-a998-8f1f1a310050	2026-06-17	INTEGRAL	12	b6f014a3-eaad-57c0-8ee9-24eb9abb819a	Cuscuz	30	28	2	3	SINTETICO
38602ed2-80ae-4a97-aff4-f7faf962bc10	2026-06-17	INTEGRAL	12	1b450f5b-ecde-5880-ad0a-91ce0920069d	Maca	27	26	1	2	SINTETICO
0dfef7a0-87c8-421d-9b77-726d742ca7ea	2026-06-17	INTEGRAL	12	79ca1872-52e0-59dd-af29-543b793c0860	Macarrao ao sugo	9	8	1	1	SINTETICO
f328a81d-6fe6-4321-afb8-ce990ce0c6ab	2026-06-17	INTEGRAL	12	877577bb-d17f-5df7-b369-9be72e456774	Chuchu	3	3	0	1	SINTETICO
bf349583-352c-486e-a3fb-ca6f3fd1957b	2026-06-17	INTEGRAL	12	2f723cf1-ddd6-58e2-881e-3ab45db8cd2d	Feijao carioca	117	103	14	7	SINTETICO
8f47b16a-c1fa-457b-bcfa-7844132dd788	2026-06-17	INTEGRAL	12	eed1d0ec-938c-53ef-94b9-626452f5fbd2	Sopa de legumes	57	50	7	18	SINTETICO
31fccb3b-b2e0-4cf8-b95c-3b2865e71d3c	2026-06-17	INTEGRAL	15	2f723cf1-ddd6-58e2-881e-3ab45db8cd2d	Feijao carioca	1	1	0	0	SINTETICO
7d3e102c-b816-44e3-8171-53651c2727c8	2026-06-17	INTEGRAL	18	6ce7a969-7c2b-5a21-b072-594a4412ab8b	Arroz branco	1	1	0	0	SINTETICO
ef7278a3-6327-41d1-9db1-8ff3a1d250ba	2026-06-18	INTEGRAL	2	0db97b08-9e92-541d-b2d2-1bc810f8fbe8	Iogurte	204	187	17	15	SINTETICO
53fad030-ec84-4b28-8f8c-93c1de56ae52	2026-06-18	INTEGRAL	3	add956e1-36ad-584e-b1e4-a4a8db28315f	Banana	63	57	6	2	SINTETICO
c9a70e09-bb6e-4f87-abf1-f7abc0ae37f7	2026-06-18	MANHA	5	2f723cf1-ddd6-58e2-881e-3ab45db8cd2d	Feijao carioca	73	64	9	5	SINTETICO
4693bf76-05bb-4fdf-b9b6-178a41c75c6f	2026-06-18	MANHA	5	b6f014a3-eaad-57c0-8ee9-24eb9abb819a	Cuscuz	146	143	3	13	SINTETICO
525b0030-3b8d-4474-926d-b9129118556c	2026-06-18	MANHA	5	add956e1-36ad-584e-b1e4-a4a8db28315f	Banana	0	0	0	0	SINTETICO
7185a361-6d07-459d-b8d6-ec00ec96b6fa	2026-06-18	MANHA	5	b4612635-bcf9-56d3-bc95-ef912ff6a829	Cenoura cozida	8	7	1	1	SINTETICO
0437680a-d61c-4bd9-8302-369d9aff2c87	2026-06-18	TARDE	7	0db97b08-9e92-541d-b2d2-1bc810f8fbe8	Iogurte	247	228	19	10	SINTETICO
ced3d5ea-9389-487d-8aaf-5fc6fb1eae3f	2026-06-18	INTEGRAL	8	79ca1872-52e0-59dd-af29-543b793c0860	Macarrao ao sugo	220	200	20	28	SINTETICO
41cf62c0-8c6c-457f-8fce-6f769feb541a	2026-06-18	INTEGRAL	10	6753aa6f-0f7e-5208-8cd6-9e7a8733ef22	Leite com achocolatado	5	4	1	0	SINTETICO
2ee9bf30-2e6f-4deb-9844-bb6b1f2060ca	2026-06-18	INTEGRAL	10	0db97b08-9e92-541d-b2d2-1bc810f8fbe8	Iogurte	84	73	11	5	SINTETICO
516a3506-3b78-4d7b-8108-9a045c8aefe9	2026-06-18	INTEGRAL	11	6753aa6f-0f7e-5208-8cd6-9e7a8733ef22	Leite com achocolatado	39	38	1	2	SINTETICO
362a30a0-3342-4034-90d0-78a66c34fda2	2026-06-18	INTEGRAL	11	1b450f5b-ecde-5880-ad0a-91ce0920069d	Maca	0	0	0	0	SINTETICO
e36deb9f-d918-47a4-bdce-ba8023a758fb	2026-06-18	INTEGRAL	11	9bf7d50c-378c-58f7-ba1a-0dccafffc54c	Bolacha doce	9	9	0	0	SINTETICO
619d1c7c-253d-438e-913d-52565015812c	2026-06-18	INTEGRAL	11	153737d9-caa6-55d5-b086-f7e83fdab4d2	Pao com manteiga	30	29	1	2	SINTETICO
5a8ab9fc-8dee-4ddc-8aa5-51fd616a65cd	2026-06-18	MANHA	12	0db97b08-9e92-541d-b2d2-1bc810f8fbe8	Iogurte	3	3	0	0	SINTETICO
d352f0bf-e272-409d-b91f-6bd163eeae94	2026-06-18	MANHA	12	f8c11e3f-147e-575c-879e-d8653a2b447f	Chuchu com tempero verde	0	0	0	0	SINTETICO
78504b8a-f631-48aa-b5c3-283da1d0c6c2	2026-06-18	MANHA	13	6753aa6f-0f7e-5208-8cd6-9e7a8733ef22	Leite com achocolatado	99	92	7	6	SINTETICO
b446abf8-77f3-4947-9ae7-aa1663f233d4	2026-06-18	MANHA	13	b6f014a3-eaad-57c0-8ee9-24eb9abb819a	Cuscuz	2	2	0	0	SINTETICO
4e3f897b-7a0e-49e0-b3fa-cf60b9ad2fcb	2026-06-18	MANHA	13	153737d9-caa6-55d5-b086-f7e83fdab4d2	Pao com manteiga	2	2	0	0	SINTETICO
486f104a-7b3b-4f69-860b-ce55e4071467	2026-06-18	INTEGRAL	14	b6f014a3-eaad-57c0-8ee9-24eb9abb819a	Cuscuz	0	0	0	0	SINTETICO
a571e50e-d517-40dc-8885-3bf2dfa33803	2026-06-18	INTEGRAL	14	add956e1-36ad-584e-b1e4-a4a8db28315f	Banana	89	83	6	2	SINTETICO
5c4ae902-3d1d-409c-af20-0165405d9656	2026-06-18	INTEGRAL	14	6ce7a969-7c2b-5a21-b072-594a4412ab8b	Arroz branco	63	56	7	5	SINTETICO
22ebd59e-b2fc-4928-88e2-79adedba042c	2026-06-18	INTEGRAL	14	84f7e794-a400-5d46-9efe-1c8a8f2f711d	Suco de fruta natural	222	197	25	12	SINTETICO
abe58446-201f-40d5-b284-880140bb3b6c	2026-06-18	INTEGRAL	15	6753aa6f-0f7e-5208-8cd6-9e7a8733ef22	Leite com achocolatado	38	36	2	2	SINTETICO
2afc4783-e218-45e7-9c52-b4855b34c642	2026-06-18	MANHA	17	153737d9-caa6-55d5-b086-f7e83fdab4d2	Pao com manteiga	17	15	2	1	SINTETICO
93a34f2b-9200-4e95-89be-2daa03c2c776	2026-06-18	MANHA	17	84f7e794-a400-5d46-9efe-1c8a8f2f711d	Suco de fruta natural	25	24	1	1	SINTETICO
652c7d0e-bcb2-47fc-8825-3ae381b1018c	2026-06-18	MANHA	17	b6f014a3-eaad-57c0-8ee9-24eb9abb819a	Cuscuz	24	22	2	3	SINTETICO
ae9b1aa9-229a-49b7-97b3-f72046576f93	2026-06-19	MANHA	1	6753aa6f-0f7e-5208-8cd6-9e7a8733ef22	Leite com achocolatado	8	7	1	0	SINTETICO
dac89124-ee80-4506-8497-388b3247a6fd	2026-06-19	MANHA	1	add956e1-36ad-584e-b1e4-a4a8db28315f	Banana	0	0	0	0	SINTETICO
94a35be8-de6f-41e1-9083-4251a2b93d96	2026-06-19	MANHA	2	0db97b08-9e92-541d-b2d2-1bc810f8fbe8	Iogurte	3	3	0	0	SINTETICO
ca364b57-5fa6-4467-a7c7-be420b04bcdd	2026-06-19	MANHA	2	add956e1-36ad-584e-b1e4-a4a8db28315f	Banana	60	53	7	3	SINTETICO
4621b8b6-711b-4bc6-8ac6-8c65d21eff0a	2026-06-19	MANHA	2	84f7e794-a400-5d46-9efe-1c8a8f2f711d	Suco de fruta natural	341	324	17	12	SINTETICO
3f02593b-4f8b-4a03-bc5a-70ddd9277a1d	2026-06-19	MANHA	2	1b450f5b-ecde-5880-ad0a-91ce0920069d	Maca	95	85	10	5	SINTETICO
a90966cf-9638-4899-a82b-31bad22fec2f	2026-06-19	MANHA	2	2f723cf1-ddd6-58e2-881e-3ab45db8cd2d	Feijao carioca	77	74	3	5	SINTETICO
5422c3a2-f28e-44cf-80e0-9eb9da313477	2026-06-19	MANHA	2	b6f014a3-eaad-57c0-8ee9-24eb9abb819a	Cuscuz	26	25	1	2	SINTETICO
278e2cef-e4db-4bdc-a478-71052432d119	2026-06-19	MANHA	2	79ca1872-52e0-59dd-af29-543b793c0860	Macarrao ao sugo	2	2	0	0	SINTETICO
8a13e012-ef77-4c62-ace3-e706a0c54b02	2026-06-19	INTEGRAL	4	6753aa6f-0f7e-5208-8cd6-9e7a8733ef22	Leite com achocolatado	325	311	14	19	SINTETICO
94cc9091-154b-4af0-94d4-b8bf462b36e9	2026-06-19	INTEGRAL	4	add956e1-36ad-584e-b1e4-a4a8db28315f	Banana	1	1	0	0	SINTETICO
f38cd5b4-83c0-4e52-b153-6423889ea975	2026-06-19	INTEGRAL	4	1b450f5b-ecde-5880-ad0a-91ce0920069d	Maca	2	2	0	0	SINTETICO
cfa9bea5-6027-4083-ad97-beaeeb51c710	2026-06-19	INTEGRAL	5	1b450f5b-ecde-5880-ad0a-91ce0920069d	Maca	348	341	7	21	SINTETICO
c93fb6cf-46e7-416f-9574-5c35d1b6c8cb	2026-06-19	INTEGRAL	5	84f7e794-a400-5d46-9efe-1c8a8f2f711d	Suco de fruta natural	48	44	4	2	SINTETICO
111b1f36-262f-409c-923d-a183bddae563	2026-06-19	INTEGRAL	5	0db97b08-9e92-541d-b2d2-1bc810f8fbe8	Iogurte	15	14	1	1	SINTETICO
dd5d9b97-d9c2-4039-a795-d88bcecb7c57	2026-06-19	INTEGRAL	5	6ce7a969-7c2b-5a21-b072-594a4412ab8b	Arroz branco	14	14	0	1	SINTETICO
2067ebdd-b06e-4417-a98b-05bc8b1608ff	2026-06-19	INTEGRAL	5	9bf7d50c-378c-58f7-ba1a-0dccafffc54c	Bolacha doce	54	49	5	2	SINTETICO
771b339a-db7e-4ab7-a46c-ddb1c201910b	2026-06-19	MANHA	6	1b450f5b-ecde-5880-ad0a-91ce0920069d	Maca	0	0	0	0	SINTETICO
ab0bbbf9-54e1-4248-adf2-72fbef103c1d	2026-06-19	MANHA	6	2f723cf1-ddd6-58e2-881e-3ab45db8cd2d	Feijao carioca	34	33	1	3	SINTETICO
c8e32169-bdab-44af-a807-31d22475fb30	2026-06-19	MANHA	6	b6f014a3-eaad-57c0-8ee9-24eb9abb819a	Cuscuz	196	192	4	30	SINTETICO
799d26e0-7c2b-4858-828f-93f865eb348e	2026-06-19	INTEGRAL	7	153737d9-caa6-55d5-b086-f7e83fdab4d2	Pao com manteiga	93	89	4	7	SINTETICO
37c5a8cb-40c8-4dae-a8fd-db3a2f6c234f	2026-06-19	INTEGRAL	7	2f723cf1-ddd6-58e2-881e-3ab45db8cd2d	Feijao carioca	22	22	0	2	SINTETICO
485cd014-a1f7-453c-bc39-eace41d99d67	2026-06-19	INTEGRAL	8	0db97b08-9e92-541d-b2d2-1bc810f8fbe8	Iogurte	39	38	1	2	SINTETICO
eb7676dc-6166-48c1-b6cb-36c3ffef81b1	2026-06-19	MANHA	9	b6f014a3-eaad-57c0-8ee9-24eb9abb819a	Cuscuz	39	36	3	3	SINTETICO
8454c8ce-bcd2-4f53-8432-eadd99a1ccf4	2026-06-19	MANHA	11	9bf7d50c-378c-58f7-ba1a-0dccafffc54c	Bolacha doce	45	44	1	2	SINTETICO
8d6b874a-2fde-41e1-87ba-e9bf7938ae1b	2026-06-19	MANHA	11	1b450f5b-ecde-5880-ad0a-91ce0920069d	Maca	50	45	5	2	SINTETICO
4382fdcd-b0dc-47b4-ace4-bff12bbb9eb9	2026-06-19	MANHA	12	0db97b08-9e92-541d-b2d2-1bc810f8fbe8	Iogurte	0	0	0	0	SINTETICO
80940bf7-af44-4bb1-ac33-e866bc8e758b	2026-06-19	MANHA	12	6ce7a969-7c2b-5a21-b072-594a4412ab8b	Arroz branco	10	9	1	1	SINTETICO
6655a553-9189-4b3c-9385-b6a0a2f07682	2026-06-19	MANHA	12	153737d9-caa6-55d5-b086-f7e83fdab4d2	Pao com manteiga	3	3	0	0	SINTETICO
d25b0d53-9f17-407c-9a7a-6e798e70dd86	2026-06-19	MANHA	13	6ce7a969-7c2b-5a21-b072-594a4412ab8b	Arroz branco	0	0	0	0	SINTETICO
98bbe416-fda8-41f6-aa28-bd6704472d9b	2026-06-19	MANHA	13	0db97b08-9e92-541d-b2d2-1bc810f8fbe8	Iogurte	15	13	2	1	SINTETICO
1bfbf92b-1d02-4420-ae7d-7ab5228e2d12	2026-06-19	MANHA	13	6753aa6f-0f7e-5208-8cd6-9e7a8733ef22	Leite com achocolatado	46	43	3	2	SINTETICO
1c3e1276-5017-4b5a-8155-65b1269cc526	2026-06-19	INTEGRAL	16	6753aa6f-0f7e-5208-8cd6-9e7a8733ef22	Leite com achocolatado	18	17	1	1	SINTETICO
05b5e399-0cdd-45e3-ad7f-d801ad5b53eb	2026-06-19	TARDE	17	1b450f5b-ecde-5880-ad0a-91ce0920069d	Maca	24	21	3	1	SINTETICO
a2ded0d5-09b0-4268-a7ee-84a6cfe57b8a	2026-06-19	TARDE	17	6753aa6f-0f7e-5208-8cd6-9e7a8733ef22	Leite com achocolatado	88	79	9	6	SINTETICO
6c119bda-9feb-4131-8d96-8383e03f7da1	2026-06-19	TARDE	17	eed1d0ec-938c-53ef-94b9-626452f5fbd2	Sopa de legumes	41	37	4	8	SINTETICO
8925dc32-8f2d-4121-a530-63351ec70274	2026-06-19	TARDE	18	add956e1-36ad-584e-b1e4-a4a8db28315f	Banana	0	0	0	0	SINTETICO
dcadeb1b-5b2f-452b-9d68-1f498b2e3065	2026-06-22	MANHA	1	2f723cf1-ddd6-58e2-881e-3ab45db8cd2d	Feijao carioca	2	2	0	0	SINTETICO
0567b01d-b6e9-4496-86e3-f9eae3f39c26	2026-06-22	MANHA	1	500ccd6c-b321-531f-81ae-3999b578c2e4	Pure de moranga	13	12	1	3	SINTETICO
647fcfd8-62e5-4a9e-9418-84aca944081c	2026-06-22	TARDE	3	6ce7a969-7c2b-5a21-b072-594a4412ab8b	Arroz branco	161	158	3	12	SINTETICO
908bc9f2-470b-4ba8-8064-10c70bd7662c	2026-06-22	INTEGRAL	4	153737d9-caa6-55d5-b086-f7e83fdab4d2	Pao com manteiga	37	37	0	3	SINTETICO
6a65b0e6-8c6e-4ead-9ea7-17b930d3bfee	2026-06-22	INTEGRAL	4	add956e1-36ad-584e-b1e4-a4a8db28315f	Banana	70	67	3	2	SINTETICO
46ee5955-f09f-49e0-8bc3-458bc94f495e	2026-06-22	INTEGRAL	4	0db97b08-9e92-541d-b2d2-1bc810f8fbe8	Iogurte	19	18	1	1	SINTETICO
6087afa2-2afc-4917-adee-037474139a65	2026-06-22	INTEGRAL	5	84f7e794-a400-5d46-9efe-1c8a8f2f711d	Suco de fruta natural	11	10	1	1	SINTETICO
ec2a80fa-3a2c-452c-9a68-f0605bc652e1	2026-06-22	INTEGRAL	5	1b450f5b-ecde-5880-ad0a-91ce0920069d	Maca	106	105	1	4	SINTETICO
cc18e6fb-f3f1-432a-9823-a2d469923ae4	2026-06-22	INTEGRAL	6	9bf7d50c-378c-58f7-ba1a-0dccafffc54c	Bolacha doce	37	34	3	2	SINTETICO
3d232cbc-5d8f-4686-a62d-62c3cf816b1f	2026-06-22	INTEGRAL	6	b6f014a3-eaad-57c0-8ee9-24eb9abb819a	Cuscuz	13	12	1	1	SINTETICO
464d8e02-6c8a-4bbb-be46-f1f6d5a2ea36	2026-06-22	INTEGRAL	6	153737d9-caa6-55d5-b086-f7e83fdab4d2	Pao com manteiga	60	52	8	3	SINTETICO
f7563288-efe7-4c83-8fc7-b080f70a1e23	2026-06-22	TARDE	7	6ce7a969-7c2b-5a21-b072-594a4412ab8b	Arroz branco	40	37	3	2	SINTETICO
dae23446-66b2-4f2d-b819-c2acfe5a916b	2026-06-22	INTEGRAL	8	0db97b08-9e92-541d-b2d2-1bc810f8fbe8	Iogurte	37	34	3	2	SINTETICO
77d6b883-57cc-4f38-a41f-b5f22e97c88a	2026-06-22	INTEGRAL	8	6ce7a969-7c2b-5a21-b072-594a4412ab8b	Arroz branco	2	2	0	0	SINTETICO
37aa66e7-91bc-4589-aefe-81fcad32a7d1	2026-06-22	TARDE	10	2f723cf1-ddd6-58e2-881e-3ab45db8cd2d	Feijao carioca	395	387	8	31	SINTETICO
66adb2a9-d475-4c6b-a275-5ea9e8a1aa3f	2026-06-22	TARDE	10	add956e1-36ad-584e-b1e4-a4a8db28315f	Banana	24	21	3	1	SINTETICO
45912217-72bc-4023-ac94-ebc10ad149f3	2026-06-22	TARDE	10	1b450f5b-ecde-5880-ad0a-91ce0920069d	Maca	56	50	6	2	SINTETICO
502ab4ee-a979-48e9-9340-650778c4c9c1	2026-06-22	INTEGRAL	12	b6f014a3-eaad-57c0-8ee9-24eb9abb819a	Cuscuz	2	2	0	0	SINTETICO
609d1f96-4b62-4e40-af6a-405daa903b55	2026-06-22	INTEGRAL	12	2f723cf1-ddd6-58e2-881e-3ab45db8cd2d	Feijao carioca	9	8	1	1	SINTETICO
165b60bf-6c05-48c6-a120-b034b2030d03	2026-06-22	INTEGRAL	12	094e6e93-4244-5901-b94b-836b2b9b21be	Carne suina acebolada	62	57	5	8	SINTETICO
7982e2b6-5144-4391-b4ff-ac073a7c5ea5	2026-06-22	INTEGRAL	13	6ce7a969-7c2b-5a21-b072-594a4412ab8b	Arroz branco	84	76	8	6	SINTETICO
3cdae726-caaf-4f9f-acff-8611a3318285	2026-06-22	INTEGRAL	13	84f7e794-a400-5d46-9efe-1c8a8f2f711d	Suco de fruta natural	89	82	7	3	SINTETICO
2e726fdf-dc70-4ecd-83ba-3e9045545a6e	2026-06-22	INTEGRAL	13	add956e1-36ad-584e-b1e4-a4a8db28315f	Banana	344	337	7	16	SINTETICO
97c8208a-1514-4264-a9c6-c44b86eb3f60	2026-06-22	INTEGRAL	13	2f723cf1-ddd6-58e2-881e-3ab45db8cd2d	Feijao carioca	29	27	2	2	SINTETICO
029771b6-22b6-4206-a3d6-8abd37142963	2026-06-22	INTEGRAL	15	add956e1-36ad-584e-b1e4-a4a8db28315f	Banana	21	21	0	1	SINTETICO
6302a0e2-c3cc-407a-86da-c311533e35e9	2026-06-22	INTEGRAL	15	79ca1872-52e0-59dd-af29-543b793c0860	Macarrao ao sugo	33	32	1	4	SINTETICO
f1fa20ad-94ca-4040-8884-8e0450fd9dba	2026-06-23	INTEGRAL	1	add956e1-36ad-584e-b1e4-a4a8db28315f	Banana	2	2	0	0	SINTETICO
6874c7f9-e4b8-4364-8743-aa52431cd2a7	2026-06-23	INTEGRAL	2	1b450f5b-ecde-5880-ad0a-91ce0920069d	Maca	2	2	0	0	SINTETICO
463f04da-394d-4b57-bb5d-c155ee43b1ba	2026-06-23	INTEGRAL	3	b6f014a3-eaad-57c0-8ee9-24eb9abb819a	Cuscuz	85	80	5	7	SINTETICO
82179adb-ba6f-4ed5-9740-867059f4d265	2026-06-23	INTEGRAL	3	153737d9-caa6-55d5-b086-f7e83fdab4d2	Pao com manteiga	21	20	1	1	SINTETICO
779e640c-b45d-4862-8ab5-cd710837df1a	2026-06-23	INTEGRAL	3	0db97b08-9e92-541d-b2d2-1bc810f8fbe8	Iogurte	47	42	5	3	SINTETICO
61ce2eaf-3c7c-411c-a120-3b5ff3f259a5	2026-06-23	INTEGRAL	4	b6f014a3-eaad-57c0-8ee9-24eb9abb819a	Cuscuz	45	45	0	4	SINTETICO
00a536ab-4f23-4116-9f79-c923ce58cace	2026-06-23	INTEGRAL	4	2f723cf1-ddd6-58e2-881e-3ab45db8cd2d	Feijao carioca	1	1	0	0	SINTETICO
f7bea26e-08c6-47b7-aee2-873e10107514	2026-06-23	INTEGRAL	4	6ce7a969-7c2b-5a21-b072-594a4412ab8b	Arroz branco	80	75	5	6	SINTETICO
e254b256-a276-4efa-90b6-bcd3bdab59bc	2026-06-23	MANHA	5	2f723cf1-ddd6-58e2-881e-3ab45db8cd2d	Feijao carioca	42	37	5	3	SINTETICO
9af02430-6a2f-440a-8b64-ddc1e8b8be32	2026-06-23	MANHA	5	153737d9-caa6-55d5-b086-f7e83fdab4d2	Pao com manteiga	51	51	0	4	SINTETICO
4e525a70-d2df-4783-81a0-abc602622c14	2026-06-23	INTEGRAL	9	9bf7d50c-378c-58f7-ba1a-0dccafffc54c	Bolacha doce	3	3	0	0	SINTETICO
2b68424a-507c-4534-86b0-1ae0694e056f	2026-06-23	INTEGRAL	11	2f723cf1-ddd6-58e2-881e-3ab45db8cd2d	Feijao carioca	10	10	0	1	SINTETICO
cc402ca7-341c-4216-95ae-ea6f09b21d2b	2026-06-23	INTEGRAL	11	eed1d0ec-938c-53ef-94b9-626452f5fbd2	Sopa de legumes	1	1	0	0	SINTETICO
34e68ecf-96e8-4e3b-8bc3-5c621f3c1fc2	2026-06-23	INTEGRAL	11	84f7e794-a400-5d46-9efe-1c8a8f2f711d	Suco de fruta natural	0	0	0	0	SINTETICO
a902e079-5e14-4307-9ddd-155f768e0eda	2026-06-23	INTEGRAL	11	add956e1-36ad-584e-b1e4-a4a8db28315f	Banana	4	4	0	0	SINTETICO
c10c3d73-dfea-40ad-af70-38a11974b202	2026-06-23	INTEGRAL	14	9bf7d50c-378c-58f7-ba1a-0dccafffc54c	Bolacha doce	41	37	4	2	SINTETICO
f86be58e-13d6-4af5-a38d-160f1c9f9a19	2026-06-23	INTEGRAL	14	eed1d0ec-938c-53ef-94b9-626452f5fbd2	Sopa de legumes	1	1	0	0	SINTETICO
bfb3ab4e-aca8-4d4d-8790-2ed2fce48e4e	2026-06-23	INTEGRAL	15	6753aa6f-0f7e-5208-8cd6-9e7a8733ef22	Leite com achocolatado	1	1	0	0	SINTETICO
c88229f7-81ce-410f-add4-207a01941167	2026-06-23	INTEGRAL	15	2f723cf1-ddd6-58e2-881e-3ab45db8cd2d	Feijao carioca	51	48	3	4	SINTETICO
113d732d-6985-42e2-abda-852707be9937	2026-06-23	MANHA	17	84f7e794-a400-5d46-9efe-1c8a8f2f711d	Suco de fruta natural	75	72	3	3	SINTETICO
0e783639-9a40-4d12-bca3-2f8d74a87d68	2026-06-23	MANHA	17	b6f014a3-eaad-57c0-8ee9-24eb9abb819a	Cuscuz	0	0	0	0	SINTETICO
184f33eb-0eca-459d-966b-f08e073fb8d8	2026-06-23	MANHA	17	6753aa6f-0f7e-5208-8cd6-9e7a8733ef22	Leite com achocolatado	181	175	6	9	SINTETICO
3d00e19a-4d6b-496b-9682-0ef44a17a4ca	2026-06-23	MANHA	18	0db97b08-9e92-541d-b2d2-1bc810f8fbe8	Iogurte	111	110	1	7	SINTETICO
294804b8-be4f-46d5-97bd-4fb0afe41481	2026-06-23	MANHA	18	79ca1872-52e0-59dd-af29-543b793c0860	Macarrao ao sugo	418	386	32	68	SINTETICO
80f5e491-0ffa-4301-a29a-1d7897e034f9	2026-06-23	MANHA	18	1b450f5b-ecde-5880-ad0a-91ce0920069d	Maca	82	75	7	5	SINTETICO
f815e29a-d06e-4557-b07e-26f731b5d7ef	2026-06-23	MANHA	18	b6f014a3-eaad-57c0-8ee9-24eb9abb819a	Cuscuz	340	311	29	30	SINTETICO
7e208edb-eed4-4827-8e03-7d43583fe1e6	2026-06-23	MANHA	18	eed1d0ec-938c-53ef-94b9-626452f5fbd2	Sopa de legumes	25	23	2	8	SINTETICO
5b31d3a9-7664-4f00-99a7-44f5ee9e4ede	2026-06-23	MANHA	18	6ce7a969-7c2b-5a21-b072-594a4412ab8b	Arroz branco	156	152	4	11	SINTETICO
7b92f0cf-7bf6-4ff3-9945-5ddef0999401	2026-06-24	MANHA	2	0db97b08-9e92-541d-b2d2-1bc810f8fbe8	Iogurte	57	56	1	3	SINTETICO
6165cf45-33ec-446f-963e-307e3587d106	2026-06-24	INTEGRAL	4	0db97b08-9e92-541d-b2d2-1bc810f8fbe8	Iogurte	18	16	2	1	SINTETICO
06bb6213-2a98-42c0-84fe-5652073522c0	2026-06-24	MANHA	5	2f723cf1-ddd6-58e2-881e-3ab45db8cd2d	Feijao carioca	186	183	3	20	SINTETICO
dee6ee88-3400-4603-a933-949c0e7f3b35	2026-06-24	MANHA	5	6ce7a969-7c2b-5a21-b072-594a4412ab8b	Arroz branco	14	13	1	1	SINTETICO
fa3e983d-9dec-4ede-ab9c-1b18bd2e1a32	2026-06-24	MANHA	5	9bf7d50c-378c-58f7-ba1a-0dccafffc54c	Bolacha doce	100	94	6	5	SINTETICO
f465375a-8ace-470f-961a-6ec8eb260bb8	2026-06-24	MANHA	5	add956e1-36ad-584e-b1e4-a4a8db28315f	Banana	43	42	1	2	SINTETICO
5cd01bd2-cfcd-4b49-8d42-3b4bb94256f8	2026-06-24	MANHA	5	877577bb-d17f-5df7-b369-9be72e456774	Chuchu	53	49	4	16	SINTETICO
c3159bbf-9a90-4118-ae23-37e7f003c997	2026-06-24	MANHA	5	eed1d0ec-938c-53ef-94b9-626452f5fbd2	Sopa de legumes	123	115	8	44	SINTETICO
0e83eb24-f013-4db2-b736-5aa67376953b	2026-06-24	MANHA	7	b6f014a3-eaad-57c0-8ee9-24eb9abb819a	Cuscuz	16	14	2	1	SINTETICO
7094a3b7-a4ae-4fb9-bb43-0c2729ffb833	2026-06-24	MANHA	7	eed1d0ec-938c-53ef-94b9-626452f5fbd2	Sopa de legumes	279	276	3	91	SINTETICO
c96395d6-bf12-4624-b39c-8c1ea7e92629	2026-06-24	MANHA	7	79ca1872-52e0-59dd-af29-543b793c0860	Macarrao ao sugo	40	38	2	6	SINTETICO
246ebefa-1cf3-48c6-8d3d-d73f618cf143	2026-06-24	MANHA	7	153737d9-caa6-55d5-b086-f7e83fdab4d2	Pao com manteiga	17	16	1	1	SINTETICO
63b45b76-8bc7-4786-adfa-bdf22bc1dfc0	2026-06-24	INTEGRAL	8	0db97b08-9e92-541d-b2d2-1bc810f8fbe8	Iogurte	0	0	0	0	SINTETICO
827c3edd-26ff-4b32-8ae9-d63f576ca3bb	2026-06-24	INTEGRAL	8	4f15f44d-d9a3-5a55-8fd0-0b738c2e28a3	Polenta cozida	83	77	6	12	SINTETICO
e92a5a08-ec33-409a-8e5e-221bbbf3d118	2026-06-24	INTEGRAL	8	b6f014a3-eaad-57c0-8ee9-24eb9abb819a	Cuscuz	139	122	17	15	SINTETICO
8b0252e6-8305-4f69-a7e6-684f29c006da	2026-06-24	INTEGRAL	9	0db97b08-9e92-541d-b2d2-1bc810f8fbe8	Iogurte	89	79	10	5	SINTETICO
85e2a469-3f13-489f-877e-c820700dfcb5	2026-06-24	INTEGRAL	12	1b450f5b-ecde-5880-ad0a-91ce0920069d	Maca	68	68	0	3	SINTETICO
43702f66-e927-4cc4-b346-97bbf00064d8	2026-06-24	INTEGRAL	12	6753aa6f-0f7e-5208-8cd6-9e7a8733ef22	Leite com achocolatado	4	4	0	0	SINTETICO
1945faa5-bddc-4e0c-8fb4-e09c38369d62	2026-06-24	INTEGRAL	12	79ca1872-52e0-59dd-af29-543b793c0860	Macarrao ao sugo	106	93	13	15	SINTETICO
cb0d3f58-d5e8-41c5-b689-8c3ada3db309	2026-06-24	MANHA	13	add956e1-36ad-584e-b1e4-a4a8db28315f	Banana	87	85	2	3	SINTETICO
c5dc57bc-6755-44bc-961f-6aff54a9601e	2026-06-24	TARDE	14	2f723cf1-ddd6-58e2-881e-3ab45db8cd2d	Feijao carioca	6	6	0	0	SINTETICO
6e82c6c6-0d1b-403a-912e-c1a20465c2b1	2026-06-24	TARDE	14	0db97b08-9e92-541d-b2d2-1bc810f8fbe8	Iogurte	0	0	0	0	SINTETICO
8437f241-79e4-4044-aa28-bfa9f6d583c7	2026-06-24	MANHA	15	79ca1872-52e0-59dd-af29-543b793c0860	Macarrao ao sugo	34	32	2	4	SINTETICO
bc873cc8-e6cb-4bc0-b0e6-be737daf2c1a	2026-06-24	MANHA	15	9bf7d50c-378c-58f7-ba1a-0dccafffc54c	Bolacha doce	42	40	2	2	SINTETICO
c11ad407-952d-4f61-b157-772e3042530a	2026-06-24	MANHA	15	eed1d0ec-938c-53ef-94b9-626452f5fbd2	Sopa de legumes	74	71	3	21	SINTETICO
f0162e34-94b9-4fa3-9541-ff5d5b76969e	2026-06-24	MANHA	15	84f7e794-a400-5d46-9efe-1c8a8f2f711d	Suco de fruta natural	2	2	0	0	SINTETICO
022b400e-9eb6-47e2-a8e0-acce895f690f	2026-06-24	MANHA	15	b6f014a3-eaad-57c0-8ee9-24eb9abb819a	Cuscuz	190	172	18	19	SINTETICO
327070d1-eb85-4576-84c0-283be085bfb1	2026-06-24	MANHA	15	2f723cf1-ddd6-58e2-881e-3ab45db8cd2d	Feijao carioca	14	13	1	1	SINTETICO
db6806f5-14b9-46da-9c32-f1c1d1c37d3e	2026-06-24	MANHA	15	add956e1-36ad-584e-b1e4-a4a8db28315f	Banana	3	3	0	0	SINTETICO
6480c427-44ed-49b8-a40d-10c8ece9847f	2026-06-24	INTEGRAL	16	153737d9-caa6-55d5-b086-f7e83fdab4d2	Pao com manteiga	34	32	2	1	SINTETICO
379693ae-bd1f-4c43-8299-4047f41d0a2d	2026-06-24	INTEGRAL	17	b6f014a3-eaad-57c0-8ee9-24eb9abb819a	Cuscuz	3	3	0	0	SINTETICO
cdef52af-dd80-4d70-8a7b-fc1ce7e69ed0	2026-06-24	INTEGRAL	17	4f15f44d-d9a3-5a55-8fd0-0b738c2e28a3	Polenta cozida	6	6	0	1	SINTETICO
13fd55d5-7fd8-427a-afd9-71859c4d72ce	2026-06-24	INTEGRAL	17	6753aa6f-0f7e-5208-8cd6-9e7a8733ef22	Leite com achocolatado	86	84	2	5	SINTETICO
9d80ff9f-59b5-4945-97b6-e30a951d1a89	2026-06-24	INTEGRAL	17	b4612635-bcf9-56d3-bc95-ef912ff6a829	Cenoura cozida	14	13	1	3	SINTETICO
04e3ca50-0f28-49c8-9494-27b280e2b4bb	2026-06-25	INTEGRAL	1	b6f014a3-eaad-57c0-8ee9-24eb9abb819a	Cuscuz	51	48	3	7	SINTETICO
aaa0f7f2-b42c-47ae-9f65-1d8fc8dd9f7d	2026-06-25	INTEGRAL	1	0db97b08-9e92-541d-b2d2-1bc810f8fbe8	Iogurte	11	11	0	1	SINTETICO
fa52b2e6-731f-4733-94c3-913b31b8e1ad	2026-06-25	INTEGRAL	1	1b450f5b-ecde-5880-ad0a-91ce0920069d	Maca	29	27	2	1	SINTETICO
cd3ec46c-deb1-4bcb-a69d-bf0ad3d4c33e	2026-06-25	INTEGRAL	1	9bf7d50c-378c-58f7-ba1a-0dccafffc54c	Bolacha doce	28	25	3	1	SINTETICO
8df2a4e5-8f4c-492b-bad8-cf89e27d3a64	2026-06-25	INTEGRAL	3	6ce7a969-7c2b-5a21-b072-594a4412ab8b	Arroz branco	222	201	21	14	SINTETICO
0e6a38e1-bd34-4cf3-b889-2f5f7009191b	2026-06-25	INTEGRAL	3	84f7e794-a400-5d46-9efe-1c8a8f2f711d	Suco de fruta natural	86	77	9	5	SINTETICO
210c5709-93cc-4600-8b57-a5860eff84da	2026-06-25	INTEGRAL	3	2f723cf1-ddd6-58e2-881e-3ab45db8cd2d	Feijao carioca	27	24	3	2	SINTETICO
98d01409-8be5-4e81-ad2b-308a2f0c7c32	2026-06-25	MANHA	4	79ca1872-52e0-59dd-af29-543b793c0860	Macarrao ao sugo	0	0	0	0	SINTETICO
ebf6f985-16ef-4bd2-8b22-3240eb7b9e95	2026-06-25	MANHA	4	6753aa6f-0f7e-5208-8cd6-9e7a8733ef22	Leite com achocolatado	50	48	2	4	SINTETICO
8d297aac-619b-4eff-a1fc-f48c69600d7f	2026-06-25	INTEGRAL	5	153737d9-caa6-55d5-b086-f7e83fdab4d2	Pao com manteiga	16	14	2	1	SINTETICO
a4ae1c2e-d44d-470c-a2ab-f428844d0146	2026-06-25	TARDE	10	2f723cf1-ddd6-58e2-881e-3ab45db8cd2d	Feijao carioca	1	1	0	0	SINTETICO
ef0db43d-ecc7-42f6-a7c6-bede8bbbcca5	2026-06-25	TARDE	10	0db97b08-9e92-541d-b2d2-1bc810f8fbe8	Iogurte	2	2	0	0	SINTETICO
4be6a728-a71c-42d5-ab01-443be9279a2b	2026-06-25	INTEGRAL	12	6ce7a969-7c2b-5a21-b072-594a4412ab8b	Arroz branco	46	45	1	3	SINTETICO
55e88c65-5933-4904-b0de-bb620f4878d8	2026-06-25	INTEGRAL	12	153737d9-caa6-55d5-b086-f7e83fdab4d2	Pao com manteiga	20	19	1	1	SINTETICO
f2b1412e-ce42-4734-ac68-67549fa9f72c	2026-06-25	INTEGRAL	14	1b450f5b-ecde-5880-ad0a-91ce0920069d	Maca	200	181	19	8	SINTETICO
aa84f901-255e-4ca9-b1e8-476294f42e02	2026-06-25	MANHA	15	84f7e794-a400-5d46-9efe-1c8a8f2f711d	Suco de fruta natural	48	42	6	2	SINTETICO
e8c91eb7-5256-4482-8e52-9fcc1c556818	2026-06-25	MANHA	15	2f723cf1-ddd6-58e2-881e-3ab45db8cd2d	Feijao carioca	103	96	7	7	SINTETICO
49ca3e78-3949-4162-b6de-d0434b2b7f85	2026-06-25	MANHA	15	0db97b08-9e92-541d-b2d2-1bc810f8fbe8	Iogurte	52	47	5	3	SINTETICO
b03e3715-061d-439a-8233-551991ecc047	2026-06-25	INTEGRAL	16	6753aa6f-0f7e-5208-8cd6-9e7a8733ef22	Leite com achocolatado	13	12	1	1	SINTETICO
7707829d-bd0a-4659-a02b-a51f562bfc09	2026-06-25	INTEGRAL	16	2f723cf1-ddd6-58e2-881e-3ab45db8cd2d	Feijao carioca	17	17	0	2	SINTETICO
229a063c-a78e-4579-a583-aa0c8e3a476b	2026-06-25	INTEGRAL	18	9bf7d50c-378c-58f7-ba1a-0dccafffc54c	Bolacha doce	94	87	7	4	SINTETICO
c1053b0d-8664-4282-baac-97aec34652ec	2026-06-25	INTEGRAL	18	0db97b08-9e92-541d-b2d2-1bc810f8fbe8	Iogurte	0	0	0	0	SINTETICO
f746cb77-1549-4b62-9c99-1ef0aaca671d	2026-06-26	INTEGRAL	2	eed1d0ec-938c-53ef-94b9-626452f5fbd2	Sopa de legumes	96	89	7	30	SINTETICO
d91e0ac0-b883-4d03-8243-acbef09f61c5	2026-06-26	INTEGRAL	2	6ce7a969-7c2b-5a21-b072-594a4412ab8b	Arroz branco	0	0	0	0	SINTETICO
e36d0cb3-8578-47ba-a3ad-c0605ba4249a	2026-06-26	INTEGRAL	2	add956e1-36ad-584e-b1e4-a4a8db28315f	Banana	61	55	6	2	SINTETICO
71335ac4-2f8c-48d6-b54a-47b60eda65e9	2026-06-26	INTEGRAL	2	84f7e794-a400-5d46-9efe-1c8a8f2f711d	Suco de fruta natural	0	0	0	0	SINTETICO
0f590d31-3ab0-4f95-acd1-5b25007a1aeb	2026-06-26	INTEGRAL	6	6753aa6f-0f7e-5208-8cd6-9e7a8733ef22	Leite com achocolatado	99	96	3	6	SINTETICO
ccd17560-48dd-46c6-94af-86091eaa504e	2026-06-26	INTEGRAL	8	b6f014a3-eaad-57c0-8ee9-24eb9abb819a	Cuscuz	0	0	0	0	SINTETICO
cf5dcbb1-df6f-4c87-bf90-a05e57f52987	2026-06-26	INTEGRAL	8	2f723cf1-ddd6-58e2-881e-3ab45db8cd2d	Feijao carioca	85	81	4	5	SINTETICO
e0862024-db2a-4fac-8a3a-072267840630	2026-06-26	INTEGRAL	9	153737d9-caa6-55d5-b086-f7e83fdab4d2	Pao com manteiga	2	2	0	0	SINTETICO
03d61bed-98ef-4391-a301-5de8f74cab5a	2026-06-26	INTEGRAL	9	2f723cf1-ddd6-58e2-881e-3ab45db8cd2d	Feijao carioca	31	28	3	2	SINTETICO
6e1de696-4f5c-4068-a555-c3924c4c72f6	2026-06-26	INTEGRAL	9	eed1d0ec-938c-53ef-94b9-626452f5fbd2	Sopa de legumes	37	33	4	9	SINTETICO
2653d60b-a76c-42c1-b6b4-2a38d6f1adce	2026-06-26	INTEGRAL	9	79ca1872-52e0-59dd-af29-543b793c0860	Macarrao ao sugo	22	20	2	2	SINTETICO
50d7a188-d43f-420b-b597-9aeb13aba82f	2026-06-26	MANHA	10	add956e1-36ad-584e-b1e4-a4a8db28315f	Banana	98	87	11	3	SINTETICO
55c889d8-a7e5-4f30-8152-b9ec8220d40a	2026-06-26	MANHA	10	b6f014a3-eaad-57c0-8ee9-24eb9abb819a	Cuscuz	0	0	0	0	SINTETICO
8394170e-ddb8-4906-8a85-b2704db37da2	2026-06-26	MANHA	10	1b450f5b-ecde-5880-ad0a-91ce0920069d	Maca	2	2	0	0	SINTETICO
639dd83d-a103-4de4-9a94-2b1cea66341e	2026-06-26	INTEGRAL	11	79ca1872-52e0-59dd-af29-543b793c0860	Macarrao ao sugo	431	377	54	42	SINTETICO
838d51bb-d881-40d1-89fc-0f639a03991e	2026-06-26	INTEGRAL	13	b6f014a3-eaad-57c0-8ee9-24eb9abb819a	Cuscuz	387	338	49	49	SINTETICO
720774ad-26cb-44d0-9b11-ebfa00ad1ac8	2026-06-26	INTEGRAL	13	0db97b08-9e92-541d-b2d2-1bc810f8fbe8	Iogurte	2	2	0	0	SINTETICO
a24c2cde-882f-41b2-b260-c34f0b90a7f8	2026-06-26	INTEGRAL	13	9bf7d50c-378c-58f7-ba1a-0dccafffc54c	Bolacha doce	346	339	7	19	SINTETICO
81551678-d0d6-43ad-bb4e-c577a9410e21	2026-06-26	MANHA	15	6ce7a969-7c2b-5a21-b072-594a4412ab8b	Arroz branco	34	31	3	2	SINTETICO
0ccea186-fe63-44f0-94ab-18ee0cf25f64	2026-06-26	MANHA	15	79ca1872-52e0-59dd-af29-543b793c0860	Macarrao ao sugo	45	39	6	7	SINTETICO
d284c563-1c0e-4517-b198-55a08ee8d79c	2026-06-26	MANHA	16	2f723cf1-ddd6-58e2-881e-3ab45db8cd2d	Feijao carioca	265	247	18	16	SINTETICO
8b3687b8-2f28-41d7-834f-dd309b6305b6	2026-06-26	MANHA	16	79ca1872-52e0-59dd-af29-543b793c0860	Macarrao ao sugo	8	8	0	1	SINTETICO
48f88ae8-3c3e-488f-8a6d-526a35d93ba6	2026-06-26	MANHA	16	9bf7d50c-378c-58f7-ba1a-0dccafffc54c	Bolacha doce	15	13	2	1	SINTETICO
8972fc57-aa81-4458-96fe-6d50b32d44d9	2026-06-26	TARDE	18	79ca1872-52e0-59dd-af29-543b793c0860	Macarrao ao sugo	74	73	1	10	SINTETICO
9fe506be-5dfe-4991-b154-088723f2232e	2026-06-26	TARDE	18	2f723cf1-ddd6-58e2-881e-3ab45db8cd2d	Feijao carioca	56	51	5	5	SINTETICO
37202135-bf8c-401e-80ff-89b48a0e50e7	2026-06-26	TARDE	18	eed1d0ec-938c-53ef-94b9-626452f5fbd2	Sopa de legumes	0	0	0	0	SINTETICO
9475a77e-cdae-4c79-aa4c-74c70e4e3ff5	2026-06-29	TARDE	2	eed1d0ec-938c-53ef-94b9-626452f5fbd2	Sopa de legumes	508	494	14	193	SINTETICO
0d7210b2-59c3-4a37-86a0-80af5c36eff0	2026-06-29	TARDE	2	6753aa6f-0f7e-5208-8cd6-9e7a8733ef22	Leite com achocolatado	55	53	2	4	SINTETICO
77cbc126-5c7f-4ee7-a74f-bde0f372369c	2026-06-29	TARDE	2	0db97b08-9e92-541d-b2d2-1bc810f8fbe8	Iogurte	4	4	0	0	SINTETICO
275286bf-a4c6-4d2f-8283-7420dd6f59b1	2026-06-29	TARDE	2	add956e1-36ad-584e-b1e4-a4a8db28315f	Banana	319	293	26	10	SINTETICO
835e3f25-9d45-4668-b9fa-0fec12164428	2026-06-29	TARDE	2	b6f014a3-eaad-57c0-8ee9-24eb9abb819a	Cuscuz	124	120	4	17	SINTETICO
faa4b533-8233-4946-9399-dc2af4aee20a	2026-06-29	TARDE	2	2f723cf1-ddd6-58e2-881e-3ab45db8cd2d	Feijao carioca	72	69	3	6	SINTETICO
39271ef2-2fba-4f42-a0f3-1dc4381c58ef	2026-06-29	TARDE	2	79ca1872-52e0-59dd-af29-543b793c0860	Macarrao ao sugo	15	14	1	2	SINTETICO
6ddbeb37-91e3-4e77-8d84-2cb499778d9a	2026-06-29	TARDE	2	84f7e794-a400-5d46-9efe-1c8a8f2f711d	Suco de fruta natural	101	92	9	5	SINTETICO
9d8a0915-20b0-4eed-a337-182be6dc3367	2026-06-29	TARDE	4	2f723cf1-ddd6-58e2-881e-3ab45db8cd2d	Feijao carioca	0	0	0	0	SINTETICO
3f0d295a-ece8-46ee-bc36-fe1572e8441d	2026-06-29	INTEGRAL	5	b6f014a3-eaad-57c0-8ee9-24eb9abb819a	Cuscuz	107	94	13	14	SINTETICO
ac8349a9-ae40-488d-b943-8fcfefeda5b0	2026-06-29	INTEGRAL	5	0db97b08-9e92-541d-b2d2-1bc810f8fbe8	Iogurte	1	1	0	0	SINTETICO
6ed9df00-8d5d-4bc5-864f-c6a3df5353f3	2026-06-29	INTEGRAL	7	84f7e794-a400-5d46-9efe-1c8a8f2f711d	Suco de fruta natural	18	16	2	1	SINTETICO
2168ed63-49d0-450f-a076-5e910010edc6	2026-06-29	INTEGRAL	7	79ca1872-52e0-59dd-af29-543b793c0860	Macarrao ao sugo	0	0	0	0	SINTETICO
08fce18c-0e1b-43e9-aafc-b975903a496a	2026-06-29	INTEGRAL	7	153737d9-caa6-55d5-b086-f7e83fdab4d2	Pao com manteiga	0	0	0	0	SINTETICO
a029cd43-ae2a-4469-b40b-8e5b9c195b7f	2026-06-29	TARDE	8	add956e1-36ad-584e-b1e4-a4a8db28315f	Banana	46	42	4	2	SINTETICO
47422a7a-ae9f-409c-bcf6-fdcb16af2ae6	2026-06-29	TARDE	8	6753aa6f-0f7e-5208-8cd6-9e7a8733ef22	Leite com achocolatado	181	165	16	10	SINTETICO
7bf47ba9-dbc0-4066-850d-272e630be619	2026-06-29	TARDE	8	1b450f5b-ecde-5880-ad0a-91ce0920069d	Maca	24	21	3	1	SINTETICO
4e24600d-5893-43f3-a02c-bf6cb11de683	2026-06-29	INTEGRAL	10	0db97b08-9e92-541d-b2d2-1bc810f8fbe8	Iogurte	44	43	1	2	SINTETICO
bc4941bf-310e-4848-bb7c-3a1cf08ed548	2026-06-29	INTEGRAL	10	79ca1872-52e0-59dd-af29-543b793c0860	Macarrao ao sugo	3	3	0	0	SINTETICO
3551b7d7-44d6-452b-9408-3059c998a4b7	2026-06-29	INTEGRAL	10	eed1d0ec-938c-53ef-94b9-626452f5fbd2	Sopa de legumes	1	1	0	0	SINTETICO
56fe1562-9ee7-40bb-9395-3f62e1b19b05	2026-06-29	MANHA	11	0db97b08-9e92-541d-b2d2-1bc810f8fbe8	Iogurte	35	32	3	2	SINTETICO
79c68446-492c-49b3-ac6c-ce876798e576	2026-06-29	MANHA	12	add956e1-36ad-584e-b1e4-a4a8db28315f	Banana	0	0	0	0	SINTETICO
634aeefb-7c30-47c3-bea0-1832e40e97dc	2026-06-29	MANHA	12	6ce7a969-7c2b-5a21-b072-594a4412ab8b	Arroz branco	0	0	0	0	SINTETICO
5604d89f-b0e1-4b94-a5df-322f0a62b8d3	2026-06-29	MANHA	12	84f7e794-a400-5d46-9efe-1c8a8f2f711d	Suco de fruta natural	106	102	4	6	SINTETICO
6b37a5c3-82ea-4e47-b5ac-381a8710e1f3	2026-06-29	MANHA	12	2f723cf1-ddd6-58e2-881e-3ab45db8cd2d	Feijao carioca	19	18	1	1	SINTETICO
d3556fe5-897d-4d41-ad8b-2696e5e327b3	2026-06-29	MANHA	12	79ca1872-52e0-59dd-af29-543b793c0860	Macarrao ao sugo	2	2	0	0	SINTETICO
bcb7fd03-3be7-4e9e-a2d8-ef99e52ba763	2026-06-29	INTEGRAL	13	eed1d0ec-938c-53ef-94b9-626452f5fbd2	Sopa de legumes	26	24	2	9	SINTETICO
c1168f54-2843-44a0-9a37-c07caa0cfe7a	2026-06-29	INTEGRAL	13	9bf7d50c-378c-58f7-ba1a-0dccafffc54c	Bolacha doce	4	4	0	0	SINTETICO
e17e0529-cdd5-4650-856e-e27ba04836ee	2026-06-29	MANHA	14	6ce7a969-7c2b-5a21-b072-594a4412ab8b	Arroz branco	103	96	7	8	SINTETICO
a5d7f89d-f5bb-4dea-81ec-8dc91fd0a003	2026-06-29	MANHA	14	eed1d0ec-938c-53ef-94b9-626452f5fbd2	Sopa de legumes	79	78	1	24	SINTETICO
e17e375b-4254-4194-96e9-c0e6534d7695	2026-06-29	MANHA	14	79ca1872-52e0-59dd-af29-543b793c0860	Macarrao ao sugo	0	0	0	0	SINTETICO
77d2fec5-7fa8-4118-9469-24a86381426a	2026-06-29	MANHA	14	1b450f5b-ecde-5880-ad0a-91ce0920069d	Maca	46	45	1	3	SINTETICO
d3037785-da8d-4bdd-aff2-67de25fecae6	2026-06-29	INTEGRAL	15	1b450f5b-ecde-5880-ad0a-91ce0920069d	Maca	4	4	0	0	SINTETICO
8211be31-38e5-4f0d-ac2e-9d7cc2bada85	2026-06-29	INTEGRAL	15	eed1d0ec-938c-53ef-94b9-626452f5fbd2	Sopa de legumes	10	9	1	3	SINTETICO
19125bb0-432e-4b12-ad73-da897bb497bd	2026-06-29	INTEGRAL	15	6753aa6f-0f7e-5208-8cd6-9e7a8733ef22	Leite com achocolatado	22	19	3	1	SINTETICO
a364817d-7d0f-4f46-8520-72bac762bd1d	2026-06-29	TARDE	17	ddeef647-cce4-5236-a3b1-dece44ed098e	Couve flor	131	118	13	41	SINTETICO
52e17fe6-c3b0-4339-843c-bdc410b7aa83	2026-06-29	TARDE	17	add956e1-36ad-584e-b1e4-a4a8db28315f	Banana	154	141	13	6	SINTETICO
44573e3a-9e91-45e5-ae7d-3c8f55ef7ab1	2026-06-29	TARDE	17	2f723cf1-ddd6-58e2-881e-3ab45db8cd2d	Feijao carioca	3	3	0	0	SINTETICO
fe0630d6-d103-4343-9a58-6d39be0e8fa1	2026-06-29	TARDE	17	6753aa6f-0f7e-5208-8cd6-9e7a8733ef22	Leite com achocolatado	190	169	21	12	SINTETICO
29553e08-d5f5-445b-a5bb-642eae1f4712	2026-06-30	INTEGRAL	2	eed1d0ec-938c-53ef-94b9-626452f5fbd2	Sopa de legumes	51	45	6	9	SINTETICO
aa284a62-a275-4928-8fa5-9b3b73defa07	2026-06-30	MANHA	3	2f723cf1-ddd6-58e2-881e-3ab45db8cd2d	Feijao carioca	187	165	22	17	SINTETICO
467ce959-39a6-4085-b409-b932fcde8fe4	2026-06-30	MANHA	3	6753aa6f-0f7e-5208-8cd6-9e7a8733ef22	Leite com achocolatado	121	115	6	5	SINTETICO
dc27cdc7-1699-4ab5-8529-3c18ee69293f	2026-06-30	MANHA	3	1b450f5b-ecde-5880-ad0a-91ce0920069d	Maca	11	10	1	1	SINTETICO
2fc7fe36-2155-4b26-8482-346d977d5f1d	2026-06-30	MANHA	3	add956e1-36ad-584e-b1e4-a4a8db28315f	Banana	1	1	0	0	SINTETICO
7c747f95-e68f-49bd-90d2-15200f58749f	2026-06-30	MANHA	3	9bf7d50c-378c-58f7-ba1a-0dccafffc54c	Bolacha doce	43	38	5	2	SINTETICO
e0de983f-0b55-47c9-921f-d24cd2e62d80	2026-06-30	MANHA	4	79ca1872-52e0-59dd-af29-543b793c0860	Macarrao ao sugo	5	5	0	1	SINTETICO
fe029b0b-5cfe-4a1d-bb98-beeef5357fd0	2026-06-30	INTEGRAL	5	eed1d0ec-938c-53ef-94b9-626452f5fbd2	Sopa de legumes	16	14	2	5	SINTETICO
9a62f413-7095-4861-b3d3-7f77fae61f35	2026-06-30	INTEGRAL	5	79ca1872-52e0-59dd-af29-543b793c0860	Macarrao ao sugo	0	0	0	0	SINTETICO
38a0b80d-e66e-4b1a-86a8-d79cb36194ad	2026-06-30	INTEGRAL	5	6ce7a969-7c2b-5a21-b072-594a4412ab8b	Arroz branco	0	0	0	0	SINTETICO
482c15c4-b59e-4f15-bb98-7cf4fe2b7e13	2026-06-30	INTEGRAL	5	153737d9-caa6-55d5-b086-f7e83fdab4d2	Pao com manteiga	38	34	4	2	SINTETICO
6313a4f4-83e6-45ad-b9bc-c2ad1bd5326d	2026-06-30	INTEGRAL	6	9bf7d50c-378c-58f7-ba1a-0dccafffc54c	Bolacha doce	68	60	8	3	SINTETICO
adfeda1d-ac8c-4bca-948d-4215c01304ef	2026-06-30	INTEGRAL	6	0db97b08-9e92-541d-b2d2-1bc810f8fbe8	Iogurte	143	134	9	6	SINTETICO
c1ca7f7a-fadf-4b6b-b1c1-66b0d0215b06	2026-06-30	INTEGRAL	6	2f723cf1-ddd6-58e2-881e-3ab45db8cd2d	Feijao carioca	84	77	7	7	SINTETICO
10fe8b0c-1bb5-4ab3-99ff-cdf8899be2ed	2026-06-30	INTEGRAL	6	54e9ea4c-63a9-5952-9616-b24ee0e6a0fa	Frango dourado, acebolado	96	92	4	10	SINTETICO
5d323614-15fb-414d-bd89-5d287f8788ca	2026-06-30	INTEGRAL	6	eed1d0ec-938c-53ef-94b9-626452f5fbd2	Sopa de legumes	27	27	0	7	SINTETICO
6a4898d9-1dc8-45fc-a134-b5c5a7fbce0c	2026-06-30	INTEGRAL	8	b6f014a3-eaad-57c0-8ee9-24eb9abb819a	Cuscuz	0	0	0	0	SINTETICO
85fe6672-6033-45b3-90d2-b20289098f4b	2026-06-30	INTEGRAL	9	6ce7a969-7c2b-5a21-b072-594a4412ab8b	Arroz branco	129	120	9	7	SINTETICO
5c281d6e-94a9-4145-8254-15a3b8513482	2026-06-30	INTEGRAL	9	0db97b08-9e92-541d-b2d2-1bc810f8fbe8	Iogurte	9	8	1	0	SINTETICO
bf75752c-2f37-44a3-998c-9c636351745e	2026-06-30	INTEGRAL	9	eed1d0ec-938c-53ef-94b9-626452f5fbd2	Sopa de legumes	0	0	0	0	SINTETICO
656ca59e-0687-47d2-ba44-b34a158388a8	2026-06-30	INTEGRAL	9	b6f014a3-eaad-57c0-8ee9-24eb9abb819a	Cuscuz	113	100	13	13	SINTETICO
c41f8f1b-ade8-4213-8d9d-12a8ccc92211	2026-06-30	INTEGRAL	9	79ca1872-52e0-59dd-af29-543b793c0860	Macarrao ao sugo	36	35	1	5	SINTETICO
efde575e-cc17-437a-be49-a9228e1981f8	2026-06-30	INTEGRAL	9	9bf7d50c-378c-58f7-ba1a-0dccafffc54c	Bolacha doce	88	80	8	3	SINTETICO
cf2cbece-2f23-4809-b42e-24ebf711c0ac	2026-06-30	INTEGRAL	9	6753aa6f-0f7e-5208-8cd6-9e7a8733ef22	Leite com achocolatado	80	71	9	4	SINTETICO
97fd912b-5792-4c23-95d4-c76f0a62e2a4	2026-06-30	INTEGRAL	10	84f7e794-a400-5d46-9efe-1c8a8f2f711d	Suco de fruta natural	8	7	1	0	SINTETICO
0076dfaf-4436-4159-913b-5e79b631b830	2026-06-30	INTEGRAL	10	79ca1872-52e0-59dd-af29-543b793c0860	Macarrao ao sugo	3	3	0	0	SINTETICO
0e9e9a82-34da-4159-b499-a9d548c49d8f	2026-06-30	INTEGRAL	10	2f723cf1-ddd6-58e2-881e-3ab45db8cd2d	Feijao carioca	14	13	1	1	SINTETICO
0b7c5555-76f0-408d-95ba-15523f9f4f93	2026-06-30	INTEGRAL	10	9bf7d50c-378c-58f7-ba1a-0dccafffc54c	Bolacha doce	34	32	2	2	SINTETICO
fa1ea924-1832-4bb6-adc1-dfc5aa30bc17	2026-06-30	INTEGRAL	10	1b450f5b-ecde-5880-ad0a-91ce0920069d	Maca	150	138	12	7	SINTETICO
4014d557-bc92-4f18-9b71-ecc998a4f5f7	2026-06-30	INTEGRAL	10	add956e1-36ad-584e-b1e4-a4a8db28315f	Banana	0	0	0	0	SINTETICO
416533de-00b5-403c-93e5-6f469842dae1	2026-06-30	INTEGRAL	10	b94bd7bf-252f-5c97-9722-163c6d7e2412	Brocolis	0	0	0	0	SINTETICO
5f054a35-ba59-424b-aa8d-121404fb1362	2026-06-30	INTEGRAL	12	eed1d0ec-938c-53ef-94b9-626452f5fbd2	Sopa de legumes	14	13	1	3	SINTETICO
95baa47a-5ec9-4ec8-b331-83a82cc1f25f	2026-06-30	TARDE	13	79ca1872-52e0-59dd-af29-543b793c0860	Macarrao ao sugo	48	42	6	4	SINTETICO
401f64b6-70e9-442f-86ed-528fb5468223	2026-06-30	TARDE	13	0db97b08-9e92-541d-b2d2-1bc810f8fbe8	Iogurte	84	80	4	5	SINTETICO
eaf2b9f3-4131-424f-89f4-4a3c51c02c96	2026-06-30	TARDE	13	153737d9-caa6-55d5-b086-f7e83fdab4d2	Pao com manteiga	246	224	22	12	SINTETICO
c06cd4d3-9cda-41c9-b8ac-f31feb16fc66	2026-06-30	MANHA	14	6753aa6f-0f7e-5208-8cd6-9e7a8733ef22	Leite com achocolatado	50	46	4	3	SINTETICO
8d23d29f-0376-4a8a-8cee-bb48a89e04e9	2026-06-30	INTEGRAL	15	b6f014a3-eaad-57c0-8ee9-24eb9abb819a	Cuscuz	88	82	6	9	SINTETICO
df6286f5-2cac-41c1-bee5-6b603aa30ef3	2026-06-30	INTEGRAL	15	6ce7a969-7c2b-5a21-b072-594a4412ab8b	Arroz branco	1	1	0	0	SINTETICO
6b89d4cc-0de1-4e8d-a233-6fa3f3d569b9	2026-06-30	INTEGRAL	15	6753aa6f-0f7e-5208-8cd6-9e7a8733ef22	Leite com achocolatado	41	36	5	3	SINTETICO
fe18c8f0-682a-49bf-9a0f-5ac25d80fd56	2026-06-30	INTEGRAL	16	79ca1872-52e0-59dd-af29-543b793c0860	Macarrao ao sugo	3	3	0	0	SINTETICO
e7bff06b-f596-4c94-8ce7-3bc850e94aad	2026-06-30	INTEGRAL	16	b6f014a3-eaad-57c0-8ee9-24eb9abb819a	Cuscuz	9	8	1	1	SINTETICO
6aecf6f6-4fad-4117-ad61-d3cb23d46090	2026-06-30	MANHA	18	6753aa6f-0f7e-5208-8cd6-9e7a8733ef22	Leite com achocolatado	30	29	1	1	SINTETICO
bc2cc321-7ad4-4c2f-815a-34ef7474772b	2026-06-30	MANHA	18	6ce7a969-7c2b-5a21-b072-594a4412ab8b	Arroz branco	47	43	4	3	SINTETICO
5c138dc0-943d-4bfb-8f82-88982546fbdf	2026-07-01	INTEGRAL	5	153737d9-caa6-55d5-b086-f7e83fdab4d2	Pao com manteiga	211	193	18	9	SINTETICO
1823a2cf-b2dc-44be-bb11-e96e5401bf63	2026-07-01	INTEGRAL	5	79eb9045-ebdc-53c5-9ede-a0e5d2b7b378	Requeijao caseiro	3	3	0	0	SINTETICO
e46e8190-28a3-414a-989d-1cb5998de219	2026-07-01	INTEGRAL	5	6ce7a969-7c2b-5a21-b072-594a4412ab8b	Arroz branco	11	10	1	1	SINTETICO
0d966ab5-1df5-4a63-94fa-2ccb1116c23c	2026-07-01	INTEGRAL	8	add956e1-36ad-584e-b1e4-a4a8db28315f	Banana	372	326	46	14	SINTETICO
ac95e570-5b03-4f22-961c-51f1457346c2	2026-07-01	INTEGRAL	8	eed1d0ec-938c-53ef-94b9-626452f5fbd2	Sopa de legumes	92	83	9	21	SINTETICO
5cdef581-ea1f-48ee-8bc1-9c1ac790f151	2026-07-01	INTEGRAL	8	84f7e794-a400-5d46-9efe-1c8a8f2f711d	Suco de fruta natural	36	34	2	1	SINTETICO
e275bef6-1e90-49c5-ad0c-a6b8be9e00cb	2026-07-01	INTEGRAL	9	79ca1872-52e0-59dd-af29-543b793c0860	Macarrao ao sugo	0	0	0	0	SINTETICO
c426cb49-5fed-4d06-9f48-e5441972a893	2026-07-01	INTEGRAL	9	9bf7d50c-378c-58f7-ba1a-0dccafffc54c	Bolacha doce	2	2	0	0	SINTETICO
200befcf-beca-464b-a852-524d237edac3	2026-07-01	INTEGRAL	9	6753aa6f-0f7e-5208-8cd6-9e7a8733ef22	Leite com achocolatado	40	37	3	3	SINTETICO
d7a6c04f-8e8e-4009-9a16-3ca4c9b59213	2026-07-01	INTEGRAL	11	6753aa6f-0f7e-5208-8cd6-9e7a8733ef22	Leite com achocolatado	21	19	2	1	SINTETICO
2886facc-8262-4264-b8ac-2d4f3ceb4ae0	2026-07-01	INTEGRAL	11	add956e1-36ad-584e-b1e4-a4a8db28315f	Banana	58	51	7	1	SINTETICO
2eec1cdf-8924-4ef6-ab69-41025001b89a	2026-07-01	INTEGRAL	11	b6f014a3-eaad-57c0-8ee9-24eb9abb819a	Cuscuz	111	108	3	12	SINTETICO
74706642-a53b-49c7-ae56-abe864444889	2026-07-01	INTEGRAL	14	b6f014a3-eaad-57c0-8ee9-24eb9abb819a	Cuscuz	0	0	0	0	SINTETICO
dad950ae-a64e-4e58-abc4-3f38b780191e	2026-07-01	INTEGRAL	14	79ca1872-52e0-59dd-af29-543b793c0860	Macarrao ao sugo	0	0	0	0	SINTETICO
e3da4cb6-66ef-441b-baf6-badbcb45b019	2026-07-01	INTEGRAL	15	0db97b08-9e92-541d-b2d2-1bc810f8fbe8	Iogurte	393	348	45	22	SINTETICO
bd9fe5b8-a287-4026-aff6-6bfc71cbfc57	2026-07-01	INTEGRAL	15	add956e1-36ad-584e-b1e4-a4a8db28315f	Banana	19	17	2	1	SINTETICO
72af6ad9-633f-4474-8c41-a549d8ff3b90	2026-07-01	INTEGRAL	15	eed1d0ec-938c-53ef-94b9-626452f5fbd2	Sopa de legumes	50	44	6	15	SINTETICO
81525bf1-a09e-4f6f-8a0a-2df50fc46cf2	2026-07-01	INTEGRAL	15	2f723cf1-ddd6-58e2-881e-3ab45db8cd2d	Feijao carioca	20	18	2	2	SINTETICO
a5ac7f01-9e5b-4f05-be57-49e2e9302b7a	2026-07-01	INTEGRAL	17	6ce7a969-7c2b-5a21-b072-594a4412ab8b	Arroz branco	22	20	2	1	SINTETICO
9da1e829-b2e9-4f81-87e4-19cbd55eba69	2026-07-01	INTEGRAL	17	79ca1872-52e0-59dd-af29-543b793c0860	Macarrao ao sugo	38	33	5	5	SINTETICO
b1892c4d-fccf-427a-8f1f-e2d028691e20	2026-07-01	INTEGRAL	17	1b450f5b-ecde-5880-ad0a-91ce0920069d	Maca	36	34	2	2	SINTETICO
8d678bcf-8311-4850-86fc-6c13cb897736	2026-07-01	INTEGRAL	17	2f723cf1-ddd6-58e2-881e-3ab45db8cd2d	Feijao carioca	54	49	5	5	SINTETICO
23a25da8-0433-4522-b737-5f7938e8622f	2026-07-02	TARDE	1	b6f014a3-eaad-57c0-8ee9-24eb9abb819a	Cuscuz	560	494	66	70	SINTETICO
849d8a56-476d-4f10-ac59-3ea4eafdd7ea	2026-07-02	TARDE	1	2f723cf1-ddd6-58e2-881e-3ab45db8cd2d	Feijao carioca	33	31	2	3	SINTETICO
c44e8603-e157-4712-a51a-df45a5c3fd9a	2026-07-02	TARDE	1	6ce7a969-7c2b-5a21-b072-594a4412ab8b	Arroz branco	177	163	14	9	SINTETICO
e2f85807-d4dc-46a0-9653-4287d8bec397	2026-07-02	TARDE	1	eed1d0ec-938c-53ef-94b9-626452f5fbd2	Sopa de legumes	334	291	43	93	SINTETICO
421bc092-ee7e-41d7-86a8-6dbb8fec714e	2026-07-02	TARDE	1	153737d9-caa6-55d5-b086-f7e83fdab4d2	Pao com manteiga	3	3	0	0	SINTETICO
392f9fe8-c8ff-424b-a704-431cab42fc9b	2026-07-02	TARDE	1	6753aa6f-0f7e-5208-8cd6-9e7a8733ef22	Leite com achocolatado	3	3	0	0	SINTETICO
26879905-ff43-4f13-b669-85f5a0d4293a	2026-07-02	INTEGRAL	2	9bf7d50c-378c-58f7-ba1a-0dccafffc54c	Bolacha doce	45	39	6	2	SINTETICO
516c1cd3-4fa7-477c-9a1f-323a3a26c2c6	2026-07-02	INTEGRAL	2	6ce7a969-7c2b-5a21-b072-594a4412ab8b	Arroz branco	46	44	2	3	SINTETICO
59e267a5-7a6c-4ab3-9ca9-daf4515b0fcd	2026-07-02	INTEGRAL	3	9bf7d50c-378c-58f7-ba1a-0dccafffc54c	Bolacha doce	2	2	0	0	SINTETICO
89055688-fd34-41d4-80e0-938ded7f5348	2026-07-02	INTEGRAL	3	0db97b08-9e92-541d-b2d2-1bc810f8fbe8	Iogurte	19	17	2	1	SINTETICO
f6f4fb77-72fd-4338-bce5-7b853f7ae111	2026-07-02	INTEGRAL	4	1b450f5b-ecde-5880-ad0a-91ce0920069d	Maca	3	3	0	0	SINTETICO
14d2716a-9276-4a90-9ec1-71172cbff715	2026-07-02	MANHA	5	9bf7d50c-378c-58f7-ba1a-0dccafffc54c	Bolacha doce	77	76	1	4	SINTETICO
24fce065-bada-495e-a9b8-45d896201fbf	2026-07-02	MANHA	5	6753aa6f-0f7e-5208-8cd6-9e7a8733ef22	Leite com achocolatado	3	3	0	0	SINTETICO
cb6f5294-c2cd-49ba-b317-4d2fe6bd1843	2026-07-02	INTEGRAL	6	79ca1872-52e0-59dd-af29-543b793c0860	Macarrao ao sugo	57	52	5	8	SINTETICO
f9fb83c0-6640-4786-8b5c-9a8afa3e2909	2026-07-02	INTEGRAL	7	79ca1872-52e0-59dd-af29-543b793c0860	Macarrao ao sugo	15	14	1	2	SINTETICO
c551a00e-d5d1-4e22-baee-f92c3e70c026	2026-07-02	INTEGRAL	7	6753aa6f-0f7e-5208-8cd6-9e7a8733ef22	Leite com achocolatado	0	0	0	0	SINTETICO
e1b6d877-0729-4d8d-b3c3-b016fab10676	2026-07-02	INTEGRAL	7	b6f014a3-eaad-57c0-8ee9-24eb9abb819a	Cuscuz	11	10	1	1	SINTETICO
4d7aac17-b4d2-4179-8b3f-dada25b82e08	2026-07-02	INTEGRAL	7	84f7e794-a400-5d46-9efe-1c8a8f2f711d	Suco de fruta natural	34	32	2	2	SINTETICO
eacd6786-6e48-44a4-8203-d5b4afb455ba	2026-07-02	INTEGRAL	9	b6f014a3-eaad-57c0-8ee9-24eb9abb819a	Cuscuz	53	50	3	8	SINTETICO
033bf1eb-c3ca-4ffc-9b5c-8832600c9334	2026-07-02	INTEGRAL	9	79ca1872-52e0-59dd-af29-543b793c0860	Macarrao ao sugo	21	20	1	2	SINTETICO
8c7872f8-fb9d-4713-85f8-249bb36ff894	2026-07-02	INTEGRAL	9	9bf7d50c-378c-58f7-ba1a-0dccafffc54c	Bolacha doce	23	22	1	1	SINTETICO
d955c853-cd75-45ea-997c-44511b5bb94e	2026-07-02	INTEGRAL	9	6ce7a969-7c2b-5a21-b072-594a4412ab8b	Arroz branco	27	25	2	2	SINTETICO
37fb597e-6cc8-46b4-9b60-ba584d49222e	2026-07-02	INTEGRAL	9	bb7ca364-cc13-59ee-a7ed-1d5136b5b6e3	Beterraba cozida	27	26	1	10	SINTETICO
94322e94-44bc-4827-a6a7-6b1f66d77a58	2026-07-02	INTEGRAL	9	2f723cf1-ddd6-58e2-881e-3ab45db8cd2d	Feijao carioca	105	104	1	8	SINTETICO
f1b0b087-b64c-4fa8-bc6c-5d08737ac705	2026-07-02	INTEGRAL	9	57892dbd-226e-5042-9150-ecf305a83d0f	Mandioca cozida	43	41	2	6	SINTETICO
ce12d2d4-169a-42d3-9af0-340b578caf7b	2026-07-02	INTEGRAL	9	0db97b08-9e92-541d-b2d2-1bc810f8fbe8	Iogurte	105	103	2	5	SINTETICO
ee480944-70da-47fb-9287-77797441bb29	2026-07-02	INTEGRAL	10	9bf7d50c-378c-58f7-ba1a-0dccafffc54c	Bolacha doce	1	1	0	0	SINTETICO
236a11eb-cfb0-49af-80a7-e270a6d52235	2026-07-02	INTEGRAL	10	84f7e794-a400-5d46-9efe-1c8a8f2f711d	Suco de fruta natural	48	46	2	3	SINTETICO
d457d9df-75da-4c2e-976d-1eb6756e6ea9	2026-07-02	INTEGRAL	10	153737d9-caa6-55d5-b086-f7e83fdab4d2	Pao com manteiga	108	96	12	5	SINTETICO
18414db7-d32d-458f-8bd8-dd339bf954d6	2026-07-02	INTEGRAL	10	1b450f5b-ecde-5880-ad0a-91ce0920069d	Maca	33	30	3	2	SINTETICO
b5c4e251-a69a-4484-bf1e-4dc4cd6d9dac	2026-07-02	INTEGRAL	11	79ca1872-52e0-59dd-af29-543b793c0860	Macarrao ao sugo	407	376	31	43	SINTETICO
ba96adc2-870f-47b7-96f5-a6c1e3d75334	2026-07-02	INTEGRAL	11	b6f014a3-eaad-57c0-8ee9-24eb9abb819a	Cuscuz	11	11	0	2	SINTETICO
589a2e2a-1719-432b-81ea-015072a46b0e	2026-07-02	INTEGRAL	12	9bf7d50c-378c-58f7-ba1a-0dccafffc54c	Bolacha doce	0	0	0	0	SINTETICO
0bbb398d-ac98-46ba-9954-5f06e39f1ba5	2026-07-02	INTEGRAL	12	153737d9-caa6-55d5-b086-f7e83fdab4d2	Pao com manteiga	9	8	1	0	SINTETICO
c081f9a6-c5d8-4d2f-b329-3d3a29c2e0e5	2026-07-02	INTEGRAL	12	2f723cf1-ddd6-58e2-881e-3ab45db8cd2d	Feijao carioca	0	0	0	0	SINTETICO
95d2a81d-8a19-43a9-af21-d48c75c969de	2026-07-02	INTEGRAL	13	84f7e794-a400-5d46-9efe-1c8a8f2f711d	Suco de fruta natural	2	2	0	0	SINTETICO
41e223bf-c93e-448d-9e45-c0af0063f7b8	2026-07-02	INTEGRAL	13	1b450f5b-ecde-5880-ad0a-91ce0920069d	Maca	62	56	6	2	SINTETICO
8131eee2-837b-4935-9711-b7a352146ecb	2026-07-02	MANHA	16	eed1d0ec-938c-53ef-94b9-626452f5fbd2	Sopa de legumes	13	12	1	5	SINTETICO
b247d204-0d66-4d22-ac0d-2e78a0c714ba	2026-07-02	MANHA	16	153737d9-caa6-55d5-b086-f7e83fdab4d2	Pao com manteiga	79	73	6	6	SINTETICO
b1c79840-f881-417c-8b9a-255298d5387e	2026-07-02	MANHA	16	0db97b08-9e92-541d-b2d2-1bc810f8fbe8	Iogurte	51	49	2	4	SINTETICO
e80a529d-1dc1-473a-b09d-92e550214612	2026-07-02	MANHA	16	add956e1-36ad-584e-b1e4-a4a8db28315f	Banana	9	8	1	0	SINTETICO
859cfcb6-9aba-4586-9059-0022dc9e63ee	2026-07-02	INTEGRAL	17	9bf7d50c-378c-58f7-ba1a-0dccafffc54c	Bolacha doce	34	34	0	2	SINTETICO
54db3601-f4d9-4398-92f3-fb9685cd85f5	2026-07-02	TARDE	18	79ca1872-52e0-59dd-af29-543b793c0860	Macarrao ao sugo	123	118	5	19	SINTETICO
d6fd1963-6cb2-4261-9f08-09f173f7a6aa	2026-07-02	TARDE	18	add956e1-36ad-584e-b1e4-a4a8db28315f	Banana	18	16	2	1	SINTETICO
9e6e94e7-9e2b-4569-9996-6a5b8e9b4829	2026-07-02	TARDE	18	6753aa6f-0f7e-5208-8cd6-9e7a8733ef22	Leite com achocolatado	162	146	16	6	SINTETICO
f1ed5c12-b32e-42fd-a7f7-1eae39d30d45	2026-07-02	TARDE	18	153737d9-caa6-55d5-b086-f7e83fdab4d2	Pao com manteiga	21	19	2	1	SINTETICO
a8d43bd0-d7c0-4961-bbae-f4fffcc40cdd	2026-07-02	TARDE	18	0db97b08-9e92-541d-b2d2-1bc810f8fbe8	Iogurte	40	37	3	3	SINTETICO
dd3c649f-6772-4673-a43a-ec754c7a1281	2026-07-02	TARDE	18	b6f014a3-eaad-57c0-8ee9-24eb9abb819a	Cuscuz	276	246	30	36	SINTETICO
ba59168d-c1c8-4767-8ade-280d45dee40f	2026-07-03	MANHA	1	78b49edf-4e8b-5161-8bc0-ae05e86853d0	Carne moida tipo pastel	3	3	0	0	SINTETICO
300da40c-748c-4402-a7a9-35b45660d731	2026-07-03	MANHA	1	0db97b08-9e92-541d-b2d2-1bc810f8fbe8	Iogurte	95	84	11	6	SINTETICO
85fb6281-1bc9-45a4-9a2c-5ebb188e1920	2026-07-03	MANHA	1	6753aa6f-0f7e-5208-8cd6-9e7a8733ef22	Leite com achocolatado	2	2	0	0	SINTETICO
59025994-e86a-4be9-ae58-ca4889811151	2026-07-03	MANHA	1	094e6e93-4244-5901-b94b-836b2b9b21be	Carne suina acebolada	312	308	4	41	SINTETICO
4e0098d7-5dee-4936-a035-ad8890cc4b69	2026-07-03	INTEGRAL	2	add956e1-36ad-584e-b1e4-a4a8db28315f	Banana	0	0	0	0	SINTETICO
272694a4-fd14-4f15-99e2-a5b1dcfceb86	2026-07-03	INTEGRAL	2	ddeef647-cce4-5236-a3b1-dece44ed098e	Couve flor	0	0	0	0	SINTETICO
0c6a4744-3401-4b63-909f-36cdddf81c0d	2026-07-03	TARDE	3	79ca1872-52e0-59dd-af29-543b793c0860	Macarrao ao sugo	7	7	0	1	SINTETICO
f8c1a17a-39fd-42db-86df-f318bd5f2cba	2026-07-03	INTEGRAL	4	1b450f5b-ecde-5880-ad0a-91ce0920069d	Maca	21	21	0	1	SINTETICO
8bb1e05f-02a5-435a-b35e-f0225ea5781e	2026-07-03	INTEGRAL	4	eed1d0ec-938c-53ef-94b9-626452f5fbd2	Sopa de legumes	73	66	7	22	SINTETICO
ba474709-13e7-4582-980b-b1a1ef608e84	2026-07-03	INTEGRAL	6	153737d9-caa6-55d5-b086-f7e83fdab4d2	Pao com manteiga	0	0	0	0	SINTETICO
0759a4e5-0ce1-4f27-b3d2-46a881a5283b	2026-07-03	INTEGRAL	7	153737d9-caa6-55d5-b086-f7e83fdab4d2	Pao com manteiga	0	0	0	0	SINTETICO
8d2c76ec-e99a-4798-bd25-ba5c2c06d7b9	2026-07-03	INTEGRAL	7	b6f014a3-eaad-57c0-8ee9-24eb9abb819a	Cuscuz	177	157	20	14	SINTETICO
82ed0ab7-b975-4eb7-91d9-c3f8d0ba6778	2026-07-03	MANHA	9	1b450f5b-ecde-5880-ad0a-91ce0920069d	Maca	0	0	0	0	SINTETICO
a7b1fb33-a7c9-4a60-9c72-7efb47e9b339	2026-07-03	MANHA	9	eed1d0ec-938c-53ef-94b9-626452f5fbd2	Sopa de legumes	25	24	1	7	SINTETICO
32af9c5b-5a6e-40e5-a3a6-c4627f9e3bbf	2026-07-03	MANHA	9	6753aa6f-0f7e-5208-8cd6-9e7a8733ef22	Leite com achocolatado	22	22	0	1	SINTETICO
1f30542f-9820-4194-b621-9511a82d2fa3	2026-07-03	TARDE	13	2f723cf1-ddd6-58e2-881e-3ab45db8cd2d	Feijao carioca	536	494	42	43	SINTETICO
b543e0f0-1d0f-4dda-9b9d-f52d80e4af2a	2026-07-03	TARDE	13	6753aa6f-0f7e-5208-8cd6-9e7a8733ef22	Leite com achocolatado	192	167	25	7	SINTETICO
e6986156-5d0e-4ddc-9dab-0e31aaed6e62	2026-07-03	INTEGRAL	14	0db97b08-9e92-541d-b2d2-1bc810f8fbe8	Iogurte	38	34	4	2	SINTETICO
39ff62a9-27ef-4640-9f0a-60871bfb7172	2026-07-03	INTEGRAL	14	6753aa6f-0f7e-5208-8cd6-9e7a8733ef22	Leite com achocolatado	98	88	10	4	SINTETICO
3a79a430-666c-434b-b65a-6ed40f90e239	2026-07-03	INTEGRAL	14	79ca1872-52e0-59dd-af29-543b793c0860	Macarrao ao sugo	0	0	0	0	SINTETICO
6394b055-f32e-437f-8168-6b9d50eba7bf	2026-07-03	INTEGRAL	14	eed1d0ec-938c-53ef-94b9-626452f5fbd2	Sopa de legumes	1	1	0	0	SINTETICO
791cdd0a-d368-4807-a406-2e9c84268874	2026-07-03	TARDE	16	eed1d0ec-938c-53ef-94b9-626452f5fbd2	Sopa de legumes	197	177	20	60	SINTETICO
c5a92a2a-d507-4506-bf6e-675d480d723a	2026-07-06	MANHA	2	1b450f5b-ecde-5880-ad0a-91ce0920069d	Maca	0	0	0	0	SINTETICO
1b18e9f6-f721-4555-84d5-8d55f505e81d	2026-07-06	MANHA	2	153737d9-caa6-55d5-b086-f7e83fdab4d2	Pao com manteiga	73	66	7	4	SINTETICO
603ac6e2-33c7-491c-8e97-06b8ced4ec17	2026-07-06	MANHA	2	6753aa6f-0f7e-5208-8cd6-9e7a8733ef22	Leite com achocolatado	33	33	0	2	SINTETICO
bda0e082-8750-4898-8164-f0de06ab0df6	2026-07-06	MANHA	2	b6f014a3-eaad-57c0-8ee9-24eb9abb819a	Cuscuz	3	3	0	0	SINTETICO
26117b21-7a8a-4e5a-8a05-52e9948fa49f	2026-07-06	MANHA	2	eed1d0ec-938c-53ef-94b9-626452f5fbd2	Sopa de legumes	58	53	5	11	SINTETICO
cba56793-10c4-40aa-887a-b06927e29864	2026-07-06	MANHA	2	2f723cf1-ddd6-58e2-881e-3ab45db8cd2d	Feijao carioca	225	220	5	14	SINTETICO
7296ec96-4ea7-44d6-81f4-d1a80c9f7516	2026-07-06	MANHA	3	9bf7d50c-378c-58f7-ba1a-0dccafffc54c	Bolacha doce	97	86	11	5	SINTETICO
d1feb166-0969-4f63-97ad-e6157060673e	2026-07-06	MANHA	3	0db97b08-9e92-541d-b2d2-1bc810f8fbe8	Iogurte	24	22	2	2	SINTETICO
8dbaeea5-8507-4add-9ea0-579ffb6c044c	2026-07-06	INTEGRAL	4	b6f014a3-eaad-57c0-8ee9-24eb9abb819a	Cuscuz	2	2	0	0	SINTETICO
c59405f5-258f-4886-bbbd-c2f28c1fb0ec	2026-07-06	INTEGRAL	4	1b450f5b-ecde-5880-ad0a-91ce0920069d	Maca	41	36	5	1	SINTETICO
58c17eb9-114d-4be1-ae30-1e64ba511125	2026-07-06	INTEGRAL	4	0db97b08-9e92-541d-b2d2-1bc810f8fbe8	Iogurte	3	3	0	0	SINTETICO
9a6315a0-71b9-4706-92a1-5c608761df11	2026-07-06	INTEGRAL	4	84f7e794-a400-5d46-9efe-1c8a8f2f711d	Suco de fruta natural	338	315	23	12	SINTETICO
79d62a55-3500-43c0-a017-045a12096731	2026-07-06	INTEGRAL	4	6753aa6f-0f7e-5208-8cd6-9e7a8733ef22	Leite com achocolatado	16	14	2	1	SINTETICO
d3a313d1-e008-4777-8853-5c08c74d3796	2026-07-06	INTEGRAL	6	1b450f5b-ecde-5880-ad0a-91ce0920069d	Maca	137	136	1	6	SINTETICO
ab555a26-c484-4e89-96e6-ea0f6bc379ad	2026-07-06	INTEGRAL	6	84f7e794-a400-5d46-9efe-1c8a8f2f711d	Suco de fruta natural	108	102	6	6	SINTETICO
d874e6a7-2c3f-4011-bfb7-a0f7d6316a73	2026-07-06	INTEGRAL	7	6753aa6f-0f7e-5208-8cd6-9e7a8733ef22	Leite com achocolatado	1	1	0	0	SINTETICO
abe2345c-3728-44db-b238-48cc755afeb0	2026-07-06	INTEGRAL	7	2b907759-340a-5ede-88d3-7739822c9e55	Molho de carne moida	103	100	3	12	SINTETICO
e32c3494-0d11-46be-9dc8-9d7afe6d6514	2026-07-06	INTEGRAL	8	1b450f5b-ecde-5880-ad0a-91ce0920069d	Maca	10	9	1	0	SINTETICO
80ac4f97-d29c-49a9-9291-3bbb5bc23843	2026-07-06	INTEGRAL	8	2f723cf1-ddd6-58e2-881e-3ab45db8cd2d	Feijao carioca	21	21	0	2	SINTETICO
c0b5aaf1-3619-4093-8f37-3bef48c87d4f	2026-07-06	INTEGRAL	8	6753aa6f-0f7e-5208-8cd6-9e7a8733ef22	Leite com achocolatado	16	14	2	1	SINTETICO
31de6746-3b5c-49d4-9cfd-d84370f0c7c5	2026-07-06	INTEGRAL	8	84f7e794-a400-5d46-9efe-1c8a8f2f711d	Suco de fruta natural	24	22	2	1	SINTETICO
2d0841e6-8d4d-4754-b46d-15e9e35447f7	2026-07-06	INTEGRAL	9	1b450f5b-ecde-5880-ad0a-91ce0920069d	Maca	5	5	0	0	SINTETICO
92bd7fa1-36e4-418d-96d5-319b568cd3f9	2026-07-06	INTEGRAL	10	e9939964-7e5f-542e-9526-0c743b00ffb0	Salada de tomate	1	1	0	0	SINTETICO
cb263e74-722c-4ef3-b84a-c588288a2470	2026-07-06	INTEGRAL	11	6753aa6f-0f7e-5208-8cd6-9e7a8733ef22	Leite com achocolatado	281	250	31	12	SINTETICO
8b12c1fe-9dcd-4ac6-8155-2edcbb5905e4	2026-07-06	INTEGRAL	11	6ce7a969-7c2b-5a21-b072-594a4412ab8b	Arroz branco	30	27	3	2	SINTETICO
f68995c3-b991-46b9-945f-56030899a5cf	2026-07-06	INTEGRAL	11	9bf7d50c-378c-58f7-ba1a-0dccafffc54c	Bolacha doce	49	48	1	3	SINTETICO
17034878-b9bf-458e-99ad-e4c238e158bd	2026-07-06	INTEGRAL	11	79ca1872-52e0-59dd-af29-543b793c0860	Macarrao ao sugo	56	50	6	8	SINTETICO
08ecf986-a91c-4ab3-b2d6-098b1b6cd0cc	2026-07-06	INTEGRAL	11	84f7e794-a400-5d46-9efe-1c8a8f2f711d	Suco de fruta natural	26	24	2	1	SINTETICO
1b4e0199-824e-4374-9d59-d005ed20a068	2026-07-06	MANHA	12	6753aa6f-0f7e-5208-8cd6-9e7a8733ef22	Leite com achocolatado	21	20	1	1	SINTETICO
79c05902-7cf6-4dc2-8eb6-b6bdb20d5dcd	2026-07-06	MANHA	13	84f7e794-a400-5d46-9efe-1c8a8f2f711d	Suco de fruta natural	33	32	1	2	SINTETICO
09733350-470b-46c9-8188-fd88f11e800b	2026-07-06	MANHA	13	6ce7a969-7c2b-5a21-b072-594a4412ab8b	Arroz branco	13	13	0	1	SINTETICO
cce57170-13f0-4baa-bfec-6a0e6aa54d31	2026-07-06	MANHA	13	b6f014a3-eaad-57c0-8ee9-24eb9abb819a	Cuscuz	368	347	21	42	SINTETICO
76a25636-5c25-4c92-8f57-32e2266eed50	2026-07-06	INTEGRAL	14	eed1d0ec-938c-53ef-94b9-626452f5fbd2	Sopa de legumes	319	294	25	89	SINTETICO
11f50e24-51fa-417d-b478-a0de16b055d9	2026-07-06	INTEGRAL	14	0db97b08-9e92-541d-b2d2-1bc810f8fbe8	Iogurte	65	60	5	3	SINTETICO
4b3f8807-1363-4f03-bf5c-86dbeb584db0	2026-07-06	INTEGRAL	14	2f723cf1-ddd6-58e2-881e-3ab45db8cd2d	Feijao carioca	15	13	2	1	SINTETICO
0a9b46f7-4c32-44f9-b3b8-8acecccf8424	2026-07-06	INTEGRAL	14	79ca1872-52e0-59dd-af29-543b793c0860	Macarrao ao sugo	45	44	1	5	SINTETICO
002bc6c5-530f-4932-bf05-8a6a90f577d6	2026-07-06	INTEGRAL	15	6ce7a969-7c2b-5a21-b072-594a4412ab8b	Arroz branco	7	7	0	1	SINTETICO
42f86bf7-2d7a-4266-ab4d-f75f73e70ae3	2026-07-06	INTEGRAL	15	b4612635-bcf9-56d3-bc95-ef912ff6a829	Cenoura cozida	31	30	1	5	SINTETICO
73feb09f-afff-4717-b4f1-38ea7c56755e	2026-07-06	INTEGRAL	16	9c858519-faab-50d6-9561-8f90f4f84567	Guisado com moranga	29	26	3	8	SINTETICO
1058cc22-8ed0-4978-9c2d-dcc9bc0f759e	2026-07-06	MANHA	17	9bf7d50c-378c-58f7-ba1a-0dccafffc54c	Bolacha doce	11	10	1	0	SINTETICO
c2321775-4cfe-4b8d-9b03-18e3b1a3ea90	2026-07-06	MANHA	17	6753aa6f-0f7e-5208-8cd6-9e7a8733ef22	Leite com achocolatado	92	83	9	6	SINTETICO
e486684a-b713-49ae-a4c3-a5ab12dfed57	2026-07-07	INTEGRAL	1	79ca1872-52e0-59dd-af29-543b793c0860	Macarrao ao sugo	2	2	0	0	SINTETICO
2291fcaf-2431-43ff-bf2b-d82e00bd05d6	2026-07-07	INTEGRAL	2	79ca1872-52e0-59dd-af29-543b793c0860	Macarrao ao sugo	65	63	2	10	SINTETICO
db28d185-cfd3-4a68-9265-4edd97134acb	2026-07-07	INTEGRAL	2	b6f014a3-eaad-57c0-8ee9-24eb9abb819a	Cuscuz	21	19	2	3	SINTETICO
43148ee5-f055-406b-adb7-88a64fe9f8db	2026-07-07	INTEGRAL	4	9bf7d50c-378c-58f7-ba1a-0dccafffc54c	Bolacha doce	342	309	33	12	SINTETICO
a4028ec3-9960-4fa4-b95e-9db8cec8fc52	2026-07-07	INTEGRAL	4	84f7e794-a400-5d46-9efe-1c8a8f2f711d	Suco de fruta natural	21	21	0	1	SINTETICO
fff0a4f3-bc2b-4035-a52e-343dfa75830a	2026-07-07	INTEGRAL	5	2f723cf1-ddd6-58e2-881e-3ab45db8cd2d	Feijao carioca	85	84	1	6	SINTETICO
6e251c45-8c8b-461a-b17c-56c232126a2a	2026-07-07	INTEGRAL	5	6753aa6f-0f7e-5208-8cd6-9e7a8733ef22	Leite com achocolatado	20	18	2	1	SINTETICO
f2824688-f669-4d23-ae12-fa219c9f94b8	2026-07-07	INTEGRAL	5	b6f014a3-eaad-57c0-8ee9-24eb9abb819a	Cuscuz	0	0	0	0	SINTETICO
50ce4370-9898-4597-9191-01a4eeb043b6	2026-07-07	INTEGRAL	6	b6f014a3-eaad-57c0-8ee9-24eb9abb819a	Cuscuz	0	0	0	0	SINTETICO
d0602e95-51b8-4dbf-8fa1-baef49aad2bd	2026-07-07	INTEGRAL	6	6753aa6f-0f7e-5208-8cd6-9e7a8733ef22	Leite com achocolatado	2	2	0	0	SINTETICO
94115d75-6ceb-45d0-a3b0-fc23b5d27fd1	2026-07-07	INTEGRAL	6	79ca1872-52e0-59dd-af29-543b793c0860	Macarrao ao sugo	14	12	2	2	SINTETICO
0e5aa8e6-c431-476c-841b-b4d564e8eca0	2026-07-07	INTEGRAL	6	47fbd9af-ac57-5250-a6e2-0018c6bd21c0	Couve	17	16	1	6	SINTETICO
ad1c6c3c-2004-49ad-97c1-098d018457eb	2026-07-07	TARDE	7	2f723cf1-ddd6-58e2-881e-3ab45db8cd2d	Feijao carioca	6	6	0	0	SINTETICO
d1f5bbf7-704f-47ab-a06d-8ddd56fc4b7a	2026-07-07	TARDE	7	b6f014a3-eaad-57c0-8ee9-24eb9abb819a	Cuscuz	23	21	2	3	SINTETICO
8751c4ea-abde-41c8-9998-9b62d6c4cd41	2026-07-07	INTEGRAL	8	6ce7a969-7c2b-5a21-b072-594a4412ab8b	Arroz branco	1	1	0	0	SINTETICO
6882af84-ec51-4254-87a4-85efa0953d6e	2026-07-07	INTEGRAL	9	84f7e794-a400-5d46-9efe-1c8a8f2f711d	Suco de fruta natural	32	31	1	2	SINTETICO
f0c2dda2-5463-4661-898a-eab702adcb7e	2026-07-07	INTEGRAL	9	6753aa6f-0f7e-5208-8cd6-9e7a8733ef22	Leite com achocolatado	364	350	14	19	SINTETICO
4fd9e98a-3212-4fe8-9ec8-0d2b233e301e	2026-07-07	MANHA	11	2f723cf1-ddd6-58e2-881e-3ab45db8cd2d	Feijao carioca	9	8	1	1	SINTETICO
b47dcc69-f9c8-4c90-9ae2-81b7e9210d2f	2026-07-07	MANHA	11	1b450f5b-ecde-5880-ad0a-91ce0920069d	Maca	0	0	0	0	SINTETICO
02ff4ac2-f7a3-461f-93bf-cc68fdfa1d2a	2026-07-07	INTEGRAL	12	153737d9-caa6-55d5-b086-f7e83fdab4d2	Pao com manteiga	8	7	1	0	SINTETICO
d9e17a48-2dc3-47fe-bfb5-1f8faeef342b	2026-07-07	INTEGRAL	12	b4612635-bcf9-56d3-bc95-ef912ff6a829	Cenoura cozida	42	38	4	5	SINTETICO
bf5c4ddb-5583-4964-bed6-766b67869c2b	2026-07-07	INTEGRAL	15	79ca1872-52e0-59dd-af29-543b793c0860	Macarrao ao sugo	12	12	0	1	SINTETICO
d1e70f7b-4af6-451a-b8cb-046a6899cd05	2026-07-07	INTEGRAL	15	153737d9-caa6-55d5-b086-f7e83fdab4d2	Pao com manteiga	17	15	2	1	SINTETICO
a462b4e7-5c1a-458c-b7fe-0fea2a293a1a	2026-07-07	INTEGRAL	15	6753aa6f-0f7e-5208-8cd6-9e7a8733ef22	Leite com achocolatado	0	0	0	0	SINTETICO
39c49d0b-1ed0-4595-93d4-8f4811611dab	2026-07-07	INTEGRAL	16	84f7e794-a400-5d46-9efe-1c8a8f2f711d	Suco de fruta natural	21	20	1	1	SINTETICO
b03547d6-d113-4b36-8855-0b1e6eea2ee0	2026-07-07	INTEGRAL	16	79ca1872-52e0-59dd-af29-543b793c0860	Macarrao ao sugo	9	8	1	1	SINTETICO
2408401d-5aea-4b12-8d6f-f3933912e6f2	2026-07-07	INTEGRAL	16	0db97b08-9e92-541d-b2d2-1bc810f8fbe8	Iogurte	2	2	0	0	SINTETICO
322af67b-7bb7-4deb-9b1f-ac49859d99d6	2026-07-07	INTEGRAL	16	9bf7d50c-378c-58f7-ba1a-0dccafffc54c	Bolacha doce	4	4	0	0	SINTETICO
45723308-b04a-4cbc-a546-967f36255e5e	2026-07-07	INTEGRAL	16	6753aa6f-0f7e-5208-8cd6-9e7a8733ef22	Leite com achocolatado	9	8	1	1	SINTETICO
67ceaf0d-2b35-4aec-9ebe-9d9292dba977	2026-07-07	INTEGRAL	16	1b450f5b-ecde-5880-ad0a-91ce0920069d	Maca	31	28	3	2	SINTETICO
b42efedd-18b7-493a-a77f-bd600d10b0e9	2026-07-07	INTEGRAL	17	2f723cf1-ddd6-58e2-881e-3ab45db8cd2d	Feijao carioca	39	39	0	3	SINTETICO
f9586596-6d3d-4939-8601-a1dd02ea41ac	2026-07-07	INTEGRAL	17	9bf7d50c-378c-58f7-ba1a-0dccafffc54c	Bolacha doce	36	32	4	2	SINTETICO
9b437c9f-2565-410b-b83a-1ee00bf09d51	2026-07-07	MANHA	18	4d3eeba1-ad77-55d4-9ed8-296ad424338e	Molho de frango desfiado	39	38	1	5	SINTETICO
912312aa-c31f-466b-827d-1ba781f888d9	2026-07-07	MANHA	18	84f7e794-a400-5d46-9efe-1c8a8f2f711d	Suco de fruta natural	31	31	0	1	SINTETICO
15457095-1ff5-4b90-82be-7b3e2fe0ce72	2026-07-08	MANHA	2	153737d9-caa6-55d5-b086-f7e83fdab4d2	Pao com manteiga	16	15	1	1	SINTETICO
2339988e-45ef-48b2-9500-35b4c978de1f	2026-07-08	TARDE	3	9bf7d50c-378c-58f7-ba1a-0dccafffc54c	Bolacha doce	5	4	1	0	SINTETICO
d0f9a05c-8958-4552-933c-ff2ac72f52fa	2026-07-08	TARDE	3	153737d9-caa6-55d5-b086-f7e83fdab4d2	Pao com manteiga	468	449	19	19	SINTETICO
0b5e5533-4041-476e-9820-131ec01464cc	2026-07-08	INTEGRAL	5	84f7e794-a400-5d46-9efe-1c8a8f2f711d	Suco de fruta natural	3	3	0	0	SINTETICO
c048c99d-5e20-457f-b400-40d3f4333f5e	2026-07-08	INTEGRAL	5	153737d9-caa6-55d5-b086-f7e83fdab4d2	Pao com manteiga	3	3	0	0	SINTETICO
9c3611a0-001a-4ef5-a03d-fe160f04a2e0	2026-07-08	INTEGRAL	9	6753aa6f-0f7e-5208-8cd6-9e7a8733ef22	Leite com achocolatado	0	0	0	0	SINTETICO
41db8023-cfde-4a2c-a7a8-6f68027da604	2026-07-08	INTEGRAL	9	add956e1-36ad-584e-b1e4-a4a8db28315f	Banana	55	54	1	2	SINTETICO
4dd10019-ba38-4c8d-a313-2a17f1d1fca2	2026-07-08	MANHA	11	84f7e794-a400-5d46-9efe-1c8a8f2f711d	Suco de fruta natural	30	26	4	2	SINTETICO
1c800173-7ff4-4b6f-b11e-8ebb80545bc2	2026-07-08	INTEGRAL	13	153737d9-caa6-55d5-b086-f7e83fdab4d2	Pao com manteiga	365	335	30	19	SINTETICO
f742c5f8-ae95-40b5-a0c2-61633c7c1947	2026-07-08	INTEGRAL	13	6ce7a969-7c2b-5a21-b072-594a4412ab8b	Arroz branco	51	50	1	4	SINTETICO
1a7b43a9-517d-4c4f-a3a9-3566017ab4ab	2026-07-08	INTEGRAL	15	9bf7d50c-378c-58f7-ba1a-0dccafffc54c	Bolacha doce	7	6	1	0	SINTETICO
c8236d01-ec02-423b-bb12-168663a3257d	2026-07-08	INTEGRAL	15	add956e1-36ad-584e-b1e4-a4a8db28315f	Banana	23	20	3	1	SINTETICO
91cc2366-61ce-4e16-a8fc-d5b13c564dae	2026-07-08	INTEGRAL	15	0db97b08-9e92-541d-b2d2-1bc810f8fbe8	Iogurte	44	43	1	3	SINTETICO
79121ab5-a0f9-4b6b-b446-d8b71712bb07	2026-07-08	INTEGRAL	15	84f7e794-a400-5d46-9efe-1c8a8f2f711d	Suco de fruta natural	38	37	1	2	SINTETICO
3316bbad-71b4-4fcb-a831-83e530a78293	2026-07-08	TARDE	18	0db97b08-9e92-541d-b2d2-1bc810f8fbe8	Iogurte	65	57	8	3	SINTETICO
933038e7-e10b-4584-b184-f8958adb6eeb	2026-07-08	TARDE	18	6ce7a969-7c2b-5a21-b072-594a4412ab8b	Arroz branco	313	306	7	19	SINTETICO
24acfc52-0413-4383-ad95-239404514fa0	2026-07-09	INTEGRAL	1	eed1d0ec-938c-53ef-94b9-626452f5fbd2	Sopa de legumes	94	85	9	33	SINTETICO
c3df39ee-4693-4899-9695-65a07922465e	2026-07-09	INTEGRAL	1	2f723cf1-ddd6-58e2-881e-3ab45db8cd2d	Feijao carioca	69	60	9	5	SINTETICO
f64b9cbc-9658-4549-90a4-f64de682a56d	2026-07-09	INTEGRAL	3	2f723cf1-ddd6-58e2-881e-3ab45db8cd2d	Feijao carioca	55	50	5	4	SINTETICO
c745e680-30de-4b91-9e67-d853420391b3	2026-07-09	INTEGRAL	3	6ce7a969-7c2b-5a21-b072-594a4412ab8b	Arroz branco	159	146	13	12	SINTETICO
269e406e-2bf7-476a-a624-d0bc6d1425eb	2026-07-09	INTEGRAL	3	84f7e794-a400-5d46-9efe-1c8a8f2f711d	Suco de fruta natural	15	14	1	0	SINTETICO
ed7a0f6a-a07a-4423-96b4-45bc163241a5	2026-07-09	INTEGRAL	4	84f7e794-a400-5d46-9efe-1c8a8f2f711d	Suco de fruta natural	22	19	3	1	SINTETICO
d4e5dc18-7998-4b30-ade4-317c3aec56b4	2026-07-09	INTEGRAL	4	153737d9-caa6-55d5-b086-f7e83fdab4d2	Pao com manteiga	3	3	0	0	SINTETICO
c8b813e6-dc41-491b-8ebd-7a137617d261	2026-07-09	INTEGRAL	4	6ce7a969-7c2b-5a21-b072-594a4412ab8b	Arroz branco	27	26	1	2	SINTETICO
3e352211-3760-4d17-ab46-07bd5abf4b40	2026-07-09	MANHA	6	6753aa6f-0f7e-5208-8cd6-9e7a8733ef22	Leite com achocolatado	113	113	0	7	SINTETICO
7e5b33f7-6d13-4ee7-a8f5-fc56aa5bcc98	2026-07-09	MANHA	6	79ca1872-52e0-59dd-af29-543b793c0860	Macarrao ao sugo	84	73	11	11	SINTETICO
3f39012f-60fc-4b6c-a7aa-3176c8f111c2	2026-07-09	MANHA	6	9bf7d50c-378c-58f7-ba1a-0dccafffc54c	Bolacha doce	41	39	2	2	SINTETICO
f1bef36b-6677-4819-8bbe-71d6d96750ea	2026-07-09	INTEGRAL	7	b6f014a3-eaad-57c0-8ee9-24eb9abb819a	Cuscuz	3	3	0	0	SINTETICO
ac4e19a1-ddb7-4551-98f2-3e0a5fe97583	2026-07-09	INTEGRAL	7	79ca1872-52e0-59dd-af29-543b793c0860	Macarrao ao sugo	36	36	0	4	SINTETICO
a552bb8c-d055-469a-b90f-5c051a28e835	2026-07-09	INTEGRAL	7	d0f748b6-0ca4-5794-9480-45981f00672c	Ensopado de mandioca	12	11	1	2	SINTETICO
5eff303b-f212-4c75-ab1c-64f9479dcfb7	2026-07-09	INTEGRAL	7	0db97b08-9e92-541d-b2d2-1bc810f8fbe8	Iogurte	31	30	1	1	SINTETICO
5b875d9c-799c-43b9-aec9-491456385ef3	2026-07-09	INTEGRAL	10	84f7e794-a400-5d46-9efe-1c8a8f2f711d	Suco de fruta natural	67	64	3	4	SINTETICO
c908763e-322a-490d-8435-d2810d9d7030	2026-07-09	MANHA	11	84f7e794-a400-5d46-9efe-1c8a8f2f711d	Suco de fruta natural	288	251	37	13	SINTETICO
d7a34ef5-a3bb-4658-b77a-4114144e718f	2026-07-09	MANHA	11	b4612635-bcf9-56d3-bc95-ef912ff6a829	Cenoura cozida	34	31	3	4	SINTETICO
b653889e-792c-4693-90b1-dd78eb331e32	2026-07-09	MANHA	11	eed1d0ec-938c-53ef-94b9-626452f5fbd2	Sopa de legumes	16	16	0	5	SINTETICO
440aa136-2b39-477a-a175-0cce08dca30b	2026-07-09	MANHA	11	6753aa6f-0f7e-5208-8cd6-9e7a8733ef22	Leite com achocolatado	11	11	0	1	SINTETICO
825592eb-8dc7-49a8-ac29-b60a15ad217c	2026-07-09	MANHA	12	84f7e794-a400-5d46-9efe-1c8a8f2f711d	Suco de fruta natural	10	10	0	0	SINTETICO
a87fb212-7f08-4f67-9573-ea8a7a68922f	2026-07-09	MANHA	12	0db97b08-9e92-541d-b2d2-1bc810f8fbe8	Iogurte	50	44	6	3	SINTETICO
c0e89b66-3de5-47e4-8224-84229d587e1f	2026-07-09	MANHA	12	2f723cf1-ddd6-58e2-881e-3ab45db8cd2d	Feijao carioca	54	53	1	5	SINTETICO
6bdca395-fdbe-4ae4-abe7-ca9bbf6c5d6c	2026-07-09	MANHA	12	6ce7a969-7c2b-5a21-b072-594a4412ab8b	Arroz branco	97	92	5	8	SINTETICO
d59e99ec-be53-438b-b4c0-e751ebcf3538	2026-07-09	INTEGRAL	14	add956e1-36ad-584e-b1e4-a4a8db28315f	Banana	60	55	5	2	SINTETICO
f183fea3-c494-4f24-b160-b9ff6d2d79fd	2026-07-09	MANHA	15	1b450f5b-ecde-5880-ad0a-91ce0920069d	Maca	3	3	0	0	SINTETICO
0932926d-eae6-4c61-8aae-bcc1c4a341ea	2026-07-09	MANHA	15	153737d9-caa6-55d5-b086-f7e83fdab4d2	Pao com manteiga	5	5	0	0	SINTETICO
6a8531a8-1385-4b6d-b747-22cdf5e06f1b	2026-07-09	MANHA	15	2f723cf1-ddd6-58e2-881e-3ab45db8cd2d	Feijao carioca	213	186	27	17	SINTETICO
92142da1-952e-42aa-99ce-abe35aff3066	2026-07-09	MANHA	15	0db97b08-9e92-541d-b2d2-1bc810f8fbe8	Iogurte	18	17	1	1	SINTETICO
b0752e74-9210-4d9c-97bb-8d5e1bdfbc17	2026-07-09	INTEGRAL	17	6753aa6f-0f7e-5208-8cd6-9e7a8733ef22	Leite com achocolatado	1	1	0	0	SINTETICO
730f8ccd-0bc5-496f-94e0-36df16265642	2026-07-09	INTEGRAL	17	9bf7d50c-378c-58f7-ba1a-0dccafffc54c	Bolacha doce	213	199	14	9	SINTETICO
7f3d1bf8-303f-4ada-9a33-9869afc08fec	2026-07-10	INTEGRAL	2	b6f014a3-eaad-57c0-8ee9-24eb9abb819a	Cuscuz	13	12	1	1	SINTETICO
02e648d4-1107-4e99-859c-4af0bd63b430	2026-07-10	INTEGRAL	3	9bf7d50c-378c-58f7-ba1a-0dccafffc54c	Bolacha doce	95	84	11	4	SINTETICO
6f06f848-9a45-4ac7-91d1-0fd23098f28f	2026-07-10	INTEGRAL	4	add956e1-36ad-584e-b1e4-a4a8db28315f	Banana	1	1	0	0	SINTETICO
3f757ff4-1d10-44b8-849f-81cbb659f303	2026-07-10	INTEGRAL	4	6ce7a969-7c2b-5a21-b072-594a4412ab8b	Arroz branco	112	108	4	5	SINTETICO
b0932f3c-9885-4447-aa59-3d6e10ef0f89	2026-07-10	INTEGRAL	4	153737d9-caa6-55d5-b086-f7e83fdab4d2	Pao com manteiga	0	0	0	0	SINTETICO
8e420766-dd97-41aa-9239-0e3ae4ed0bda	2026-07-10	INTEGRAL	4	84f7e794-a400-5d46-9efe-1c8a8f2f711d	Suco de fruta natural	21	20	1	1	SINTETICO
691a35ed-6e8e-4a74-8637-e58b64c7f4be	2026-07-10	INTEGRAL	5	79ca1872-52e0-59dd-af29-543b793c0860	Macarrao ao sugo	3	3	0	0	SINTETICO
d2f0c5c0-efaa-46fc-967f-066dac15cb3e	2026-07-10	INTEGRAL	6	0db97b08-9e92-541d-b2d2-1bc810f8fbe8	Iogurte	262	260	2	16	SINTETICO
038e57eb-8b22-460e-a0c1-01cecadfe9f7	2026-07-10	INTEGRAL	6	6ce7a969-7c2b-5a21-b072-594a4412ab8b	Arroz branco	0	0	0	0	SINTETICO
22f1936c-41e4-4c02-9021-5911fa3d478a	2026-07-10	INTEGRAL	6	1b450f5b-ecde-5880-ad0a-91ce0920069d	Maca	60	57	3	4	SINTETICO
b8b2b2e3-2726-47ef-af15-0631ea0413c7	2026-07-10	INTEGRAL	6	9bf7d50c-378c-58f7-ba1a-0dccafffc54c	Bolacha doce	40	40	0	2	SINTETICO
8f570ecf-e5f6-4c80-a3dc-5ee36fb667f9	2026-07-10	INTEGRAL	7	0db97b08-9e92-541d-b2d2-1bc810f8fbe8	Iogurte	6	5	1	0	SINTETICO
e2bad1ee-b99c-494b-891c-1a02d4fd0a4d	2026-07-10	TARDE	8	eed1d0ec-938c-53ef-94b9-626452f5fbd2	Sopa de legumes	494	494	0	124	SINTETICO
13822b01-2133-4b5c-bd1a-bb397041a5eb	2026-07-10	INTEGRAL	10	6ce7a969-7c2b-5a21-b072-594a4412ab8b	Arroz branco	30	28	2	2	SINTETICO
544909b3-d99d-4b53-a67a-154c5f0bbac9	2026-07-10	TARDE	11	b6f014a3-eaad-57c0-8ee9-24eb9abb819a	Cuscuz	204	184	20	23	SINTETICO
5058d2cf-37db-4866-9a5a-3b16cd6bc1d9	2026-07-10	TARDE	11	6753aa6f-0f7e-5208-8cd6-9e7a8733ef22	Leite com achocolatado	6	5	1	0	SINTETICO
eeb06efa-3ba7-41fd-8b5d-b2b4e9612b80	2026-07-10	TARDE	11	79ca1872-52e0-59dd-af29-543b793c0860	Macarrao ao sugo	10	9	1	1	SINTETICO
e9de8a04-5bdd-4632-b5ac-089613a6ab4d	2026-07-10	TARDE	11	2f723cf1-ddd6-58e2-881e-3ab45db8cd2d	Feijao carioca	514	494	20	43	SINTETICO
58768f1a-f594-4110-abb3-a6a59aad4758	2026-07-10	MANHA	12	84f7e794-a400-5d46-9efe-1c8a8f2f711d	Suco de fruta natural	37	33	4	2	SINTETICO
e5ebd820-8ecf-4ead-81a2-6006d44c45f1	2026-07-10	MANHA	12	b6f014a3-eaad-57c0-8ee9-24eb9abb819a	Cuscuz	80	71	9	8	SINTETICO
000e5b15-25a0-4a84-bc41-c16977d40831	2026-07-10	INTEGRAL	15	9bf7d50c-378c-58f7-ba1a-0dccafffc54c	Bolacha doce	29	26	3	1	SINTETICO
c2d00429-e905-46dc-b5c8-6a00acc53499	2026-07-10	INTEGRAL	18	b6f014a3-eaad-57c0-8ee9-24eb9abb819a	Cuscuz	0	0	0	0	SINTETICO
13e39ce4-ca4d-439b-ad72-9339c95ba25e	2026-07-10	INTEGRAL	18	2f723cf1-ddd6-58e2-881e-3ab45db8cd2d	Feijao carioca	0	0	0	0	SINTETICO
11b4696c-61b1-4219-bc04-1b1fb56edc23	2026-07-13	MANHA	1	153737d9-caa6-55d5-b086-f7e83fdab4d2	Pao com manteiga	30	28	2	1	SINTETICO
2b1c09b5-d37d-4916-8a58-36a186ced294	2026-07-13	MANHA	1	6ce7a969-7c2b-5a21-b072-594a4412ab8b	Arroz branco	4	4	0	0	SINTETICO
3dd4871d-3fe2-4c35-b20f-e0a1aaeb6b9e	2026-07-13	MANHA	1	6753aa6f-0f7e-5208-8cd6-9e7a8733ef22	Leite com achocolatado	25	22	3	1	SINTETICO
177fa168-afad-4a13-9e97-858d989ac688	2026-07-13	MANHA	1	1b450f5b-ecde-5880-ad0a-91ce0920069d	Maca	20	19	1	1	SINTETICO
898c4d52-fb58-44db-9a2a-03dfe9b414ba	2026-07-13	MANHA	2	84f7e794-a400-5d46-9efe-1c8a8f2f711d	Suco de fruta natural	0	0	0	0	SINTETICO
e0ff085e-f80a-4ec0-89db-e0357ee1f793	2026-07-13	MANHA	3	d02df37a-5ddb-5d71-b171-5b2f6e16b1c8	Ovo cozido	81	74	7	11	SINTETICO
037efe89-7472-4318-8325-dc5127148d1b	2026-07-13	MANHA	3	1b450f5b-ecde-5880-ad0a-91ce0920069d	Maca	18	17	1	1	SINTETICO
1b557c44-2304-4bf7-b92a-90609c966707	2026-07-13	TARDE	4	1b450f5b-ecde-5880-ad0a-91ce0920069d	Maca	504	494	10	30	SINTETICO
8f854ebe-f93b-48a6-9fa4-0a506074add9	2026-07-13	TARDE	4	ddeef647-cce4-5236-a3b1-dece44ed098e	Couve flor	0	0	0	0	SINTETICO
b1e36996-4469-4f40-8b6f-e2569032e305	2026-07-13	TARDE	4	d02df37a-5ddb-5d71-b171-5b2f6e16b1c8	Ovo cozido	137	133	4	16	SINTETICO
157fcb8c-4809-4ff0-9e86-7c55b8bdd423	2026-07-13	INTEGRAL	5	84f7e794-a400-5d46-9efe-1c8a8f2f711d	Suco de fruta natural	31	27	4	1	SINTETICO
aee122f3-039d-421e-8bb6-28f101e73845	2026-07-13	INTEGRAL	7	b6f014a3-eaad-57c0-8ee9-24eb9abb819a	Cuscuz	5	5	0	1	SINTETICO
59b3c181-7915-49b2-9a8f-9b399168135d	2026-07-13	INTEGRAL	7	6ce7a969-7c2b-5a21-b072-594a4412ab8b	Arroz branco	44	43	1	2	SINTETICO
e985c559-fc14-407c-92f5-0025be5e0456	2026-07-13	INTEGRAL	9	84f7e794-a400-5d46-9efe-1c8a8f2f711d	Suco de fruta natural	94	92	2	5	SINTETICO
b925778c-95a2-478f-8703-eb37067a1d1d	2026-07-13	INTEGRAL	9	eed1d0ec-938c-53ef-94b9-626452f5fbd2	Sopa de legumes	11	11	0	3	SINTETICO
6c3e407c-7643-467c-b0ee-c6ab75079553	2026-07-13	MANHA	11	153737d9-caa6-55d5-b086-f7e83fdab4d2	Pao com manteiga	1	1	0	0	SINTETICO
e637fd5d-4435-4927-8d2e-7d9b55c69193	2026-07-13	MANHA	11	6753aa6f-0f7e-5208-8cd6-9e7a8733ef22	Leite com achocolatado	15	13	2	1	SINTETICO
0284f60c-bb70-487b-9ec3-b091a0c3aa96	2026-07-13	MANHA	11	79ca1872-52e0-59dd-af29-543b793c0860	Macarrao ao sugo	33	30	3	4	SINTETICO
df30f17d-25f5-4c88-b410-2ddc539e1518	2026-07-13	INTEGRAL	12	6ce7a969-7c2b-5a21-b072-594a4412ab8b	Arroz branco	49	43	6	3	SINTETICO
b3508b91-69dd-4e6e-a893-def2839ee619	2026-07-13	INTEGRAL	12	0db97b08-9e92-541d-b2d2-1bc810f8fbe8	Iogurte	263	229	34	14	SINTETICO
e198aeaa-592e-4fd4-bc5c-00f72e738479	2026-07-13	INTEGRAL	14	9bf7d50c-378c-58f7-ba1a-0dccafffc54c	Bolacha doce	212	186	26	11	SINTETICO
2ca7091a-310a-4fc7-ac9c-4a243b03e45b	2026-07-13	INTEGRAL	14	add956e1-36ad-584e-b1e4-a4a8db28315f	Banana	272	261	11	12	SINTETICO
1d90a397-90b6-400c-a4a7-adac7d3bed7e	2026-07-13	INTEGRAL	14	6ce7a969-7c2b-5a21-b072-594a4412ab8b	Arroz branco	74	70	4	6	SINTETICO
2e0ef63f-0207-4b7e-b19a-f63e4e7d0281	2026-07-13	INTEGRAL	16	add956e1-36ad-584e-b1e4-a4a8db28315f	Banana	40	38	2	1	SINTETICO
fef126d5-e883-41eb-a3e3-9012d5e06912	2026-07-13	INTEGRAL	16	9bf7d50c-378c-58f7-ba1a-0dccafffc54c	Bolacha doce	12	11	1	1	SINTETICO
4d206fb2-2f4c-4acd-98b9-5630224ade76	2026-07-13	INTEGRAL	18	6753aa6f-0f7e-5208-8cd6-9e7a8733ef22	Leite com achocolatado	11	11	0	1	SINTETICO
ff04db6a-236c-4dfc-b30e-c7e7857ce203	2026-07-13	INTEGRAL	18	2f723cf1-ddd6-58e2-881e-3ab45db8cd2d	Feijao carioca	208	189	19	14	SINTETICO
348b58a8-0dd3-447d-8f42-4a8cefc745f1	2026-07-14	TARDE	1	79ca1872-52e0-59dd-af29-543b793c0860	Macarrao ao sugo	6	6	0	1	SINTETICO
02879673-24db-4c36-88fc-7ce5b9b6309c	2026-07-14	TARDE	1	6ce7a969-7c2b-5a21-b072-594a4412ab8b	Arroz branco	20	19	1	1	SINTETICO
7439eed4-4dfc-408b-8139-9e509b16b485	2026-07-14	TARDE	1	eed1d0ec-938c-53ef-94b9-626452f5fbd2	Sopa de legumes	0	0	0	0	SINTETICO
3fe1e68c-9d20-422c-b262-ef7896eabb5d	2026-07-14	INTEGRAL	2	e8c59186-e147-5530-a4ba-b728fd7852c3	Arroz com galinha	378	359	19	19	SINTETICO
24988dc6-26c7-4d37-ba2e-4b88d48d1fe3	2026-07-14	MANHA	3	eed1d0ec-938c-53ef-94b9-626452f5fbd2	Sopa de legumes	0	0	0	0	SINTETICO
54303768-0afc-4047-89b8-ea600eba43fa	2026-07-14	MANHA	3	0db97b08-9e92-541d-b2d2-1bc810f8fbe8	Iogurte	46	45	1	3	SINTETICO
982d87ee-c894-44ff-b41b-e151e1972ca3	2026-07-14	INTEGRAL	5	add956e1-36ad-584e-b1e4-a4a8db28315f	Banana	7	6	1	0	SINTETICO
a0034596-8d3e-448b-b5d9-57e44ab0a75f	2026-07-14	INTEGRAL	5	eed1d0ec-938c-53ef-94b9-626452f5fbd2	Sopa de legumes	2	2	0	1	SINTETICO
0910d55c-3999-4084-9940-e3243b140380	2026-07-14	INTEGRAL	5	0db97b08-9e92-541d-b2d2-1bc810f8fbe8	Iogurte	0	0	0	0	SINTETICO
9c4e909c-0d0c-442c-9a28-462b2d677362	2026-07-14	MANHA	6	2f723cf1-ddd6-58e2-881e-3ab45db8cd2d	Feijao carioca	375	338	37	23	SINTETICO
da107a4c-8ced-4a95-8fa4-f99cf53c0929	2026-07-14	MANHA	6	153737d9-caa6-55d5-b086-f7e83fdab4d2	Pao com manteiga	57	52	5	3	SINTETICO
632de04a-93fc-4649-8341-9abe41f8e7a2	2026-07-14	MANHA	6	9bf7d50c-378c-58f7-ba1a-0dccafffc54c	Bolacha doce	94	85	9	5	SINTETICO
09581fc5-6bda-4333-8651-a81c96be5686	2026-07-14	MANHA	7	0db97b08-9e92-541d-b2d2-1bc810f8fbe8	Iogurte	2	2	0	0	SINTETICO
2e5597d0-ac3b-4813-8515-8c9afb1f75f4	2026-07-14	MANHA	7	6ce7a969-7c2b-5a21-b072-594a4412ab8b	Arroz branco	103	90	13	5	SINTETICO
21432bb8-5ae1-48c4-b463-0a8e6c546e99	2026-07-14	MANHA	7	bb7ca364-cc13-59ee-a7ed-1d5136b5b6e3	Beterraba cozida	1	1	0	0	SINTETICO
9e22b074-874c-48e5-8984-7a76df4dc53f	2026-07-14	MANHA	7	b6cbc98d-85cf-5628-a89e-560cfa264267	Coxa e sobrecoxa de frango ao molho de tomate	341	311	30	46	SINTETICO
03a79087-0b34-4033-b732-b72fd5fb64c2	2026-07-14	INTEGRAL	8	eed1d0ec-938c-53ef-94b9-626452f5fbd2	Sopa de legumes	0	0	0	0	SINTETICO
4f9cbcd9-c588-40e6-be71-a9198e17dd59	2026-07-14	INTEGRAL	8	9bf7d50c-378c-58f7-ba1a-0dccafffc54c	Bolacha doce	11	11	0	0	SINTETICO
3d6b2509-ee68-4a0a-8d9d-d1d456ff25b6	2026-07-14	INTEGRAL	8	1b450f5b-ecde-5880-ad0a-91ce0920069d	Maca	299	269	30	14	SINTETICO
4e133587-5c59-4434-ae8d-9fc81656d7f0	2026-07-14	INTEGRAL	8	6ce7a969-7c2b-5a21-b072-594a4412ab8b	Arroz branco	40	37	3	3	SINTETICO
865e76be-3da3-41db-a024-b60dd76cef22	2026-07-14	MANHA	11	2f723cf1-ddd6-58e2-881e-3ab45db8cd2d	Feijao carioca	110	99	11	6	SINTETICO
6e1a94a7-99d2-4f93-a45c-a2b0e3533898	2026-07-14	MANHA	11	add956e1-36ad-584e-b1e4-a4a8db28315f	Banana	10	9	1	0	SINTETICO
d29e5bd0-e737-4642-aec8-a52f7f74ced3	2026-07-14	MANHA	11	2fb8016f-a7e8-5297-ba7c-fbdbc176e301	Molho de tomate caseiro	100	97	3	10	SINTETICO
914ce3f9-532c-484e-adac-6a48c960872b	2026-07-14	MANHA	14	54e9ea4c-63a9-5952-9616-b24ee0e6a0fa	Frango dourado, acebolado	61	55	6	5	SINTETICO
acaa7dd1-b76d-46a1-8379-3b7c57c12bbe	2026-07-14	MANHA	14	0db97b08-9e92-541d-b2d2-1bc810f8fbe8	Iogurte	44	39	5	2	SINTETICO
2524dfac-0306-431c-801d-2d5e2ecdb0ce	2026-07-14	INTEGRAL	16	eed1d0ec-938c-53ef-94b9-626452f5fbd2	Sopa de legumes	101	94	7	35	SINTETICO
a20d7354-7442-4368-8ff5-31fb4b43a661	2026-07-14	INTEGRAL	16	1b450f5b-ecde-5880-ad0a-91ce0920069d	Maca	198	176	22	8	SINTETICO
7ec74098-d74f-47f7-8436-abad1ef58911	2026-07-14	INTEGRAL	16	153737d9-caa6-55d5-b086-f7e83fdab4d2	Pao com manteiga	0	0	0	0	SINTETICO
22d7b94d-8872-4202-9ec8-b832870e7bad	2026-07-14	INTEGRAL	16	6ce7a969-7c2b-5a21-b072-594a4412ab8b	Arroz branco	61	57	4	3	SINTETICO
1b145d92-ab95-41d6-b242-33fbdec9191a	2026-07-14	INTEGRAL	16	79eb9045-ebdc-53c5-9ede-a0e5d2b7b378	Requeijao caseiro	100	98	2	7	SINTETICO
9789c469-c963-49bc-a72a-3cc9baa75cc2	2026-07-14	INTEGRAL	16	b99afe70-33ca-5504-9840-345a82dc68a3	Cenoura ralada	0	0	0	0	SINTETICO
007a8d75-0ea1-482b-bb4f-ce49bf61e57d	2026-07-14	INTEGRAL	17	add956e1-36ad-584e-b1e4-a4a8db28315f	Banana	0	0	0	0	SINTETICO
0c8eafad-e5f7-4246-8153-6f7d018cda23	2026-07-14	MANHA	18	9bf7d50c-378c-58f7-ba1a-0dccafffc54c	Bolacha doce	57	56	1	3	SINTETICO
52fdb87f-59a3-4b00-b76c-3cd94f453008	2026-07-14	MANHA	18	add956e1-36ad-584e-b1e4-a4a8db28315f	Banana	227	203	24	10	SINTETICO
1e95d63a-7712-4744-9bbb-27b831908c13	2026-07-14	MANHA	18	2f723cf1-ddd6-58e2-881e-3ab45db8cd2d	Feijao carioca	102	92	10	7	SINTETICO
a683f595-5e48-4e1e-a26b-95bdba8f1cc6	2026-07-15	MANHA	1	79ca1872-52e0-59dd-af29-543b793c0860	Macarrao ao sugo	1	1	0	0	SINTETICO
39346298-37d8-4d90-a834-68117d3dd0fd	2026-07-15	MANHA	1	1b450f5b-ecde-5880-ad0a-91ce0920069d	Maca	7	6	1	0	SINTETICO
02e7a667-11eb-41c8-9989-eed6362eeef9	2026-07-15	INTEGRAL	3	9bf7d50c-378c-58f7-ba1a-0dccafffc54c	Bolacha doce	33	32	1	1	SINTETICO
60a61a63-cfc1-4ad5-b737-5245fb53edae	2026-07-15	INTEGRAL	3	6ce7a969-7c2b-5a21-b072-594a4412ab8b	Arroz branco	83	76	7	7	SINTETICO
c6268fe4-5095-4097-80bd-3c45977c3a84	2026-07-15	INTEGRAL	3	6753aa6f-0f7e-5208-8cd6-9e7a8733ef22	Leite com achocolatado	26	25	1	1	SINTETICO
3c404d44-04d0-4669-885c-5a23ae3a26d8	2026-07-15	INTEGRAL	3	2f723cf1-ddd6-58e2-881e-3ab45db8cd2d	Feijao carioca	38	34	4	3	SINTETICO
2e13c4d9-b211-4cc0-8840-6cb66540af3d	2026-07-15	INTEGRAL	3	b6f014a3-eaad-57c0-8ee9-24eb9abb819a	Cuscuz	4	4	0	0	SINTETICO
ac326668-bbf7-41f3-9573-57c09f70fc89	2026-07-15	INTEGRAL	3	79ca1872-52e0-59dd-af29-543b793c0860	Macarrao ao sugo	29	26	3	3	SINTETICO
c7f5aac2-5409-45a6-8f07-b59fc4d3a072	2026-07-15	INTEGRAL	4	add956e1-36ad-584e-b1e4-a4a8db28315f	Banana	58	53	5	2	SINTETICO
bd7b0855-aef2-467d-aab1-db11bdd8b2a8	2026-07-15	INTEGRAL	4	1b450f5b-ecde-5880-ad0a-91ce0920069d	Maca	23	22	1	1	SINTETICO
9fd24284-9575-4593-82dc-92b449f91b39	2026-07-15	INTEGRAL	4	9bf7d50c-378c-58f7-ba1a-0dccafffc54c	Bolacha doce	18	18	0	1	SINTETICO
d9ab6526-66f1-409b-9512-5a8dff4ab501	2026-07-15	TARDE	5	eed1d0ec-938c-53ef-94b9-626452f5fbd2	Sopa de legumes	51	47	4	14	SINTETICO
48094f1b-c255-429a-8e9a-c0886276b137	2026-07-15	TARDE	5	2f723cf1-ddd6-58e2-881e-3ab45db8cd2d	Feijao carioca	0	0	0	0	SINTETICO
2bd2837a-6025-494e-a6a9-64175dcc3697	2026-07-15	MANHA	7	1b450f5b-ecde-5880-ad0a-91ce0920069d	Maca	47	44	3	3	SINTETICO
ce8f9808-6e9a-43e0-9d15-8e327f6d50ae	2026-07-15	MANHA	7	9bf7d50c-378c-58f7-ba1a-0dccafffc54c	Bolacha doce	0	0	0	0	SINTETICO
fca9dfbd-98ca-407b-bcce-a95347f1203c	2026-07-15	MANHA	7	84f7e794-a400-5d46-9efe-1c8a8f2f711d	Suco de fruta natural	10	9	1	1	SINTETICO
c359ab00-0f05-47ba-a4ed-d4ae334d447b	2026-07-15	INTEGRAL	8	b6f014a3-eaad-57c0-8ee9-24eb9abb819a	Cuscuz	207	180	27	17	SINTETICO
c40cb7a0-c3ae-453b-8477-a16ec724f3a4	2026-07-15	INTEGRAL	9	1b450f5b-ecde-5880-ad0a-91ce0920069d	Maca	0	0	0	0	SINTETICO
2b61209b-0018-4f29-a475-a0f98c1ca38b	2026-07-15	INTEGRAL	9	b6f014a3-eaad-57c0-8ee9-24eb9abb819a	Cuscuz	40	35	5	4	SINTETICO
0f7691a8-aa4f-4ea2-8d9a-a710b6e4d081	2026-07-15	INTEGRAL	11	1b450f5b-ecde-5880-ad0a-91ce0920069d	Maca	334	320	14	20	SINTETICO
9b2e70c2-e6cc-458f-96ae-2446e92393e3	2026-07-15	INTEGRAL	11	9bf7d50c-378c-58f7-ba1a-0dccafffc54c	Bolacha doce	1	1	0	0	SINTETICO
92c0f0c6-8bac-4d7d-a9b3-4d77a9ad24dc	2026-07-15	INTEGRAL	12	add956e1-36ad-584e-b1e4-a4a8db28315f	Banana	72	64	8	2	SINTETICO
931741e6-6e72-4f28-bbd4-fbed508991a8	2026-07-15	INTEGRAL	13	153737d9-caa6-55d5-b086-f7e83fdab4d2	Pao com manteiga	65	63	2	4	SINTETICO
68cf0492-a9b4-4bdd-accd-c7eb9ea26896	2026-07-15	INTEGRAL	14	eed1d0ec-938c-53ef-94b9-626452f5fbd2	Sopa de legumes	18	16	2	5	SINTETICO
ee98d755-5c94-411f-bb77-d145b7c15b86	2026-07-15	INTEGRAL	14	ddeef647-cce4-5236-a3b1-dece44ed098e	Couve flor	39	39	0	10	SINTETICO
8610f900-97ce-4fc8-854d-e677a271a1c1	2026-07-15	INTEGRAL	14	2f723cf1-ddd6-58e2-881e-3ab45db8cd2d	Feijao carioca	40	36	4	2	SINTETICO
3fd0c99d-1bc1-4b60-94e5-dfded4fa952c	2026-07-15	INTEGRAL	16	153737d9-caa6-55d5-b086-f7e83fdab4d2	Pao com manteiga	34	31	3	2	SINTETICO
828e246c-2a22-4617-96d5-b81cbf74c977	2026-07-15	INTEGRAL	17	6ce7a969-7c2b-5a21-b072-594a4412ab8b	Arroz branco	37	33	4	2	SINTETICO
e8d5d21e-594d-41f6-8515-d6714318972e	2026-07-15	MANHA	18	84f7e794-a400-5d46-9efe-1c8a8f2f711d	Suco de fruta natural	20	18	2	1	SINTETICO
be2f6fc2-bdf1-4b5c-b114-fdb251042927	2026-07-15	MANHA	18	6ce7a969-7c2b-5a21-b072-594a4412ab8b	Arroz branco	32	29	3	2	SINTETICO
6af87c03-3413-4603-ad76-b766e5bfa998	2026-07-15	MANHA	18	9bf7d50c-378c-58f7-ba1a-0dccafffc54c	Bolacha doce	382	366	16	20	SINTETICO
4638cf71-c160-486a-8ce6-af9f144b0062	2026-07-15	MANHA	18	153737d9-caa6-55d5-b086-f7e83fdab4d2	Pao com manteiga	45	39	6	2	SINTETICO
47bbfec5-9420-41d9-946d-843c6f2387f9	2026-07-16	MANHA	5	79ca1872-52e0-59dd-af29-543b793c0860	Macarrao ao sugo	44	43	1	7	SINTETICO
1e9029da-3471-436a-9c5a-7097948ced9b	2026-07-16	MANHA	5	84f7e794-a400-5d46-9efe-1c8a8f2f711d	Suco de fruta natural	78	76	2	5	SINTETICO
ac3f1b60-2bb5-4262-b92a-43745fcbc33c	2026-07-16	MANHA	7	6ce7a969-7c2b-5a21-b072-594a4412ab8b	Arroz branco	113	103	10	5	SINTETICO
8dc4bfb9-9186-4fc9-9715-d7e8d031b70f	2026-07-16	MANHA	7	b6f014a3-eaad-57c0-8ee9-24eb9abb819a	Cuscuz	77	77	0	10	SINTETICO
cec09a64-f9d4-4ae5-86d8-018e68e2e415	2026-07-16	INTEGRAL	8	b6f014a3-eaad-57c0-8ee9-24eb9abb819a	Cuscuz	26	23	3	3	SINTETICO
6abf90fb-53f4-46fe-a072-f51cd9ce8e44	2026-07-16	INTEGRAL	8	78b49edf-4e8b-5161-8bc0-ae05e86853d0	Carne moida tipo pastel	54	53	1	5	SINTETICO
368e703d-8e37-4fd2-8e02-ddd2cba4104c	2026-07-16	INTEGRAL	8	84f7e794-a400-5d46-9efe-1c8a8f2f711d	Suco de fruta natural	11	11	0	1	SINTETICO
bdfbbeda-7520-4e13-a468-c073fc141790	2026-07-16	INTEGRAL	8	9bf7d50c-378c-58f7-ba1a-0dccafffc54c	Bolacha doce	9	9	0	0	SINTETICO
169d34ce-5602-4ae2-8368-0859ec443582	2026-07-16	INTEGRAL	8	6753aa6f-0f7e-5208-8cd6-9e7a8733ef22	Leite com achocolatado	44	39	5	2	SINTETICO
1b506c34-f632-4600-9460-040fdd4f41a5	2026-07-16	INTEGRAL	8	6ce7a969-7c2b-5a21-b072-594a4412ab8b	Arroz branco	0	0	0	0	SINTETICO
0e1cc80e-fd70-4dc9-a560-e5116c70f6e8	2026-07-16	INTEGRAL	8	2f723cf1-ddd6-58e2-881e-3ab45db8cd2d	Feijao carioca	13	12	1	1	SINTETICO
c686b91e-2e3d-4805-97c1-6daced81bbba	2026-07-16	INTEGRAL	9	2f723cf1-ddd6-58e2-881e-3ab45db8cd2d	Feijao carioca	192	184	8	12	SINTETICO
0277d2ac-2ed1-4201-bcc4-c076cd817746	2026-07-16	INTEGRAL	9	eed1d0ec-938c-53ef-94b9-626452f5fbd2	Sopa de legumes	32	31	1	10	SINTETICO
1ae049f7-c4ba-48e1-b292-fd8c10692403	2026-07-16	INTEGRAL	11	0db97b08-9e92-541d-b2d2-1bc810f8fbe8	Iogurte	8	7	1	0	SINTETICO
bb15b715-afdc-4a5d-b44e-117c084f6b02	2026-07-16	INTEGRAL	11	b6cbc98d-85cf-5628-a89e-560cfa264267	Coxa e sobrecoxa de frango ao molho de tomate	19	17	2	2	SINTETICO
ff2e7e47-97b9-4a8c-8619-a57ea677c22f	2026-07-16	INTEGRAL	11	b6f014a3-eaad-57c0-8ee9-24eb9abb819a	Cuscuz	18	16	2	2	SINTETICO
ba335c49-5ebf-4c03-9b20-1cfcdfa29a3c	2026-07-16	INTEGRAL	11	9bf7d50c-378c-58f7-ba1a-0dccafffc54c	Bolacha doce	38	35	3	2	SINTETICO
f26a5a65-3498-430b-9c07-c1a3425afe17	2026-07-16	INTEGRAL	11	add956e1-36ad-584e-b1e4-a4a8db28315f	Banana	11	11	0	1	SINTETICO
e3583c7f-d421-413c-acff-0869505d2365	2026-07-16	INTEGRAL	15	eed1d0ec-938c-53ef-94b9-626452f5fbd2	Sopa de legumes	11	10	1	3	SINTETICO
5e94e6d0-a0d8-4a26-b243-19cb20256bc2	2026-07-16	INTEGRAL	15	9bf7d50c-378c-58f7-ba1a-0dccafffc54c	Bolacha doce	82	80	2	4	SINTETICO
937c73da-c58a-4190-89a6-893717017f92	2026-07-16	INTEGRAL	15	045210e2-4f88-5f7b-950a-db8c8dacab7e	Repolho	3	3	0	1	SINTETICO
55b5c7fc-a697-4577-8fc5-e97e3e98e2d5	2026-07-16	INTEGRAL	15	add956e1-36ad-584e-b1e4-a4a8db28315f	Banana	2	2	0	0	SINTETICO
814e5835-a833-49ac-867d-07e526c5b6a6	2026-07-16	INTEGRAL	15	f8c11e3f-147e-575c-879e-d8653a2b447f	Chuchu com tempero verde	0	0	0	0	SINTETICO
963db18d-14ac-4533-a677-40bb88661a88	2026-07-16	INTEGRAL	16	eed1d0ec-938c-53ef-94b9-626452f5fbd2	Sopa de legumes	3	3	0	1	SINTETICO
7497e321-1174-4e25-b447-6b0d1041c8e8	2026-07-16	INTEGRAL	16	0db97b08-9e92-541d-b2d2-1bc810f8fbe8	Iogurte	112	103	9	5	SINTETICO
bf102af1-1bcd-47dd-b89a-571427b080f5	2026-07-16	MANHA	17	9bf7d50c-378c-58f7-ba1a-0dccafffc54c	Bolacha doce	168	155	13	7	SINTETICO
2960ce3a-d0c4-4c14-8b11-9b701c720a1c	2026-07-16	MANHA	17	6ce7a969-7c2b-5a21-b072-594a4412ab8b	Arroz branco	5	5	0	0	SINTETICO
a696fee8-4ab6-4be9-833b-474316dc7943	2026-07-16	MANHA	17	1b450f5b-ecde-5880-ad0a-91ce0920069d	Maca	50	44	6	3	SINTETICO
9287e33a-3d46-443d-9961-58fec94038fe	2026-07-16	MANHA	17	79ca1872-52e0-59dd-af29-543b793c0860	Macarrao ao sugo	15	14	1	2	SINTETICO
c050697b-568c-4d0b-b2e3-dd7271699dee	2026-07-16	MANHA	17	b6f014a3-eaad-57c0-8ee9-24eb9abb819a	Cuscuz	55	54	1	6	SINTETICO
818fe243-2af9-4f5a-a03c-d8cf61a96ff0	2026-07-17	INTEGRAL	1	eed1d0ec-938c-53ef-94b9-626452f5fbd2	Sopa de legumes	35	35	0	14	SINTETICO
459b7817-928b-4920-91ae-988b5278b99f	2026-07-17	INTEGRAL	1	9bf7d50c-378c-58f7-ba1a-0dccafffc54c	Bolacha doce	19	19	0	1	SINTETICO
5cf3fe10-7ef7-482e-a570-01f6ddd1c959	2026-07-17	INTEGRAL	1	21e707b3-6560-583f-a5f2-f307b82911fd	Salada de alface	266	259	7	60	SINTETICO
3fb91ece-866f-4cb8-9ca7-c38bdefc140e	2026-07-17	TARDE	2	add956e1-36ad-584e-b1e4-a4a8db28315f	Banana	113	105	8	4	SINTETICO
ba32a168-b0b0-4f24-9a86-8b150f7ec1d2	2026-07-17	TARDE	2	1b450f5b-ecde-5880-ad0a-91ce0920069d	Maca	0	0	0	0	SINTETICO
24f053a8-46fb-4bfa-990d-ac69f0b5a6ef	2026-07-17	MANHA	3	6753aa6f-0f7e-5208-8cd6-9e7a8733ef22	Leite com achocolatado	93	82	11	4	SINTETICO
3f711ebe-3cd8-4fe1-a5fb-8e13dd72be5b	2026-07-17	INTEGRAL	5	153737d9-caa6-55d5-b086-f7e83fdab4d2	Pao com manteiga	25	23	2	2	SINTETICO
b2fc13b7-4275-4df6-8d5d-382d4c54c280	2026-07-17	INTEGRAL	5	0db97b08-9e92-541d-b2d2-1bc810f8fbe8	Iogurte	66	58	8	3	SINTETICO
86ba6c76-64ca-4fbc-ae7c-8ed52d984826	2026-07-17	TARDE	7	9bf7d50c-378c-58f7-ba1a-0dccafffc54c	Bolacha doce	12	11	1	1	SINTETICO
a24cd48d-1b80-46cd-a5a6-dc4a40e0d3bb	2026-07-17	TARDE	7	79ca1872-52e0-59dd-af29-543b793c0860	Macarrao ao sugo	0	0	0	0	SINTETICO
52640877-e1e9-4fef-a864-f47dbbe2f44b	2026-07-17	TARDE	8	6ce7a969-7c2b-5a21-b072-594a4412ab8b	Arroz branco	0	0	0	0	SINTETICO
4f287143-2519-4ef9-b731-99c62bcac4a8	2026-07-17	TARDE	8	0db97b08-9e92-541d-b2d2-1bc810f8fbe8	Iogurte	180	167	13	13	SINTETICO
3934fb59-8bd5-4ef8-b4e7-7d681561cd80	2026-07-17	TARDE	8	1b450f5b-ecde-5880-ad0a-91ce0920069d	Maca	211	193	18	12	SINTETICO
df4b2d81-14d8-436e-9c82-52e554914783	2026-07-17	TARDE	8	153737d9-caa6-55d5-b086-f7e83fdab4d2	Pao com manteiga	12	12	0	1	SINTETICO
c648c8f8-067a-4109-90e6-34198478bfa2	2026-07-17	TARDE	8	add956e1-36ad-584e-b1e4-a4a8db28315f	Banana	0	0	0	0	SINTETICO
82fb77ad-7a6f-4db4-b6b1-f78900f69393	2026-07-17	TARDE	8	2f723cf1-ddd6-58e2-881e-3ab45db8cd2d	Feijao carioca	0	0	0	0	SINTETICO
ff0f6b8a-f1df-484a-b522-2fd5194f1e80	2026-07-17	INTEGRAL	9	79ca1872-52e0-59dd-af29-543b793c0860	Macarrao ao sugo	2	2	0	0	SINTETICO
2b4078c0-a2c1-473e-8820-3851e6a3caf4	2026-07-17	MANHA	10	9bf7d50c-378c-58f7-ba1a-0dccafffc54c	Bolacha doce	45	44	1	3	SINTETICO
2436b8b5-05d5-4783-93a0-fa0d394b0b21	2026-07-17	MANHA	13	9bf7d50c-378c-58f7-ba1a-0dccafffc54c	Bolacha doce	0	0	0	0	SINTETICO
0ff7f409-ae97-4369-b518-e1887cd7c797	2026-07-17	MANHA	13	6ce7a969-7c2b-5a21-b072-594a4412ab8b	Arroz branco	0	0	0	0	SINTETICO
b70790f6-1487-424a-adb2-f20c1d8101bb	2026-07-17	INTEGRAL	14	1b450f5b-ecde-5880-ad0a-91ce0920069d	Maca	1	1	0	0	SINTETICO
81da0571-e770-4654-9676-8e54885afdbd	2026-07-17	MANHA	16	1b450f5b-ecde-5880-ad0a-91ce0920069d	Maca	28	27	1	1	SINTETICO
9ff9d87d-2c86-41b3-8f51-e00ef665d049	2026-07-17	INTEGRAL	18	eed1d0ec-938c-53ef-94b9-626452f5fbd2	Sopa de legumes	2	2	0	1	SINTETICO
2352d2ec-d81d-40d6-9998-5f3b2fa0c00e	2026-07-17	INTEGRAL	18	6ce7a969-7c2b-5a21-b072-594a4412ab8b	Arroz branco	0	0	0	0	SINTETICO
a9536676-e6c1-4100-a9b4-8861b1c819e2	2026-07-17	INTEGRAL	18	0db97b08-9e92-541d-b2d2-1bc810f8fbe8	Iogurte	84	74	10	6	SINTETICO
71b7d009-2df0-4ed8-b60f-c200336d4a83	2026-07-20	INTEGRAL	2	1b450f5b-ecde-5880-ad0a-91ce0920069d	Maca	35	33	2	2	SINTETICO
471de59b-9a66-48fb-b28d-9a95119eb986	2026-07-20	INTEGRAL	2	2f723cf1-ddd6-58e2-881e-3ab45db8cd2d	Feijao carioca	19	19	0	2	SINTETICO
3642339b-d9a1-4799-964f-c3ed8bdd4e79	2026-07-20	INTEGRAL	2	84f7e794-a400-5d46-9efe-1c8a8f2f711d	Suco de fruta natural	143	127	16	6	SINTETICO
6822d520-30b5-45e1-9a9b-4bd070dd72e6	2026-07-20	INTEGRAL	3	9bf7d50c-378c-58f7-ba1a-0dccafffc54c	Bolacha doce	30	28	2	1	SINTETICO
81d8b229-8e44-4b1f-9a17-bcfd0924d514	2026-07-20	INTEGRAL	3	eed1d0ec-938c-53ef-94b9-626452f5fbd2	Sopa de legumes	78	75	3	20	SINTETICO
a8b34585-4861-4de1-b984-3c11ca9daba8	2026-07-20	INTEGRAL	4	1b450f5b-ecde-5880-ad0a-91ce0920069d	Maca	104	99	5	6	SINTETICO
92f8339b-243a-4c5c-a716-e536bb968df9	2026-07-20	INTEGRAL	4	6ce7a969-7c2b-5a21-b072-594a4412ab8b	Arroz branco	28	25	3	2	SINTETICO
7e26ec9c-dfa9-4d7d-953e-0c8baaf477f0	2026-07-20	INTEGRAL	4	e8c59186-e147-5530-a4ba-b728fd7852c3	Arroz com galinha	92	89	3	8	SINTETICO
1b9622f9-de11-4f27-a700-f817a768d434	2026-07-20	INTEGRAL	4	6753aa6f-0f7e-5208-8cd6-9e7a8733ef22	Leite com achocolatado	165	157	8	10	SINTETICO
5372103b-14e2-4bd6-9d30-1a33cc927368	2026-07-20	MANHA	6	2f723cf1-ddd6-58e2-881e-3ab45db8cd2d	Feijao carioca	35	33	2	4	SINTETICO
aa6660e0-b49b-4154-9fd6-d6253a53c801	2026-07-20	MANHA	6	84f7e794-a400-5d46-9efe-1c8a8f2f711d	Suco de fruta natural	177	171	6	9	SINTETICO
621b6178-4196-4f9e-ab8b-5d76af46bb24	2026-07-20	TARDE	10	0db97b08-9e92-541d-b2d2-1bc810f8fbe8	Iogurte	16	14	2	1	SINTETICO
738ae7a5-bdee-45f0-b08e-2b20cef23bb0	2026-07-20	TARDE	10	eed1d0ec-938c-53ef-94b9-626452f5fbd2	Sopa de legumes	74	67	7	26	SINTETICO
dff2376a-b6ff-4aae-92e2-f0c8da3024a9	2026-07-20	TARDE	10	79ca1872-52e0-59dd-af29-543b793c0860	Macarrao ao sugo	0	0	0	0	SINTETICO
38fe4af3-dc4b-4898-bb06-2012cb55a9df	2026-07-20	TARDE	10	2f723cf1-ddd6-58e2-881e-3ab45db8cd2d	Feijao carioca	15	14	1	1	SINTETICO
465f3ed0-bdb3-4d5a-9e62-f6c3348ce446	2026-07-20	INTEGRAL	13	eed1d0ec-938c-53ef-94b9-626452f5fbd2	Sopa de legumes	18	17	1	5	SINTETICO
d9f0196a-6c2d-4d58-9e8a-4b7b26548623	2026-07-20	INTEGRAL	13	1b450f5b-ecde-5880-ad0a-91ce0920069d	Maca	63	61	2	3	SINTETICO
3a6f778e-be17-455d-aedd-16a8acb5e18c	2026-07-20	INTEGRAL	13	153737d9-caa6-55d5-b086-f7e83fdab4d2	Pao com manteiga	41	37	4	2	SINTETICO
883a43f6-9495-4984-8273-397664919683	2026-07-20	INTEGRAL	13	79ca1872-52e0-59dd-af29-543b793c0860	Macarrao ao sugo	44	41	3	6	SINTETICO
4ad8109c-abe6-45c9-b911-8420ba3ac9de	2026-07-20	MANHA	15	6f1d5964-e195-53e5-b25d-c4128c0b139a	Iscas de frango acebolada	2	2	0	0	SINTETICO
ccac8129-5185-44e8-a0a6-0168ef0a4844	2026-07-20	MANHA	15	2f723cf1-ddd6-58e2-881e-3ab45db8cd2d	Feijao carioca	282	256	26	28	SINTETICO
f3ea4658-721f-477f-9590-e9fd516b3e0b	2026-07-20	MANHA	15	1b450f5b-ecde-5880-ad0a-91ce0920069d	Maca	124	114	10	5	SINTETICO
363200a7-d556-4700-929f-39b222b6a31d	2026-07-20	MANHA	17	0db97b08-9e92-541d-b2d2-1bc810f8fbe8	Iogurte	25	23	2	1	SINTETICO
6d06ed50-fe1a-46c3-b718-586b35bb4fdc	2026-07-20	MANHA	17	79ca1872-52e0-59dd-af29-543b793c0860	Macarrao ao sugo	43	40	3	4	SINTETICO
52527e9e-18f1-437f-94c4-042972155fcc	2026-07-20	MANHA	17	2f723cf1-ddd6-58e2-881e-3ab45db8cd2d	Feijao carioca	0	0	0	0	SINTETICO
7692c9bd-bb31-48c5-a2d4-6e28f97a6dcd	2026-07-21	TARDE	1	add956e1-36ad-584e-b1e4-a4a8db28315f	Banana	250	219	31	8	SINTETICO
2699860d-a151-472c-a668-ca86d534982e	2026-07-21	TARDE	1	0db97b08-9e92-541d-b2d2-1bc810f8fbe8	Iogurte	429	382	47	20	SINTETICO
b312a660-ed7c-4b27-b43e-fee1e99af56a	2026-07-21	MANHA	2	84f7e794-a400-5d46-9efe-1c8a8f2f711d	Suco de fruta natural	0	0	0	0	SINTETICO
4136063d-2b09-4b51-9d56-daceaf3437ea	2026-07-21	MANHA	2	153737d9-caa6-55d5-b086-f7e83fdab4d2	Pao com manteiga	92	91	1	4	SINTETICO
72ce53d5-ba85-4ae3-8642-cdbf2e670158	2026-07-21	MANHA	2	b6f014a3-eaad-57c0-8ee9-24eb9abb819a	Cuscuz	58	53	5	8	SINTETICO
8c65faa4-0802-411f-b8b9-06257b2e567e	2026-07-21	MANHA	2	0db97b08-9e92-541d-b2d2-1bc810f8fbe8	Iogurte	90	78	12	3	SINTETICO
df82544d-06b6-45aa-ba89-83db170b0225	2026-07-21	MANHA	2	b4612635-bcf9-56d3-bc95-ef912ff6a829	Cenoura cozida	52	51	1	7	SINTETICO
6fc25921-de3b-40b2-a59d-f869aea914c5	2026-07-21	MANHA	2	1b450f5b-ecde-5880-ad0a-91ce0920069d	Maca	0	0	0	0	SINTETICO
8984a83d-90e9-4941-841b-9528f576d9cf	2026-07-21	MANHA	4	eed1d0ec-938c-53ef-94b9-626452f5fbd2	Sopa de legumes	21	19	2	5	SINTETICO
5de4b79e-89e5-421e-8c05-1d657700651a	2026-07-21	MANHA	4	153737d9-caa6-55d5-b086-f7e83fdab4d2	Pao com manteiga	29	28	1	2	SINTETICO
b0368f77-d3f1-4580-adc5-37e96cbe9c26	2026-07-21	MANHA	5	84f7e794-a400-5d46-9efe-1c8a8f2f711d	Suco de fruta natural	116	111	5	6	SINTETICO
74b0a9ad-37ae-497c-8d3d-d94c9d8c8a16	2026-07-21	MANHA	5	153737d9-caa6-55d5-b086-f7e83fdab4d2	Pao com manteiga	105	100	5	6	SINTETICO
16f2d666-60d9-414a-8b41-63e78a6a5f02	2026-07-21	TARDE	6	b6f014a3-eaad-57c0-8ee9-24eb9abb819a	Cuscuz	0	0	0	0	SINTETICO
ee53c27a-7669-4272-bda6-31517d7881dd	2026-07-21	TARDE	6	6ce7a969-7c2b-5a21-b072-594a4412ab8b	Arroz branco	0	0	0	0	SINTETICO
acb743bf-3583-4818-a2ed-652fd0e8a97a	2026-07-21	INTEGRAL	8	9bf7d50c-378c-58f7-ba1a-0dccafffc54c	Bolacha doce	9	9	0	0	SINTETICO
6254128b-8b61-41c4-bb6c-de56b0e767ba	2026-07-21	MANHA	10	54e9ea4c-63a9-5952-9616-b24ee0e6a0fa	Frango dourado, acebolado	11	10	1	1	SINTETICO
f3274995-3462-4cdc-b533-b41a2f15df54	2026-07-21	INTEGRAL	11	84f7e794-a400-5d46-9efe-1c8a8f2f711d	Suco de fruta natural	27	25	2	1	SINTETICO
192f9620-136a-4954-832e-b7ab5783966f	2026-07-21	INTEGRAL	11	2f723cf1-ddd6-58e2-881e-3ab45db8cd2d	Feijao carioca	353	324	29	33	SINTETICO
ea76f5de-3d44-4720-aa94-1126238bd2dc	2026-07-21	INTEGRAL	11	9bf7d50c-378c-58f7-ba1a-0dccafffc54c	Bolacha doce	33	32	1	2	SINTETICO
64e40c14-8240-4f7e-9ed9-114fff2ab953	2026-07-21	INTEGRAL	11	79ca1872-52e0-59dd-af29-543b793c0860	Macarrao ao sugo	0	0	0	0	SINTETICO
d6149da6-aa9e-4aff-bac3-a7c23ae983b3	2026-07-21	INTEGRAL	11	6ce7a969-7c2b-5a21-b072-594a4412ab8b	Arroz branco	2	2	0	0	SINTETICO
63de9996-78a1-412a-807f-4865f5f31715	2026-07-21	MANHA	13	84f7e794-a400-5d46-9efe-1c8a8f2f711d	Suco de fruta natural	10	9	1	0	SINTETICO
f3476315-f7e1-470e-bdf3-64562ecd4593	2026-07-21	MANHA	13	2f723cf1-ddd6-58e2-881e-3ab45db8cd2d	Feijao carioca	0	0	0	0	SINTETICO
b4c70b13-32d5-49ce-af40-9e4b43422f38	2026-07-22	INTEGRAL	4	eed1d0ec-938c-53ef-94b9-626452f5fbd2	Sopa de legumes	0	0	0	0	SINTETICO
0260c2ba-bcc4-4598-9d6d-feb9ba456420	2026-07-22	INTEGRAL	4	6ce7a969-7c2b-5a21-b072-594a4412ab8b	Arroz branco	1	1	0	0	SINTETICO
fd2f0882-a137-4b11-b62d-c464adde302e	2026-07-22	INTEGRAL	6	add956e1-36ad-584e-b1e4-a4a8db28315f	Banana	40	37	3	1	SINTETICO
bdf8820c-582d-4a91-9f7a-1bb30042525a	2026-07-22	INTEGRAL	6	2f723cf1-ddd6-58e2-881e-3ab45db8cd2d	Feijao carioca	11	11	0	1	SINTETICO
6eaa0b72-6df2-4bdf-be15-655f04016ff4	2026-07-22	INTEGRAL	8	0db97b08-9e92-541d-b2d2-1bc810f8fbe8	Iogurte	0	0	0	0	SINTETICO
b03fbabc-4783-4002-95ba-57d80d1cb1c3	2026-07-22	INTEGRAL	8	54e9ea4c-63a9-5952-9616-b24ee0e6a0fa	Frango dourado, acebolado	149	146	3	9	SINTETICO
59e88e3c-8e51-4922-9aa0-1d64cb3794a8	2026-07-22	INTEGRAL	8	eed1d0ec-938c-53ef-94b9-626452f5fbd2	Sopa de legumes	4	4	0	1	SINTETICO
0782923a-1593-4a59-82c8-3cd56e4f6502	2026-07-22	INTEGRAL	8	1b450f5b-ecde-5880-ad0a-91ce0920069d	Maca	101	96	5	5	SINTETICO
5b1c1308-ba0b-465d-abe5-d07838659835	2026-07-22	INTEGRAL	8	add956e1-36ad-584e-b1e4-a4a8db28315f	Banana	18	16	2	1	SINTETICO
efc63495-5dfb-4c4e-8f53-38118747a8e5	2026-07-22	INTEGRAL	9	b6f014a3-eaad-57c0-8ee9-24eb9abb819a	Cuscuz	51	45	6	6	SINTETICO
5916ad23-fd8f-4300-8e24-b8f7e93eda73	2026-07-22	INTEGRAL	10	6ce7a969-7c2b-5a21-b072-594a4412ab8b	Arroz branco	2	2	0	0	SINTETICO
140011e9-54e1-4c70-9eab-96e2ba103ceb	2026-07-22	INTEGRAL	10	57892dbd-226e-5042-9150-ecf305a83d0f	Mandioca cozida	3	3	0	1	SINTETICO
fa8971aa-b230-425a-a33f-eae7b1299d16	2026-07-22	INTEGRAL	10	2f723cf1-ddd6-58e2-881e-3ab45db8cd2d	Feijao carioca	45	45	0	4	SINTETICO
b017c289-a03b-45d5-88b5-5a4304faec8b	2026-07-22	MANHA	11	2f723cf1-ddd6-58e2-881e-3ab45db8cd2d	Feijao carioca	3	3	0	0	SINTETICO
24316493-bc2c-4c7f-918a-ecb99db4e92c	2026-07-22	MANHA	11	84f7e794-a400-5d46-9efe-1c8a8f2f711d	Suco de fruta natural	3	3	0	0	SINTETICO
73e247c1-1efc-453d-9046-3c2985a50db8	2026-07-22	INTEGRAL	12	eed1d0ec-938c-53ef-94b9-626452f5fbd2	Sopa de legumes	45	44	1	12	SINTETICO
abedca5d-0a51-4fbd-ba27-716814394fa2	2026-07-22	INTEGRAL	12	1b450f5b-ecde-5880-ad0a-91ce0920069d	Maca	111	108	3	5	SINTETICO
14380e1b-230e-4cbf-8f1c-be7cd1c8b320	2026-07-22	INTEGRAL	12	6753aa6f-0f7e-5208-8cd6-9e7a8733ef22	Leite com achocolatado	0	0	0	0	SINTETICO
411ae17e-e0df-451e-a0ab-bd8b9b6365ee	2026-07-22	INTEGRAL	13	79ca1872-52e0-59dd-af29-543b793c0860	Macarrao ao sugo	27	24	3	4	SINTETICO
10b8cf6c-bc51-4a3d-97b7-791403f23b74	2026-07-22	INTEGRAL	13	b4612635-bcf9-56d3-bc95-ef912ff6a829	Cenoura cozida	2	2	0	0	SINTETICO
e4508928-6923-40a5-89cc-8cadcf98b788	2026-07-22	INTEGRAL	15	79ca1872-52e0-59dd-af29-543b793c0860	Macarrao ao sugo	2	2	0	0	SINTETICO
55f86fc5-d96b-40e1-9183-7cf697ad7dd8	2026-07-22	INTEGRAL	15	9bf7d50c-378c-58f7-ba1a-0dccafffc54c	Bolacha doce	0	0	0	0	SINTETICO
48285141-3ecb-4c9d-9888-585b8f1381e9	2026-07-22	INTEGRAL	15	2f723cf1-ddd6-58e2-881e-3ab45db8cd2d	Feijao carioca	111	104	7	11	SINTETICO
eeded9cf-c485-463f-9d7d-03d7c9445b46	2026-07-22	INTEGRAL	16	b6f014a3-eaad-57c0-8ee9-24eb9abb819a	Cuscuz	8	8	0	1	SINTETICO
5abbac5f-d935-48d5-9067-96f7aa82676c	2026-07-22	INTEGRAL	16	79ca1872-52e0-59dd-af29-543b793c0860	Macarrao ao sugo	39	38	1	4	SINTETICO
5b31eb04-a5b1-4a9a-bd02-db527aaab214	2026-07-22	INTEGRAL	17	6753aa6f-0f7e-5208-8cd6-9e7a8733ef22	Leite com achocolatado	26	25	1	1	SINTETICO
56dae7fd-731b-402d-a16e-0a130f436cfd	2026-07-22	INTEGRAL	17	153737d9-caa6-55d5-b086-f7e83fdab4d2	Pao com manteiga	6	6	0	0	SINTETICO
c6f5f01d-4707-4893-88b3-bf563ae3ba37	2026-07-23	INTEGRAL	3	6ce7a969-7c2b-5a21-b072-594a4412ab8b	Arroz branco	234	215	19	17	SINTETICO
a833d978-3135-4aab-8843-76f987bfbeb3	2026-07-23	INTEGRAL	6	84f7e794-a400-5d46-9efe-1c8a8f2f711d	Suco de fruta natural	2	2	0	0	SINTETICO
dc68d6c2-0869-42fc-9d6c-1b43254264fe	2026-07-23	TARDE	9	153737d9-caa6-55d5-b086-f7e83fdab4d2	Pao com manteiga	74	69	5	5	SINTETICO
b471d7ee-3eac-47b3-afb3-119e36dcf487	2026-07-23	TARDE	10	b6f014a3-eaad-57c0-8ee9-24eb9abb819a	Cuscuz	545	494	51	75	SINTETICO
59826ef4-a768-487c-b1d0-e45cf66a9320	2026-07-23	INTEGRAL	12	79ca1872-52e0-59dd-af29-543b793c0860	Macarrao ao sugo	105	96	9	14	SINTETICO
4b984f3d-9499-4427-a72a-57033aa59f8a	2026-07-23	INTEGRAL	12	153737d9-caa6-55d5-b086-f7e83fdab4d2	Pao com manteiga	31	27	4	1	SINTETICO
a6a832a8-86f3-46af-b799-ac6ce864e187	2026-07-23	INTEGRAL	15	0db97b08-9e92-541d-b2d2-1bc810f8fbe8	Iogurte	105	100	5	6	SINTETICO
9e8b37ea-6f3f-4bb2-8088-4323d41850aa	2026-07-23	INTEGRAL	15	1b450f5b-ecde-5880-ad0a-91ce0920069d	Maca	8	8	0	0	SINTETICO
158ab45e-e72b-48a9-837f-d7a5d855d77b	2026-07-23	INTEGRAL	15	add956e1-36ad-584e-b1e4-a4a8db28315f	Banana	20	19	1	1	SINTETICO
2e84a2d6-155c-408d-91e2-97149e1108c7	2026-07-23	INTEGRAL	15	3d6a3f96-fe67-5811-98e8-2381c1ec5a70	Beterraba ralada	290	274	16	88	SINTETICO
bfba327f-3c79-4144-9117-77e02530a30c	2026-07-23	TARDE	16	2f723cf1-ddd6-58e2-881e-3ab45db8cd2d	Feijao carioca	183	181	2	16	SINTETICO
290b5ff9-ecc5-4b54-896a-fd42d535ba18	2026-07-23	TARDE	16	84f7e794-a400-5d46-9efe-1c8a8f2f711d	Suco de fruta natural	63	62	1	2	SINTETICO
ea9863e6-336c-4408-92bd-df80795bb785	2026-07-23	TARDE	17	b6f014a3-eaad-57c0-8ee9-24eb9abb819a	Cuscuz	6	5	1	1	SINTETICO
cf12e578-fe22-4544-9666-a3c25422763c	2026-07-23	TARDE	17	79ca1872-52e0-59dd-af29-543b793c0860	Macarrao ao sugo	6	5	1	1	SINTETICO
26fcf25b-7a96-41e0-9ba5-01fc5015e1fc	2026-07-23	INTEGRAL	18	9bf7d50c-378c-58f7-ba1a-0dccafffc54c	Bolacha doce	46	44	2	3	SINTETICO
4135d6ae-6473-4a25-8abd-53d33ab90553	2026-07-23	INTEGRAL	18	153737d9-caa6-55d5-b086-f7e83fdab4d2	Pao com manteiga	0	0	0	0	SINTETICO
e99745d8-9e6b-4463-8057-2d132f3d1c78	2026-07-24	INTEGRAL	1	84f7e794-a400-5d46-9efe-1c8a8f2f711d	Suco de fruta natural	46	45	1	3	SINTETICO
6a0b57f3-358f-4e43-9e79-bc1f4700496e	2026-07-24	MANHA	2	eed1d0ec-938c-53ef-94b9-626452f5fbd2	Sopa de legumes	21	19	2	5	SINTETICO
1f817275-2a02-4bec-8fda-312106721e41	2026-07-24	MANHA	2	877577bb-d17f-5df7-b369-9be72e456774	Chuchu	0	0	0	0	SINTETICO
54a32d76-fa87-4e40-a481-89c7c0f72a81	2026-07-24	MANHA	2	1b450f5b-ecde-5880-ad0a-91ce0920069d	Maca	2	2	0	0	SINTETICO
00493897-4307-4b96-ad6b-fa1df5e074b0	2026-07-24	MANHA	2	9bf7d50c-378c-58f7-ba1a-0dccafffc54c	Bolacha doce	2	2	0	0	SINTETICO
069fdf93-7cf3-4255-805d-465523e560be	2026-07-24	TARDE	4	3d6a3f96-fe67-5811-98e8-2381c1ec5a70	Beterraba ralada	98	98	0	29	SINTETICO
d58c8ca8-0f48-4178-a351-e1bfad60dccf	2026-07-24	TARDE	4	add956e1-36ad-584e-b1e4-a4a8db28315f	Banana	43	39	4	1	SINTETICO
d6094f87-9efe-4a0a-8ef2-b9be0379e979	2026-07-24	TARDE	4	eed1d0ec-938c-53ef-94b9-626452f5fbd2	Sopa de legumes	35	35	0	11	SINTETICO
63737888-65b7-4eea-9b29-3e79ad9787e8	2026-07-24	TARDE	4	0db97b08-9e92-541d-b2d2-1bc810f8fbe8	Iogurte	488	427	61	19	SINTETICO
19e816c0-4ecc-4a7e-ae82-9677f0662a88	2026-07-24	TARDE	4	153737d9-caa6-55d5-b086-f7e83fdab4d2	Pao com manteiga	7	6	1	0	SINTETICO
0fe00628-e0e9-49e3-8e8c-105225cf38c0	2026-07-24	INTEGRAL	5	b6f014a3-eaad-57c0-8ee9-24eb9abb819a	Cuscuz	306	278	28	30	SINTETICO
f6e372af-fbb5-459c-a809-26586e202352	2026-07-24	MANHA	6	84f7e794-a400-5d46-9efe-1c8a8f2f711d	Suco de fruta natural	32	28	4	1	SINTETICO
cc9c7f6f-5a7a-4fa0-9f50-d5f91bc70507	2026-07-24	MANHA	8	9bf7d50c-378c-58f7-ba1a-0dccafffc54c	Bolacha doce	31	27	4	1	SINTETICO
c11e900a-b218-45c7-bee3-792159b0eb26	2026-07-24	INTEGRAL	9	2f723cf1-ddd6-58e2-881e-3ab45db8cd2d	Feijao carioca	17	17	0	1	SINTETICO
fe30dd38-2cab-4471-94ad-6f641f0ea4ee	2026-07-24	INTEGRAL	10	094e6e93-4244-5901-b94b-836b2b9b21be	Carne suina acebolada	57	50	7	6	SINTETICO
fd97bd54-81e5-4d65-909a-d72209e21f28	2026-07-24	INTEGRAL	11	eed1d0ec-938c-53ef-94b9-626452f5fbd2	Sopa de legumes	51	45	6	12	SINTETICO
a5c36b16-0b28-4fdc-ada3-fcfed251f073	2026-07-24	INTEGRAL	11	84f7e794-a400-5d46-9efe-1c8a8f2f711d	Suco de fruta natural	82	80	2	4	SINTETICO
8441b0ac-9c57-42c2-9d2c-fe0bedee239c	2026-07-24	INTEGRAL	11	153737d9-caa6-55d5-b086-f7e83fdab4d2	Pao com manteiga	59	56	3	3	SINTETICO
316e9f06-a8d1-4c01-9c23-4866743d7dbe	2026-07-24	INTEGRAL	11	2f723cf1-ddd6-58e2-881e-3ab45db8cd2d	Feijao carioca	0	0	0	0	SINTETICO
5fd7b5a5-aee6-4c79-8cf2-824945d4fc8c	2026-07-24	INTEGRAL	11	0db97b08-9e92-541d-b2d2-1bc810f8fbe8	Iogurte	12	12	0	1	SINTETICO
3068e22c-b803-4d09-853e-98fed4faef78	2026-07-24	INTEGRAL	11	6753aa6f-0f7e-5208-8cd6-9e7a8733ef22	Leite com achocolatado	111	107	4	8	SINTETICO
c3d2d6c7-a04d-430e-95d7-a156955b334b	2026-07-24	INTEGRAL	11	9bf7d50c-378c-58f7-ba1a-0dccafffc54c	Bolacha doce	18	16	2	1	SINTETICO
e4f7516a-c086-4dc9-8228-5467ab6c702d	2026-07-24	INTEGRAL	11	b6f014a3-eaad-57c0-8ee9-24eb9abb819a	Cuscuz	10	9	1	1	SINTETICO
b023b743-83ea-4c20-ac81-768561a73959	2026-07-24	INTEGRAL	12	9bf7d50c-378c-58f7-ba1a-0dccafffc54c	Bolacha doce	3	3	0	0	SINTETICO
040f16e3-0da8-4b15-a6af-c235012dadcf	2026-07-24	INTEGRAL	12	0db97b08-9e92-541d-b2d2-1bc810f8fbe8	Iogurte	174	166	8	11	SINTETICO
cf02619b-9038-43e9-86bc-a3dd85c366ca	2026-07-24	TARDE	14	b99afe70-33ca-5504-9840-345a82dc68a3	Cenoura ralada	19	17	2	3	SINTETICO
12d39f48-9077-42ca-b8c6-8c3c5ae784f4	2026-07-24	TARDE	14	0db97b08-9e92-541d-b2d2-1bc810f8fbe8	Iogurte	545	494	51	27	SINTETICO
8b59d6ec-dae5-47b2-b981-3887199a619d	2026-07-24	MANHA	16	add956e1-36ad-584e-b1e4-a4a8db28315f	Banana	16	16	0	1	SINTETICO
0f0edd9a-fd53-4f70-bf30-7e5764a7bea1	2026-07-24	MANHA	16	0db97b08-9e92-541d-b2d2-1bc810f8fbe8	Iogurte	54	52	2	3	SINTETICO
2213f131-a981-45f7-92ec-7a3fb6f59bff	2026-07-24	MANHA	16	6ce7a969-7c2b-5a21-b072-594a4412ab8b	Arroz branco	28	27	1	2	SINTETICO
86ec15a1-c1c9-4373-9a95-206ee61ceb65	2026-07-24	MANHA	16	9bf7d50c-378c-58f7-ba1a-0dccafffc54c	Bolacha doce	19	19	0	1	SINTETICO
90f6cf49-121d-4429-8127-724ef4ae7987	2026-07-24	MANHA	16	84f7e794-a400-5d46-9efe-1c8a8f2f711d	Suco de fruta natural	38	35	3	2	SINTETICO
b44efb55-41af-4c16-a15f-71664badb248	2026-07-24	TARDE	17	6753aa6f-0f7e-5208-8cd6-9e7a8733ef22	Leite com achocolatado	191	180	11	9	SINTETICO
d31522fb-a1d3-480d-a80e-d7a5647c94d2	2026-07-24	TARDE	17	1b450f5b-ecde-5880-ad0a-91ce0920069d	Maca	5	5	0	0	SINTETICO
dcb1f559-4ecd-4da3-abaa-4265aa404579	2026-07-24	TARDE	17	2f723cf1-ddd6-58e2-881e-3ab45db8cd2d	Feijao carioca	169	164	5	17	SINTETICO
5a002c0b-61b0-4533-8f51-c6b8bffee569	2026-07-24	INTEGRAL	18	79ca1872-52e0-59dd-af29-543b793c0860	Macarrao ao sugo	40	39	1	7	SINTETICO
5ba2151f-4c13-4954-a6f8-4717cee2ee54	2026-07-24	INTEGRAL	18	b85fd879-2256-524c-b715-7f9cb93ccd01	Bolo de maca, sem acucar	17	16	1	2	SINTETICO
8cdfddea-f277-4cb4-ab71-08bc766406fe	2026-07-27	INTEGRAL	1	add956e1-36ad-584e-b1e4-a4a8db28315f	Banana	39	36	3	2	SINTETICO
6d4a7fbe-c663-4107-ae56-134ee8cccc65	2026-07-27	INTEGRAL	1	9bf7d50c-378c-58f7-ba1a-0dccafffc54c	Bolacha doce	56	50	6	2	SINTETICO
cd3590bf-e553-4cad-9dc3-f06cbd047986	2026-07-27	INTEGRAL	1	2f723cf1-ddd6-58e2-881e-3ab45db8cd2d	Feijao carioca	16	16	0	1	SINTETICO
6c61ad5b-e7f7-4084-bdf0-277545e370ea	2026-07-27	INTEGRAL	3	84f7e794-a400-5d46-9efe-1c8a8f2f711d	Suco de fruta natural	212	193	19	9	SINTETICO
b51c5cc5-9520-4394-b4b2-2062a66c21c2	2026-07-27	INTEGRAL	3	6753aa6f-0f7e-5208-8cd6-9e7a8733ef22	Leite com achocolatado	2	2	0	0	SINTETICO
bcfdf8f1-647e-4895-9529-dda729fda859	2026-07-27	INTEGRAL	3	6ce7a969-7c2b-5a21-b072-594a4412ab8b	Arroz branco	83	78	5	4	SINTETICO
6e7dec35-a50a-457e-9ca3-950915fadbd8	2026-07-27	INTEGRAL	3	eed1d0ec-938c-53ef-94b9-626452f5fbd2	Sopa de legumes	40	40	0	11	SINTETICO
8e835d78-3348-425d-98f0-a0941b0c2fa9	2026-07-27	INTEGRAL	4	1b450f5b-ecde-5880-ad0a-91ce0920069d	Maca	113	101	12	5	SINTETICO
7e24f4be-c4dc-4a2a-836b-5e9a882721b0	2026-07-27	INTEGRAL	6	153737d9-caa6-55d5-b086-f7e83fdab4d2	Pao com manteiga	28	27	1	2	SINTETICO
ba0016b1-f992-41d8-811a-ad620b9f9ec9	2026-07-27	INTEGRAL	8	1b450f5b-ecde-5880-ad0a-91ce0920069d	Maca	3	3	0	0	SINTETICO
2f9d4333-30fe-49f7-94ce-1ca90a802d3a	2026-07-27	INTEGRAL	8	0db97b08-9e92-541d-b2d2-1bc810f8fbe8	Iogurte	107	105	2	8	SINTETICO
f11a4b33-a5c0-4372-a6da-a4df640345ff	2026-07-27	MANHA	9	79ca1872-52e0-59dd-af29-543b793c0860	Macarrao ao sugo	0	0	0	0	SINTETICO
9d0c55de-01b8-4ac7-b91f-350080b06bdb	2026-07-27	MANHA	9	add956e1-36ad-584e-b1e4-a4a8db28315f	Banana	1	1	0	0	SINTETICO
4dc92e69-bfa6-4869-9e2b-de4227651928	2026-07-27	MANHA	11	e8c59186-e147-5530-a4ba-b728fd7852c3	Arroz com galinha	0	0	0	0	SINTETICO
956542be-aaf4-459e-a4dd-2cf81c9e7666	2026-07-27	INTEGRAL	12	79ca1872-52e0-59dd-af29-543b793c0860	Macarrao ao sugo	90	82	8	10	SINTETICO
ea812313-9308-4796-a367-5c8364707646	2026-07-27	TARDE	14	6ce7a969-7c2b-5a21-b072-594a4412ab8b	Arroz branco	51	45	6	2	SINTETICO
e1dbe5c9-e091-4168-bea5-f2e3c38aa9f5	2026-07-27	TARDE	15	153737d9-caa6-55d5-b086-f7e83fdab4d2	Pao com manteiga	4	4	0	0	SINTETICO
c4fdb890-6fd3-4c6b-9513-93522703476d	2026-07-27	TARDE	15	0db97b08-9e92-541d-b2d2-1bc810f8fbe8	Iogurte	34	31	3	2	SINTETICO
ecdee30b-645e-47e9-a9d7-269733ab342c	2026-07-27	TARDE	15	6753aa6f-0f7e-5208-8cd6-9e7a8733ef22	Leite com achocolatado	47	45	2	2	SINTETICO
fb38cdf0-8b44-49a1-ae38-a88a1ba8b603	2026-07-27	TARDE	15	b6f014a3-eaad-57c0-8ee9-24eb9abb819a	Cuscuz	526	494	32	63	SINTETICO
287b62a9-04fb-4247-97bd-f8c4d476ad10	2026-07-27	INTEGRAL	16	153737d9-caa6-55d5-b086-f7e83fdab4d2	Pao com manteiga	0	0	0	0	SINTETICO
804ef220-7e2e-413c-9b53-aa2f417ca91a	2026-07-27	INTEGRAL	16	0db97b08-9e92-541d-b2d2-1bc810f8fbe8	Iogurte	112	100	12	4	SINTETICO
78a887a6-e884-4fb6-b6dc-557be9a1eafa	2026-07-27	INTEGRAL	16	6753aa6f-0f7e-5208-8cd6-9e7a8733ef22	Leite com achocolatado	92	82	10	5	SINTETICO
e9e7db24-10d0-45b3-b3a3-7d1caf07a08d	2026-07-27	INTEGRAL	16	84f7e794-a400-5d46-9efe-1c8a8f2f711d	Suco de fruta natural	306	284	22	14	SINTETICO
5195c73e-fb79-481a-be67-cedf5b18732b	2026-07-27	INTEGRAL	16	6ce7a969-7c2b-5a21-b072-594a4412ab8b	Arroz branco	3	3	0	0	SINTETICO
78d639d1-4a26-48e9-a46a-4d6c27727b43	2026-07-28	INTEGRAL	3	79ca1872-52e0-59dd-af29-543b793c0860	Macarrao ao sugo	63	56	7	7	SINTETICO
2c4cef68-3d70-431b-9621-75385ccbfdeb	2026-07-28	INTEGRAL	3	0db97b08-9e92-541d-b2d2-1bc810f8fbe8	Iogurte	1	1	0	0	SINTETICO
6d884639-349a-4f23-8e1f-492577c98a13	2026-07-28	INTEGRAL	5	6ce7a969-7c2b-5a21-b072-594a4412ab8b	Arroz branco	17	17	0	1	SINTETICO
34e2e4f8-97f3-45a8-8074-fb2b68d6a8d7	2026-07-28	INTEGRAL	7	9bf7d50c-378c-58f7-ba1a-0dccafffc54c	Bolacha doce	384	343	41	15	SINTETICO
98088885-150a-4258-b308-b518e9cbfb75	2026-07-28	INTEGRAL	7	b6f014a3-eaad-57c0-8ee9-24eb9abb819a	Cuscuz	44	44	0	7	SINTETICO
34d9b8ff-8540-499c-9e95-7d3b44c34cc4	2026-07-28	MANHA	8	153737d9-caa6-55d5-b086-f7e83fdab4d2	Pao com manteiga	42	37	5	3	SINTETICO
0d105a16-c6d9-4454-9df9-d0922d31f87a	2026-07-28	MANHA	8	9bf7d50c-378c-58f7-ba1a-0dccafffc54c	Bolacha doce	25	23	2	1	SINTETICO
e911f7f9-532b-4f3e-be4e-3382a937bc31	2026-07-28	MANHA	8	eed1d0ec-938c-53ef-94b9-626452f5fbd2	Sopa de legumes	3	3	0	1	SINTETICO
9f7d10ce-c44e-491f-8158-8a35bfc841dc	2026-07-28	INTEGRAL	9	add956e1-36ad-584e-b1e4-a4a8db28315f	Banana	52	45	7	1	SINTETICO
93cf89bf-919a-4486-a6e7-025fb26c8c7f	2026-07-28	INTEGRAL	9	b6f014a3-eaad-57c0-8ee9-24eb9abb819a	Cuscuz	21	19	2	2	SINTETICO
12c680cb-593b-4586-bd22-26fdc31cce7e	2026-07-28	INTEGRAL	9	2f723cf1-ddd6-58e2-881e-3ab45db8cd2d	Feijao carioca	35	33	2	3	SINTETICO
b440ad27-c082-4a46-99d4-d53015637478	2026-07-28	TARDE	10	6753aa6f-0f7e-5208-8cd6-9e7a8733ef22	Leite com achocolatado	105	100	5	6	SINTETICO
b1277d4d-9c86-4dfd-9279-225858cae0f8	2026-07-28	TARDE	11	eed1d0ec-938c-53ef-94b9-626452f5fbd2	Sopa de legumes	24	24	0	6	SINTETICO
4a18b71d-7eab-4a66-9e7e-3bc2a4aa82ba	2026-07-28	INTEGRAL	12	2f723cf1-ddd6-58e2-881e-3ab45db8cd2d	Feijao carioca	0	0	0	0	SINTETICO
9ff21aa9-efe9-4f10-98bb-8ef5233c1ccf	2026-07-28	INTEGRAL	12	9bf7d50c-378c-58f7-ba1a-0dccafffc54c	Bolacha doce	120	107	13	6	SINTETICO
27f4a2fa-bffd-4941-b014-2e5948da4db0	2026-07-28	INTEGRAL	12	153737d9-caa6-55d5-b086-f7e83fdab4d2	Pao com manteiga	31	29	2	2	SINTETICO
3711f01d-0b68-4f22-962e-e103f8563204	2026-07-28	INTEGRAL	12	0db97b08-9e92-541d-b2d2-1bc810f8fbe8	Iogurte	58	57	1	4	SINTETICO
8009174e-a6bb-49c4-beae-ccafe8139f22	2026-07-28	INTEGRAL	12	6753aa6f-0f7e-5208-8cd6-9e7a8733ef22	Leite com achocolatado	314	285	29	13	SINTETICO
94420e4a-1a24-4233-8557-4fbc79c312ce	2026-07-28	TARDE	13	153737d9-caa6-55d5-b086-f7e83fdab4d2	Pao com manteiga	0	0	0	0	SINTETICO
340a4f51-1577-4a78-95b7-52e65000ef8f	2026-07-28	TARDE	15	84f7e794-a400-5d46-9efe-1c8a8f2f711d	Suco de fruta natural	0	0	0	0	SINTETICO
1e69ec1f-ac8a-4966-9f8f-cdd36944207c	2026-07-28	TARDE	15	b6f014a3-eaad-57c0-8ee9-24eb9abb819a	Cuscuz	58	51	7	5	SINTETICO
d72b76e6-c4b6-4cf7-b596-ed0190072ffe	2026-07-28	TARDE	15	6ce7a969-7c2b-5a21-b072-594a4412ab8b	Arroz branco	10	10	0	1	SINTETICO
698cf228-42cc-4123-a330-8c9d6573dae5	2026-07-28	TARDE	17	1b450f5b-ecde-5880-ad0a-91ce0920069d	Maca	261	243	18	13	SINTETICO
2193bd89-1d88-4bf2-b39b-9185fccd87a6	2026-07-28	TARDE	17	79ca1872-52e0-59dd-af29-543b793c0860	Macarrao ao sugo	8	7	1	1	SINTETICO
f9811336-c3ad-4a76-8ac6-45789fe2fd5c	2026-07-28	TARDE	17	6753aa6f-0f7e-5208-8cd6-9e7a8733ef22	Leite com achocolatado	407	397	10	30	SINTETICO
439b2e54-9a6f-4279-acec-856006f9165a	2026-07-29	INTEGRAL	3	add956e1-36ad-584e-b1e4-a4a8db28315f	Banana	0	0	0	0	SINTETICO
fb7bd863-c315-450d-9a95-335027060811	2026-07-29	INTEGRAL	3	2f723cf1-ddd6-58e2-881e-3ab45db8cd2d	Feijao carioca	49	47	2	5	SINTETICO
4e4c9cfc-31cd-44ff-9db8-ba8ab4b75e6c	2026-07-29	INTEGRAL	4	add956e1-36ad-584e-b1e4-a4a8db28315f	Banana	22	21	1	1	SINTETICO
b1f02bde-503d-413a-b4a5-c17bee079359	2026-07-29	INTEGRAL	4	79ca1872-52e0-59dd-af29-543b793c0860	Macarrao ao sugo	93	92	1	12	SINTETICO
b86a29a2-fbb1-43f5-8f51-87bd77c16c96	2026-07-29	INTEGRAL	4	21e707b3-6560-583f-a5f2-f307b82911fd	Salada de alface	0	0	0	0	SINTETICO
6236c952-06e6-4725-9d2e-b95b6337c105	2026-07-29	INTEGRAL	4	b6f014a3-eaad-57c0-8ee9-24eb9abb819a	Cuscuz	91	84	7	12	SINTETICO
6f0c5dc0-0370-40bb-acf4-24c7309ed280	2026-07-29	INTEGRAL	4	eed1d0ec-938c-53ef-94b9-626452f5fbd2	Sopa de legumes	208	198	10	55	SINTETICO
bcf0a22d-6232-49fd-b095-fc611df4b549	2026-07-29	INTEGRAL	4	9bf7d50c-378c-58f7-ba1a-0dccafffc54c	Bolacha doce	38	36	2	2	SINTETICO
e75ebb44-7e8b-428a-a103-27bd09819e1e	2026-07-29	INTEGRAL	4	84f7e794-a400-5d46-9efe-1c8a8f2f711d	Suco de fruta natural	1	1	0	0	SINTETICO
48311ffd-de43-4e18-a301-29c7ab134230	2026-07-29	TARDE	5	2f723cf1-ddd6-58e2-881e-3ab45db8cd2d	Feijao carioca	114	108	6	8	SINTETICO
ff440b38-6f3e-42de-a084-969e10bd5913	2026-07-29	TARDE	5	9bf7d50c-378c-58f7-ba1a-0dccafffc54c	Bolacha doce	91	79	12	4	SINTETICO
3874d988-90a5-4f68-bbc2-60a14be1366b	2026-07-29	TARDE	5	153737d9-caa6-55d5-b086-f7e83fdab4d2	Pao com manteiga	0	0	0	0	SINTETICO
eb1ceabf-4ffb-4b0f-bd7c-3e6ce65608a3	2026-07-29	TARDE	5	6753aa6f-0f7e-5208-8cd6-9e7a8733ef22	Leite com achocolatado	99	86	13	5	SINTETICO
5bb8750e-5471-4682-9883-ca6c19a7a88e	2026-07-29	TARDE	5	84f7e794-a400-5d46-9efe-1c8a8f2f711d	Suco de fruta natural	22	20	2	1	SINTETICO
2987b546-c9ca-42d3-a8cc-0380d4388d3b	2026-07-29	INTEGRAL	6	eed1d0ec-938c-53ef-94b9-626452f5fbd2	Sopa de legumes	43	39	4	12	SINTETICO
e243b052-b0f7-4b95-8a83-af5cdeee3db6	2026-07-29	INTEGRAL	6	0db97b08-9e92-541d-b2d2-1bc810f8fbe8	Iogurte	0	0	0	0	SINTETICO
bba12de0-de02-458c-81bf-fea14132a987	2026-07-29	INTEGRAL	6	6ce7a969-7c2b-5a21-b072-594a4412ab8b	Arroz branco	50	49	1	4	SINTETICO
79bd9ce9-da25-4b2c-b34e-b448b95063e6	2026-07-29	INTEGRAL	7	9bf7d50c-378c-58f7-ba1a-0dccafffc54c	Bolacha doce	3	3	0	0	SINTETICO
78afc485-8894-430a-91b2-953098eaff72	2026-07-29	INTEGRAL	7	6753aa6f-0f7e-5208-8cd6-9e7a8733ef22	Leite com achocolatado	22	21	1	2	SINTETICO
6efd2472-4ace-42cc-96a1-0158fc309b93	2026-07-29	INTEGRAL	8	79ca1872-52e0-59dd-af29-543b793c0860	Macarrao ao sugo	57	51	6	8	SINTETICO
b432db7c-20d5-4ca7-9aff-66354ccd3b7a	2026-07-29	INTEGRAL	8	2f723cf1-ddd6-58e2-881e-3ab45db8cd2d	Feijao carioca	0	0	0	0	SINTETICO
5b8afffa-8bf0-4a72-8ae6-290e5fa63880	2026-07-29	INTEGRAL	8	eed1d0ec-938c-53ef-94b9-626452f5fbd2	Sopa de legumes	34	34	0	8	SINTETICO
17348a18-d30f-407d-938e-604d238ddda6	2026-07-29	TARDE	11	add956e1-36ad-584e-b1e4-a4a8db28315f	Banana	115	103	12	5	SINTETICO
8f34db3a-59b4-46fb-afb7-5c4d0c7ecb35	2026-07-29	TARDE	11	6753aa6f-0f7e-5208-8cd6-9e7a8733ef22	Leite com achocolatado	193	193	0	9	SINTETICO
7dda9b71-fb97-48fe-8bb7-0ab9e7addca4	2026-07-29	TARDE	11	9bf7d50c-378c-58f7-ba1a-0dccafffc54c	Bolacha doce	0	0	0	0	SINTETICO
9e879034-72e0-48e5-a68c-28be07700210	2026-07-29	INTEGRAL	15	6753aa6f-0f7e-5208-8cd6-9e7a8733ef22	Leite com achocolatado	12	12	0	1	SINTETICO
b29f6879-0409-4b60-951c-97b8e23174bc	2026-07-29	INTEGRAL	15	add956e1-36ad-584e-b1e4-a4a8db28315f	Banana	28	27	1	1	SINTETICO
24cba00d-8ecf-47f5-b99d-ff0bde2f11b0	2026-07-29	INTEGRAL	16	eed1d0ec-938c-53ef-94b9-626452f5fbd2	Sopa de legumes	41	38	3	11	SINTETICO
a7787d2f-c398-48de-888d-d4418dc50a41	2026-07-29	INTEGRAL	16	6ce7a969-7c2b-5a21-b072-594a4412ab8b	Arroz branco	95	93	2	5	SINTETICO
ad058963-5b6b-47bc-acc3-7ef6d5fb5705	2026-07-29	INTEGRAL	16	6753aa6f-0f7e-5208-8cd6-9e7a8733ef22	Leite com achocolatado	80	77	3	5	SINTETICO
f2e64dd5-20da-4f60-bd15-8946610136d3	2026-07-29	INTEGRAL	16	1b450f5b-ecde-5880-ad0a-91ce0920069d	Maca	22	21	1	1	SINTETICO
5ce43692-f094-4f48-b8ae-ea8c52ee1c0d	2026-07-29	INTEGRAL	16	0db97b08-9e92-541d-b2d2-1bc810f8fbe8	Iogurte	0	0	0	0	SINTETICO
70133cd8-caea-4bb4-ab1d-521afbd9dad7	2026-07-29	INTEGRAL	16	094e6e93-4244-5901-b94b-836b2b9b21be	Carne suina acebolada	77	74	3	8	SINTETICO
2944e608-4149-4248-b62e-a75aca38c493	2026-07-29	INTEGRAL	17	6ce7a969-7c2b-5a21-b072-594a4412ab8b	Arroz branco	58	52	6	4	SINTETICO
9c019a9f-bfcd-4344-a54d-f575db79de9f	2026-07-29	TARDE	18	9bf7d50c-378c-58f7-ba1a-0dccafffc54c	Bolacha doce	1	1	0	0	SINTETICO
de46d42b-af8e-43b4-8211-083890f7241f	2026-07-29	TARDE	18	84f7e794-a400-5d46-9efe-1c8a8f2f711d	Suco de fruta natural	76	72	4	3	SINTETICO
59abbe6a-cf19-41d7-a8b2-d5c561da77ef	2026-07-29	TARDE	18	094e6e93-4244-5901-b94b-836b2b9b21be	Carne suina acebolada	535	494	41	51	SINTETICO
698f8c1e-e821-4d82-b55d-bd8466f3cc50	2026-07-30	INTEGRAL	2	153737d9-caa6-55d5-b086-f7e83fdab4d2	Pao com manteiga	43	38	5	2	SINTETICO
886d0b4e-8590-43f1-bc39-da2c9d65321d	2026-07-30	INTEGRAL	2	79ca1872-52e0-59dd-af29-543b793c0860	Macarrao ao sugo	0	0	0	0	SINTETICO
54c07cf9-62a1-4489-907b-8baee95dc0d2	2026-07-30	INTEGRAL	2	9bf7d50c-378c-58f7-ba1a-0dccafffc54c	Bolacha doce	7	7	0	0	SINTETICO
d15ae4be-681c-4161-9370-83539f1dce36	2026-07-30	INTEGRAL	2	b6f014a3-eaad-57c0-8ee9-24eb9abb819a	Cuscuz	24	24	0	3	SINTETICO
3686f93e-6c70-48c9-a68b-90559cbbec71	2026-07-30	INTEGRAL	2	0db97b08-9e92-541d-b2d2-1bc810f8fbe8	Iogurte	6	6	0	0	SINTETICO
89c9084c-d139-4c2b-abec-656aac165a45	2026-07-30	INTEGRAL	3	eed1d0ec-938c-53ef-94b9-626452f5fbd2	Sopa de legumes	240	218	22	55	SINTETICO
63f5043c-f17d-4b25-b060-a1de5e5ae469	2026-07-30	INTEGRAL	5	0db97b08-9e92-541d-b2d2-1bc810f8fbe8	Iogurte	355	355	0	22	SINTETICO
d24b340f-17e5-4b5c-a109-f0af5b5cfef3	2026-07-30	MANHA	6	6ce7a969-7c2b-5a21-b072-594a4412ab8b	Arroz branco	1	1	0	0	SINTETICO
37031e9b-692a-460a-9ec4-67755aa57254	2026-07-30	MANHA	6	1b450f5b-ecde-5880-ad0a-91ce0920069d	Maca	14	12	2	1	SINTETICO
35c39c9f-0909-4da4-a26f-f20569ae8e0e	2026-07-30	INTEGRAL	7	2f723cf1-ddd6-58e2-881e-3ab45db8cd2d	Feijao carioca	3	3	0	0	SINTETICO
5b629989-e46c-4197-a78e-56e2acf4d198	2026-07-30	INTEGRAL	7	6753aa6f-0f7e-5208-8cd6-9e7a8733ef22	Leite com achocolatado	34	31	3	2	SINTETICO
98227528-60ac-401c-8084-075418f28fd8	2026-07-30	INTEGRAL	7	1b450f5b-ecde-5880-ad0a-91ce0920069d	Maca	12	11	1	1	SINTETICO
006f007b-55d1-4d46-b262-a473bd20fd62	2026-07-30	MANHA	8	6ce7a969-7c2b-5a21-b072-594a4412ab8b	Arroz branco	57	52	5	3	SINTETICO
ae1f4d6e-9835-4a03-b7ca-d0d688e793cc	2026-07-30	INTEGRAL	9	0db97b08-9e92-541d-b2d2-1bc810f8fbe8	Iogurte	39	39	0	2	SINTETICO
22133d1d-2a19-4570-91e5-20d4c7b983a4	2026-07-30	INTEGRAL	9	2f723cf1-ddd6-58e2-881e-3ab45db8cd2d	Feijao carioca	240	234	6	20	SINTETICO
ecb3981f-bc14-4cc8-9016-3553ca84e4dd	2026-07-30	INTEGRAL	9	add956e1-36ad-584e-b1e4-a4a8db28315f	Banana	85	82	3	3	SINTETICO
19f5015e-040a-406d-bb17-f3d5ad423b0c	2026-07-30	INTEGRAL	11	0db97b08-9e92-541d-b2d2-1bc810f8fbe8	Iogurte	72	68	4	4	SINTETICO
56415f70-9e26-41d1-bd43-b23accfd7836	2026-07-30	INTEGRAL	12	9bf7d50c-378c-58f7-ba1a-0dccafffc54c	Bolacha doce	38	37	1	2	SINTETICO
a8aaaf88-b547-4fd3-a24e-117146d53982	2026-07-30	INTEGRAL	12	eed1d0ec-938c-53ef-94b9-626452f5fbd2	Sopa de legumes	48	44	4	16	SINTETICO
a103c98a-0206-41d0-8ca0-8cd7ce52c9e1	2026-07-30	INTEGRAL	12	3331b130-8600-5a59-9e35-f970f9ea497e	Ovo mexido	37	33	4	5	SINTETICO
6e6c1c68-4985-4d7d-bfaa-53b7d5ee672c	2026-07-30	INTEGRAL	12	b6f014a3-eaad-57c0-8ee9-24eb9abb819a	Cuscuz	23	22	1	3	SINTETICO
aa2983df-7363-45f0-b360-b8a110d3fb1c	2026-07-30	MANHA	15	add956e1-36ad-584e-b1e4-a4a8db28315f	Banana	0	0	0	0	SINTETICO
2dce1178-33f6-484e-a0e2-c8ac91faa5b5	2026-07-30	MANHA	15	b6f014a3-eaad-57c0-8ee9-24eb9abb819a	Cuscuz	368	354	14	53	SINTETICO
cf5f6cd6-7c84-466e-a5e7-bf5eb6e9de10	2026-07-30	INTEGRAL	16	84f7e794-a400-5d46-9efe-1c8a8f2f711d	Suco de fruta natural	1	1	0	0	SINTETICO
46771ae3-147e-466d-a095-ada8ca4c162c	2026-07-30	INTEGRAL	16	eed1d0ec-938c-53ef-94b9-626452f5fbd2	Sopa de legumes	0	0	0	0	SINTETICO
cf611cbe-15eb-4b6f-8b1a-0bebd32da209	2026-07-30	MANHA	17	6ce7a969-7c2b-5a21-b072-594a4412ab8b	Arroz branco	14	12	2	1	SINTETICO
5142eca7-24c5-4f49-98e9-72bdb49162c8	2026-07-31	INTEGRAL	1	2f723cf1-ddd6-58e2-881e-3ab45db8cd2d	Feijao carioca	66	66	0	6	SINTETICO
5b22eac5-5f12-4122-862a-73ec0e0fb54f	2026-07-31	INTEGRAL	1	9bf7d50c-378c-58f7-ba1a-0dccafffc54c	Bolacha doce	54	51	3	2	SINTETICO
c26a7573-bbf5-4448-ae13-9db979bde1f9	2026-07-31	INTEGRAL	1	1b450f5b-ecde-5880-ad0a-91ce0920069d	Maca	292	271	21	12	SINTETICO
d783f0fa-af4c-4093-b3d9-806082e2e129	2026-07-31	TARDE	4	2f723cf1-ddd6-58e2-881e-3ab45db8cd2d	Feijao carioca	1	1	0	0	SINTETICO
d849d884-ae25-4ab4-9c85-e7f528cd3fe9	2026-07-31	TARDE	4	153737d9-caa6-55d5-b086-f7e83fdab4d2	Pao com manteiga	61	55	6	3	SINTETICO
4e1e3c00-acd7-4dfc-8459-dd48699cb955	2026-07-31	TARDE	4	79ca1872-52e0-59dd-af29-543b793c0860	Macarrao ao sugo	104	100	4	10	SINTETICO
ef5db3c7-3868-453e-aac8-3c5ad283c4e6	2026-07-31	TARDE	4	6ce7a969-7c2b-5a21-b072-594a4412ab8b	Arroz branco	212	203	9	18	SINTETICO
9216143a-421b-40a2-9020-d4c4c393d0f9	2026-07-31	TARDE	4	b6f014a3-eaad-57c0-8ee9-24eb9abb819a	Cuscuz	7	7	0	1	SINTETICO
83ea7616-09c2-4b89-918d-f433c5741563	2026-07-31	TARDE	4	9bf7d50c-378c-58f7-ba1a-0dccafffc54c	Bolacha doce	211	191	20	11	SINTETICO
aede1621-51ca-47a0-817d-b82647063b92	2026-07-31	INTEGRAL	5	79ca1872-52e0-59dd-af29-543b793c0860	Macarrao ao sugo	2	2	0	0	SINTETICO
637e1c61-b497-4d06-bb6a-3a0f8ccda9ef	2026-07-31	INTEGRAL	7	0db97b08-9e92-541d-b2d2-1bc810f8fbe8	Iogurte	85	77	8	3	SINTETICO
aa71a653-4a9e-41fe-9426-6ce24b4c1f33	2026-07-31	INTEGRAL	7	1b450f5b-ecde-5880-ad0a-91ce0920069d	Maca	46	45	1	2	SINTETICO
b9855a90-2ce4-47d6-b93d-0bf7b3f939ee	2026-07-31	MANHA	9	6753aa6f-0f7e-5208-8cd6-9e7a8733ef22	Leite com achocolatado	50	49	1	3	SINTETICO
d2d376d7-ee88-476a-8e3a-c79af20ad55a	2026-07-31	MANHA	9	84f7e794-a400-5d46-9efe-1c8a8f2f711d	Suco de fruta natural	79	77	2	5	SINTETICO
8ab1f978-9d88-4018-a49c-d6519b8445a2	2026-07-31	MANHA	9	0db97b08-9e92-541d-b2d2-1bc810f8fbe8	Iogurte	34	30	4	1	SINTETICO
adc925c3-b594-4ffd-81b8-e8e9ee3cd5ed	2026-07-31	MANHA	9	9bf7d50c-378c-58f7-ba1a-0dccafffc54c	Bolacha doce	23	22	1	1	SINTETICO
689cbf09-bc01-4d8b-ba43-1be403ef7b60	2026-07-31	MANHA	9	79ca1872-52e0-59dd-af29-543b793c0860	Macarrao ao sugo	41	39	2	4	SINTETICO
48a09160-c80f-4674-abb4-284e454ee7cb	2026-07-31	INTEGRAL	10	6753aa6f-0f7e-5208-8cd6-9e7a8733ef22	Leite com achocolatado	0	0	0	0	SINTETICO
63ae174d-6032-439b-8d3a-ce4f0c9f4fba	2026-07-31	INTEGRAL	10	84f7e794-a400-5d46-9efe-1c8a8f2f711d	Suco de fruta natural	126	124	2	6	SINTETICO
7bd00d1a-9bbe-4f82-9d2a-214e8e2cb8bd	2026-07-31	INTEGRAL	10	094e6e93-4244-5901-b94b-836b2b9b21be	Carne suina acebolada	16	15	1	2	SINTETICO
14a0b26b-be44-45e0-bb31-ba90df1ff287	2026-07-31	INTEGRAL	10	0db97b08-9e92-541d-b2d2-1bc810f8fbe8	Iogurte	31	27	4	1	SINTETICO
11833783-160a-4346-a704-63beb8f70135	2026-07-31	INTEGRAL	11	0db97b08-9e92-541d-b2d2-1bc810f8fbe8	Iogurte	38	34	4	2	SINTETICO
9a8ed71b-2134-49f8-9172-5d1c1c58bb62	2026-07-31	INTEGRAL	11	eed1d0ec-938c-53ef-94b9-626452f5fbd2	Sopa de legumes	55	49	6	16	SINTETICO
9d6249eb-84a2-4ef6-b581-c5ff557de010	2026-07-31	INTEGRAL	11	153737d9-caa6-55d5-b086-f7e83fdab4d2	Pao com manteiga	47	45	2	2	SINTETICO
1293a61a-05c0-4ed7-94cf-68087eb87d20	2026-07-31	INTEGRAL	11	6753aa6f-0f7e-5208-8cd6-9e7a8733ef22	Leite com achocolatado	9	8	1	0	SINTETICO
9bc224f6-6f7d-422c-9d06-86053f7166ab	2026-07-31	TARDE	15	eed1d0ec-938c-53ef-94b9-626452f5fbd2	Sopa de legumes	48	44	4	10	SINTETICO
a8e14e6e-6ea5-4c23-b6ac-e2247640db6f	2026-07-31	INTEGRAL	16	add956e1-36ad-584e-b1e4-a4a8db28315f	Banana	0	0	0	0	SINTETICO
45ca5fa5-4063-4227-9102-a8cb2e3e0a85	2026-08-03	MANHA	1	6ce7a969-7c2b-5a21-b072-594a4412ab8b	Arroz branco	62	55	7	4	SINTETICO
35f70e30-5c09-4d9b-9e92-ad0843295911	2026-08-03	MANHA	2	6ce7a969-7c2b-5a21-b072-594a4412ab8b	Arroz branco	17	15	2	1	SINTETICO
66aa52d2-4e71-4f32-8d3c-46f3f5a54483	2026-08-03	MANHA	2	0db97b08-9e92-541d-b2d2-1bc810f8fbe8	Iogurte	100	90	10	7	SINTETICO
e8dc0dc1-bc28-4129-874b-51255262a5e4	2026-08-03	MANHA	2	9bf7d50c-378c-58f7-ba1a-0dccafffc54c	Bolacha doce	222	198	24	10	SINTETICO
2f23b39e-c679-471c-b31d-dbb6cc49e7b8	2026-08-03	MANHA	2	add956e1-36ad-584e-b1e4-a4a8db28315f	Banana	110	108	2	4	SINTETICO
90438349-2d1f-45ec-8a59-3d56d010e02f	2026-08-03	INTEGRAL	3	6ce7a969-7c2b-5a21-b072-594a4412ab8b	Arroz branco	47	45	2	3	SINTETICO
1c2b6b43-dff1-4c31-bc18-a01b37f344dc	2026-08-03	INTEGRAL	4	b6f014a3-eaad-57c0-8ee9-24eb9abb819a	Cuscuz	1	1	0	0	SINTETICO
b70c514d-87f1-4a59-89c1-22b318153b57	2026-08-03	INTEGRAL	5	b4612635-bcf9-56d3-bc95-ef912ff6a829	Cenoura cozida	9	9	0	2	SINTETICO
265034c4-4ef2-4caa-921a-b9583cdee669	2026-08-03	INTEGRAL	5	0db97b08-9e92-541d-b2d2-1bc810f8fbe8	Iogurte	391	363	28	15	SINTETICO
e551684e-6ff2-4210-9660-ec5b04b70ca7	2026-08-03	INTEGRAL	6	0db97b08-9e92-541d-b2d2-1bc810f8fbe8	Iogurte	3	3	0	0	SINTETICO
9d630c3a-956f-468d-8f0e-130598ce2c5e	2026-08-03	INTEGRAL	6	79ca1872-52e0-59dd-af29-543b793c0860	Macarrao ao sugo	0	0	0	0	SINTETICO
2720ba1e-e960-47ed-a1b6-2f7401fa20bb	2026-08-03	INTEGRAL	9	9bf7d50c-378c-58f7-ba1a-0dccafffc54c	Bolacha doce	32	31	1	2	SINTETICO
be5c0621-e4d8-4165-a457-edcdc6683ad2	2026-08-03	INTEGRAL	9	add956e1-36ad-584e-b1e4-a4a8db28315f	Banana	98	93	5	5	SINTETICO
fc222b05-9d14-4e96-a03f-c7d92e5fc81e	2026-08-03	INTEGRAL	9	6ce7a969-7c2b-5a21-b072-594a4412ab8b	Arroz branco	6	6	0	0	SINTETICO
cc9523de-c525-4f7a-a76f-98a0b28b9739	2026-08-03	MANHA	10	eed1d0ec-938c-53ef-94b9-626452f5fbd2	Sopa de legumes	2	2	0	1	SINTETICO
9e1840af-5e86-47a3-a154-37b4a0668339	2026-08-03	INTEGRAL	13	2f723cf1-ddd6-58e2-881e-3ab45db8cd2d	Feijao carioca	339	303	36	30	SINTETICO
49254f2f-9a98-4001-8ba8-41ef7b73e792	2026-08-03	INTEGRAL	13	eed1d0ec-938c-53ef-94b9-626452f5fbd2	Sopa de legumes	2	2	0	1	SINTETICO
663c74b8-2dc2-4393-afc0-0bd15c29e8c7	2026-08-03	INTEGRAL	13	79ca1872-52e0-59dd-af29-543b793c0860	Macarrao ao sugo	8	8	0	1	SINTETICO
bf14dddd-62e2-4575-8597-f8a54ec61192	2026-08-03	INTEGRAL	13	6ce7a969-7c2b-5a21-b072-594a4412ab8b	Arroz branco	2	2	0	0	SINTETICO
a6d351f0-519f-4d59-893b-7059de3c2bb4	2026-08-03	INTEGRAL	14	79ca1872-52e0-59dd-af29-543b793c0860	Macarrao ao sugo	18	18	0	2	SINTETICO
6434e603-23ee-4062-99e4-b8262cbf974f	2026-08-03	INTEGRAL	14	2f723cf1-ddd6-58e2-881e-3ab45db8cd2d	Feijao carioca	0	0	0	0	SINTETICO
58ed6470-83b8-492e-b81e-a70a4e773ad6	2026-08-03	INTEGRAL	14	153737d9-caa6-55d5-b086-f7e83fdab4d2	Pao com manteiga	109	99	10	7	SINTETICO
8441b354-1d09-47f6-84ca-6ab29e2573e3	2026-08-03	INTEGRAL	15	2f723cf1-ddd6-58e2-881e-3ab45db8cd2d	Feijao carioca	2	2	0	0	SINTETICO
8f28fb47-1709-482d-ada1-4bb6ba7e2dd1	2026-08-03	INTEGRAL	15	153737d9-caa6-55d5-b086-f7e83fdab4d2	Pao com manteiga	7	6	1	0	SINTETICO
5a320fc4-11c3-4b9f-8882-50fe950da28b	2026-08-03	INTEGRAL	15	eed1d0ec-938c-53ef-94b9-626452f5fbd2	Sopa de legumes	4	4	0	1	SINTETICO
567f81d8-5953-4dd3-a0b5-24483bb4b93a	2026-08-03	INTEGRAL	15	3d6a3f96-fe67-5811-98e8-2381c1ec5a70	Beterraba ralada	69	64	5	19	SINTETICO
5a1e126a-cf1f-470b-8382-5f2fab50e4d6	2026-08-03	INTEGRAL	15	84f7e794-a400-5d46-9efe-1c8a8f2f711d	Suco de fruta natural	30	27	3	2	SINTETICO
023da490-1d1f-4b6f-83df-7635a58e143b	2026-08-03	INTEGRAL	15	9bf7d50c-378c-58f7-ba1a-0dccafffc54c	Bolacha doce	109	101	8	5	SINTETICO
ed637210-d3ab-4d4b-8a23-8514f8d3722b	2026-08-03	INTEGRAL	17	9bf7d50c-378c-58f7-ba1a-0dccafffc54c	Bolacha doce	79	74	5	3	SINTETICO
42105f04-303b-456c-bb10-1497a8c83125	2026-08-03	INTEGRAL	17	6753aa6f-0f7e-5208-8cd6-9e7a8733ef22	Leite com achocolatado	45	43	2	3	SINTETICO
394a55c6-3966-483d-aa2d-48ec444d927a	2026-08-03	INTEGRAL	18	3331b130-8600-5a59-9e35-f970f9ea497e	Ovo mexido	39	35	4	5	SINTETICO
e22fb6f7-c8ab-40a3-884c-20b0df786b5d	2026-08-03	INTEGRAL	18	1b450f5b-ecde-5880-ad0a-91ce0920069d	Maca	22	20	2	1	SINTETICO
18070073-02fa-4ad5-ac48-112e8b3d6eed	2026-08-03	INTEGRAL	18	f8c11e3f-147e-575c-879e-d8653a2b447f	Chuchu com tempero verde	8	8	0	2	SINTETICO
c13bdb03-7761-45d5-8d48-8be2625f4f7f	2026-08-04	TARDE	1	84f7e794-a400-5d46-9efe-1c8a8f2f711d	Suco de fruta natural	0	0	0	0	SINTETICO
9229b9c7-ff59-4d6a-aad2-43aefb7d8c11	2026-08-04	TARDE	1	0db97b08-9e92-541d-b2d2-1bc810f8fbe8	Iogurte	224	215	9	12	SINTETICO
93d703d3-6267-49fd-9518-b9c8481cef00	2026-08-04	MANHA	3	e8c59186-e147-5530-a4ba-b728fd7852c3	Arroz com galinha	424	370	54	31	SINTETICO
8921af01-bdbf-4335-b840-030373183e61	2026-08-04	MANHA	3	b6f014a3-eaad-57c0-8ee9-24eb9abb819a	Cuscuz	1	1	0	0	SINTETICO
5c40f60e-e2a2-4ac4-a284-7b1e2bd85c95	2026-08-04	MANHA	3	1b450f5b-ecde-5880-ad0a-91ce0920069d	Maca	134	133	1	5	SINTETICO
68aad68a-0bf3-4a09-aa14-2498e7940ed2	2026-08-04	MANHA	3	eed1d0ec-938c-53ef-94b9-626452f5fbd2	Sopa de legumes	43	39	4	13	SINTETICO
5caaf812-1dfb-41f8-84e1-d6da842e8bb5	2026-08-04	MANHA	3	6753aa6f-0f7e-5208-8cd6-9e7a8733ef22	Leite com achocolatado	25	24	1	2	SINTETICO
b49ab8c6-9da3-46fd-9f1c-a0c5c4958574	2026-08-04	MANHA	3	84f7e794-a400-5d46-9efe-1c8a8f2f711d	Suco de fruta natural	1	1	0	0	SINTETICO
d00f6a86-b3f0-473a-8374-d00d9133647e	2026-08-04	INTEGRAL	5	1b450f5b-ecde-5880-ad0a-91ce0920069d	Maca	53	49	4	2	SINTETICO
daa28ffb-82c6-4020-aba5-ffb52571871f	2026-08-04	INTEGRAL	5	153737d9-caa6-55d5-b086-f7e83fdab4d2	Pao com manteiga	58	51	7	3	SINTETICO
71383c4b-ef87-4ba6-96e3-46fc6c817f87	2026-08-04	MANHA	6	0db97b08-9e92-541d-b2d2-1bc810f8fbe8	Iogurte	17	17	0	1	SINTETICO
0271dda1-9d86-4310-91b2-d1db3853f251	2026-08-04	MANHA	8	eed1d0ec-938c-53ef-94b9-626452f5fbd2	Sopa de legumes	130	119	11	43	SINTETICO
a8eaa3ca-536f-4652-b8f9-c2c72db09191	2026-08-04	MANHA	8	2f723cf1-ddd6-58e2-881e-3ab45db8cd2d	Feijao carioca	26	25	1	2	SINTETICO
841c916a-1e98-40f9-9f27-ca7fd6f81a06	2026-08-04	INTEGRAL	10	9c858519-faab-50d6-9561-8f90f4f84567	Guisado com moranga	26	26	0	8	SINTETICO
c9300609-2e83-41d9-bf00-b94eaef1c381	2026-08-04	INTEGRAL	11	eed1d0ec-938c-53ef-94b9-626452f5fbd2	Sopa de legumes	34	30	4	7	SINTETICO
4bb77db5-ed28-4a58-9476-70a2fc94887c	2026-08-04	INTEGRAL	11	6ce7a969-7c2b-5a21-b072-594a4412ab8b	Arroz branco	2	2	0	0	SINTETICO
5a6cfb92-c2d5-48d4-bf0b-797343327b04	2026-08-04	INTEGRAL	11	79ca1872-52e0-59dd-af29-543b793c0860	Macarrao ao sugo	356	350	6	54	SINTETICO
e66571a7-1f7d-428b-9522-b6c6f077a540	2026-08-04	MANHA	13	84f7e794-a400-5d46-9efe-1c8a8f2f711d	Suco de fruta natural	112	103	9	5	SINTETICO
813c7114-1fb3-469f-a936-1cabbe785481	2026-08-04	MANHA	13	eed1d0ec-938c-53ef-94b9-626452f5fbd2	Sopa de legumes	120	109	11	27	SINTETICO
34a30674-8863-4224-abb5-b988896bc662	2026-08-04	INTEGRAL	16	1b450f5b-ecde-5880-ad0a-91ce0920069d	Maca	47	46	1	2	SINTETICO
8c32fbfc-31d1-45c7-88c9-d198040b4458	2026-08-04	INTEGRAL	16	6753aa6f-0f7e-5208-8cd6-9e7a8733ef22	Leite com achocolatado	74	67	7	4	SINTETICO
626353ab-1dde-41b7-a54d-704192eb8bf3	2026-08-04	MANHA	17	2f723cf1-ddd6-58e2-881e-3ab45db8cd2d	Feijao carioca	4	4	0	0	SINTETICO
4a7f36bb-00ad-4c15-bf4e-2338da5e5ec6	2026-08-05	TARDE	1	b85fd879-2256-524c-b715-7f9cb93ccd01	Bolo de maca, sem acucar	119	106	13	16	SINTETICO
eb4516d3-dfe5-4307-bb78-6c482c5a2c13	2026-08-05	INTEGRAL	3	b6f014a3-eaad-57c0-8ee9-24eb9abb819a	Cuscuz	36	31	5	3	SINTETICO
76f97cc7-711f-49bd-b0cd-96b81b02a5f1	2026-08-05	INTEGRAL	3	6ce7a969-7c2b-5a21-b072-594a4412ab8b	Arroz branco	23	22	1	2	SINTETICO
ae997909-ce5f-4e88-be6c-11ee2f814f66	2026-08-05	INTEGRAL	4	eed1d0ec-938c-53ef-94b9-626452f5fbd2	Sopa de legumes	0	0	0	0	SINTETICO
b9371e2d-9498-46fb-bd94-b6986c943526	2026-08-05	INTEGRAL	6	add956e1-36ad-584e-b1e4-a4a8db28315f	Banana	26	23	3	1	SINTETICO
251ca344-a459-4a49-8da3-76034d5ebe18	2026-08-05	INTEGRAL	7	84f7e794-a400-5d46-9efe-1c8a8f2f711d	Suco de fruta natural	13	12	1	1	SINTETICO
83b3b4c0-d6a8-4beb-aee7-e54b30f05657	2026-08-05	INTEGRAL	7	9bf7d50c-378c-58f7-ba1a-0dccafffc54c	Bolacha doce	51	44	7	2	SINTETICO
4e76a5fa-333c-41b6-8ebd-3c93c6ba0d46	2026-08-05	INTEGRAL	8	0db97b08-9e92-541d-b2d2-1bc810f8fbe8	Iogurte	16	16	0	1	SINTETICO
b4d0af0b-bda7-464c-b145-a00c3d263bfa	2026-08-05	INTEGRAL	8	84f7e794-a400-5d46-9efe-1c8a8f2f711d	Suco de fruta natural	1	1	0	0	SINTETICO
b6812f3e-597d-435c-bc26-2ac24aa12d45	2026-08-05	INTEGRAL	9	eed1d0ec-938c-53ef-94b9-626452f5fbd2	Sopa de legumes	33	29	4	8	SINTETICO
b9966be0-a459-4275-b52a-d513dde483ba	2026-08-05	INTEGRAL	9	0db97b08-9e92-541d-b2d2-1bc810f8fbe8	Iogurte	18	18	0	1	SINTETICO
cf53808c-3c48-4a82-a54d-a15d7df9d38e	2026-08-05	INTEGRAL	9	9bf7d50c-378c-58f7-ba1a-0dccafffc54c	Bolacha doce	52	51	1	2	SINTETICO
78501d42-78b3-4ce1-b268-fb278235835b	2026-08-05	INTEGRAL	11	1b450f5b-ecde-5880-ad0a-91ce0920069d	Maca	85	77	8	3	SINTETICO
c3ac6ddf-4da9-4dff-8be4-efd390554e0f	2026-08-05	INTEGRAL	11	add956e1-36ad-584e-b1e4-a4a8db28315f	Banana	13	12	1	0	SINTETICO
f5fada71-2431-44ae-9a9a-8d1e89360ec7	2026-08-05	MANHA	12	6ce7a969-7c2b-5a21-b072-594a4412ab8b	Arroz branco	1	1	0	0	SINTETICO
bdc23521-3acf-4d0c-85b7-542b0736dc25	2026-08-05	MANHA	12	1b450f5b-ecde-5880-ad0a-91ce0920069d	Maca	8	7	1	0	SINTETICO
7b6c49ab-656b-4d30-bf64-e796034be516	2026-08-05	MANHA	12	eed1d0ec-938c-53ef-94b9-626452f5fbd2	Sopa de legumes	24	22	2	6	SINTETICO
2d634526-3f19-4dfa-ab23-1d0f68f50c09	2026-08-05	INTEGRAL	13	9bf7d50c-378c-58f7-ba1a-0dccafffc54c	Bolacha doce	86	75	11	4	SINTETICO
51d5057d-a216-43f9-b75d-20fd119e4f21	2026-08-05	INTEGRAL	14	6ce7a969-7c2b-5a21-b072-594a4412ab8b	Arroz branco	22	20	2	2	SINTETICO
f2406b16-357d-4112-b890-fb8551c9cc66	2026-08-05	INTEGRAL	14	eed1d0ec-938c-53ef-94b9-626452f5fbd2	Sopa de legumes	51	50	1	17	SINTETICO
4b13ec81-0b60-4ec7-905a-f4bd8fd71b9b	2026-08-05	INTEGRAL	15	1b450f5b-ecde-5880-ad0a-91ce0920069d	Maca	2	2	0	0	SINTETICO
a3e8b0de-1bad-4a58-ac17-6624d3dd4a31	2026-08-05	INTEGRAL	15	84f7e794-a400-5d46-9efe-1c8a8f2f711d	Suco de fruta natural	41	40	1	2	SINTETICO
6d1d1b3a-15bf-429f-8584-1e41fbd29471	2026-08-05	INTEGRAL	15	0db97b08-9e92-541d-b2d2-1bc810f8fbe8	Iogurte	0	0	0	0	SINTETICO
9581e89e-f661-46eb-b1b7-9787166d1319	2026-08-05	INTEGRAL	15	6ce7a969-7c2b-5a21-b072-594a4412ab8b	Arroz branco	6	6	0	0	SINTETICO
48476a46-6ebc-4687-bb2e-edea63b1e306	2026-08-05	INTEGRAL	16	1b450f5b-ecde-5880-ad0a-91ce0920069d	Maca	0	0	0	0	SINTETICO
13a9bf28-2b77-4f42-bbe2-9badb73f21d2	2026-08-05	INTEGRAL	17	1b450f5b-ecde-5880-ad0a-91ce0920069d	Maca	25	23	2	1	SINTETICO
5f298c44-6bbd-4cb9-98e9-eab0a5bbd9da	2026-08-05	INTEGRAL	17	add956e1-36ad-584e-b1e4-a4a8db28315f	Banana	39	37	2	2	SINTETICO
9dce0b7a-1b67-44c8-a585-93ed5f47ca77	2026-08-05	INTEGRAL	18	1b450f5b-ecde-5880-ad0a-91ce0920069d	Maca	31	29	2	1	SINTETICO
9ebcbe41-ce6f-4adc-a37f-9c4afa865422	2026-08-06	INTEGRAL	1	6753aa6f-0f7e-5208-8cd6-9e7a8733ef22	Leite com achocolatado	53	49	4	3	SINTETICO
8827579f-b583-4555-b789-e8db1a3b92c1	2026-08-06	INTEGRAL	4	2f723cf1-ddd6-58e2-881e-3ab45db8cd2d	Feijao carioca	94	84	10	7	SINTETICO
8424bbba-c40c-4577-82a7-8a3fda20b245	2026-08-06	INTEGRAL	4	84f7e794-a400-5d46-9efe-1c8a8f2f711d	Suco de fruta natural	57	56	1	2	SINTETICO
681c56c0-35a9-4438-afa6-001ccdfbd9da	2026-08-06	INTEGRAL	6	b6f014a3-eaad-57c0-8ee9-24eb9abb819a	Cuscuz	33	32	1	4	SINTETICO
cd4e4ec6-fd5d-405a-a677-bbe432abca8d	2026-08-06	INTEGRAL	6	1b450f5b-ecde-5880-ad0a-91ce0920069d	Maca	38	38	0	1	SINTETICO
ad2a66fc-320a-4741-9e25-d889f488ede2	2026-08-06	MANHA	7	eed1d0ec-938c-53ef-94b9-626452f5fbd2	Sopa de legumes	7	7	0	2	SINTETICO
5ae51708-ceb5-4b7f-bf80-03a327c1e18f	2026-08-06	MANHA	7	2f723cf1-ddd6-58e2-881e-3ab45db8cd2d	Feijao carioca	12	11	1	1	SINTETICO
b01bd9b9-ff3a-4cae-89fb-f9e957111f33	2026-08-06	INTEGRAL	8	add956e1-36ad-584e-b1e4-a4a8db28315f	Banana	75	73	2	2	SINTETICO
4bffe6bf-890b-4edb-bc6d-bd684b67f674	2026-08-06	INTEGRAL	9	54e9ea4c-63a9-5952-9616-b24ee0e6a0fa	Frango dourado, acebolado	0	0	0	0	SINTETICO
7007c2f4-0191-4a03-b144-5bb009dc0adc	2026-08-06	INTEGRAL	9	84f7e794-a400-5d46-9efe-1c8a8f2f711d	Suco de fruta natural	330	315	15	16	SINTETICO
67804dfc-d850-41c7-b118-f3c3605c7635	2026-08-06	INTEGRAL	9	0db97b08-9e92-541d-b2d2-1bc810f8fbe8	Iogurte	11	10	1	0	SINTETICO
3a22aec0-a7e9-4393-a43b-1ee3882c4e2d	2026-08-06	MANHA	10	9bf7d50c-378c-58f7-ba1a-0dccafffc54c	Bolacha doce	37	34	3	2	SINTETICO
53577a34-33a2-4c17-a24c-efe67bf96598	2026-08-06	MANHA	10	b6f014a3-eaad-57c0-8ee9-24eb9abb819a	Cuscuz	9	9	0	1	SINTETICO
7553f06b-1945-403f-abb1-149d7bbcfcc6	2026-08-06	INTEGRAL	11	84f7e794-a400-5d46-9efe-1c8a8f2f711d	Suco de fruta natural	50	47	3	2	SINTETICO
b75b731f-2fc3-4c64-a8f7-afdbabc7319c	2026-08-06	INTEGRAL	11	6753aa6f-0f7e-5208-8cd6-9e7a8733ef22	Leite com achocolatado	33	30	3	2	SINTETICO
5538b0e0-32ee-467e-8cb9-f5d4c5797207	2026-08-06	INTEGRAL	11	79ca1872-52e0-59dd-af29-543b793c0860	Macarrao ao sugo	61	57	4	6	SINTETICO
728f08b7-f36c-4406-8370-07e2d0f5ae64	2026-08-06	INTEGRAL	16	84f7e794-a400-5d46-9efe-1c8a8f2f711d	Suco de fruta natural	0	0	0	0	SINTETICO
865985af-dd3f-4c5b-aeec-1fa437860cf0	2026-08-06	INTEGRAL	16	6753aa6f-0f7e-5208-8cd6-9e7a8733ef22	Leite com achocolatado	98	94	4	6	SINTETICO
cfebc52c-7cdc-4b80-bc56-efd4cb7b8fee	2026-08-06	MANHA	17	b6f014a3-eaad-57c0-8ee9-24eb9abb819a	Cuscuz	4	4	0	0	SINTETICO
256daa63-a68c-4a90-9f6e-2deaefe6e3b6	2026-08-06	MANHA	17	153737d9-caa6-55d5-b086-f7e83fdab4d2	Pao com manteiga	2	2	0	0	SINTETICO
73fc6025-6f7c-457e-8028-ce009f6c852e	2026-08-07	MANHA	1	84f7e794-a400-5d46-9efe-1c8a8f2f711d	Suco de fruta natural	102	93	9	4	SINTETICO
8ef5080d-8ad8-446b-978d-0aef96c6bd46	2026-08-07	MANHA	1	1b450f5b-ecde-5880-ad0a-91ce0920069d	Maca	205	198	7	9	SINTETICO
01f6cbd1-14f8-4748-9600-993da2d11002	2026-08-07	MANHA	1	add956e1-36ad-584e-b1e4-a4a8db28315f	Banana	0	0	0	0	SINTETICO
8570ac44-ca37-4734-85ba-21a6edba6bc5	2026-08-07	MANHA	1	2f723cf1-ddd6-58e2-881e-3ab45db8cd2d	Feijao carioca	69	64	5	4	SINTETICO
1a022290-82e3-4b59-aa72-00db1c28ca31	2026-08-07	MANHA	1	79ca1872-52e0-59dd-af29-543b793c0860	Macarrao ao sugo	83	77	6	10	SINTETICO
da5aadc5-63da-4abe-870d-8046a8599dbf	2026-08-07	INTEGRAL	2	6ce7a969-7c2b-5a21-b072-594a4412ab8b	Arroz branco	1	1	0	0	SINTETICO
6c33aa53-da20-4ff7-b36b-27df34e02371	2026-08-07	INTEGRAL	2	153737d9-caa6-55d5-b086-f7e83fdab4d2	Pao com manteiga	26	23	3	2	SINTETICO
ad42fe4a-4188-4aef-bc38-0d42b446ef8f	2026-08-07	INTEGRAL	3	eed1d0ec-938c-53ef-94b9-626452f5fbd2	Sopa de legumes	21	18	3	6	SINTETICO
c86d6c10-891c-49fc-8c34-5abd5793293c	2026-08-07	INTEGRAL	3	b6f014a3-eaad-57c0-8ee9-24eb9abb819a	Cuscuz	6	5	1	1	SINTETICO
b301a8ae-bb18-48f4-ae8d-9a7cac94b765	2026-08-07	INTEGRAL	3	6753aa6f-0f7e-5208-8cd6-9e7a8733ef22	Leite com achocolatado	11	11	0	1	SINTETICO
344f8737-3967-4db7-9a0a-5fab020f6136	2026-08-07	INTEGRAL	4	84f7e794-a400-5d46-9efe-1c8a8f2f711d	Suco de fruta natural	41	36	5	2	SINTETICO
7bf53290-4df9-4101-8471-ae2c8d001006	2026-08-07	INTEGRAL	4	add956e1-36ad-584e-b1e4-a4a8db28315f	Banana	24	22	2	1	SINTETICO
780a7c06-f3dc-495d-80ae-039e14ca64bb	2026-08-07	INTEGRAL	4	2f723cf1-ddd6-58e2-881e-3ab45db8cd2d	Feijao carioca	39	37	2	4	SINTETICO
4e96bc9a-1205-4805-a79f-a7e680080805	2026-08-07	MANHA	5	153737d9-caa6-55d5-b086-f7e83fdab4d2	Pao com manteiga	3	3	0	0	SINTETICO
824dc9d1-1b8e-4219-8af9-38a84b14b825	2026-08-07	MANHA	5	9bf7d50c-378c-58f7-ba1a-0dccafffc54c	Bolacha doce	6	6	0	0	SINTETICO
dce7d100-048f-47cd-9ce8-d7d45412d100	2026-08-07	MANHA	7	b6f014a3-eaad-57c0-8ee9-24eb9abb819a	Cuscuz	440	385	55	35	SINTETICO
0e713994-aaf0-44c2-8e4e-554b507e70d0	2026-08-07	INTEGRAL	8	add956e1-36ad-584e-b1e4-a4a8db28315f	Banana	2	2	0	0	SINTETICO
67f31953-ed64-4f99-89fa-9de557cc398a	2026-08-07	INTEGRAL	8	eed1d0ec-938c-53ef-94b9-626452f5fbd2	Sopa de legumes	141	131	10	33	SINTETICO
ea036911-b546-4783-99ef-39170b25d13b	2026-08-07	INTEGRAL	9	1b450f5b-ecde-5880-ad0a-91ce0920069d	Maca	3	3	0	0	SINTETICO
586d1cce-dbd0-463a-aab4-4aa43e929662	2026-08-07	INTEGRAL	9	84f7e794-a400-5d46-9efe-1c8a8f2f711d	Suco de fruta natural	0	0	0	0	SINTETICO
086d1526-fbb4-4249-8ac6-0137db18d988	2026-08-07	TARDE	10	1b450f5b-ecde-5880-ad0a-91ce0920069d	Maca	2	2	0	0	SINTETICO
0419553c-d00f-4aa1-b2f7-6275cb3e6db1	2026-08-07	TARDE	10	2f723cf1-ddd6-58e2-881e-3ab45db8cd2d	Feijao carioca	505	494	11	57	SINTETICO
9ef0c934-dd8d-4c26-a7f3-93c397ff0a6e	2026-08-07	TARDE	10	6ce7a969-7c2b-5a21-b072-594a4412ab8b	Arroz branco	49	44	5	3	SINTETICO
82629d79-62d6-41cd-9055-174806d54409	2026-08-07	TARDE	10	eed1d0ec-938c-53ef-94b9-626452f5fbd2	Sopa de legumes	69	63	6	16	SINTETICO
da7da277-2740-4da7-ad5d-20d930ea8dda	2026-08-07	TARDE	10	0db97b08-9e92-541d-b2d2-1bc810f8fbe8	Iogurte	240	218	22	10	SINTETICO
823a0b8f-e132-450e-8681-2c2416034a55	2026-08-07	INTEGRAL	12	b6f014a3-eaad-57c0-8ee9-24eb9abb819a	Cuscuz	10	9	1	1	SINTETICO
67848666-6722-4e9a-b39f-6914d3d96725	2026-08-07	INTEGRAL	13	b6f014a3-eaad-57c0-8ee9-24eb9abb819a	Cuscuz	88	84	4	11	SINTETICO
d94ccb4f-9d40-4744-bcbf-5670c08dcb10	2026-08-07	INTEGRAL	13	2f723cf1-ddd6-58e2-881e-3ab45db8cd2d	Feijao carioca	17	15	2	1	SINTETICO
04dd7a24-fb3d-4228-98c5-8467cd943157	2026-08-07	INTEGRAL	13	0db97b08-9e92-541d-b2d2-1bc810f8fbe8	Iogurte	282	279	3	22	SINTETICO
318c3ba3-b410-4080-a18b-fa8abc082236	2026-08-07	INTEGRAL	13	6ce7a969-7c2b-5a21-b072-594a4412ab8b	Arroz branco	46	44	2	3	SINTETICO
c3603c28-980e-47c8-827f-41a78d76ca4c	2026-08-07	INTEGRAL	13	9bf7d50c-378c-58f7-ba1a-0dccafffc54c	Bolacha doce	97	86	11	3	SINTETICO
41bedd58-4853-4dcf-9ede-4163ab802fb6	2026-08-07	INTEGRAL	15	6753aa6f-0f7e-5208-8cd6-9e7a8733ef22	Leite com achocolatado	59	59	0	3	SINTETICO
7e3aa21c-755c-4241-8145-35344fa1c5e4	2026-08-07	INTEGRAL	15	2f723cf1-ddd6-58e2-881e-3ab45db8cd2d	Feijao carioca	37	33	4	3	SINTETICO
1368d041-a2c7-43ed-a2c8-ad513f32353c	2026-08-07	INTEGRAL	15	b6f014a3-eaad-57c0-8ee9-24eb9abb819a	Cuscuz	42	41	1	6	SINTETICO
885e475b-b5ae-484f-aae3-29c77773c36f	2026-08-07	TARDE	16	6753aa6f-0f7e-5208-8cd6-9e7a8733ef22	Leite com achocolatado	99	95	4	7	SINTETICO
26132fa6-ded9-4b34-a8f4-7a7ba5004ef0	2026-08-07	TARDE	16	79ca1872-52e0-59dd-af29-543b793c0860	Macarrao ao sugo	103	100	3	16	SINTETICO
af7cf34a-8058-4d69-997b-6c63e8fccb48	2026-08-07	MANHA	18	84f7e794-a400-5d46-9efe-1c8a8f2f711d	Suco de fruta natural	45	43	2	3	SINTETICO
6ef04a94-b2a8-4744-88ce-a1216eeefea4	2026-08-07	MANHA	18	6753aa6f-0f7e-5208-8cd6-9e7a8733ef22	Leite com achocolatado	6	5	1	0	SINTETICO
6256e669-e2d7-445f-abfc-85b41e91c873	2026-08-10	TARDE	1	2f723cf1-ddd6-58e2-881e-3ab45db8cd2d	Feijao carioca	38	37	1	4	SINTETICO
d272daf2-9fee-4602-8a4e-ec513212bfbc	2026-08-10	TARDE	1	add956e1-36ad-584e-b1e4-a4a8db28315f	Banana	155	136	19	5	SINTETICO
0afd2f15-31cd-4f6e-b898-2d88916d7b7f	2026-08-10	TARDE	1	84f7e794-a400-5d46-9efe-1c8a8f2f711d	Suco de fruta natural	31	28	3	1	SINTETICO
d3a3ac5b-1028-44d1-896c-7ab07d76dc3c	2026-08-10	INTEGRAL	2	b6f014a3-eaad-57c0-8ee9-24eb9abb819a	Cuscuz	32	32	0	4	SINTETICO
0e343664-98bd-452d-97ae-4fe62908c02c	2026-08-10	INTEGRAL	2	2f723cf1-ddd6-58e2-881e-3ab45db8cd2d	Feijao carioca	5	5	0	1	SINTETICO
4ce44ddd-ef24-4e36-8ffb-94aa280add94	2026-08-10	INTEGRAL	5	eed1d0ec-938c-53ef-94b9-626452f5fbd2	Sopa de legumes	0	0	0	0	SINTETICO
4e9cd929-918c-4e87-8a83-274ab4869d81	2026-08-10	INTEGRAL	6	84f7e794-a400-5d46-9efe-1c8a8f2f711d	Suco de fruta natural	46	41	5	2	SINTETICO
a2a4918d-cef3-40dd-917c-cbef8a794f0b	2026-08-10	INTEGRAL	7	84f7e794-a400-5d46-9efe-1c8a8f2f711d	Suco de fruta natural	43	38	5	2	SINTETICO
3d71503d-7624-429b-bef8-5d458a322165	2026-08-10	INTEGRAL	7	2f723cf1-ddd6-58e2-881e-3ab45db8cd2d	Feijao carioca	0	0	0	0	SINTETICO
023a9995-8c6f-4eea-812d-5361cf2ddb38	2026-08-10	INTEGRAL	7	add956e1-36ad-584e-b1e4-a4a8db28315f	Banana	25	23	2	1	SINTETICO
d6e07b64-f3b6-4b28-9d0e-75e0a0cd5f73	2026-08-10	INTEGRAL	7	79ca1872-52e0-59dd-af29-543b793c0860	Macarrao ao sugo	0	0	0	0	SINTETICO
642555a5-e68e-4e7d-a478-c1833e70ad24	2026-08-10	INTEGRAL	7	9bf7d50c-378c-58f7-ba1a-0dccafffc54c	Bolacha doce	0	0	0	0	SINTETICO
d64c0951-9c96-48b5-b08b-1cc6712ebbb4	2026-08-10	INTEGRAL	10	6753aa6f-0f7e-5208-8cd6-9e7a8733ef22	Leite com achocolatado	32	30	2	2	SINTETICO
24cd77ca-e6ff-480f-aba1-0fa8d1631c66	2026-08-10	INTEGRAL	10	9bf7d50c-378c-58f7-ba1a-0dccafffc54c	Bolacha doce	98	87	11	5	SINTETICO
da8493d1-996e-4c28-bfc0-d8fd064f2822	2026-08-10	INTEGRAL	10	1b450f5b-ecde-5880-ad0a-91ce0920069d	Maca	7	6	1	0	SINTETICO
b00c2441-ca23-43d6-9c1d-15142383b69e	2026-08-10	INTEGRAL	10	6ce7a969-7c2b-5a21-b072-594a4412ab8b	Arroz branco	46	43	3	2	SINTETICO
3b00e8d1-b31a-41ea-8f60-67a8d7ab7667	2026-08-10	INTEGRAL	11	0db97b08-9e92-541d-b2d2-1bc810f8fbe8	Iogurte	38	34	4	2	SINTETICO
83ec1bc9-874f-4a66-bf39-90cba4c55d95	2026-08-10	INTEGRAL	12	1b450f5b-ecde-5880-ad0a-91ce0920069d	Maca	55	55	0	3	SINTETICO
1b555506-1575-48ec-8934-b8d3ce83ef12	2026-08-10	INTEGRAL	12	153737d9-caa6-55d5-b086-f7e83fdab4d2	Pao com manteiga	54	49	5	2	SINTETICO
e7bcf804-8ef9-4939-b6db-ab80536b6b4c	2026-08-10	INTEGRAL	12	84f7e794-a400-5d46-9efe-1c8a8f2f711d	Suco de fruta natural	41	37	4	2	SINTETICO
08beafab-bc08-4681-afbc-b6bb2c404989	2026-08-10	INTEGRAL	12	8d81f03d-d710-5316-abc7-1763074292b4	Cenoura refogada	17	16	1	2	SINTETICO
9807b877-bddb-443b-a19d-713992e118e8	2026-08-10	INTEGRAL	12	add956e1-36ad-584e-b1e4-a4a8db28315f	Banana	41	36	5	1	SINTETICO
e05ba91a-90f1-4434-bb9b-47b201b3c4eb	2026-08-10	INTEGRAL	12	2fb8016f-a7e8-5297-ba7c-fbdbc176e301	Molho de tomate caseiro	31	31	0	4	SINTETICO
a95e5637-4c49-41d5-a059-e5a2a83853e0	2026-08-10	INTEGRAL	13	153737d9-caa6-55d5-b086-f7e83fdab4d2	Pao com manteiga	272	248	24	19	SINTETICO
8378ba71-3fbd-40a8-9f8c-4d9f23973eca	2026-08-10	INTEGRAL	13	2f723cf1-ddd6-58e2-881e-3ab45db8cd2d	Feijao carioca	1	1	0	0	SINTETICO
cdca8e92-32d2-43de-913c-819ab4dd5e38	2026-08-10	INTEGRAL	15	eed1d0ec-938c-53ef-94b9-626452f5fbd2	Sopa de legumes	1	1	0	0	SINTETICO
19139def-cf68-4ad7-9af9-c23ac7fa3564	2026-08-10	INTEGRAL	16	79ca1872-52e0-59dd-af29-543b793c0860	Macarrao ao sugo	67	65	2	7	SINTETICO
0b80d69d-e25b-4fc5-9383-585a852e343a	2026-08-10	INTEGRAL	18	2f723cf1-ddd6-58e2-881e-3ab45db8cd2d	Feijao carioca	0	0	0	0	SINTETICO
7221d743-4a60-4ce2-a3fa-aa941e251af9	2026-08-10	INTEGRAL	18	b6f014a3-eaad-57c0-8ee9-24eb9abb819a	Cuscuz	6	5	1	1	SINTETICO
44d416c6-c65b-4ddf-b6b6-1f454113d052	2026-08-11	INTEGRAL	1	1b450f5b-ecde-5880-ad0a-91ce0920069d	Maca	2	2	0	0	SINTETICO
97ca520d-daf4-42ab-9c32-722697d4df6c	2026-08-11	INTEGRAL	1	0db97b08-9e92-541d-b2d2-1bc810f8fbe8	Iogurte	0	0	0	0	SINTETICO
a539456b-0cb1-4d8e-a51d-67542147d07b	2026-08-11	INTEGRAL	1	b6f014a3-eaad-57c0-8ee9-24eb9abb819a	Cuscuz	85	77	8	9	SINTETICO
6d1c2231-8fb4-4318-b322-50bca3b0b6af	2026-08-11	INTEGRAL	5	79ca1872-52e0-59dd-af29-543b793c0860	Macarrao ao sugo	0	0	0	0	SINTETICO
1caa9fd5-84e4-4fa3-9744-52f9c8c3538a	2026-08-11	INTEGRAL	5	add956e1-36ad-584e-b1e4-a4a8db28315f	Banana	2	2	0	0	SINTETICO
e94f5252-e47a-46cf-a176-3a08cbce42e3	2026-08-11	INTEGRAL	5	6ce7a969-7c2b-5a21-b072-594a4412ab8b	Arroz branco	64	57	7	3	SINTETICO
f1b5303a-b599-4a73-9965-b351ff3894ec	2026-08-11	INTEGRAL	5	eed1d0ec-938c-53ef-94b9-626452f5fbd2	Sopa de legumes	46	41	5	13	SINTETICO
00483486-801d-4870-9c28-8ad16efa8f77	2026-08-11	TARDE	6	79eb9045-ebdc-53c5-9ede-a0e5d2b7b378	Requeijao caseiro	400	394	6	28	SINTETICO
5242f066-f4e0-4d9c-a1ab-f3a79dd3ae5c	2026-08-11	MANHA	7	eed1d0ec-938c-53ef-94b9-626452f5fbd2	Sopa de legumes	50	46	4	13	SINTETICO
9d693f35-6923-439c-9f34-6ef9a1e045fa	2026-08-11	TARDE	9	9bf7d50c-378c-58f7-ba1a-0dccafffc54c	Bolacha doce	42	37	5	2	SINTETICO
e1a391b7-bff9-4398-944c-34f346d5dc90	2026-08-11	INTEGRAL	10	eed1d0ec-938c-53ef-94b9-626452f5fbd2	Sopa de legumes	321	288	33	61	SINTETICO
c4fd8e89-d310-44c6-a464-401a66f6106c	2026-08-11	INTEGRAL	11	1b450f5b-ecde-5880-ad0a-91ce0920069d	Maca	2	2	0	0	SINTETICO
c168918d-cf37-4f0e-b51c-1a05b32e7fb8	2026-08-11	INTEGRAL	11	6753aa6f-0f7e-5208-8cd6-9e7a8733ef22	Leite com achocolatado	25	24	1	2	SINTETICO
90414d45-de62-460d-a2d2-5fc957bbb15a	2026-08-11	TARDE	12	6ce7a969-7c2b-5a21-b072-594a4412ab8b	Arroz branco	47	44	3	2	SINTETICO
689759b2-f5ee-4967-9a4d-2c3358165ed0	2026-08-11	TARDE	12	2f723cf1-ddd6-58e2-881e-3ab45db8cd2d	Feijao carioca	116	103	13	9	SINTETICO
14f9f99f-ac65-45b5-a0ad-e0a4d824ea61	2026-08-11	INTEGRAL	13	0db97b08-9e92-541d-b2d2-1bc810f8fbe8	Iogurte	13	13	0	1	SINTETICO
e2950280-03c0-46b5-a00f-46ee0787d9b2	2026-08-11	INTEGRAL	13	add956e1-36ad-584e-b1e4-a4a8db28315f	Banana	103	91	12	3	SINTETICO
1a340247-1cd6-4054-b7f1-321705430ee1	2026-08-11	INTEGRAL	13	6ce7a969-7c2b-5a21-b072-594a4412ab8b	Arroz branco	0	0	0	0	SINTETICO
a17ad825-5a83-4906-af79-6673583eeadc	2026-08-11	INTEGRAL	14	2f723cf1-ddd6-58e2-881e-3ab45db8cd2d	Feijao carioca	267	261	6	30	SINTETICO
a1dd98f5-2861-4e1c-a608-cd67687da65d	2026-08-11	INTEGRAL	14	add956e1-36ad-584e-b1e4-a4a8db28315f	Banana	6	5	1	0	SINTETICO
b8b86bf8-3f71-499e-8b27-0d41bf051eab	2026-08-11	INTEGRAL	14	b6f014a3-eaad-57c0-8ee9-24eb9abb819a	Cuscuz	2	2	0	0	SINTETICO
1845640d-538b-4e49-a9fa-ecbf9341c1da	2026-08-11	MANHA	16	6ce7a969-7c2b-5a21-b072-594a4412ab8b	Arroz branco	13	12	1	1	SINTETICO
62f5be63-765d-461f-91ca-7a5be54f3e64	2026-08-11	TARDE	18	0db97b08-9e92-541d-b2d2-1bc810f8fbe8	Iogurte	377	342	35	26	SINTETICO
1fed1b46-4edb-47c7-9ab5-60c3de2179c2	2026-08-12	MANHA	1	6753aa6f-0f7e-5208-8cd6-9e7a8733ef22	Leite com achocolatado	21	21	0	1	SINTETICO
88d0e6ae-555e-40fa-aec2-f629778124d0	2026-08-12	MANHA	1	9bf7d50c-378c-58f7-ba1a-0dccafffc54c	Bolacha doce	0	0	0	0	SINTETICO
69d69623-7a60-4f13-9c2c-7bf02811fd23	2026-08-12	MANHA	2	add956e1-36ad-584e-b1e4-a4a8db28315f	Banana	14	14	0	1	SINTETICO
b933ae2a-cd0e-4338-b686-a8ae229aa88e	2026-08-12	MANHA	2	b6f014a3-eaad-57c0-8ee9-24eb9abb819a	Cuscuz	18	17	1	3	SINTETICO
ef177dfd-835b-478d-b789-08c9d5b39b7c	2026-08-12	INTEGRAL	6	153737d9-caa6-55d5-b086-f7e83fdab4d2	Pao com manteiga	17	16	1	1	SINTETICO
40a77f6f-fa14-4e5b-886e-d5d2000ec702	2026-08-12	INTEGRAL	6	add956e1-36ad-584e-b1e4-a4a8db28315f	Banana	0	0	0	0	SINTETICO
ad1df01c-276f-4e23-9858-ebfc339138fc	2026-08-12	INTEGRAL	7	6753aa6f-0f7e-5208-8cd6-9e7a8733ef22	Leite com achocolatado	339	311	28	23	SINTETICO
bf00505d-91d4-45fd-a145-46e88ef6bd57	2026-08-12	INTEGRAL	7	2f723cf1-ddd6-58e2-881e-3ab45db8cd2d	Feijao carioca	7	7	0	1	SINTETICO
6566f5e5-31ee-47fd-843e-45240151b2ff	2026-08-12	INTEGRAL	9	2f723cf1-ddd6-58e2-881e-3ab45db8cd2d	Feijao carioca	50	47	3	5	SINTETICO
9458995d-ba5e-46bd-bc9d-82b4a2df13fc	2026-08-12	INTEGRAL	9	1b450f5b-ecde-5880-ad0a-91ce0920069d	Maca	54	48	6	2	SINTETICO
d4a16f30-c4c2-4c10-87b2-ad443c35a854	2026-08-12	INTEGRAL	9	6ce7a969-7c2b-5a21-b072-594a4412ab8b	Arroz branco	47	44	3	3	SINTETICO
6e1529a2-6e55-46f3-9703-bebb448aa3fe	2026-08-12	MANHA	10	6ce7a969-7c2b-5a21-b072-594a4412ab8b	Arroz branco	53	50	3	4	SINTETICO
955c7edb-8f17-4cf5-9e11-260d602b6b27	2026-08-12	MANHA	10	b85fd879-2256-524c-b715-7f9cb93ccd01	Bolo de maca, sem acucar	27	24	3	3	SINTETICO
44cda1c3-6b3f-4a44-8c21-a981224c45f3	2026-08-12	MANHA	10	84f7e794-a400-5d46-9efe-1c8a8f2f711d	Suco de fruta natural	41	38	3	2	SINTETICO
bd922929-5cac-481e-a06c-29d15ed1eff3	2026-08-12	MANHA	10	b6f014a3-eaad-57c0-8ee9-24eb9abb819a	Cuscuz	22	21	1	2	SINTETICO
b14f67db-3e5e-4826-b308-f9ac6d7826cf	2026-08-12	MANHA	11	79ca1872-52e0-59dd-af29-543b793c0860	Macarrao ao sugo	23	21	2	4	SINTETICO
fb9e8772-a687-4365-ac7d-85311c9c1375	2026-08-12	MANHA	11	eed1d0ec-938c-53ef-94b9-626452f5fbd2	Sopa de legumes	61	53	8	19	SINTETICO
a1a713b2-15ac-4484-896c-8378b0eaaa5c	2026-08-12	MANHA	11	0db97b08-9e92-541d-b2d2-1bc810f8fbe8	Iogurte	51	47	4	2	SINTETICO
f17a22fd-9524-4ae4-a609-13577ecd48ed	2026-08-12	INTEGRAL	12	add956e1-36ad-584e-b1e4-a4a8db28315f	Banana	54	51	3	2	SINTETICO
72bc24ef-3d63-4521-99b6-f4ae2b4bab85	2026-08-12	INTEGRAL	12	0db97b08-9e92-541d-b2d2-1bc810f8fbe8	Iogurte	1	1	0	0	SINTETICO
13b8376a-63aa-4f6c-9623-48d848a8e832	2026-08-12	INTEGRAL	12	eed1d0ec-938c-53ef-94b9-626452f5fbd2	Sopa de legumes	17	17	0	4	SINTETICO
a45ccc14-925f-4667-9fa1-c5eac6dc9c0e	2026-08-12	INTEGRAL	12	9bf7d50c-378c-58f7-ba1a-0dccafffc54c	Bolacha doce	255	232	23	10	SINTETICO
3e315faf-273c-4fac-b837-1c75ed4c299a	2026-08-12	INTEGRAL	13	1b450f5b-ecde-5880-ad0a-91ce0920069d	Maca	0	0	0	0	SINTETICO
b0d68727-109d-43b0-b183-e547e978be9f	2026-08-12	INTEGRAL	18	eed1d0ec-938c-53ef-94b9-626452f5fbd2	Sopa de legumes	44	44	0	13	SINTETICO
c175fc08-4871-4f30-9532-df70c4dde3df	2026-08-12	INTEGRAL	18	2f723cf1-ddd6-58e2-881e-3ab45db8cd2d	Feijao carioca	0	0	0	0	SINTETICO
c4d0613b-d2dd-4c40-8bf0-760824290e2a	2026-08-13	INTEGRAL	2	79ca1872-52e0-59dd-af29-543b793c0860	Macarrao ao sugo	8	7	1	1	SINTETICO
6328391e-b149-4d23-b34f-f79d3b54a579	2026-08-13	INTEGRAL	2	1b450f5b-ecde-5880-ad0a-91ce0920069d	Maca	90	85	5	4	SINTETICO
820d5b49-1fb0-4b37-9632-ccad1f3f530f	2026-08-13	INTEGRAL	2	84f7e794-a400-5d46-9efe-1c8a8f2f711d	Suco de fruta natural	28	26	2	1	SINTETICO
f025807e-a6cf-4487-8c20-3c0a50179d80	2026-08-13	MANHA	5	153737d9-caa6-55d5-b086-f7e83fdab4d2	Pao com manteiga	22	21	1	1	SINTETICO
245ed840-8f97-47e4-8dfb-ff8d29a3867e	2026-08-13	INTEGRAL	7	1b450f5b-ecde-5880-ad0a-91ce0920069d	Maca	11	10	1	1	SINTETICO
6113b150-b6ea-40cc-aee7-b86a5eae55db	2026-08-13	INTEGRAL	8	f8c11e3f-147e-575c-879e-d8653a2b447f	Chuchu com tempero verde	21	20	1	6	SINTETICO
116e3cf7-0dba-4287-ba78-5d0a2e7229d3	2026-08-13	INTEGRAL	8	b6f014a3-eaad-57c0-8ee9-24eb9abb819a	Cuscuz	21	20	1	3	SINTETICO
c028bc6b-7346-430f-8bbd-d1762563672d	2026-08-13	INTEGRAL	10	9bf7d50c-378c-58f7-ba1a-0dccafffc54c	Bolacha doce	412	360	52	22	SINTETICO
20f98958-47b1-4511-b335-e1adaa8daad7	2026-08-13	INTEGRAL	10	79ca1872-52e0-59dd-af29-543b793c0860	Macarrao ao sugo	41	36	5	5	SINTETICO
229f947a-50a3-4fdb-b329-b0df5f1b3bda	2026-08-13	INTEGRAL	10	84f7e794-a400-5d46-9efe-1c8a8f2f711d	Suco de fruta natural	0	0	0	0	SINTETICO
8934ad14-6d9f-4724-a725-61ccb12d38b6	2026-08-13	INTEGRAL	11	add956e1-36ad-584e-b1e4-a4a8db28315f	Banana	208	184	24	6	SINTETICO
701b73ac-72ea-4803-93ee-26a9216357e3	2026-08-13	MANHA	13	9bf7d50c-378c-58f7-ba1a-0dccafffc54c	Bolacha doce	53	52	1	2	SINTETICO
c91ee59b-f5c8-4b07-ac25-f7257a7ac535	2026-08-13	TARDE	14	6ce7a969-7c2b-5a21-b072-594a4412ab8b	Arroz branco	171	168	3	9	SINTETICO
c21f3af6-4768-4723-9b21-6c198225e467	2026-08-13	INTEGRAL	17	2f723cf1-ddd6-58e2-881e-3ab45db8cd2d	Feijao carioca	16	15	1	1	SINTETICO
25bfe123-16ba-46fe-97e8-04eb7248bbb3	2026-08-13	INTEGRAL	17	79ca1872-52e0-59dd-af29-543b793c0860	Macarrao ao sugo	65	60	5	7	SINTETICO
e2fb1bc0-15ee-401a-b4b5-f43fc74569d3	2026-08-13	INTEGRAL	17	84f7e794-a400-5d46-9efe-1c8a8f2f711d	Suco de fruta natural	51	47	4	2	SINTETICO
c3a7dee3-919b-4ea7-b261-9d3a7fd8d6f8	2026-08-14	INTEGRAL	2	0db97b08-9e92-541d-b2d2-1bc810f8fbe8	Iogurte	41	38	3	2	SINTETICO
480797f8-25dc-493c-b090-5384d7b9439c	2026-08-14	INTEGRAL	2	6753aa6f-0f7e-5208-8cd6-9e7a8733ef22	Leite com achocolatado	111	99	12	6	SINTETICO
63cdbc68-fee8-4870-9f08-afdce89b9960	2026-08-14	INTEGRAL	2	1b450f5b-ecde-5880-ad0a-91ce0920069d	Maca	45	42	3	2	SINTETICO
7ed3d81b-4cba-4e0b-bb9a-05f0b2ab632b	2026-08-14	INTEGRAL	5	eed1d0ec-938c-53ef-94b9-626452f5fbd2	Sopa de legumes	76	67	9	19	SINTETICO
707fdf6f-953b-4965-ae9c-405d121d1880	2026-08-14	INTEGRAL	5	79ca1872-52e0-59dd-af29-543b793c0860	Macarrao ao sugo	83	76	7	13	SINTETICO
3d8bc41d-ccc2-46b8-8342-333832ad065e	2026-08-14	MANHA	6	6ce7a969-7c2b-5a21-b072-594a4412ab8b	Arroz branco	49	43	6	2	SINTETICO
5c9470d3-df8c-4c00-a3c8-e177ac1c420e	2026-08-14	MANHA	6	2f723cf1-ddd6-58e2-881e-3ab45db8cd2d	Feijao carioca	0	0	0	0	SINTETICO
7a71f288-4ca9-49ee-9f29-96911e7d9f6f	2026-08-14	MANHA	6	e9939964-7e5f-542e-9526-0c743b00ffb0	Salada de tomate	37	34	3	5	SINTETICO
68a26f2e-cd7c-4a51-9971-6ac04feb0241	2026-08-14	MANHA	6	153737d9-caa6-55d5-b086-f7e83fdab4d2	Pao com manteiga	23	21	2	1	SINTETICO
1ba1dd4c-c27c-4136-901b-2b68390fa0df	2026-08-14	MANHA	6	add956e1-36ad-584e-b1e4-a4a8db28315f	Banana	27	26	1	1	SINTETICO
6a502c5d-d1be-4c77-bc3d-4dd7b7d2d17c	2026-08-14	MANHA	6	9bf7d50c-378c-58f7-ba1a-0dccafffc54c	Bolacha doce	25	23	2	1	SINTETICO
8dc608a5-a514-4650-882c-dc6424e03588	2026-08-14	TARDE	10	79ca1872-52e0-59dd-af29-543b793c0860	Macarrao ao sugo	0	0	0	0	SINTETICO
75964eef-ac01-483a-af99-82925267c22e	2026-08-14	TARDE	10	1b450f5b-ecde-5880-ad0a-91ce0920069d	Maca	189	184	5	7	SINTETICO
5e1ea9a9-8051-4949-9c2e-0e3fb21bc0f8	2026-08-14	TARDE	10	b6f014a3-eaad-57c0-8ee9-24eb9abb819a	Cuscuz	0	0	0	0	SINTETICO
82b9a24e-f35c-43aa-91a2-11ce0bea3f7d	2026-08-14	INTEGRAL	12	b6f014a3-eaad-57c0-8ee9-24eb9abb819a	Cuscuz	19	17	2	1	SINTETICO
d46bb378-3012-4d5f-9fac-fc33eed67745	2026-08-14	INTEGRAL	13	153737d9-caa6-55d5-b086-f7e83fdab4d2	Pao com manteiga	0	0	0	0	SINTETICO
bc2d0865-1c3c-427b-8689-baa335f45195	2026-08-14	INTEGRAL	13	f8c11e3f-147e-575c-879e-d8653a2b447f	Chuchu com tempero verde	15	15	0	4	SINTETICO
a33e5e26-630c-4d69-970a-85260499daa6	2026-08-14	INTEGRAL	13	b6f014a3-eaad-57c0-8ee9-24eb9abb819a	Cuscuz	0	0	0	0	SINTETICO
1f51ddbb-b431-4781-b394-25ac4ff266ed	2026-08-14	MANHA	15	6753aa6f-0f7e-5208-8cd6-9e7a8733ef22	Leite com achocolatado	38	36	2	2	SINTETICO
8e3c5114-d092-45c7-aea0-7545eea462c9	2026-08-14	MANHA	16	2f723cf1-ddd6-58e2-881e-3ab45db8cd2d	Feijao carioca	18	16	2	2	SINTETICO
edc31819-c18e-4c50-8ca1-3fdebf46c133	2026-08-17	INTEGRAL	1	add956e1-36ad-584e-b1e4-a4a8db28315f	Banana	99	93	6	3	SINTETICO
36bded71-e85b-433b-b705-6083b1fdd4f1	2026-08-17	INTEGRAL	1	153737d9-caa6-55d5-b086-f7e83fdab4d2	Pao com manteiga	47	44	3	2	SINTETICO
94627cf5-f23d-4867-a288-b274d9d7d9b5	2026-08-17	INTEGRAL	3	6ce7a969-7c2b-5a21-b072-594a4412ab8b	Arroz branco	38	36	2	3	SINTETICO
137035ff-67cc-4a3d-8a89-fbcc1bfc44c0	2026-08-17	INTEGRAL	3	0db97b08-9e92-541d-b2d2-1bc810f8fbe8	Iogurte	20	19	1	1	SINTETICO
ad74c298-6032-4e51-abe3-d25e95cb66f0	2026-08-17	INTEGRAL	3	1b450f5b-ecde-5880-ad0a-91ce0920069d	Maca	17	17	0	1	SINTETICO
45928bc8-f523-4fc0-bd1d-0592398ec80f	2026-08-17	INTEGRAL	4	eed1d0ec-938c-53ef-94b9-626452f5fbd2	Sopa de legumes	97	89	8	24	SINTETICO
ce373e83-0001-4954-a38e-c6d64148abab	2026-08-17	INTEGRAL	4	6ce7a969-7c2b-5a21-b072-594a4412ab8b	Arroz branco	15	15	0	1	SINTETICO
d83460f1-92a4-4b14-96f2-e449d274d09b	2026-08-17	INTEGRAL	4	2f723cf1-ddd6-58e2-881e-3ab45db8cd2d	Feijao carioca	94	82	12	7	SINTETICO
31396ab4-6c1a-49cd-860f-a89397878604	2026-08-17	MANHA	5	6ce7a969-7c2b-5a21-b072-594a4412ab8b	Arroz branco	0	0	0	0	SINTETICO
8202e414-15b4-4255-91d7-813db0f38cb9	2026-08-17	MANHA	5	153737d9-caa6-55d5-b086-f7e83fdab4d2	Pao com manteiga	0	0	0	0	SINTETICO
b4d6c9d6-977d-43a3-a770-621f180802f7	2026-08-17	INTEGRAL	7	0db97b08-9e92-541d-b2d2-1bc810f8fbe8	Iogurte	0	0	0	0	SINTETICO
84850dbb-9f29-4e0c-8db5-079829502d2f	2026-08-17	INTEGRAL	7	84f7e794-a400-5d46-9efe-1c8a8f2f711d	Suco de fruta natural	254	251	3	12	SINTETICO
805385ab-9d11-4af1-8d46-0b6681f95e59	2026-08-17	INTEGRAL	7	153737d9-caa6-55d5-b086-f7e83fdab4d2	Pao com manteiga	0	0	0	0	SINTETICO
61ddb3d8-1cb2-488d-93e4-d46fa203f8a3	2026-08-17	INTEGRAL	7	eed1d0ec-938c-53ef-94b9-626452f5fbd2	Sopa de legumes	24	23	1	5	SINTETICO
bb3c0f13-7965-4497-8a8c-446687adc315	2026-08-17	INTEGRAL	8	0db97b08-9e92-541d-b2d2-1bc810f8fbe8	Iogurte	11	11	0	1	SINTETICO
5831c77f-b82c-44be-9abe-21fc79719129	2026-08-17	INTEGRAL	8	1b450f5b-ecde-5880-ad0a-91ce0920069d	Maca	13	13	0	1	SINTETICO
3c1d8204-0c97-4452-ba3f-0e6403a54fe5	2026-08-17	INTEGRAL	8	79ca1872-52e0-59dd-af29-543b793c0860	Macarrao ao sugo	51	46	5	8	SINTETICO
3af2abf0-512e-488f-a950-03776e8a050f	2026-08-17	INTEGRAL	8	153737d9-caa6-55d5-b086-f7e83fdab4d2	Pao com manteiga	0	0	0	0	SINTETICO
c76d3166-0076-4919-ae0d-68555474f1ce	2026-08-17	INTEGRAL	8	9bf7d50c-378c-58f7-ba1a-0dccafffc54c	Bolacha doce	0	0	0	0	SINTETICO
446a373d-d8ef-4bd7-8e85-dab086484d26	2026-08-17	INTEGRAL	10	b6f014a3-eaad-57c0-8ee9-24eb9abb819a	Cuscuz	184	167	17	24	SINTETICO
165911e2-eca7-4f64-a89d-e5ecf23a92a7	2026-08-17	INTEGRAL	10	6ce7a969-7c2b-5a21-b072-594a4412ab8b	Arroz branco	13	12	1	1	SINTETICO
704d0ce2-c745-4d39-8ce7-3b713fdde24f	2026-08-17	INTEGRAL	10	9bf7d50c-378c-58f7-ba1a-0dccafffc54c	Bolacha doce	42	40	2	2	SINTETICO
94bd2de5-a07f-4cd1-9490-2d2d45429081	2026-08-17	INTEGRAL	10	5b8da38a-ad96-5622-9a33-6cb46962bff4	Pure de mandioca	50	45	5	10	SINTETICO
9b88f8a8-0443-4fef-9db9-d85662fbb82f	2026-08-17	INTEGRAL	10	2f723cf1-ddd6-58e2-881e-3ab45db8cd2d	Feijao carioca	35	32	3	2	SINTETICO
b078d46c-8bf3-4832-aab3-fcabc0024771	2026-08-17	INTEGRAL	10	153737d9-caa6-55d5-b086-f7e83fdab4d2	Pao com manteiga	12	12	0	1	SINTETICO
4b80159a-36f5-4435-9fdc-805e7c6dc308	2026-08-17	INTEGRAL	11	1b450f5b-ecde-5880-ad0a-91ce0920069d	Maca	0	0	0	0	SINTETICO
03d24f53-8801-4c1c-b878-d83728fdc4b4	2026-08-17	MANHA	12	b6f014a3-eaad-57c0-8ee9-24eb9abb819a	Cuscuz	6	5	1	0	SINTETICO
e445ecbb-ba83-46f4-b7a5-fdc994ded457	2026-08-17	INTEGRAL	13	2f723cf1-ddd6-58e2-881e-3ab45db8cd2d	Feijao carioca	0	0	0	0	SINTETICO
0bb6c5d3-36a0-4ae2-b109-347c656ae2f2	2026-08-17	TARDE	14	add956e1-36ad-584e-b1e4-a4a8db28315f	Banana	106	105	1	4	SINTETICO
c95341af-2514-4b88-8737-21593735788c	2026-08-17	TARDE	14	eed1d0ec-938c-53ef-94b9-626452f5fbd2	Sopa de legumes	507	457	50	125	SINTETICO
c1b237c6-b2e8-447f-a344-2e633cb46521	2026-08-17	TARDE	14	9c858519-faab-50d6-9561-8f90f4f84567	Guisado com moranga	416	366	50	130	SINTETICO
d693331e-c3df-42d4-86e4-66dac15b6c02	2026-08-17	INTEGRAL	16	79ca1872-52e0-59dd-af29-543b793c0860	Macarrao ao sugo	6	5	1	1	SINTETICO
f0e8e4fe-ec39-4ab6-a8f1-83bee9d0eebf	2026-08-17	MANHA	17	153737d9-caa6-55d5-b086-f7e83fdab4d2	Pao com manteiga	363	352	11	17	SINTETICO
e4bcb06b-ffce-49dc-8259-81baf0717270	2026-08-17	MANHA	17	add956e1-36ad-584e-b1e4-a4a8db28315f	Banana	24	24	0	1	SINTETICO
6f7b80c0-49e6-4c1d-a38b-2965b43b20a1	2026-08-17	MANHA	17	2f723cf1-ddd6-58e2-881e-3ab45db8cd2d	Feijao carioca	88	84	4	6	SINTETICO
01c6f53a-305a-4f2e-b388-10cffb50dc8f	2026-08-18	INTEGRAL	1	84f7e794-a400-5d46-9efe-1c8a8f2f711d	Suco de fruta natural	317	280	37	12	SINTETICO
abeceb55-5192-40e8-8dae-1ef8b396662b	2026-08-18	INTEGRAL	1	153737d9-caa6-55d5-b086-f7e83fdab4d2	Pao com manteiga	42	41	1	2	SINTETICO
7e3dc128-f4cb-481b-8a53-c32ad196b1ce	2026-08-18	INTEGRAL	2	2f723cf1-ddd6-58e2-881e-3ab45db8cd2d	Feijao carioca	3	3	0	0	SINTETICO
586967a0-267a-4d8e-bd3f-097a43d9796f	2026-08-18	MANHA	3	153737d9-caa6-55d5-b086-f7e83fdab4d2	Pao com manteiga	39	38	1	2	SINTETICO
f6f1f1d7-5f8a-494b-9992-285b4bccf192	2026-08-18	INTEGRAL	4	2f723cf1-ddd6-58e2-881e-3ab45db8cd2d	Feijao carioca	80	79	1	6	SINTETICO
6658a582-496d-4e58-8749-60393216a4ad	2026-08-18	INTEGRAL	5	153737d9-caa6-55d5-b086-f7e83fdab4d2	Pao com manteiga	2	2	0	0	SINTETICO
ba37fd1d-8e3e-443e-94d0-c19aa713c45a	2026-08-18	INTEGRAL	5	1b450f5b-ecde-5880-ad0a-91ce0920069d	Maca	14	13	1	0	SINTETICO
1373d6ae-855c-43f5-8d94-80d46c96d41b	2026-08-18	INTEGRAL	6	84f7e794-a400-5d46-9efe-1c8a8f2f711d	Suco de fruta natural	0	0	0	0	SINTETICO
f50c7e80-fed3-432c-9c28-c8e9edb5b594	2026-08-18	INTEGRAL	6	6ce7a969-7c2b-5a21-b072-594a4412ab8b	Arroz branco	248	238	10	15	SINTETICO
d651ef9e-bacc-4807-93d1-f07f1695e241	2026-08-18	MANHA	7	eed1d0ec-938c-53ef-94b9-626452f5fbd2	Sopa de legumes	331	303	28	78	SINTETICO
1da1e067-afe6-4bbe-9855-8a5470b3b448	2026-08-18	MANHA	8	84f7e794-a400-5d46-9efe-1c8a8f2f711d	Suco de fruta natural	1	1	0	0	SINTETICO
3c006958-6e29-4e2c-ab7c-a11e2160eae2	2026-08-18	MANHA	8	b6f014a3-eaad-57c0-8ee9-24eb9abb819a	Cuscuz	30	27	3	3	SINTETICO
234e80a7-c7e4-4bbb-92c2-d55abcccefbd	2026-08-18	MANHA	8	add956e1-36ad-584e-b1e4-a4a8db28315f	Banana	31	31	0	2	SINTETICO
3dd19bbd-455a-451b-9562-acfd7fdaab82	2026-08-18	MANHA	8	eed1d0ec-938c-53ef-94b9-626452f5fbd2	Sopa de legumes	0	0	0	0	SINTETICO
6edaec10-aa4f-43f5-b6bb-7c157ec004bb	2026-08-18	INTEGRAL	11	1b450f5b-ecde-5880-ad0a-91ce0920069d	Maca	95	86	9	5	SINTETICO
ee8745a0-aed1-4d62-b72f-0b11232d35d4	2026-08-18	INTEGRAL	11	6753aa6f-0f7e-5208-8cd6-9e7a8733ef22	Leite com achocolatado	230	201	29	9	SINTETICO
aed0709b-76e7-43b1-81a7-fbf269187bae	2026-08-18	INTEGRAL	12	6ce7a969-7c2b-5a21-b072-594a4412ab8b	Arroz branco	1	1	0	0	SINTETICO
20b83fe4-6e53-4981-a916-50d52065f9f1	2026-08-18	INTEGRAL	12	2f723cf1-ddd6-58e2-881e-3ab45db8cd2d	Feijao carioca	16	15	1	1	SINTETICO
03a7cc4b-196b-4153-b0db-0fb2990a9934	2026-08-18	INTEGRAL	12	79ca1872-52e0-59dd-af29-543b793c0860	Macarrao ao sugo	70	62	8	6	SINTETICO
1c38fb98-624c-4043-a439-4bea05d1937a	2026-08-18	INTEGRAL	12	153737d9-caa6-55d5-b086-f7e83fdab4d2	Pao com manteiga	79	73	6	4	SINTETICO
e7c37796-8bb5-4f1c-b599-07329159e9dd	2026-08-18	INTEGRAL	12	eed1d0ec-938c-53ef-94b9-626452f5fbd2	Sopa de legumes	31	30	1	11	SINTETICO
ffeac53d-d1b1-4ace-819c-346eedee26e7	2026-08-18	INTEGRAL	12	6753aa6f-0f7e-5208-8cd6-9e7a8733ef22	Leite com achocolatado	5	5	0	0	SINTETICO
62e62694-9806-4180-9469-e20746da3320	2026-08-18	INTEGRAL	12	add956e1-36ad-584e-b1e4-a4a8db28315f	Banana	256	254	2	10	SINTETICO
28e1da54-f235-4547-b1f2-dc231e16943c	2026-08-18	TARDE	14	84f7e794-a400-5d46-9efe-1c8a8f2f711d	Suco de fruta natural	38	34	4	2	SINTETICO
43bf5e7a-bfa3-422a-aff6-6d4edce226d5	2026-08-18	TARDE	16	1b450f5b-ecde-5880-ad0a-91ce0920069d	Maca	0	0	0	0	SINTETICO
54cdabd4-e513-4a82-8e61-0416f36a885a	2026-08-18	TARDE	16	153737d9-caa6-55d5-b086-f7e83fdab4d2	Pao com manteiga	75	68	7	3	SINTETICO
52e71050-0936-4b07-86b2-c376210042ca	2026-08-18	TARDE	16	2f723cf1-ddd6-58e2-881e-3ab45db8cd2d	Feijao carioca	513	494	19	44	SINTETICO
b13b3d3f-d9ce-4eab-9f99-9b8a12da5449	2026-08-18	TARDE	16	add956e1-36ad-584e-b1e4-a4a8db28315f	Banana	0	0	0	0	SINTETICO
e9197325-b014-43d6-b17b-0df3efb52349	2026-08-18	MANHA	17	153737d9-caa6-55d5-b086-f7e83fdab4d2	Pao com manteiga	3	3	0	0	SINTETICO
326b32ad-e873-4e32-a609-8d13e1b394a0	2026-08-18	INTEGRAL	18	2f723cf1-ddd6-58e2-881e-3ab45db8cd2d	Feijao carioca	37	34	3	3	SINTETICO
3715caa5-20f9-4ea9-83c9-0e0726cd4de6	2026-08-18	INTEGRAL	18	6753aa6f-0f7e-5208-8cd6-9e7a8733ef22	Leite com achocolatado	16	15	1	1	SINTETICO
34e05df4-2e0c-4743-b671-1336c4640680	2026-08-18	INTEGRAL	18	6ce7a969-7c2b-5a21-b072-594a4412ab8b	Arroz branco	22	21	1	1	SINTETICO
200132d0-ac6e-417f-b820-7176d4563450	2026-08-18	INTEGRAL	18	9bf7d50c-378c-58f7-ba1a-0dccafffc54c	Bolacha doce	47	42	5	2	SINTETICO
1e47b024-9123-4870-9619-39ba32eebd78	2026-08-19	INTEGRAL	1	0db97b08-9e92-541d-b2d2-1bc810f8fbe8	Iogurte	7	6	1	0	SINTETICO
4c3e28e2-30d2-4036-a8ae-138b6cd4e948	2026-08-19	INTEGRAL	1	153737d9-caa6-55d5-b086-f7e83fdab4d2	Pao com manteiga	143	130	13	6	SINTETICO
d0ba1ebe-37ce-429b-bfdd-32730595410a	2026-08-19	INTEGRAL	1	84f7e794-a400-5d46-9efe-1c8a8f2f711d	Suco de fruta natural	39	38	1	2	SINTETICO
523cc048-afd0-4af5-8b59-aa58dde5246b	2026-08-19	INTEGRAL	2	84f7e794-a400-5d46-9efe-1c8a8f2f711d	Suco de fruta natural	204	182	22	7	SINTETICO
8ec55c7b-bc6d-4249-a945-e7ab4444547a	2026-08-19	INTEGRAL	2	0db97b08-9e92-541d-b2d2-1bc810f8fbe8	Iogurte	13	13	0	1	SINTETICO
0fab0355-4657-499a-85e9-9a90840aaf7f	2026-08-19	MANHA	6	add956e1-36ad-584e-b1e4-a4a8db28315f	Banana	50	44	6	2	SINTETICO
472f6e28-ccdb-4dad-8cf7-7da9ccdd38e1	2026-08-19	MANHA	6	2f723cf1-ddd6-58e2-881e-3ab45db8cd2d	Feijao carioca	108	105	3	9	SINTETICO
ff5d7fd9-7b8a-4dde-9def-dfd578c03e20	2026-08-19	MANHA	6	6ce7a969-7c2b-5a21-b072-594a4412ab8b	Arroz branco	0	0	0	0	SINTETICO
9adb3175-8550-465b-ba3b-d7c770991a15	2026-08-19	INTEGRAL	7	84f7e794-a400-5d46-9efe-1c8a8f2f711d	Suco de fruta natural	102	90	12	6	SINTETICO
6e9d4c5e-f9d4-4e9e-bce9-c614cbbe6efb	2026-08-19	INTEGRAL	7	2f723cf1-ddd6-58e2-881e-3ab45db8cd2d	Feijao carioca	3	3	0	0	SINTETICO
72002e9b-740a-4f94-a00c-c190c9137df0	2026-08-19	INTEGRAL	7	1b450f5b-ecde-5880-ad0a-91ce0920069d	Maca	9	8	1	1	SINTETICO
9cf83b33-45e5-442a-afcf-c458e1ac7705	2026-08-19	INTEGRAL	7	79eb9045-ebdc-53c5-9ede-a0e5d2b7b378	Requeijao caseiro	0	0	0	0	SINTETICO
afb105fc-aba5-4963-8d61-d5609e250add	2026-08-19	MANHA	8	153737d9-caa6-55d5-b086-f7e83fdab4d2	Pao com manteiga	1	1	0	0	SINTETICO
ca83647e-73e1-4b5d-a50f-a31a9c916fbc	2026-08-19	MANHA	8	9bf7d50c-378c-58f7-ba1a-0dccafffc54c	Bolacha doce	42	38	4	2	SINTETICO
58abd393-fbd4-491e-ba3a-03b51959a484	2026-08-19	MANHA	8	79ca1872-52e0-59dd-af29-543b793c0860	Macarrao ao sugo	78	74	4	11	SINTETICO
b0d8bd59-0df0-4b35-9525-ccb577130ea9	2026-08-19	TARDE	9	2f723cf1-ddd6-58e2-881e-3ab45db8cd2d	Feijao carioca	246	239	7	16	SINTETICO
34275b4e-28f2-4e21-8274-f8cacf3010fc	2026-08-19	TARDE	9	0db97b08-9e92-541d-b2d2-1bc810f8fbe8	Iogurte	201	177	24	13	SINTETICO
32574d18-23fe-4d11-9d26-5bec5df9af08	2026-08-19	TARDE	9	6ce7a969-7c2b-5a21-b072-594a4412ab8b	Arroz branco	101	91	10	7	SINTETICO
b6669aff-a871-4117-a3d8-3af96d6e3d8d	2026-08-19	INTEGRAL	10	b6f014a3-eaad-57c0-8ee9-24eb9abb819a	Cuscuz	14	14	0	2	SINTETICO
11450041-a54f-4653-a3cc-185612f78fe1	2026-08-19	TARDE	12	add956e1-36ad-584e-b1e4-a4a8db28315f	Banana	230	201	29	8	SINTETICO
e97db48f-46ef-4221-8fc3-e7622e810f19	2026-08-19	TARDE	12	0db97b08-9e92-541d-b2d2-1bc810f8fbe8	Iogurte	3	3	0	0	SINTETICO
7b571686-396e-4e78-a17a-9daac41c76da	2026-08-19	TARDE	12	84f7e794-a400-5d46-9efe-1c8a8f2f711d	Suco de fruta natural	524	494	30	32	SINTETICO
1c83b1ae-a61d-4b6c-b4ca-aa863793532b	2026-08-19	TARDE	12	2f723cf1-ddd6-58e2-881e-3ab45db8cd2d	Feijao carioca	10	10	0	1	SINTETICO
7f6517db-1111-4ede-a733-e0bceec3d138	2026-08-19	TARDE	12	9bf7d50c-378c-58f7-ba1a-0dccafffc54c	Bolacha doce	246	224	22	14	SINTETICO
20a47093-a019-44c3-8b66-1b42d1d16e95	2026-08-19	TARDE	12	79ca1872-52e0-59dd-af29-543b793c0860	Macarrao ao sugo	97	87	10	10	SINTETICO
74933cee-8121-4851-940b-0f6c0f3059e0	2026-08-19	TARDE	12	6753aa6f-0f7e-5208-8cd6-9e7a8733ef22	Leite com achocolatado	44	42	2	2	SINTETICO
06a75670-7e13-4177-a12b-0b508c9e8ccd	2026-08-19	TARDE	12	b94bd7bf-252f-5c97-9722-163c6d7e2412	Brocolis	536	494	42	146	SINTETICO
6efebc54-d64b-4316-a293-bae1f6161f07	2026-08-19	INTEGRAL	13	153737d9-caa6-55d5-b086-f7e83fdab4d2	Pao com manteiga	57	51	6	3	SINTETICO
3de9d540-184f-47b6-9a07-20d006394d91	2026-08-19	INTEGRAL	14	094e6e93-4244-5901-b94b-836b2b9b21be	Carne suina acebolada	0	0	0	0	SINTETICO
0c2f28c2-fe6a-4a74-8f8a-cf0ce87d0667	2026-08-19	INTEGRAL	14	2f723cf1-ddd6-58e2-881e-3ab45db8cd2d	Feijao carioca	55	55	0	4	SINTETICO
e60f34c9-ce3e-40f9-8b56-08f133c82279	2026-08-19	INTEGRAL	14	6753aa6f-0f7e-5208-8cd6-9e7a8733ef22	Leite com achocolatado	29	27	2	1	SINTETICO
401d1cac-a1c9-437c-a972-21aa95dd890f	2026-08-19	INTEGRAL	14	add956e1-36ad-584e-b1e4-a4a8db28315f	Banana	11	11	0	0	SINTETICO
8e8ed68b-d6ba-4188-91b3-b82f716ec87f	2026-08-19	INTEGRAL	14	84f7e794-a400-5d46-9efe-1c8a8f2f711d	Suco de fruta natural	18	17	1	1	SINTETICO
7633b913-d8ea-43e9-b5b5-92be5791da9d	2026-08-19	INTEGRAL	14	1b450f5b-ecde-5880-ad0a-91ce0920069d	Maca	179	168	11	8	SINTETICO
48a86221-0c61-4957-b0d0-7720cc00f446	2026-08-19	INTEGRAL	14	9bf7d50c-378c-58f7-ba1a-0dccafffc54c	Bolacha doce	0	0	0	0	SINTETICO
d04205d9-f400-49a2-a1a5-b7b8223a908a	2026-08-19	INTEGRAL	15	add956e1-36ad-584e-b1e4-a4a8db28315f	Banana	0	0	0	0	SINTETICO
e1d6a1a5-8475-4d5f-b310-8399499e9894	2026-08-19	INTEGRAL	15	2f723cf1-ddd6-58e2-881e-3ab45db8cd2d	Feijao carioca	149	137	12	12	SINTETICO
9a8c5352-c448-4d76-b504-3952fd3ea8c4	2026-08-19	INTEGRAL	16	2b907759-340a-5ede-88d3-7739822c9e55	Molho de carne moida	3	3	0	0	SINTETICO
19f245ef-5dc7-4e49-b821-6a377a240964	2026-08-19	INTEGRAL	16	add956e1-36ad-584e-b1e4-a4a8db28315f	Banana	2	2	0	0	SINTETICO
faeb4d87-f5bc-47ff-93ee-65cf6351133c	2026-08-19	INTEGRAL	16	6ce7a969-7c2b-5a21-b072-594a4412ab8b	Arroz branco	26	25	1	2	SINTETICO
a2b7af3c-ef1d-4393-b4eb-cefd2e66b0d6	2026-08-19	INTEGRAL	16	84f7e794-a400-5d46-9efe-1c8a8f2f711d	Suco de fruta natural	1	1	0	0	SINTETICO
e908d152-8882-4cdd-9164-50f7474544a8	2026-08-19	INTEGRAL	17	6753aa6f-0f7e-5208-8cd6-9e7a8733ef22	Leite com achocolatado	54	49	5	3	SINTETICO
854e9912-ce0f-4cae-8952-8016e6931e0b	2026-08-20	INTEGRAL	2	1b450f5b-ecde-5880-ad0a-91ce0920069d	Maca	38	35	3	2	SINTETICO
7130407d-e80c-4a0a-a634-a2f597107291	2026-08-20	INTEGRAL	2	153737d9-caa6-55d5-b086-f7e83fdab4d2	Pao com manteiga	6	5	1	0	SINTETICO
8c0ddd1a-7fe6-4980-8008-989dfcd9586e	2026-08-20	INTEGRAL	2	79ca1872-52e0-59dd-af29-543b793c0860	Macarrao ao sugo	11	11	0	1	SINTETICO
0dcc0ab2-c34f-4678-85f3-03dd17bbfb44	2026-08-20	INTEGRAL	2	eed1d0ec-938c-53ef-94b9-626452f5fbd2	Sopa de legumes	16	15	1	4	SINTETICO
de914ab2-d7df-4c7c-9de1-3515ad650c3c	2026-08-20	INTEGRAL	2	500ccd6c-b321-531f-81ae-3999b578c2e4	Pure de moranga	9	8	1	3	SINTETICO
e6c8f147-47dd-4507-bb2d-b5e06b7c8892	2026-08-20	INTEGRAL	3	b6f014a3-eaad-57c0-8ee9-24eb9abb819a	Cuscuz	0	0	0	0	SINTETICO
7e529691-0d14-40ce-ac83-5fa881d384c6	2026-08-20	INTEGRAL	3	84f7e794-a400-5d46-9efe-1c8a8f2f711d	Suco de fruta natural	0	0	0	0	SINTETICO
f421de27-2546-4cdf-a84c-97e144fff512	2026-08-20	INTEGRAL	4	add956e1-36ad-584e-b1e4-a4a8db28315f	Banana	5	5	0	0	SINTETICO
eadaca39-276c-4015-b261-f7aef6055aff	2026-08-20	TARDE	5	eed1d0ec-938c-53ef-94b9-626452f5fbd2	Sopa de legumes	1	1	0	0	SINTETICO
eff18101-09fc-4f8a-871e-86d245036cf8	2026-08-20	INTEGRAL	6	b6f014a3-eaad-57c0-8ee9-24eb9abb819a	Cuscuz	108	100	8	12	SINTETICO
65e631dd-2654-48ef-bc54-f15064517584	2026-08-20	INTEGRAL	7	add956e1-36ad-584e-b1e4-a4a8db28315f	Banana	58	51	7	2	SINTETICO
0998decf-836d-49b8-8567-cf49f856cd3a	2026-08-20	INTEGRAL	7	1b450f5b-ecde-5880-ad0a-91ce0920069d	Maca	0	0	0	0	SINTETICO
70506a22-0a33-4186-9560-6358022c13e9	2026-08-20	INTEGRAL	7	153737d9-caa6-55d5-b086-f7e83fdab4d2	Pao com manteiga	5	5	0	0	SINTETICO
39626fce-11b0-45fc-80e4-de5a63e438a1	2026-08-20	INTEGRAL	7	2f723cf1-ddd6-58e2-881e-3ab45db8cd2d	Feijao carioca	69	64	5	5	SINTETICO
8f7f70fc-29e9-4f6d-8512-b61804675ce4	2026-08-20	INTEGRAL	7	6753aa6f-0f7e-5208-8cd6-9e7a8733ef22	Leite com achocolatado	53	52	1	3	SINTETICO
6d16b07b-9fa6-4f9d-8cef-d1c3a81321a6	2026-08-20	INTEGRAL	8	0db97b08-9e92-541d-b2d2-1bc810f8fbe8	Iogurte	12	12	0	1	SINTETICO
79bce375-f401-478a-99d3-3a31e08fadc9	2026-08-20	INTEGRAL	8	2f723cf1-ddd6-58e2-881e-3ab45db8cd2d	Feijao carioca	89	84	5	6	SINTETICO
d57227ea-557a-4e64-ae58-a499d9fce69b	2026-08-20	INTEGRAL	8	84f7e794-a400-5d46-9efe-1c8a8f2f711d	Suco de fruta natural	0	0	0	0	SINTETICO
17df3a16-a05c-4f9b-b00b-419aa00d51b1	2026-08-20	INTEGRAL	8	153737d9-caa6-55d5-b086-f7e83fdab4d2	Pao com manteiga	140	125	15	6	SINTETICO
05e6ba85-eb60-4041-be49-acb0bf9402d5	2026-08-20	INTEGRAL	8	79ca1872-52e0-59dd-af29-543b793c0860	Macarrao ao sugo	20	18	2	3	SINTETICO
bafc6ad8-aa43-445a-90e0-345722aac039	2026-08-20	MANHA	11	153737d9-caa6-55d5-b086-f7e83fdab4d2	Pao com manteiga	26	24	2	2	SINTETICO
67a6006a-05a2-4264-a2c2-b415480f55f1	2026-08-20	MANHA	11	eed1d0ec-938c-53ef-94b9-626452f5fbd2	Sopa de legumes	36	35	1	10	SINTETICO
1a200bd0-68dd-41a6-a76b-4c994f6f4ade	2026-08-20	INTEGRAL	12	153737d9-caa6-55d5-b086-f7e83fdab4d2	Pao com manteiga	108	97	11	5	SINTETICO
2b7812e7-9852-4d36-9358-2f7fc1110ed4	2026-08-20	MANHA	13	6ce7a969-7c2b-5a21-b072-594a4412ab8b	Arroz branco	43	43	0	4	SINTETICO
bc9a621d-e1fc-40a4-8c70-45afec46644f	2026-08-20	MANHA	13	6753aa6f-0f7e-5208-8cd6-9e7a8733ef22	Leite com achocolatado	3	3	0	0	SINTETICO
6dec89a1-3a1d-49ae-a80f-6ede5eee9f0a	2026-08-20	INTEGRAL	15	1b450f5b-ecde-5880-ad0a-91ce0920069d	Maca	14	13	1	1	SINTETICO
0f136f80-5e52-4766-87b9-aa2b73464c55	2026-08-20	MANHA	16	79ca1872-52e0-59dd-af29-543b793c0860	Macarrao ao sugo	2	2	0	0	SINTETICO
255818fd-12f8-4d6a-8ea9-a2f27ee2d9d7	2026-08-20	MANHA	16	6ce7a969-7c2b-5a21-b072-594a4412ab8b	Arroz branco	3	3	0	0	SINTETICO
2bc506a8-7bc3-4285-89ea-426a87c44742	2026-08-20	INTEGRAL	17	9bf7d50c-378c-58f7-ba1a-0dccafffc54c	Bolacha doce	27	24	3	1	SINTETICO
f3cacee0-c5fb-4c06-93c2-415bfd6b1028	2026-08-20	MANHA	18	1b450f5b-ecde-5880-ad0a-91ce0920069d	Maca	100	96	4	4	SINTETICO
cf6fcfcd-86c3-4bcb-93c2-c98d8583461f	2026-08-21	INTEGRAL	3	153737d9-caa6-55d5-b086-f7e83fdab4d2	Pao com manteiga	1	1	0	0	SINTETICO
79920699-2de2-4600-9b93-fefcfd62fe5c	2026-08-21	INTEGRAL	3	84f7e794-a400-5d46-9efe-1c8a8f2f711d	Suco de fruta natural	33	30	3	2	SINTETICO
560a3835-3a63-46f2-b9dd-9413051c525f	2026-08-21	INTEGRAL	3	1b450f5b-ecde-5880-ad0a-91ce0920069d	Maca	16	16	0	1	SINTETICO
4f55350b-a4fe-42f8-bd49-1979216189ae	2026-08-21	MANHA	4	6ce7a969-7c2b-5a21-b072-594a4412ab8b	Arroz branco	200	193	7	13	SINTETICO
00fdc173-a3a0-4dc2-84e2-ce08e6c2fea9	2026-08-21	MANHA	4	84f7e794-a400-5d46-9efe-1c8a8f2f711d	Suco de fruta natural	54	47	7	2	SINTETICO
d903d5ae-c2a8-48dd-86ce-b4290044d451	2026-08-21	MANHA	4	b6f014a3-eaad-57c0-8ee9-24eb9abb819a	Cuscuz	22	21	1	3	SINTETICO
7ed5b33d-e310-44ca-bea5-a83870e5fc95	2026-08-21	MANHA	4	0db97b08-9e92-541d-b2d2-1bc810f8fbe8	Iogurte	90	79	11	5	SINTETICO
9e8dd400-6e32-4e2e-81da-63c16e64c19f	2026-08-21	MANHA	4	6753aa6f-0f7e-5208-8cd6-9e7a8733ef22	Leite com achocolatado	3	3	0	0	SINTETICO
58a8ad3c-8c7e-4bbc-a8a5-dda81cfd40c0	2026-08-21	MANHA	4	eed1d0ec-938c-53ef-94b9-626452f5fbd2	Sopa de legumes	10	10	0	2	SINTETICO
1fc38302-9c26-4168-a940-53beae1fa166	2026-08-21	MANHA	4	79ca1872-52e0-59dd-af29-543b793c0860	Macarrao ao sugo	303	273	30	42	SINTETICO
5ee4c8c4-d7b2-44a8-a983-2f1f287fad1c	2026-08-21	INTEGRAL	7	1b450f5b-ecde-5880-ad0a-91ce0920069d	Maca	17	15	2	1	SINTETICO
656df32e-d14d-4df5-9f62-9b35714db9b3	2026-08-21	INTEGRAL	7	6ce7a969-7c2b-5a21-b072-594a4412ab8b	Arroz branco	40	36	4	2	SINTETICO
56ed1a86-366e-407b-b129-717839acd6b8	2026-08-21	MANHA	8	2f723cf1-ddd6-58e2-881e-3ab45db8cd2d	Feijao carioca	89	83	6	7	SINTETICO
34a86ce9-39fc-41e5-90be-f9634463287c	2026-08-21	MANHA	8	eed1d0ec-938c-53ef-94b9-626452f5fbd2	Sopa de legumes	43	39	4	10	SINTETICO
876f7404-242b-4c5a-8c68-677d95b7e765	2026-08-21	MANHA	8	add956e1-36ad-584e-b1e4-a4a8db28315f	Banana	77	73	4	3	SINTETICO
9494cdce-f27d-4f47-a203-95a4e1413be8	2026-08-21	INTEGRAL	13	0db97b08-9e92-541d-b2d2-1bc810f8fbe8	Iogurte	99	88	11	4	SINTETICO
cffbe297-d9c3-4f53-8e51-96045069e541	2026-08-21	INTEGRAL	13	1b450f5b-ecde-5880-ad0a-91ce0920069d	Maca	227	198	29	11	SINTETICO
b2f87bcb-ba4c-4fc0-9209-72d7d18f7193	2026-08-21	INTEGRAL	13	153737d9-caa6-55d5-b086-f7e83fdab4d2	Pao com manteiga	44	42	2	3	SINTETICO
341cabbc-a8a1-472b-9bb9-d557c7fe0722	2026-08-21	INTEGRAL	13	2f723cf1-ddd6-58e2-881e-3ab45db8cd2d	Feijao carioca	33	30	3	3	SINTETICO
cd7d83a8-1de1-491d-84c9-9a42442feca7	2026-08-21	INTEGRAL	13	add956e1-36ad-584e-b1e4-a4a8db28315f	Banana	24	22	2	1	SINTETICO
1307c8dc-267d-4bb8-8c56-e6b741d42068	2026-08-21	INTEGRAL	13	eed1d0ec-938c-53ef-94b9-626452f5fbd2	Sopa de legumes	2	2	0	1	SINTETICO
53ef03ff-4fe1-42ea-b56a-924ae7d0d0e8	2026-08-21	MANHA	14	79ca1872-52e0-59dd-af29-543b793c0860	Macarrao ao sugo	15	14	1	2	SINTETICO
caa604f7-5bba-4326-8346-c8a3c281a46e	2026-08-21	MANHA	14	add956e1-36ad-584e-b1e4-a4a8db28315f	Banana	116	111	5	4	SINTETICO
5ab5651f-dc1b-4951-b934-8e5a43039bce	2026-08-21	MANHA	15	b6f014a3-eaad-57c0-8ee9-24eb9abb819a	Cuscuz	211	195	16	18	SINTETICO
91338409-baa4-42bc-98e7-b5be0a9c7cea	2026-08-21	MANHA	15	84f7e794-a400-5d46-9efe-1c8a8f2f711d	Suco de fruta natural	0	0	0	0	SINTETICO
87dab088-05c1-4edc-825b-b9498854d520	2026-08-21	MANHA	15	79ca1872-52e0-59dd-af29-543b793c0860	Macarrao ao sugo	29	27	2	3	SINTETICO
dd59a8ae-88d0-4124-9b47-385d91aad8c0	2026-08-21	MANHA	15	9bf7d50c-378c-58f7-ba1a-0dccafffc54c	Bolacha doce	3	3	0	0	SINTETICO
6151ccb1-b2b0-4081-88f3-3602df471459	2026-08-21	INTEGRAL	18	79ca1872-52e0-59dd-af29-543b793c0860	Macarrao ao sugo	26	24	2	4	SINTETICO
f592b650-7d28-437f-8b5e-7ec995567943	2026-08-24	INTEGRAL	1	84f7e794-a400-5d46-9efe-1c8a8f2f711d	Suco de fruta natural	92	91	1	5	SINTETICO
5225d42e-c502-4108-803f-58e656b7e25f	2026-08-24	INTEGRAL	1	6753aa6f-0f7e-5208-8cd6-9e7a8733ef22	Leite com achocolatado	36	32	4	2	SINTETICO
0ca1bf97-2437-4287-9b0b-bb640d3c7f6f	2026-08-24	INTEGRAL	1	add956e1-36ad-584e-b1e4-a4a8db28315f	Banana	60	56	4	2	SINTETICO
25e18704-1c53-40a9-a384-011a63b005ee	2026-08-24	MANHA	3	6753aa6f-0f7e-5208-8cd6-9e7a8733ef22	Leite com achocolatado	3	3	0	0	SINTETICO
86ac32f7-8457-4478-9c57-07d449424a3d	2026-08-24	MANHA	3	6ce7a969-7c2b-5a21-b072-594a4412ab8b	Arroz branco	0	0	0	0	SINTETICO
bb2eaf87-b45b-4715-9cae-2508ac98fe10	2026-08-24	MANHA	3	e8c59186-e147-5530-a4ba-b728fd7852c3	Arroz com galinha	1	1	0	0	SINTETICO
4bc28df7-1c5e-41be-b59a-e4c0a7dc0392	2026-08-24	INTEGRAL	4	1b450f5b-ecde-5880-ad0a-91ce0920069d	Maca	0	0	0	0	SINTETICO
a3730a72-f637-4d48-887a-659326ff24a2	2026-08-24	INTEGRAL	4	79ca1872-52e0-59dd-af29-543b793c0860	Macarrao ao sugo	27	25	2	4	SINTETICO
ce2da665-e525-4b64-a68f-8997b6601852	2026-08-24	INTEGRAL	4	6ce7a969-7c2b-5a21-b072-594a4412ab8b	Arroz branco	28	27	1	2	SINTETICO
2fdbf431-e730-4896-a1d3-75d2ae6c4b2d	2026-08-24	INTEGRAL	5	0db97b08-9e92-541d-b2d2-1bc810f8fbe8	Iogurte	259	244	15	16	SINTETICO
45a137f8-2b1c-4079-b46a-516124ba1be7	2026-08-24	INTEGRAL	6	b6f014a3-eaad-57c0-8ee9-24eb9abb819a	Cuscuz	33	29	4	4	SINTETICO
db699242-f039-4c89-82ba-cf65cf03ac58	2026-08-24	INTEGRAL	8	b6f014a3-eaad-57c0-8ee9-24eb9abb819a	Cuscuz	6	5	1	0	SINTETICO
6eb1df7b-0dcd-4d9e-8689-1eb71b323380	2026-08-24	INTEGRAL	8	84f7e794-a400-5d46-9efe-1c8a8f2f711d	Suco de fruta natural	148	141	7	6	SINTETICO
a0af7746-7ca9-4839-960c-b1b62a60c591	2026-08-24	INTEGRAL	8	153737d9-caa6-55d5-b086-f7e83fdab4d2	Pao com manteiga	8	7	1	1	SINTETICO
3d70f626-b7c2-45c3-b38d-338d2004f944	2026-08-24	INTEGRAL	8	0db97b08-9e92-541d-b2d2-1bc810f8fbe8	Iogurte	39	35	4	2	SINTETICO
fad5fb64-959e-4732-97fd-8d33b74aa27c	2026-08-24	INTEGRAL	8	6753aa6f-0f7e-5208-8cd6-9e7a8733ef22	Leite com achocolatado	106	104	2	5	SINTETICO
ba9b25fc-0792-4a63-a1df-2e8bbd16816f	2026-08-24	INTEGRAL	10	1b450f5b-ecde-5880-ad0a-91ce0920069d	Maca	166	165	1	9	SINTETICO
7a4eb357-57b2-4206-897b-3a608cd338a9	2026-08-24	MANHA	12	21e707b3-6560-583f-a5f2-f307b82911fd	Salada de alface	4	4	0	1	SINTETICO
245cd0e1-cd09-4f6a-8aa6-6b979f4527b2	2026-08-24	MANHA	12	79ca1872-52e0-59dd-af29-543b793c0860	Macarrao ao sugo	443	406	37	59	SINTETICO
5dcbb718-8b8c-45c5-818d-1c60768fd53f	2026-08-24	MANHA	12	add956e1-36ad-584e-b1e4-a4a8db28315f	Banana	1	1	0	0	SINTETICO
1cbf10b1-0ee0-4500-8a9d-edd559824f75	2026-08-24	MANHA	12	6753aa6f-0f7e-5208-8cd6-9e7a8733ef22	Leite com achocolatado	42	39	3	2	SINTETICO
610944ed-da57-4f5f-80e0-bc7e5fcfc9d6	2026-08-24	MANHA	12	2f723cf1-ddd6-58e2-881e-3ab45db8cd2d	Feijao carioca	80	78	2	8	SINTETICO
c3dbc819-a590-4a22-a9a4-4d9037f60351	2026-08-24	MANHA	12	9bf7d50c-378c-58f7-ba1a-0dccafffc54c	Bolacha doce	34	34	0	1	SINTETICO
eb0598ed-b25d-43ec-9b90-1921c18510d0	2026-08-24	TARDE	13	2f723cf1-ddd6-58e2-881e-3ab45db8cd2d	Feijao carioca	195	172	23	14	SINTETICO
20fbab8f-263f-41e1-be87-58290402cea5	2026-08-25	MANHA	1	1b450f5b-ecde-5880-ad0a-91ce0920069d	Maca	446	405	41	22	SINTETICO
aa2131a7-4d6e-4ee2-a8fc-3e9367da53ea	2026-08-25	INTEGRAL	4	153737d9-caa6-55d5-b086-f7e83fdab4d2	Pao com manteiga	3	3	0	0	SINTETICO
a7bf0462-3f00-4168-b960-bce271e2d756	2026-08-25	INTEGRAL	4	9c858519-faab-50d6-9561-8f90f4f84567	Guisado com moranga	310	280	30	63	SINTETICO
c5424477-47df-4025-be89-968552b423d7	2026-08-25	INTEGRAL	5	79eb9045-ebdc-53c5-9ede-a0e5d2b7b378	Requeijao caseiro	14	14	0	1	SINTETICO
ca969ff8-5bee-47f8-a4b0-3bead672069f	2026-08-25	INTEGRAL	5	b6f014a3-eaad-57c0-8ee9-24eb9abb819a	Cuscuz	51	47	4	5	SINTETICO
6f29cc02-83ed-4646-8f0b-48873079d678	2026-08-25	INTEGRAL	5	1b450f5b-ecde-5880-ad0a-91ce0920069d	Maca	52	47	5	2	SINTETICO
44ca9e95-dc54-4d88-892e-dc00ddef1cbf	2026-08-25	INTEGRAL	5	988137c4-1f9b-556f-a585-e26e4827e310	Carne de panela	17	17	0	2	SINTETICO
bd23bcd9-d812-4908-9c11-fb46cf4a78d2	2026-08-25	INTEGRAL	5	eed1d0ec-938c-53ef-94b9-626452f5fbd2	Sopa de legumes	117	105	12	23	SINTETICO
f4ee8b08-f5f8-4cde-b583-f2ddb7b1d7b3	2026-08-25	INTEGRAL	6	84f7e794-a400-5d46-9efe-1c8a8f2f711d	Suco de fruta natural	5	5	0	0	SINTETICO
ba9d6281-7c28-40af-9d21-451e82810c19	2026-08-25	INTEGRAL	6	eed1d0ec-938c-53ef-94b9-626452f5fbd2	Sopa de legumes	0	0	0	0	SINTETICO
c063d624-d28d-43ce-9fc1-799d7fb51e67	2026-08-25	INTEGRAL	7	2f723cf1-ddd6-58e2-881e-3ab45db8cd2d	Feijao carioca	0	0	0	0	SINTETICO
e6620963-ae68-47ea-a4be-e9919fb1cda8	2026-08-25	INTEGRAL	7	0db97b08-9e92-541d-b2d2-1bc810f8fbe8	Iogurte	1	1	0	0	SINTETICO
50d7c6c1-2400-45f9-bcbb-d714e257e405	2026-08-25	INTEGRAL	8	6ce7a969-7c2b-5a21-b072-594a4412ab8b	Arroz branco	21	21	0	2	SINTETICO
63de4f5c-eb2f-4ff0-b680-26da801e8fb8	2026-08-25	INTEGRAL	8	2f723cf1-ddd6-58e2-881e-3ab45db8cd2d	Feijao carioca	76	67	9	7	SINTETICO
af787cb9-c640-4a8c-a55d-5e3c060b0c56	2026-08-25	INTEGRAL	9	9bf7d50c-378c-58f7-ba1a-0dccafffc54c	Bolacha doce	128	114	14	4	SINTETICO
09ef71e3-abb5-4599-8390-e672319d9919	2026-08-25	INTEGRAL	16	eed1d0ec-938c-53ef-94b9-626452f5fbd2	Sopa de legumes	104	102	2	24	SINTETICO
0e4cdb0f-e75f-423b-b2d8-4f06eadc6fbd	2026-08-25	INTEGRAL	16	79ca1872-52e0-59dd-af29-543b793c0860	Macarrao ao sugo	55	48	7	6	SINTETICO
084ac256-3205-48fe-b0ab-3693ac2d5ade	2026-08-25	TARDE	17	9bf7d50c-378c-58f7-ba1a-0dccafffc54c	Bolacha doce	18	17	1	1	SINTETICO
26aefa2c-4583-4710-9e99-41d40ee3d9be	2026-08-25	TARDE	17	eed1d0ec-938c-53ef-94b9-626452f5fbd2	Sopa de legumes	0	0	0	0	SINTETICO
67b255b9-60d8-4127-8a49-e106353055c0	2026-08-25	TARDE	17	153737d9-caa6-55d5-b086-f7e83fdab4d2	Pao com manteiga	195	193	2	12	SINTETICO
bd0f5ab5-2b7a-4e09-a0c7-db9fc36e175e	2026-08-25	TARDE	17	0db97b08-9e92-541d-b2d2-1bc810f8fbe8	Iogurte	59	52	7	2	SINTETICO
4fcebbe0-7c83-43cd-86ba-97d90a20cf7d	2026-08-25	INTEGRAL	18	add956e1-36ad-584e-b1e4-a4a8db28315f	Banana	2	2	0	0	SINTETICO
7bf4180c-0694-42cc-bf81-08d1c30ea709	2026-08-25	INTEGRAL	18	bb7ca364-cc13-59ee-a7ed-1d5136b5b6e3	Beterraba cozida	51	48	3	13	SINTETICO
458a28c0-31b5-4eb0-a038-8ee5d12e6437	2026-08-26	INTEGRAL	2	6753aa6f-0f7e-5208-8cd6-9e7a8733ef22	Leite com achocolatado	236	211	25	13	SINTETICO
017f700e-f791-4386-b5f2-d4f61251b4aa	2026-08-26	INTEGRAL	3	0db97b08-9e92-541d-b2d2-1bc810f8fbe8	Iogurte	0	0	0	0	SINTETICO
579cb0f0-0977-4465-9eb1-197faab015ae	2026-08-26	INTEGRAL	3	add956e1-36ad-584e-b1e4-a4a8db28315f	Banana	16	15	1	0	SINTETICO
4d43f063-716e-43f2-bf7f-4e3ed5f0c85e	2026-08-26	INTEGRAL	3	6ce7a969-7c2b-5a21-b072-594a4412ab8b	Arroz branco	0	0	0	0	SINTETICO
96d25010-264e-4767-bc2a-64347d67eb72	2026-08-26	INTEGRAL	3	9bf7d50c-378c-58f7-ba1a-0dccafffc54c	Bolacha doce	0	0	0	0	SINTETICO
64f5aa0c-424d-4ee6-b042-9faf4693e0e5	2026-08-26	INTEGRAL	3	1b450f5b-ecde-5880-ad0a-91ce0920069d	Maca	171	156	15	8	SINTETICO
adbdb35a-4b7d-434e-b909-49d716ed0e23	2026-08-26	INTEGRAL	3	b85fd879-2256-524c-b715-7f9cb93ccd01	Bolo de maca, sem acucar	221	197	24	26	SINTETICO
75db23cd-fefc-452b-aa3d-18159d5ca7ba	2026-08-26	INTEGRAL	4	0db97b08-9e92-541d-b2d2-1bc810f8fbe8	Iogurte	39	38	1	2	SINTETICO
5155168c-5249-4ee5-8ffd-cda1d85167c1	2026-08-26	INTEGRAL	4	3331b130-8600-5a59-9e35-f970f9ea497e	Ovo mexido	34	33	1	5	SINTETICO
95c1f685-40f1-4366-a8de-b25fee50f7f1	2026-08-26	INTEGRAL	6	add956e1-36ad-584e-b1e4-a4a8db28315f	Banana	2	2	0	0	SINTETICO
b3c1112d-9bc0-463b-a171-9f6bf6f841b8	2026-08-26	MANHA	7	6753aa6f-0f7e-5208-8cd6-9e7a8733ef22	Leite com achocolatado	35	35	0	2	SINTETICO
f5fc7413-d983-4c1f-bf1d-b5a06406f8c2	2026-08-26	MANHA	7	153737d9-caa6-55d5-b086-f7e83fdab4d2	Pao com manteiga	221	203	18	10	SINTETICO
7150a197-eb3e-4843-b588-ea3197ba9a14	2026-08-26	MANHA	8	add956e1-36ad-584e-b1e4-a4a8db28315f	Banana	14	13	1	0	SINTETICO
73f2f89e-dd73-4ba9-b2d3-118332efa0ea	2026-08-26	INTEGRAL	10	2f723cf1-ddd6-58e2-881e-3ab45db8cd2d	Feijao carioca	3	3	0	0	SINTETICO
f89de560-df88-430b-9dc0-47d6c7dfe597	2026-08-26	INTEGRAL	10	eed1d0ec-938c-53ef-94b9-626452f5fbd2	Sopa de legumes	25	22	3	8	SINTETICO
272c2fee-f2dd-4699-9c89-73035c4960ad	2026-08-26	INTEGRAL	11	add956e1-36ad-584e-b1e4-a4a8db28315f	Banana	212	189	23	8	SINTETICO
85dc60a3-86d2-420b-8e71-6892a24eb36e	2026-08-26	INTEGRAL	11	2f723cf1-ddd6-58e2-881e-3ab45db8cd2d	Feijao carioca	0	0	0	0	SINTETICO
df2a0eb2-90fb-4792-a3ec-1e2128c0395f	2026-08-26	INTEGRAL	11	84f7e794-a400-5d46-9efe-1c8a8f2f711d	Suco de fruta natural	122	122	0	7	SINTETICO
9f8f7ee9-8dd7-44bd-a49a-2289cec865eb	2026-08-26	MANHA	13	b99afe70-33ca-5504-9840-345a82dc68a3	Cenoura ralada	64	58	6	9	SINTETICO
2ff9bdcd-5891-4dd0-a6af-104c700a2b93	2026-08-26	MANHA	14	0db97b08-9e92-541d-b2d2-1bc810f8fbe8	Iogurte	9	8	1	0	SINTETICO
37ce6615-d997-4247-86d1-67f01c362770	2026-08-26	MANHA	14	eed1d0ec-938c-53ef-94b9-626452f5fbd2	Sopa de legumes	0	0	0	0	SINTETICO
c810a80f-7b03-4a36-b421-a310d4a1bf1d	2026-08-26	MANHA	14	6753aa6f-0f7e-5208-8cd6-9e7a8733ef22	Leite com achocolatado	266	249	17	14	SINTETICO
4b207433-fbb7-4f1a-af94-bc16abc88f1a	2026-08-26	MANHA	14	9bf7d50c-378c-58f7-ba1a-0dccafffc54c	Bolacha doce	14	13	1	1	SINTETICO
96548c3e-2afe-44a6-988c-c8806e99b3ac	2026-08-26	TARDE	16	6ce7a969-7c2b-5a21-b072-594a4412ab8b	Arroz branco	15	14	1	1	SINTETICO
ec1d896a-ce5b-4efa-8fa6-cb9cc846f9c8	2026-08-26	INTEGRAL	17	153737d9-caa6-55d5-b086-f7e83fdab4d2	Pao com manteiga	14	13	1	1	SINTETICO
42e3055d-c730-4d93-9562-388d6c32d74d	2026-08-26	INTEGRAL	17	1b450f5b-ecde-5880-ad0a-91ce0920069d	Maca	158	149	9	5	SINTETICO
9d99ce18-f67b-48a3-8bae-a7d03f5b4473	2026-08-27	INTEGRAL	1	84f7e794-a400-5d46-9efe-1c8a8f2f711d	Suco de fruta natural	86	76	10	4	SINTETICO
61cb4da0-6bdd-4b40-9dae-a17cbd975edf	2026-08-27	INTEGRAL	3	153737d9-caa6-55d5-b086-f7e83fdab4d2	Pao com manteiga	18	17	1	1	SINTETICO
12bf5051-c39f-4de6-996a-7e3e917b3af5	2026-08-27	MANHA	4	add956e1-36ad-584e-b1e4-a4a8db28315f	Banana	12	11	1	1	SINTETICO
262c475d-e3c4-48ee-a161-b52ab174dfe3	2026-08-27	MANHA	4	153737d9-caa6-55d5-b086-f7e83fdab4d2	Pao com manteiga	1	1	0	0	SINTETICO
91022ebe-50a2-41f6-b32b-e4a0f0e8a35b	2026-08-27	MANHA	4	0db97b08-9e92-541d-b2d2-1bc810f8fbe8	Iogurte	108	100	8	6	SINTETICO
d0e2bb06-6835-4916-8861-fe2bca304854	2026-08-27	INTEGRAL	5	153737d9-caa6-55d5-b086-f7e83fdab4d2	Pao com manteiga	13	12	1	1	SINTETICO
1aa6881b-d6d5-42c3-8bcd-677823fd56af	2026-08-27	INTEGRAL	5	84f7e794-a400-5d46-9efe-1c8a8f2f711d	Suco de fruta natural	1	1	0	0	SINTETICO
4103bee3-4fb4-4e3e-8c58-95faba2976c5	2026-08-27	INTEGRAL	5	6ce7a969-7c2b-5a21-b072-594a4412ab8b	Arroz branco	49	46	3	4	SINTETICO
fe3d6892-cf56-4eec-91a8-56db7a6805be	2026-08-27	INTEGRAL	6	0db97b08-9e92-541d-b2d2-1bc810f8fbe8	Iogurte	52	47	5	3	SINTETICO
01565c3f-2a9e-4072-bb3a-47c8cdd736d7	2026-08-27	INTEGRAL	6	84f7e794-a400-5d46-9efe-1c8a8f2f711d	Suco de fruta natural	34	33	1	2	SINTETICO
e11a5a15-7599-4ddd-a34e-06f71780fe61	2026-08-27	INTEGRAL	6	d02df37a-5ddb-5d71-b171-5b2f6e16b1c8	Ovo cozido	52	46	6	5	SINTETICO
7e1c5632-aff2-4e71-b5db-3491359502b1	2026-08-27	INTEGRAL	7	84f7e794-a400-5d46-9efe-1c8a8f2f711d	Suco de fruta natural	49	46	3	2	SINTETICO
25340ae9-538b-4271-bf07-9ce7add6c5b2	2026-08-27	MANHA	9	9bf7d50c-378c-58f7-ba1a-0dccafffc54c	Bolacha doce	4	4	0	0	SINTETICO
659aaac9-e2f1-421a-89af-b199d9aaf23e	2026-08-27	MANHA	9	2f723cf1-ddd6-58e2-881e-3ab45db8cd2d	Feijao carioca	366	351	15	37	SINTETICO
d54eb288-fce3-47c3-a61c-05bbbd41d1b4	2026-08-27	INTEGRAL	12	2f723cf1-ddd6-58e2-881e-3ab45db8cd2d	Feijao carioca	2	2	0	0	SINTETICO
911e98c1-0994-47c4-8d2e-b6c0b9b09ab8	2026-08-27	INTEGRAL	12	0db97b08-9e92-541d-b2d2-1bc810f8fbe8	Iogurte	2	2	0	0	SINTETICO
5266a39f-e796-464c-8fee-6773d539b06d	2026-08-27	INTEGRAL	12	153737d9-caa6-55d5-b086-f7e83fdab4d2	Pao com manteiga	78	74	4	5	SINTETICO
03480e1c-132f-46b5-a58d-ba110bdd836f	2026-08-27	INTEGRAL	15	84f7e794-a400-5d46-9efe-1c8a8f2f711d	Suco de fruta natural	74	74	0	4	SINTETICO
064e05b3-343f-46a8-8bb4-7da0aea6cada	2026-08-27	INTEGRAL	15	eed1d0ec-938c-53ef-94b9-626452f5fbd2	Sopa de legumes	82	73	9	22	SINTETICO
214132f1-4284-499c-b0ca-6ffff4d25845	2026-08-27	INTEGRAL	15	b6f014a3-eaad-57c0-8ee9-24eb9abb819a	Cuscuz	43	39	4	5	SINTETICO
ae3cbaf0-ded4-4aae-b02d-6b3d7adb071d	2026-08-27	TARDE	17	9bf7d50c-378c-58f7-ba1a-0dccafffc54c	Bolacha doce	71	67	4	3	SINTETICO
c0104ce7-52a3-4cc7-bb25-d4364e222f1e	2026-08-28	TARDE	1	84f7e794-a400-5d46-9efe-1c8a8f2f711d	Suco de fruta natural	163	157	6	7	SINTETICO
95d5cf02-f7b3-4e47-a334-b6323dc8f9b6	2026-08-28	INTEGRAL	2	153737d9-caa6-55d5-b086-f7e83fdab4d2	Pao com manteiga	48	43	5	3	SINTETICO
02ea49f1-1a20-416c-b61d-cf7b8bbe8ca4	2026-08-28	INTEGRAL	2	e8c59186-e147-5530-a4ba-b728fd7852c3	Arroz com galinha	7	7	0	0	SINTETICO
9509dc19-18bd-4a09-9569-dc1f8feb94c0	2026-08-28	INTEGRAL	2	0db97b08-9e92-541d-b2d2-1bc810f8fbe8	Iogurte	17	16	1	1	SINTETICO
4e697ae9-892a-4caa-b66b-8d775835db35	2026-08-28	INTEGRAL	2	eed1d0ec-938c-53ef-94b9-626452f5fbd2	Sopa de legumes	13	12	1	3	SINTETICO
05fe0686-e50e-46e2-a332-f5641f74d1d2	2026-08-28	INTEGRAL	2	84f7e794-a400-5d46-9efe-1c8a8f2f711d	Suco de fruta natural	205	187	18	10	SINTETICO
cb0eb5c2-db2c-4c69-959f-0426c3e2f26c	2026-08-28	MANHA	3	b6f014a3-eaad-57c0-8ee9-24eb9abb819a	Cuscuz	58	52	6	7	SINTETICO
ef080f3c-92e2-4f1c-8207-bddad4c24877	2026-08-28	MANHA	4	6753aa6f-0f7e-5208-8cd6-9e7a8733ef22	Leite com achocolatado	134	132	2	10	SINTETICO
6edfd133-3d05-4b87-b7e2-2fe48767fa49	2026-08-28	INTEGRAL	5	add956e1-36ad-584e-b1e4-a4a8db28315f	Banana	5	5	0	0	SINTETICO
d39e40c4-ddb2-4ba9-a066-43f174677142	2026-08-28	INTEGRAL	8	2f723cf1-ddd6-58e2-881e-3ab45db8cd2d	Feijao carioca	42	38	4	3	SINTETICO
b479c180-3fd0-48fe-840c-51909edc3eea	2026-08-28	INTEGRAL	8	eed1d0ec-938c-53ef-94b9-626452f5fbd2	Sopa de legumes	12	12	0	4	SINTETICO
40ff10b1-41c3-4648-87d0-cf5ebcf43410	2026-08-28	INTEGRAL	8	6753aa6f-0f7e-5208-8cd6-9e7a8733ef22	Leite com achocolatado	2	2	0	0	SINTETICO
0e816c59-d5c8-4e73-ac70-b622848f7d6f	2026-08-28	INTEGRAL	10	9bf7d50c-378c-58f7-ba1a-0dccafffc54c	Bolacha doce	42	41	1	3	SINTETICO
af891a29-5fe0-4c3b-90ca-d24b5cd4fd89	2026-08-28	INTEGRAL	10	1b450f5b-ecde-5880-ad0a-91ce0920069d	Maca	16	15	1	1	SINTETICO
2c3176d5-120f-4302-84e1-1e3be2ed3a54	2026-08-28	INTEGRAL	10	b6f014a3-eaad-57c0-8ee9-24eb9abb819a	Cuscuz	0	0	0	0	SINTETICO
cacf1276-ba06-4e3d-93f8-16f77d27f75d	2026-08-28	MANHA	11	6753aa6f-0f7e-5208-8cd6-9e7a8733ef22	Leite com achocolatado	46	45	1	3	SINTETICO
594ccce4-5418-4529-9d5f-b61f843073c6	2026-08-28	MANHA	11	84f7e794-a400-5d46-9efe-1c8a8f2f711d	Suco de fruta natural	38	35	3	2	SINTETICO
d1a8abe1-f5c9-4b49-9d6c-18ade63e61c0	2026-08-28	MANHA	11	b6f014a3-eaad-57c0-8ee9-24eb9abb819a	Cuscuz	44	43	1	4	SINTETICO
faf611a1-a697-4121-97de-d0cc644dc0f6	2026-08-28	MANHA	11	2f723cf1-ddd6-58e2-881e-3ab45db8cd2d	Feijao carioca	3	3	0	0	SINTETICO
b97c68d4-22fe-4d7d-8313-e50073c93d77	2026-08-28	INTEGRAL	12	6753aa6f-0f7e-5208-8cd6-9e7a8733ef22	Leite com achocolatado	37	34	3	2	SINTETICO
199def60-fe3e-4d38-a5be-73615791f991	2026-08-28	MANHA	14	1b450f5b-ecde-5880-ad0a-91ce0920069d	Maca	33	31	2	1	SINTETICO
8b3afd7f-cc9e-483a-877d-4c0a4cb7887a	2026-08-28	INTEGRAL	15	9bf7d50c-378c-58f7-ba1a-0dccafffc54c	Bolacha doce	0	0	0	0	SINTETICO
f5c9ed65-ded3-40f6-be3c-9e67f9759de7	2026-08-28	INTEGRAL	15	6753aa6f-0f7e-5208-8cd6-9e7a8733ef22	Leite com achocolatado	30	28	2	2	SINTETICO
686ac745-b239-4373-9fdf-f8bb86fbd2e8	2026-08-28	INTEGRAL	15	6ce7a969-7c2b-5a21-b072-594a4412ab8b	Arroz branco	1	1	0	0	SINTETICO
febf819b-9bdb-49d4-9c82-99c0fa325051	2026-08-28	TARDE	16	9bf7d50c-378c-58f7-ba1a-0dccafffc54c	Bolacha doce	86	81	5	3	SINTETICO
1242c5d1-79cc-4c97-b61d-4206f183e720	2026-08-28	TARDE	16	153737d9-caa6-55d5-b086-f7e83fdab4d2	Pao com manteiga	0	0	0	0	SINTETICO
a1fc9c53-8b81-416b-827d-911ee31e6348	2026-08-28	MANHA	17	79ca1872-52e0-59dd-af29-543b793c0860	Macarrao ao sugo	19	17	2	3	SINTETICO
fab3e805-b3e3-4bc3-990f-ded48e43e5a5	2026-08-28	INTEGRAL	18	b6f014a3-eaad-57c0-8ee9-24eb9abb819a	Cuscuz	104	102	2	13	SINTETICO
252dd632-5a56-4882-bb92-c649fb4d7e0c	2026-08-31	INTEGRAL	1	2f723cf1-ddd6-58e2-881e-3ab45db8cd2d	Feijao carioca	48	46	2	5	SINTETICO
6ab22289-cf75-420f-b05f-01d4c4f01f2a	2026-08-31	INTEGRAL	1	8d81f03d-d710-5316-abc7-1763074292b4	Cenoura refogada	32	32	0	5	SINTETICO
5e165dd7-f5ec-489c-b9a8-c9a845585fda	2026-08-31	INTEGRAL	2	6753aa6f-0f7e-5208-8cd6-9e7a8733ef22	Leite com achocolatado	18	17	1	1	SINTETICO
e77aabbf-57d8-499a-9bf9-010cdd20e794	2026-08-31	INTEGRAL	2	9bf7d50c-378c-58f7-ba1a-0dccafffc54c	Bolacha doce	6	6	0	0	SINTETICO
60392194-b105-423e-8e17-7864772f477e	2026-08-31	INTEGRAL	2	1b450f5b-ecde-5880-ad0a-91ce0920069d	Maca	23	21	2	1	SINTETICO
00fc657f-0ebd-4df2-ba35-85ac41c9e028	2026-08-31	INTEGRAL	2	6ce7a969-7c2b-5a21-b072-594a4412ab8b	Arroz branco	0	0	0	0	SINTETICO
624e0fe8-dd8a-409c-901b-496311be6e70	2026-08-31	MANHA	5	6753aa6f-0f7e-5208-8cd6-9e7a8733ef22	Leite com achocolatado	21	18	3	1	SINTETICO
9b4758ae-c8b9-4b2c-943a-8bb545fb5215	2026-08-31	INTEGRAL	7	6ce7a969-7c2b-5a21-b072-594a4412ab8b	Arroz branco	22	20	2	1	SINTETICO
be407fa3-7b7e-4600-b1e5-6fba986c91e3	2026-08-31	INTEGRAL	7	0db97b08-9e92-541d-b2d2-1bc810f8fbe8	Iogurte	11	11	0	0	SINTETICO
59f834ef-7c44-4e58-837c-c8ae4aab784a	2026-08-31	MANHA	8	9bf7d50c-378c-58f7-ba1a-0dccafffc54c	Bolacha doce	0	0	0	0	SINTETICO
d726b6d1-0b62-464a-8de7-341601332eec	2026-08-31	MANHA	8	2f723cf1-ddd6-58e2-881e-3ab45db8cd2d	Feijao carioca	162	153	9	16	SINTETICO
56cb458d-bc04-4871-ac27-613c8b71afa2	2026-08-31	MANHA	8	0db97b08-9e92-541d-b2d2-1bc810f8fbe8	Iogurte	50	44	6	3	SINTETICO
9e7d36a4-657b-4b66-9aac-bc67add8003f	2026-08-31	MANHA	8	79ca1872-52e0-59dd-af29-543b793c0860	Macarrao ao sugo	44	41	3	6	SINTETICO
d0e949da-217c-4cff-aefe-3056c528fedf	2026-08-31	MANHA	8	1b450f5b-ecde-5880-ad0a-91ce0920069d	Maca	1	1	0	0	SINTETICO
5cfe89b3-b2d7-43dd-b5f9-35a7ebee3d94	2026-08-31	INTEGRAL	10	2f723cf1-ddd6-58e2-881e-3ab45db8cd2d	Feijao carioca	106	101	5	10	SINTETICO
cf2df1f4-045f-4450-8437-380c81f37701	2026-08-31	INTEGRAL	10	b6f014a3-eaad-57c0-8ee9-24eb9abb819a	Cuscuz	0	0	0	0	SINTETICO
6b67bd94-13f0-4075-9451-29a73e27bde6	2026-08-31	INTEGRAL	11	79ca1872-52e0-59dd-af29-543b793c0860	Macarrao ao sugo	25	22	3	3	SINTETICO
43802ac4-79ab-4a9f-acd5-c90d6e1e5fa3	2026-08-31	INTEGRAL	11	1b450f5b-ecde-5880-ad0a-91ce0920069d	Maca	55	49	6	2	SINTETICO
c1ee9d55-feb1-481e-ab0a-9ca379cda5f6	2026-08-31	INTEGRAL	11	6753aa6f-0f7e-5208-8cd6-9e7a8733ef22	Leite com achocolatado	12	11	1	1	SINTETICO
6807fa31-cb89-45d0-97d3-a9e9bc378255	2026-08-31	INTEGRAL	12	eed1d0ec-938c-53ef-94b9-626452f5fbd2	Sopa de legumes	102	96	6	26	SINTETICO
02efc776-58a6-467a-af8e-37f6cce2458a	2026-08-31	INTEGRAL	14	2f723cf1-ddd6-58e2-881e-3ab45db8cd2d	Feijao carioca	0	0	0	0	SINTETICO
55dddd1d-ee2b-4a6b-ae38-343bdfda4d4e	2026-08-31	INTEGRAL	14	6ce7a969-7c2b-5a21-b072-594a4412ab8b	Arroz branco	2	2	0	0	SINTETICO
f26eb2f0-5aca-4879-90e6-4d238d0f7cc1	2026-08-31	INTEGRAL	15	2f723cf1-ddd6-58e2-881e-3ab45db8cd2d	Feijao carioca	329	316	13	34	SINTETICO
8bdd223b-3e07-43a0-bcd3-bfa2d98a4739	2026-08-31	INTEGRAL	15	9c858519-faab-50d6-9561-8f90f4f84567	Guisado com moranga	2	2	0	1	SINTETICO
929efe25-fffe-4bfe-9cab-74b8c03c76cf	2026-08-31	INTEGRAL	15	add956e1-36ad-584e-b1e4-a4a8db28315f	Banana	47	44	3	2	SINTETICO
d27a5081-a267-4a6d-8f51-35432b42cce8	2026-08-31	MANHA	16	add956e1-36ad-584e-b1e4-a4a8db28315f	Banana	19	17	2	1	SINTETICO
11b73dce-64f1-445a-9fd6-343f539b4fdc	2026-08-31	INTEGRAL	18	add956e1-36ad-584e-b1e4-a4a8db28315f	Banana	0	0	0	0	SINTETICO
27f83d75-f959-438b-b45f-6be63dcbbce3	2026-09-01	MANHA	1	6753aa6f-0f7e-5208-8cd6-9e7a8733ef22	Leite com achocolatado	23	21	2	1	SINTETICO
4d6bda7f-1368-4817-b547-5e0dafa5ade4	2026-09-01	TARDE	3	6ce7a969-7c2b-5a21-b072-594a4412ab8b	Arroz branco	131	117	14	10	SINTETICO
4888b2f1-144c-466a-8baa-8cb973bed94d	2026-09-01	TARDE	3	54e9ea4c-63a9-5952-9616-b24ee0e6a0fa	Frango dourado, acebolado	59	52	7	3	SINTETICO
23a60d97-f9be-4639-8fa0-c7467e53d8df	2026-09-01	TARDE	3	2f723cf1-ddd6-58e2-881e-3ab45db8cd2d	Feijao carioca	2	2	0	0	SINTETICO
32849ce5-19a7-4388-aa35-4d14354f2f7e	2026-09-01	MANHA	5	9bf7d50c-378c-58f7-ba1a-0dccafffc54c	Bolacha doce	1	1	0	0	SINTETICO
faf1ebdc-3cc9-4689-a122-49a1b31d8be8	2026-09-01	MANHA	5	add956e1-36ad-584e-b1e4-a4a8db28315f	Banana	9	8	1	0	SINTETICO
dca010e9-6570-445d-9f67-2df10c2a29a1	2026-09-01	TARDE	6	9bf7d50c-378c-58f7-ba1a-0dccafffc54c	Bolacha doce	134	121	13	6	SINTETICO
df68c839-d8fb-4c31-b8f7-d87fb09bd1f3	2026-09-01	TARDE	6	add956e1-36ad-584e-b1e4-a4a8db28315f	Banana	494	494	0	23	SINTETICO
8d6d7475-5c1a-4390-9ff1-84a53d0e42b5	2026-09-01	INTEGRAL	7	add956e1-36ad-584e-b1e4-a4a8db28315f	Banana	16	14	2	1	SINTETICO
0e1c4bed-6bd1-48c1-99d6-1933706d7322	2026-09-01	INTEGRAL	8	0db97b08-9e92-541d-b2d2-1bc810f8fbe8	Iogurte	23	22	1	2	SINTETICO
b7521c8d-1e5d-40e6-939e-944dfd5f63b5	2026-09-01	INTEGRAL	8	b6f014a3-eaad-57c0-8ee9-24eb9abb819a	Cuscuz	101	98	3	11	SINTETICO
a2b5a042-abc9-4062-b5bf-28b024d34f1a	2026-09-01	INTEGRAL	8	6ce7a969-7c2b-5a21-b072-594a4412ab8b	Arroz branco	353	315	38	18	SINTETICO
27536477-3690-41f2-bba4-d4a9cc2c1137	2026-09-01	INTEGRAL	8	1b450f5b-ecde-5880-ad0a-91ce0920069d	Maca	102	97	5	6	SINTETICO
fe255c1e-ca08-444d-b9a8-96ab779d5726	2026-09-01	INTEGRAL	10	6753aa6f-0f7e-5208-8cd6-9e7a8733ef22	Leite com achocolatado	11	10	1	1	SINTETICO
4ee49771-684d-4ae1-a193-f11a9db47335	2026-09-01	INTEGRAL	10	6ce7a969-7c2b-5a21-b072-594a4412ab8b	Arroz branco	0	0	0	0	SINTETICO
35d398d8-5453-4c1c-8484-28cec1728673	2026-09-01	INTEGRAL	10	add956e1-36ad-584e-b1e4-a4a8db28315f	Banana	61	55	6	3	SINTETICO
67792d43-011d-4c06-81f0-c95df930636e	2026-09-01	INTEGRAL	13	153737d9-caa6-55d5-b086-f7e83fdab4d2	Pao com manteiga	17	16	1	1	SINTETICO
dd4bff00-c897-49bc-a137-99a7f79ada14	2026-09-01	INTEGRAL	13	6ce7a969-7c2b-5a21-b072-594a4412ab8b	Arroz branco	24	23	1	1	SINTETICO
de4a2e61-a06a-4e2d-8cfd-3a10a40da70d	2026-09-01	INTEGRAL	14	0db97b08-9e92-541d-b2d2-1bc810f8fbe8	Iogurte	1	1	0	0	SINTETICO
cb154828-9b67-4c01-b513-eb9f46df9294	2026-09-01	INTEGRAL	14	9bf7d50c-378c-58f7-ba1a-0dccafffc54c	Bolacha doce	48	45	3	3	SINTETICO
ad34e2a0-c9f9-4f2b-bbf3-34cf51ea8c1b	2026-09-01	INTEGRAL	14	79ca1872-52e0-59dd-af29-543b793c0860	Macarrao ao sugo	29	28	1	3	SINTETICO
324a56e4-6d1d-4c20-9675-5de8733d44fa	2026-09-01	INTEGRAL	14	b6f014a3-eaad-57c0-8ee9-24eb9abb819a	Cuscuz	0	0	0	0	SINTETICO
e620f37b-4e34-4cf0-9086-3e99426aa2e7	2026-09-01	INTEGRAL	15	84f7e794-a400-5d46-9efe-1c8a8f2f711d	Suco de fruta natural	23	22	1	1	SINTETICO
962047cb-10da-4563-89b4-cb1739acbe88	2026-09-01	INTEGRAL	15	79ca1872-52e0-59dd-af29-543b793c0860	Macarrao ao sugo	18	16	2	3	SINTETICO
077ad76a-e956-4eac-a340-790b9f59b057	2026-09-01	INTEGRAL	15	b6f014a3-eaad-57c0-8ee9-24eb9abb819a	Cuscuz	2	2	0	0	SINTETICO
88d97c10-beea-4908-8ad2-b099fb55e602	2026-09-01	TARDE	16	84f7e794-a400-5d46-9efe-1c8a8f2f711d	Suco de fruta natural	33	30	3	2	SINTETICO
e2374de7-2c8f-422d-bc8f-6b83fdcdecbd	2026-09-01	TARDE	16	9bf7d50c-378c-58f7-ba1a-0dccafffc54c	Bolacha doce	522	494	28	31	SINTETICO
00fcfd18-9326-44b3-b0ec-a496d1cf0b2a	2026-09-01	TARDE	16	153737d9-caa6-55d5-b086-f7e83fdab4d2	Pao com manteiga	78	73	5	4	SINTETICO
92ab6648-273b-4389-ab78-875086416768	2026-09-01	MANHA	18	b6f014a3-eaad-57c0-8ee9-24eb9abb819a	Cuscuz	333	322	11	45	SINTETICO
f1d0aa78-4825-46c6-b372-bf7a40b75706	2026-09-02	INTEGRAL	1	6753aa6f-0f7e-5208-8cd6-9e7a8733ef22	Leite com achocolatado	96	94	2	7	SINTETICO
7e6046fe-a1f4-4744-bc62-9828fb5d836c	2026-09-02	INTEGRAL	1	9bf7d50c-378c-58f7-ba1a-0dccafffc54c	Bolacha doce	0	0	0	0	SINTETICO
be3c34ee-c73f-4c46-a216-a89cb708912b	2026-09-02	INTEGRAL	1	add956e1-36ad-584e-b1e4-a4a8db28315f	Banana	1	1	0	0	SINTETICO
3910ab85-00e9-4e6c-909c-63762eaa799e	2026-09-02	INTEGRAL	1	6ce7a969-7c2b-5a21-b072-594a4412ab8b	Arroz branco	11	11	0	1	SINTETICO
4b1fb132-8eac-4bf0-bc6c-522dd705ffe0	2026-09-02	INTEGRAL	1	eed1d0ec-938c-53ef-94b9-626452f5fbd2	Sopa de legumes	54	50	4	14	SINTETICO
59af4ddc-e63e-4446-9c83-882fb2195900	2026-09-02	INTEGRAL	1	2f723cf1-ddd6-58e2-881e-3ab45db8cd2d	Feijao carioca	50	49	1	5	SINTETICO
c2da5f6a-7306-48f7-a35e-4e2c4d5fe413	2026-09-02	TARDE	2	0db97b08-9e92-541d-b2d2-1bc810f8fbe8	Iogurte	107	98	9	4	SINTETICO
2af86c86-7c5a-401d-9e09-cdb32cc4a957	2026-09-02	TARDE	2	9bf7d50c-378c-58f7-ba1a-0dccafffc54c	Bolacha doce	53	48	5	2	SINTETICO
68d2fa8a-b79b-4a91-a404-babbb56104dd	2026-09-02	TARDE	3	0db97b08-9e92-541d-b2d2-1bc810f8fbe8	Iogurte	123	113	10	6	SINTETICO
3b2d8e48-9d4a-49aa-bb4a-9a2367470eab	2026-09-02	TARDE	3	6753aa6f-0f7e-5208-8cd6-9e7a8733ef22	Leite com achocolatado	36	32	4	1	SINTETICO
938f6858-e699-4433-938f-35a2e83277b6	2026-09-02	TARDE	3	eed1d0ec-938c-53ef-94b9-626452f5fbd2	Sopa de legumes	554	494	60	139	SINTETICO
37c6a20e-48d9-4e2a-8496-5b5e7475b148	2026-09-02	TARDE	3	79ca1872-52e0-59dd-af29-543b793c0860	Macarrao ao sugo	109	108	1	16	SINTETICO
dc4f3624-5b5a-4126-a94d-2efbbe3b707e	2026-09-02	TARDE	3	6ce7a969-7c2b-5a21-b072-594a4412ab8b	Arroz branco	67	62	5	4	SINTETICO
aa7c4e59-461e-4d5d-b9ce-9b9330522049	2026-09-02	MANHA	4	add956e1-36ad-584e-b1e4-a4a8db28315f	Banana	18	17	1	1	SINTETICO
0599d216-5a0c-4b0e-85c6-99d7f41993c2	2026-09-02	MANHA	4	78b49edf-4e8b-5161-8bc0-ae05e86853d0	Carne moida tipo pastel	5	5	0	0	SINTETICO
3306c154-8baf-4504-b649-887f4fad68d5	2026-09-02	INTEGRAL	6	add956e1-36ad-584e-b1e4-a4a8db28315f	Banana	9	8	1	0	SINTETICO
e1611e07-3292-4e4b-94c6-3f0872edb058	2026-09-02	INTEGRAL	6	eed1d0ec-938c-53ef-94b9-626452f5fbd2	Sopa de legumes	95	84	11	18	SINTETICO
6973831e-946f-42c2-a5d1-b3739c42edec	2026-09-02	INTEGRAL	8	79ca1872-52e0-59dd-af29-543b793c0860	Macarrao ao sugo	3	3	0	1	SINTETICO
2b168986-5e23-47f1-95ed-66272bd6767a	2026-09-02	INTEGRAL	9	79ca1872-52e0-59dd-af29-543b793c0860	Macarrao ao sugo	22	20	2	4	SINTETICO
507bb020-c2d1-418b-a491-6770cd8ebea2	2026-09-02	MANHA	11	1b450f5b-ecde-5880-ad0a-91ce0920069d	Maca	355	341	14	15	SINTETICO
682ddeee-ff0d-4a85-844a-88ee364cb3a4	2026-09-02	MANHA	11	0db97b08-9e92-541d-b2d2-1bc810f8fbe8	Iogurte	25	23	2	1	SINTETICO
5569e7a1-d38b-4afe-9bb6-080948bb8ecf	2026-09-02	MANHA	12	153737d9-caa6-55d5-b086-f7e83fdab4d2	Pao com manteiga	83	75	8	3	SINTETICO
77dfb935-dfab-4eb5-954f-993c4d1106fd	2026-09-02	INTEGRAL	13	6753aa6f-0f7e-5208-8cd6-9e7a8733ef22	Leite com achocolatado	276	275	1	17	SINTETICO
4eabe03f-b795-48e9-895b-0e6c5ebd9a56	2026-09-02	INTEGRAL	13	2f723cf1-ddd6-58e2-881e-3ab45db8cd2d	Feijao carioca	34	33	1	3	SINTETICO
b9bd89ff-97e5-4073-8f9b-b054c0d386ce	2026-09-02	INTEGRAL	15	2f723cf1-ddd6-58e2-881e-3ab45db8cd2d	Feijao carioca	1	1	0	0	SINTETICO
7a6aa6e2-8812-4e4c-8178-28852705842a	2026-09-02	INTEGRAL	15	0db97b08-9e92-541d-b2d2-1bc810f8fbe8	Iogurte	22	20	2	1	SINTETICO
77b92535-aa75-43ea-921c-1cda33bd1843	2026-09-02	INTEGRAL	16	b6f014a3-eaad-57c0-8ee9-24eb9abb819a	Cuscuz	36	34	2	5	SINTETICO
6f1eb628-c288-41d2-9557-37662fc3bf44	2026-09-02	INTEGRAL	16	0db97b08-9e92-541d-b2d2-1bc810f8fbe8	Iogurte	96	86	10	5	SINTETICO
865c8abb-4279-4627-bcee-d80b3964038f	2026-09-02	INTEGRAL	16	79ca1872-52e0-59dd-af29-543b793c0860	Macarrao ao sugo	244	241	3	42	SINTETICO
6bc9b870-97d5-4299-9748-053945eb38cf	2026-09-02	INTEGRAL	16	9bf7d50c-378c-58f7-ba1a-0dccafffc54c	Bolacha doce	1	1	0	0	SINTETICO
f8e98ea9-7949-44b8-95c5-fc27ff6373c3	2026-09-02	INTEGRAL	16	add956e1-36ad-584e-b1e4-a4a8db28315f	Banana	52	45	7	2	SINTETICO
79858522-4de1-49b6-b471-caf2594e7775	2026-09-02	INTEGRAL	18	1b450f5b-ecde-5880-ad0a-91ce0920069d	Maca	0	0	0	0	SINTETICO
e398e378-144a-4c25-bad4-0a4d82190132	2026-09-03	INTEGRAL	1	0db97b08-9e92-541d-b2d2-1bc810f8fbe8	Iogurte	46	44	2	3	SINTETICO
3b5f1103-c403-43cb-abc7-33aa1e3a6907	2026-09-03	INTEGRAL	1	6ce7a969-7c2b-5a21-b072-594a4412ab8b	Arroz branco	48	48	0	4	SINTETICO
38aed87d-b2a5-405d-a300-22856fecda86	2026-09-03	INTEGRAL	1	79ca1872-52e0-59dd-af29-543b793c0860	Macarrao ao sugo	106	96	10	14	SINTETICO
0a827a77-e9f8-4f48-a6f7-d96f7db5370a	2026-09-03	INTEGRAL	1	b6f014a3-eaad-57c0-8ee9-24eb9abb819a	Cuscuz	0	0	0	0	SINTETICO
880df9de-0bb1-4b02-bc84-7f91491815f5	2026-09-03	INTEGRAL	1	eed1d0ec-938c-53ef-94b9-626452f5fbd2	Sopa de legumes	20	18	2	4	SINTETICO
873c9786-542e-4313-a1e5-fabf4f0f3c3d	2026-09-03	INTEGRAL	3	54e9ea4c-63a9-5952-9616-b24ee0e6a0fa	Frango dourado, acebolado	29	28	1	2	SINTETICO
545d9bee-b380-4f02-8957-1e79d9666466	2026-09-03	INTEGRAL	3	2f723cf1-ddd6-58e2-881e-3ab45db8cd2d	Feijao carioca	35	34	1	2	SINTETICO
cf08a184-5926-4152-8299-6b632f46677e	2026-09-03	INTEGRAL	3	add956e1-36ad-584e-b1e4-a4a8db28315f	Banana	47	44	3	2	SINTETICO
20bda324-67c0-4e07-9e78-3d7ad05c9d62	2026-09-03	MANHA	4	1b450f5b-ecde-5880-ad0a-91ce0920069d	Maca	6	6	0	0	SINTETICO
e0c4347f-9122-4eb0-aab8-985050ca52d0	2026-09-03	INTEGRAL	9	1b450f5b-ecde-5880-ad0a-91ce0920069d	Maca	113	105	8	5	SINTETICO
92c964b2-46f9-4dc3-b862-22712f33c811	2026-09-03	INTEGRAL	11	b6f014a3-eaad-57c0-8ee9-24eb9abb819a	Cuscuz	3	3	0	0	SINTETICO
6b7500b4-67b5-417b-afd6-0cda9e0a463d	2026-09-03	INTEGRAL	11	add956e1-36ad-584e-b1e4-a4a8db28315f	Banana	0	0	0	0	SINTETICO
5028f342-d545-4e58-8e1e-0027d16d14fb	2026-09-03	INTEGRAL	11	0db97b08-9e92-541d-b2d2-1bc810f8fbe8	Iogurte	0	0	0	0	SINTETICO
4e48bb38-efdf-4d7b-afd9-34c13ff86bad	2026-09-03	INTEGRAL	13	1b450f5b-ecde-5880-ad0a-91ce0920069d	Maca	22	19	3	1	SINTETICO
02dd23c5-30be-4049-a861-b0e81b033dc4	2026-09-03	INTEGRAL	13	153737d9-caa6-55d5-b086-f7e83fdab4d2	Pao com manteiga	87	76	11	5	SINTETICO
9331e894-c1fa-434f-9aaf-ba4f6190aab7	2026-09-03	INTEGRAL	13	9bf7d50c-378c-58f7-ba1a-0dccafffc54c	Bolacha doce	0	0	0	0	SINTETICO
c43d300c-005c-489d-bf5a-af35846b925c	2026-09-03	INTEGRAL	14	6753aa6f-0f7e-5208-8cd6-9e7a8733ef22	Leite com achocolatado	103	96	7	4	SINTETICO
972f09ba-5f85-471e-a095-5028c90519fa	2026-09-03	INTEGRAL	14	153737d9-caa6-55d5-b086-f7e83fdab4d2	Pao com manteiga	343	318	25	22	SINTETICO
2ed89643-738a-4339-84b5-4075f216ff25	2026-09-03	INTEGRAL	14	6ce7a969-7c2b-5a21-b072-594a4412ab8b	Arroz branco	0	0	0	0	SINTETICO
1fd95128-32a8-494a-90ae-223cb828a63d	2026-09-03	INTEGRAL	15	eed1d0ec-938c-53ef-94b9-626452f5fbd2	Sopa de legumes	0	0	0	0	SINTETICO
ffc62271-eef0-4cf6-b7c6-2802d620489c	2026-09-03	INTEGRAL	17	add956e1-36ad-584e-b1e4-a4a8db28315f	Banana	0	0	0	0	SINTETICO
b652ad32-5a46-4cb1-8838-1e88f470e21d	2026-09-04	MANHA	1	eed1d0ec-938c-53ef-94b9-626452f5fbd2	Sopa de legumes	0	0	0	0	SINTETICO
47ffbae4-5e12-4179-838f-52a79836e837	2026-09-04	INTEGRAL	3	f8c11e3f-147e-575c-879e-d8653a2b447f	Chuchu com tempero verde	0	0	0	0	SINTETICO
3a05b99e-3ff8-46bd-aacb-572f01f205d1	2026-09-04	INTEGRAL	4	9bf7d50c-378c-58f7-ba1a-0dccafffc54c	Bolacha doce	1	1	0	0	SINTETICO
f4769241-aded-47c2-a57d-5c4fbc9ba132	2026-09-04	INTEGRAL	5	eed1d0ec-938c-53ef-94b9-626452f5fbd2	Sopa de legumes	39	37	2	9	SINTETICO
0e99a6ea-813d-4bd4-8d59-78c981c3ff94	2026-09-04	INTEGRAL	6	1b450f5b-ecde-5880-ad0a-91ce0920069d	Maca	0	0	0	0	SINTETICO
abc213be-82df-4b18-a95a-78e83a52f2a1	2026-09-04	INTEGRAL	6	add956e1-36ad-584e-b1e4-a4a8db28315f	Banana	83	80	3	3	SINTETICO
f2f08851-400d-4a8e-a86c-86545a35cada	2026-09-04	INTEGRAL	8	6753aa6f-0f7e-5208-8cd6-9e7a8733ef22	Leite com achocolatado	37	35	2	3	SINTETICO
6854c459-94bf-4a9b-93aa-2e85a6efc196	2026-09-04	INTEGRAL	8	79ca1872-52e0-59dd-af29-543b793c0860	Macarrao ao sugo	181	170	11	18	SINTETICO
00b1d939-e295-49d4-800a-484e775db302	2026-09-04	TARDE	9	9bf7d50c-378c-58f7-ba1a-0dccafffc54c	Bolacha doce	8	7	1	0	SINTETICO
78866de2-2071-43b1-b118-2974362f6394	2026-09-04	TARDE	9	0db97b08-9e92-541d-b2d2-1bc810f8fbe8	Iogurte	2	2	0	0	SINTETICO
1b324f28-9ac4-44da-bc08-1e0da5757b15	2026-09-04	TARDE	9	6ce7a969-7c2b-5a21-b072-594a4412ab8b	Arroz branco	54	49	5	3	SINTETICO
66061b23-e704-4cc9-bd65-96740ae5ae2f	2026-09-04	MANHA	12	9bf7d50c-378c-58f7-ba1a-0dccafffc54c	Bolacha doce	2	2	0	0	SINTETICO
20635e57-c8fe-4b38-af80-0b211e9dec72	2026-09-04	MANHA	12	2f723cf1-ddd6-58e2-881e-3ab45db8cd2d	Feijao carioca	0	0	0	0	SINTETICO
4faf75e8-a96f-4845-9185-5531264da6be	2026-09-04	MANHA	17	9bf7d50c-378c-58f7-ba1a-0dccafffc54c	Bolacha doce	384	339	45	13	SINTETICO
057170a0-6ef0-4e1d-bb34-4c4df73e3b98	2026-09-04	INTEGRAL	18	add956e1-36ad-584e-b1e4-a4a8db28315f	Banana	0	0	0	0	SINTETICO
92e8c814-1d06-4661-93e1-8634122bdb78	2026-09-07	MANHA	2	eed1d0ec-938c-53ef-94b9-626452f5fbd2	Sopa de legumes	3	3	0	1	SINTETICO
6f2839b5-62c9-46b3-a8da-861013a89b8e	2026-09-07	INTEGRAL	3	0db97b08-9e92-541d-b2d2-1bc810f8fbe8	Iogurte	43	39	4	3	SINTETICO
80868467-4999-4766-a844-a1dc540113a6	2026-09-07	INTEGRAL	3	2f723cf1-ddd6-58e2-881e-3ab45db8cd2d	Feijao carioca	7	6	1	0	SINTETICO
06019151-ab6a-4172-a527-870260a3fb29	2026-09-07	INTEGRAL	4	6753aa6f-0f7e-5208-8cd6-9e7a8733ef22	Leite com achocolatado	108	95	13	6	SINTETICO
9e8ba8e4-b560-4805-a38b-688926a1ee24	2026-09-07	INTEGRAL	4	9bf7d50c-378c-58f7-ba1a-0dccafffc54c	Bolacha doce	32	32	0	2	SINTETICO
529626bb-8fcb-44dc-a42a-2ae2e7592a69	2026-09-07	INTEGRAL	4	79ca1872-52e0-59dd-af29-543b793c0860	Macarrao ao sugo	0	0	0	0	SINTETICO
a4974ad7-afa1-4eb6-9c48-6ae883e009a4	2026-09-07	INTEGRAL	5	1b450f5b-ecde-5880-ad0a-91ce0920069d	Maca	0	0	0	0	SINTETICO
615f21ac-575c-44fb-bddd-83e7362a967d	2026-09-07	INTEGRAL	8	0db97b08-9e92-541d-b2d2-1bc810f8fbe8	Iogurte	135	121	14	5	SINTETICO
948cfd90-9c1d-4ef0-8fd3-51b22153f741	2026-09-07	INTEGRAL	8	84f7e794-a400-5d46-9efe-1c8a8f2f711d	Suco de fruta natural	76	75	1	3	SINTETICO
edb7fff5-fe46-4872-8ad0-097b0fffa134	2026-09-07	INTEGRAL	8	9bf7d50c-378c-58f7-ba1a-0dccafffc54c	Bolacha doce	10	9	1	1	SINTETICO
88eab8df-97e3-4bef-9cb2-d63b5711289f	2026-09-07	INTEGRAL	9	b6f014a3-eaad-57c0-8ee9-24eb9abb819a	Cuscuz	0	0	0	0	SINTETICO
290eb412-1a32-43af-8221-ec9e664efee0	2026-09-07	INTEGRAL	10	153737d9-caa6-55d5-b086-f7e83fdab4d2	Pao com manteiga	5	5	0	0	SINTETICO
727f7b58-9fa0-4dd2-8138-849e8389d168	2026-09-07	INTEGRAL	10	add956e1-36ad-584e-b1e4-a4a8db28315f	Banana	8	7	1	0	SINTETICO
2e9b3810-0a78-4265-945e-5cd71214460e	2026-09-07	INTEGRAL	12	3331b130-8600-5a59-9e35-f970f9ea497e	Ovo mexido	10	9	1	1	SINTETICO
966ed29f-ad47-4c07-a92c-5f5d4b45c696	2026-09-07	INTEGRAL	12	b6f014a3-eaad-57c0-8ee9-24eb9abb819a	Cuscuz	53	48	5	7	SINTETICO
f7f3a79e-85fa-4d90-919f-661c6947413f	2026-09-07	INTEGRAL	13	84f7e794-a400-5d46-9efe-1c8a8f2f711d	Suco de fruta natural	16	14	2	1	SINTETICO
a2345d74-7937-4af3-8be1-e89f32306a1d	2026-09-07	MANHA	14	add956e1-36ad-584e-b1e4-a4a8db28315f	Banana	20	20	0	1	SINTETICO
2cca6e0f-f76d-45b2-b114-e734596ce392	2026-09-07	MANHA	14	eed1d0ec-938c-53ef-94b9-626452f5fbd2	Sopa de legumes	3	3	0	1	SINTETICO
cd30dcab-0efc-4192-a259-7a392b0bcecc	2026-09-07	INTEGRAL	15	b6f014a3-eaad-57c0-8ee9-24eb9abb819a	Cuscuz	2	2	0	0	SINTETICO
949b684a-e92d-4cd1-ac20-e472c58a9d72	2026-09-07	INTEGRAL	15	add956e1-36ad-584e-b1e4-a4a8db28315f	Banana	8	8	0	0	SINTETICO
a769a061-7c90-41de-b2d0-4d668e1cf5c3	2026-09-07	INTEGRAL	16	153737d9-caa6-55d5-b086-f7e83fdab4d2	Pao com manteiga	11	10	1	1	SINTETICO
cc87e79d-e90d-4cc2-8f8c-f0149b5f8857	2026-09-07	INTEGRAL	16	2f723cf1-ddd6-58e2-881e-3ab45db8cd2d	Feijao carioca	6	5	1	0	SINTETICO
ad0613c5-4833-4468-b570-b83f89a8c826	2026-09-07	INTEGRAL	16	1b450f5b-ecde-5880-ad0a-91ce0920069d	Maca	26	23	3	1	SINTETICO
24ab7a24-21f4-4ff7-b073-7865c3ca26b0	2026-09-07	INTEGRAL	16	79ca1872-52e0-59dd-af29-543b793c0860	Macarrao ao sugo	100	100	0	12	SINTETICO
84d4929d-7037-44ab-ae52-f43abc881405	2026-09-07	INTEGRAL	16	add956e1-36ad-584e-b1e4-a4a8db28315f	Banana	14	14	0	1	SINTETICO
8fbb9098-d122-4e1a-8347-74ff6879e73a	2026-09-07	INTEGRAL	16	b6f014a3-eaad-57c0-8ee9-24eb9abb819a	Cuscuz	57	50	7	6	SINTETICO
3b70ecd5-b2ad-487f-b949-490a79e0abff	2026-09-07	INTEGRAL	16	eed1d0ec-938c-53ef-94b9-626452f5fbd2	Sopa de legumes	11	11	0	4	SINTETICO
8493ea1f-a5c8-4e19-9a9f-ed4c92832521	2026-09-07	INTEGRAL	16	6ce7a969-7c2b-5a21-b072-594a4412ab8b	Arroz branco	78	70	8	5	SINTETICO
412d5793-121e-4090-8287-2c043e427785	2026-09-07	INTEGRAL	18	b6f014a3-eaad-57c0-8ee9-24eb9abb819a	Cuscuz	7	6	1	1	SINTETICO
af63e393-239f-4e4c-9fa1-5d72c6f759b0	2026-09-07	INTEGRAL	18	6753aa6f-0f7e-5208-8cd6-9e7a8733ef22	Leite com achocolatado	153	152	1	8	SINTETICO
d96d023b-0da6-4370-9134-7150e388ee71	2026-09-07	INTEGRAL	18	2fb8016f-a7e8-5297-ba7c-fbdbc176e301	Molho de tomate caseiro	56	49	7	7	SINTETICO
efdac2b2-4e06-4fa6-98a0-272d72429886	2026-09-08	TARDE	1	0db97b08-9e92-541d-b2d2-1bc810f8fbe8	Iogurte	57	57	0	4	SINTETICO
30ed20a7-5111-496c-b2ae-856e4696f694	2026-09-08	TARDE	1	b6f014a3-eaad-57c0-8ee9-24eb9abb819a	Cuscuz	131	125	6	13	SINTETICO
1aa075d6-3f9c-4d2b-89b0-2ccfa6212237	2026-09-08	TARDE	1	1b450f5b-ecde-5880-ad0a-91ce0920069d	Maca	237	206	31	12	SINTETICO
d4a997bb-8c49-41a7-af55-33c9d638a94e	2026-09-08	INTEGRAL	2	d0f748b6-0ca4-5794-9480-45981f00672c	Ensopado de mandioca	17	15	2	3	SINTETICO
8cce2d80-6d7c-4b0e-b605-bb186dced119	2026-09-08	INTEGRAL	2	2fb8016f-a7e8-5297-ba7c-fbdbc176e301	Molho de tomate caseiro	13	12	1	2	SINTETICO
fad20706-141e-4418-8a3e-42a9f080c956	2026-09-08	INTEGRAL	2	eed1d0ec-938c-53ef-94b9-626452f5fbd2	Sopa de legumes	99	89	10	22	SINTETICO
8eafe2b4-16de-4ff4-b29b-c48c8cd059e1	2026-09-08	MANHA	3	0db97b08-9e92-541d-b2d2-1bc810f8fbe8	Iogurte	10	10	0	1	SINTETICO
234ac771-f1a0-40df-b9f9-90a41dfc630b	2026-09-08	MANHA	3	153737d9-caa6-55d5-b086-f7e83fdab4d2	Pao com manteiga	0	0	0	0	SINTETICO
856a4a41-6621-4352-a628-602925d5d09e	2026-09-08	INTEGRAL	4	79ca1872-52e0-59dd-af29-543b793c0860	Macarrao ao sugo	60	55	5	9	SINTETICO
e1e660b4-3b48-4d9a-aa06-250ac4d34bc2	2026-09-08	INTEGRAL	4	6ce7a969-7c2b-5a21-b072-594a4412ab8b	Arroz branco	10	9	1	1	SINTETICO
087580ca-9f4c-42ad-8491-6f34178e7e34	2026-09-08	INTEGRAL	4	6753aa6f-0f7e-5208-8cd6-9e7a8733ef22	Leite com achocolatado	86	82	4	6	SINTETICO
b28b9082-a33c-4e9c-9e71-dbf513502c55	2026-09-08	INTEGRAL	4	b6f014a3-eaad-57c0-8ee9-24eb9abb819a	Cuscuz	0	0	0	0	SINTETICO
8679b23f-2e38-4c0e-b516-832376384944	2026-09-08	INTEGRAL	4	eed1d0ec-938c-53ef-94b9-626452f5fbd2	Sopa de legumes	21	20	1	5	SINTETICO
66edf9ec-b7ab-4c68-bb1e-b830d9af7709	2026-09-08	INTEGRAL	4	0db97b08-9e92-541d-b2d2-1bc810f8fbe8	Iogurte	115	103	12	7	SINTETICO
a72b196d-d096-43ea-a68f-070766e9572e	2026-09-08	INTEGRAL	4	1b450f5b-ecde-5880-ad0a-91ce0920069d	Maca	42	41	1	2	SINTETICO
d76699cd-457b-4a6c-ba7c-4df33abc25e6	2026-09-08	INTEGRAL	6	6753aa6f-0f7e-5208-8cd6-9e7a8733ef22	Leite com achocolatado	52	49	3	3	SINTETICO
bab50f2a-a055-4bb4-a845-837d900cdb7a	2026-09-08	MANHA	7	eed1d0ec-938c-53ef-94b9-626452f5fbd2	Sopa de legumes	42	41	1	12	SINTETICO
77997e88-b11b-4a59-9061-bd9fdfc230a4	2026-09-08	INTEGRAL	8	eed1d0ec-938c-53ef-94b9-626452f5fbd2	Sopa de legumes	72	71	1	17	SINTETICO
361d8bc4-eeb2-4664-9ae7-ecb375b6222b	2026-09-08	INTEGRAL	8	add956e1-36ad-584e-b1e4-a4a8db28315f	Banana	58	51	7	3	SINTETICO
744f7a64-376c-448e-9ec5-e0062e4c80df	2026-09-08	INTEGRAL	9	0db97b08-9e92-541d-b2d2-1bc810f8fbe8	Iogurte	6	6	0	0	SINTETICO
9a6c30d6-30a6-460b-ae7d-ef20bd2cef86	2026-09-08	INTEGRAL	11	1b450f5b-ecde-5880-ad0a-91ce0920069d	Maca	2	2	0	0	SINTETICO
14c064ef-e3bc-4c3e-8592-493640f28c89	2026-09-08	INTEGRAL	11	b6f014a3-eaad-57c0-8ee9-24eb9abb819a	Cuscuz	2	2	0	0	SINTETICO
837e7c3e-4c5f-4642-9d83-65a1e251fed7	2026-09-08	INTEGRAL	11	153737d9-caa6-55d5-b086-f7e83fdab4d2	Pao com manteiga	0	0	0	0	SINTETICO
33f7ea1f-95f2-41bc-956c-c58541278bb5	2026-09-08	INTEGRAL	11	9bf7d50c-378c-58f7-ba1a-0dccafffc54c	Bolacha doce	18	16	2	1	SINTETICO
6b782c41-c4fc-4410-adeb-41ec4baeb082	2026-09-08	INTEGRAL	11	79ca1872-52e0-59dd-af29-543b793c0860	Macarrao ao sugo	65	57	8	7	SINTETICO
48de784d-e70b-422d-a48c-c27afaaf7de4	2026-09-08	INTEGRAL	11	6753aa6f-0f7e-5208-8cd6-9e7a8733ef22	Leite com achocolatado	1	1	0	0	SINTETICO
044157e8-1703-429b-9e99-cd49434caa88	2026-09-08	INTEGRAL	11	add956e1-36ad-584e-b1e4-a4a8db28315f	Banana	1	1	0	0	SINTETICO
1d5b53ed-e935-41c0-a5ae-b5fc60da8ec3	2026-09-08	INTEGRAL	11	eed1d0ec-938c-53ef-94b9-626452f5fbd2	Sopa de legumes	22	20	2	7	SINTETICO
c58d2478-cd68-4a92-9546-99293d8ea585	2026-09-08	TARDE	12	add956e1-36ad-584e-b1e4-a4a8db28315f	Banana	192	176	16	9	SINTETICO
90d7fb8e-237e-4605-9f28-c1765aec0e67	2026-09-08	TARDE	12	1b450f5b-ecde-5880-ad0a-91ce0920069d	Maca	65	57	8	2	SINTETICO
17d63298-a4bd-4a95-837a-8a1f34c4ea2c	2026-09-08	INTEGRAL	14	9bf7d50c-378c-58f7-ba1a-0dccafffc54c	Bolacha doce	13	13	0	1	SINTETICO
bd292f28-c743-436a-8d63-1b9d0e7e8d34	2026-09-08	INTEGRAL	16	1b450f5b-ecde-5880-ad0a-91ce0920069d	Maca	1	1	0	0	SINTETICO
f8340299-d00f-43d7-93e1-76997d4e22f4	2026-09-08	INTEGRAL	16	b6f014a3-eaad-57c0-8ee9-24eb9abb819a	Cuscuz	285	267	18	39	SINTETICO
ef94c185-998a-46b4-88d0-14e1f160c390	2026-09-08	INTEGRAL	16	9bf7d50c-378c-58f7-ba1a-0dccafffc54c	Bolacha doce	139	127	12	6	SINTETICO
6e09acb6-0944-47ba-a41c-2c39d84d5e5a	2026-09-08	MANHA	18	153737d9-caa6-55d5-b086-f7e83fdab4d2	Pao com manteiga	4	4	0	0	SINTETICO
3ddb0990-15f7-4ea1-9ace-a6ca5de097db	2026-09-08	MANHA	18	79ca1872-52e0-59dd-af29-543b793c0860	Macarrao ao sugo	0	0	0	0	SINTETICO
13483319-9d7f-42d1-bf05-ec33c9403486	2026-09-08	MANHA	18	84f7e794-a400-5d46-9efe-1c8a8f2f711d	Suco de fruta natural	121	108	13	5	SINTETICO
b04a3444-b682-4296-8f7b-b95a024a221d	2026-09-08	MANHA	18	add956e1-36ad-584e-b1e4-a4a8db28315f	Banana	0	0	0	0	SINTETICO
b0c3ae1e-fc44-4f28-84b9-f836f758e36d	2026-09-08	MANHA	18	eed1d0ec-938c-53ef-94b9-626452f5fbd2	Sopa de legumes	14	14	0	5	SINTETICO
87dcd377-7299-45bb-94c2-25c0388078a8	2026-09-08	MANHA	18	b6f014a3-eaad-57c0-8ee9-24eb9abb819a	Cuscuz	68	63	5	7	SINTETICO
7d511835-b237-4e19-a931-ec3c60fb7008	2026-09-08	MANHA	18	2f723cf1-ddd6-58e2-881e-3ab45db8cd2d	Feijao carioca	96	96	0	9	SINTETICO
67f18168-b70b-4267-9a1b-ad61db2a5bf1	2026-09-08	MANHA	18	6ce7a969-7c2b-5a21-b072-594a4412ab8b	Arroz branco	0	0	0	0	SINTETICO
82f3315b-abf2-4dd4-a4dd-4dca8e249f3e	2026-09-09	INTEGRAL	1	9bf7d50c-378c-58f7-ba1a-0dccafffc54c	Bolacha doce	60	53	7	2	SINTETICO
0811243a-0825-4949-afae-ed1ee2f6fea6	2026-09-09	INTEGRAL	3	9bf7d50c-378c-58f7-ba1a-0dccafffc54c	Bolacha doce	109	108	1	4	SINTETICO
3c03f82a-e188-4c8d-ab07-e8fd2243617d	2026-09-09	INTEGRAL	3	0db97b08-9e92-541d-b2d2-1bc810f8fbe8	Iogurte	38	37	1	2	SINTETICO
c36f5ae0-64ae-48c8-8a0f-e29e5d23149e	2026-09-09	INTEGRAL	3	79ca1872-52e0-59dd-af29-543b793c0860	Macarrao ao sugo	39	38	1	5	SINTETICO
c4f1e0c1-0822-418a-9a87-53e93d010f0a	2026-09-09	INTEGRAL	3	6753aa6f-0f7e-5208-8cd6-9e7a8733ef22	Leite com achocolatado	21	20	1	1	SINTETICO
bb4c76f6-c0cd-45cd-9759-adc68f0ef01b	2026-09-09	INTEGRAL	3	eed1d0ec-938c-53ef-94b9-626452f5fbd2	Sopa de legumes	1	1	0	0	SINTETICO
96b4cec8-0ccc-4cd1-a351-4ba732e6a972	2026-09-09	INTEGRAL	6	094e6e93-4244-5901-b94b-836b2b9b21be	Carne suina acebolada	2	2	0	0	SINTETICO
bd7d1f96-b3a6-42a8-b278-a3e94b712c8d	2026-09-09	INTEGRAL	8	2f723cf1-ddd6-58e2-881e-3ab45db8cd2d	Feijao carioca	367	350	17	39	SINTETICO
d1159107-4603-4eee-b0a8-5ac467457832	2026-09-09	INTEGRAL	8	6ce7a969-7c2b-5a21-b072-594a4412ab8b	Arroz branco	7	6	1	0	SINTETICO
11a83b2e-3978-4708-835f-af6124c77b46	2026-09-09	INTEGRAL	8	6753aa6f-0f7e-5208-8cd6-9e7a8733ef22	Leite com achocolatado	261	251	10	18	SINTETICO
c6f387b7-097f-427a-a334-d9c35d4f66f2	2026-09-09	TARDE	9	84f7e794-a400-5d46-9efe-1c8a8f2f711d	Suco de fruta natural	20	19	1	1	SINTETICO
557c96d7-8e3c-4a37-afd1-731875b6696d	2026-09-09	TARDE	9	153737d9-caa6-55d5-b086-f7e83fdab4d2	Pao com manteiga	100	97	3	6	SINTETICO
f099bb03-1a80-4399-a145-6e3d0f6edd0e	2026-09-09	TARDE	9	add956e1-36ad-584e-b1e4-a4a8db28315f	Banana	91	86	5	4	SINTETICO
e0a23688-9982-44b7-ad6e-3beb01bc909e	2026-09-09	TARDE	11	b6f014a3-eaad-57c0-8ee9-24eb9abb819a	Cuscuz	15	14	1	1	SINTETICO
8ad0c3b3-9e77-429f-946b-beadf237f6aa	2026-09-09	TARDE	11	6753aa6f-0f7e-5208-8cd6-9e7a8733ef22	Leite com achocolatado	207	184	23	12	SINTETICO
23d840f1-97bf-4981-9e3e-d9f087d18d08	2026-09-09	TARDE	11	2f723cf1-ddd6-58e2-881e-3ab45db8cd2d	Feijao carioca	7	7	0	1	SINTETICO
ad10a10f-2330-48fd-bcb7-eba1ebe6b20e	2026-09-09	TARDE	11	9bf7d50c-378c-58f7-ba1a-0dccafffc54c	Bolacha doce	62	54	8	2	SINTETICO
02a61b23-4389-42e4-bb8f-953a3eaf8229	2026-09-09	TARDE	11	add956e1-36ad-584e-b1e4-a4a8db28315f	Banana	531	494	37	19	SINTETICO
43247f67-959a-43d2-a7c4-44c14becdf1e	2026-09-09	TARDE	12	6ce7a969-7c2b-5a21-b072-594a4412ab8b	Arroz branco	29	27	2	1	SINTETICO
404b86bc-9e73-4083-bce2-57692307de91	2026-09-09	INTEGRAL	14	eed1d0ec-938c-53ef-94b9-626452f5fbd2	Sopa de legumes	4	4	0	1	SINTETICO
ac9be969-0fda-4f92-9274-4e4bbc485f07	2026-09-09	INTEGRAL	14	153737d9-caa6-55d5-b086-f7e83fdab4d2	Pao com manteiga	2	2	0	0	SINTETICO
c26d1a3b-7639-4dde-99ea-b2694c8110f4	2026-09-09	INTEGRAL	14	0db97b08-9e92-541d-b2d2-1bc810f8fbe8	Iogurte	27	27	0	1	SINTETICO
7f3bbb86-2d47-45ee-89d2-f1cb002606f2	2026-09-09	INTEGRAL	14	84f7e794-a400-5d46-9efe-1c8a8f2f711d	Suco de fruta natural	66	58	8	2	SINTETICO
042c5316-346f-43f8-ae1d-dae90d53994f	2026-09-09	MANHA	16	79ca1872-52e0-59dd-af29-543b793c0860	Macarrao ao sugo	2	2	0	0	SINTETICO
9914b72c-cd6e-4dad-85eb-194f8f26f1c3	2026-09-09	MANHA	16	6753aa6f-0f7e-5208-8cd6-9e7a8733ef22	Leite com achocolatado	50	50	0	3	SINTETICO
fbcc3984-253e-4f3d-8858-ce6ded8d88f0	2026-09-09	MANHA	17	1b450f5b-ecde-5880-ad0a-91ce0920069d	Maca	183	182	1	11	SINTETICO
f35df9e0-f2a7-4e42-841b-837d4476ee5e	2026-09-09	MANHA	17	9bf7d50c-378c-58f7-ba1a-0dccafffc54c	Bolacha doce	0	0	0	0	SINTETICO
04d2eb62-fe98-4845-8f39-c4027ce61937	2026-09-09	TARDE	18	2f723cf1-ddd6-58e2-881e-3ab45db8cd2d	Feijao carioca	47	42	5	4	SINTETICO
eeac4c85-9f34-4b9a-9bf6-07730a8abc3f	2026-09-09	TARDE	18	153737d9-caa6-55d5-b086-f7e83fdab4d2	Pao com manteiga	0	0	0	0	SINTETICO
dfadaa02-0c85-49d5-b7b7-a0fa7c1a5fec	2026-09-09	TARDE	18	b6f014a3-eaad-57c0-8ee9-24eb9abb819a	Cuscuz	218	207	11	24	SINTETICO
8a2d3221-cf14-4ad9-ad2f-b46b3bb4a9e5	2026-09-09	TARDE	18	ddeef647-cce4-5236-a3b1-dece44ed098e	Couve flor	65	60	5	17	SINTETICO
c0d39622-c0bd-4053-8fc9-45f3e84be7d6	2026-09-09	TARDE	18	4f15f44d-d9a3-5a55-8fd0-0b738c2e28a3	Polenta cozida	25	25	0	2	SINTETICO
abfef038-8eea-4ad9-9b44-64edc0640349	2026-09-10	MANHA	1	0db97b08-9e92-541d-b2d2-1bc810f8fbe8	Iogurte	78	72	6	3	SINTETICO
ed485c5f-492a-460c-b78d-7d20c8e86036	2026-09-10	MANHA	2	153737d9-caa6-55d5-b086-f7e83fdab4d2	Pao com manteiga	34	31	3	2	SINTETICO
e3f38a9c-a3e7-44f8-b99e-edec520846d8	2026-09-10	INTEGRAL	3	6753aa6f-0f7e-5208-8cd6-9e7a8733ef22	Leite com achocolatado	14	13	1	1	SINTETICO
5c4e4519-5421-4b1c-b8b1-ed991870dd81	2026-09-10	INTEGRAL	3	045210e2-4f88-5f7b-950a-db8c8dacab7e	Repolho	9	8	1	2	SINTETICO
6617516c-b712-4f87-8fd8-25d3d4b4f014	2026-09-10	INTEGRAL	4	9bf7d50c-378c-58f7-ba1a-0dccafffc54c	Bolacha doce	335	296	39	15	SINTETICO
acd4cc15-e3b3-4605-bc79-fe247f2e248d	2026-09-10	INTEGRAL	4	eed1d0ec-938c-53ef-94b9-626452f5fbd2	Sopa de legumes	14	13	1	4	SINTETICO
6884e90d-aabc-41e4-8338-378528140719	2026-09-10	INTEGRAL	6	153737d9-caa6-55d5-b086-f7e83fdab4d2	Pao com manteiga	5	5	0	0	SINTETICO
b315174d-458b-41a3-84a2-074e96711f21	2026-09-10	INTEGRAL	6	add956e1-36ad-584e-b1e4-a4a8db28315f	Banana	111	102	9	4	SINTETICO
ae8f9e5c-0884-496e-bd6a-1542afaabf52	2026-09-10	INTEGRAL	7	eed1d0ec-938c-53ef-94b9-626452f5fbd2	Sopa de legumes	5	5	0	2	SINTETICO
0ce6755d-4a24-4af2-8e54-1beadc57a22a	2026-09-10	INTEGRAL	7	84f7e794-a400-5d46-9efe-1c8a8f2f711d	Suco de fruta natural	282	274	8	11	SINTETICO
85ebce00-9101-46ce-8500-a551536c6b1b	2026-09-10	INTEGRAL	7	1b450f5b-ecde-5880-ad0a-91ce0920069d	Maca	1	1	0	0	SINTETICO
6b426dd2-472b-411b-aef7-8c7dd52c3b12	2026-09-10	INTEGRAL	7	add956e1-36ad-584e-b1e4-a4a8db28315f	Banana	44	43	1	2	SINTETICO
2f9da51c-e6e3-4d7a-a54a-37b72ef2fdf9	2026-09-10	INTEGRAL	9	79ca1872-52e0-59dd-af29-543b793c0860	Macarrao ao sugo	50	49	1	6	SINTETICO
c3b8d769-731d-4eea-b621-5466b5fdb497	2026-09-10	INTEGRAL	9	153737d9-caa6-55d5-b086-f7e83fdab4d2	Pao com manteiga	15	14	1	1	SINTETICO
f68c3c98-edb0-4758-9aa6-e0f98b2f160d	2026-09-10	INTEGRAL	9	b6f014a3-eaad-57c0-8ee9-24eb9abb819a	Cuscuz	1	1	0	0	SINTETICO
dc9707ac-c7a5-40f3-a368-15770c870a95	2026-09-10	TARDE	10	6753aa6f-0f7e-5208-8cd6-9e7a8733ef22	Leite com achocolatado	6	6	0	0	SINTETICO
7e11a025-67c7-4d9c-adb7-644edd5538dc	2026-09-10	MANHA	11	153737d9-caa6-55d5-b086-f7e83fdab4d2	Pao com manteiga	1	1	0	0	SINTETICO
8a03b702-1afc-4722-8063-224c4da42cc6	2026-09-10	INTEGRAL	13	b6f014a3-eaad-57c0-8ee9-24eb9abb819a	Cuscuz	190	181	9	26	SINTETICO
0a063c4b-fb2e-4b2f-bae4-3e33f24622b2	2026-09-10	INTEGRAL	13	2f723cf1-ddd6-58e2-881e-3ab45db8cd2d	Feijao carioca	32	32	0	3	SINTETICO
0091693e-ab7a-4ecb-8462-3528de7ffb01	2026-09-10	MANHA	17	6ce7a969-7c2b-5a21-b072-594a4412ab8b	Arroz branco	41	37	4	3	SINTETICO
754f2073-3226-4b4a-9783-337cde2f2d6a	2026-09-10	MANHA	18	0db97b08-9e92-541d-b2d2-1bc810f8fbe8	Iogurte	440	389	51	28	SINTETICO
fb495112-4716-4ac3-a0b2-1eb3d8451d40	2026-09-11	INTEGRAL	1	eed1d0ec-938c-53ef-94b9-626452f5fbd2	Sopa de legumes	20	19	1	7	SINTETICO
287e3ec8-0904-4f4b-bef7-11760c8082cc	2026-09-11	INTEGRAL	2	6ce7a969-7c2b-5a21-b072-594a4412ab8b	Arroz branco	42	42	0	3	SINTETICO
604dcf2a-1ec3-4be6-9de9-7a61b024c520	2026-09-11	INTEGRAL	2	84f7e794-a400-5d46-9efe-1c8a8f2f711d	Suco de fruta natural	57	52	5	3	SINTETICO
4bb1eff9-726f-4f55-8192-69ba8a69e84d	2026-09-11	INTEGRAL	2	79ca1872-52e0-59dd-af29-543b793c0860	Macarrao ao sugo	54	50	4	7	SINTETICO
d92e5d5c-492a-421e-90ff-84893159bbd0	2026-09-11	INTEGRAL	2	b6f014a3-eaad-57c0-8ee9-24eb9abb819a	Cuscuz	47	41	6	5	SINTETICO
869229d7-ca0e-4d49-96c1-4f192b59ac35	2026-09-11	INTEGRAL	4	6ce7a969-7c2b-5a21-b072-594a4412ab8b	Arroz branco	46	46	0	4	SINTETICO
e3324e74-7793-407d-9d9a-bbe63f6d7182	2026-09-11	INTEGRAL	4	2f723cf1-ddd6-58e2-881e-3ab45db8cd2d	Feijao carioca	19	18	1	2	SINTETICO
bcd2fac4-3c8a-47ad-9306-a4b68ae4ff47	2026-09-11	INTEGRAL	5	21e707b3-6560-583f-a5f2-f307b82911fd	Salada de alface	166	159	7	36	SINTETICO
5f304cba-efd7-44c6-b47d-bb74b316ac82	2026-09-11	INTEGRAL	5	eed1d0ec-938c-53ef-94b9-626452f5fbd2	Sopa de legumes	1	1	0	0	SINTETICO
9332f952-58fe-4f40-bf84-60b7c1037ae5	2026-09-11	INTEGRAL	6	500ccd6c-b321-531f-81ae-3999b578c2e4	Pure de moranga	3	3	0	1	SINTETICO
9b927916-43f7-41f4-9bd9-841d37f1bfcf	2026-09-11	INTEGRAL	6	9bf7d50c-378c-58f7-ba1a-0dccafffc54c	Bolacha doce	30	29	1	1	SINTETICO
d6f39d1e-e564-49cf-8470-d9ebf6bfaa83	2026-09-11	INTEGRAL	7	79ca1872-52e0-59dd-af29-543b793c0860	Macarrao ao sugo	3	3	0	0	SINTETICO
a5e3b038-bc09-411f-8c95-0b5550025beb	2026-09-11	MANHA	9	6ce7a969-7c2b-5a21-b072-594a4412ab8b	Arroz branco	42	42	0	2	SINTETICO
4c53e978-a876-4991-96b8-fd00b17cad37	2026-09-11	MANHA	9	add956e1-36ad-584e-b1e4-a4a8db28315f	Banana	49	45	4	2	SINTETICO
70e5c5df-804f-464f-935c-e9ffc6a4cf78	2026-09-11	MANHA	9	84f7e794-a400-5d46-9efe-1c8a8f2f711d	Suco de fruta natural	4	4	0	0	SINTETICO
b3926ea7-8ae4-410f-9fb1-7f598e9d76cf	2026-09-11	INTEGRAL	13	6753aa6f-0f7e-5208-8cd6-9e7a8733ef22	Leite com achocolatado	242	229	13	12	SINTETICO
41193c75-4b5a-4ece-a34d-ca164eac0f99	2026-09-11	INTEGRAL	13	2f723cf1-ddd6-58e2-881e-3ab45db8cd2d	Feijao carioca	54	52	2	6	SINTETICO
33725734-2a19-4004-871d-ffb9f1318316	2026-09-11	TARDE	14	79ca1872-52e0-59dd-af29-543b793c0860	Macarrao ao sugo	4	4	0	1	SINTETICO
98f29aa4-9072-4a02-af9b-8ca4fcbe3fcf	2026-09-11	TARDE	14	2f723cf1-ddd6-58e2-881e-3ab45db8cd2d	Feijao carioca	141	128	13	11	SINTETICO
16dfe7f9-d390-423a-991b-9c69503138f7	2026-09-11	INTEGRAL	17	b6f014a3-eaad-57c0-8ee9-24eb9abb819a	Cuscuz	55	48	7	5	SINTETICO
17d45544-39dd-4298-bf92-0e635a4146c0	2026-09-11	INTEGRAL	17	6753aa6f-0f7e-5208-8cd6-9e7a8733ef22	Leite com achocolatado	9	9	0	1	SINTETICO
2a9253e8-b636-4ec2-b935-cf5960ece737	2026-09-11	MANHA	18	2f723cf1-ddd6-58e2-881e-3ab45db8cd2d	Feijao carioca	1	1	0	0	SINTETICO
fe4c366a-0436-4082-8de4-cab88daf966f	2026-09-11	MANHA	18	84f7e794-a400-5d46-9efe-1c8a8f2f711d	Suco de fruta natural	42	38	4	2	SINTETICO
9efad6e1-3576-4ec4-9f28-d019959824a7	2026-09-11	MANHA	18	add956e1-36ad-584e-b1e4-a4a8db28315f	Banana	32	30	2	1	SINTETICO
7d3684e2-dea9-4c5a-aa93-5b2a4965ea0d	2026-09-11	MANHA	18	3331b130-8600-5a59-9e35-f970f9ea497e	Ovo mexido	112	105	7	12	SINTETICO
368ee592-4989-471b-b960-70c41dfcc4db	2026-09-11	MANHA	18	0db97b08-9e92-541d-b2d2-1bc810f8fbe8	Iogurte	362	322	40	20	SINTETICO
3a8758aa-62b9-4bc8-a722-7205253fe1a9	2026-09-11	MANHA	18	1b450f5b-ecde-5880-ad0a-91ce0920069d	Maca	49	46	3	2	SINTETICO
95d044f1-b20d-40c2-9385-342f54b12a4c	2026-09-14	INTEGRAL	3	153737d9-caa6-55d5-b086-f7e83fdab4d2	Pao com manteiga	0	0	0	0	SINTETICO
f609500f-9c82-48c0-aad3-d9ea42d88cc3	2026-09-14	INTEGRAL	3	2f723cf1-ddd6-58e2-881e-3ab45db8cd2d	Feijao carioca	45	45	0	4	SINTETICO
404851c6-9244-42f0-8824-6d7e542487ed	2026-09-14	INTEGRAL	3	6753aa6f-0f7e-5208-8cd6-9e7a8733ef22	Leite com achocolatado	46	42	4	2	SINTETICO
2f2e549c-b0b6-4f89-95ac-198ac2874cd1	2026-09-14	MANHA	4	6ce7a969-7c2b-5a21-b072-594a4412ab8b	Arroz branco	380	337	43	26	SINTETICO
3068f4ec-a3c7-4161-9de7-595f21a0ab2d	2026-09-14	MANHA	4	add956e1-36ad-584e-b1e4-a4a8db28315f	Banana	19	19	0	1	SINTETICO
8476b11d-125c-4fd7-95fc-108ee8a044e0	2026-09-14	MANHA	4	eed1d0ec-938c-53ef-94b9-626452f5fbd2	Sopa de legumes	54	47	7	14	SINTETICO
d0e40441-f67b-49a3-ab96-28714a0d629e	2026-09-14	MANHA	4	1b450f5b-ecde-5880-ad0a-91ce0920069d	Maca	0	0	0	0	SINTETICO
1f018629-2c2d-4141-bad3-fb577f7d1271	2026-09-14	MANHA	5	153737d9-caa6-55d5-b086-f7e83fdab4d2	Pao com manteiga	29	25	4	2	SINTETICO
229e27bc-7e90-430e-9574-944caed58993	2026-09-14	INTEGRAL	7	153737d9-caa6-55d5-b086-f7e83fdab4d2	Pao com manteiga	143	139	4	9	SINTETICO
6927c926-594b-4050-97c1-479c4d89f82c	2026-09-14	INTEGRAL	7	79ca1872-52e0-59dd-af29-543b793c0860	Macarrao ao sugo	71	68	3	8	SINTETICO
a639ce31-774b-4d96-930a-6ea784ae296f	2026-09-14	INTEGRAL	8	add956e1-36ad-584e-b1e4-a4a8db28315f	Banana	0	0	0	0	SINTETICO
a0af190c-ad3c-46b5-85fa-4f9acd49dedc	2026-09-14	TARDE	9	2f723cf1-ddd6-58e2-881e-3ab45db8cd2d	Feijao carioca	0	0	0	0	SINTETICO
f98c41a6-4dda-4d5e-9fad-f713722542e1	2026-09-14	TARDE	9	153737d9-caa6-55d5-b086-f7e83fdab4d2	Pao com manteiga	0	0	0	0	SINTETICO
09945085-f7db-4b0c-8f76-2f01f7b2f5a4	2026-09-14	TARDE	9	6753aa6f-0f7e-5208-8cd6-9e7a8733ef22	Leite com achocolatado	99	95	4	7	SINTETICO
689be980-b6de-4eb8-98ab-4767a10a475f	2026-09-14	TARDE	9	0db97b08-9e92-541d-b2d2-1bc810f8fbe8	Iogurte	37	32	5	2	SINTETICO
fe23f261-d8e1-46b0-b5e8-5fff1f5ebae1	2026-09-14	MANHA	10	1b450f5b-ecde-5880-ad0a-91ce0920069d	Maca	27	25	2	1	SINTETICO
68525f17-4364-4168-91b1-2686d4c4ed5e	2026-09-14	MANHA	10	9bf7d50c-378c-58f7-ba1a-0dccafffc54c	Bolacha doce	11	11	0	1	SINTETICO
9cec3aef-7771-4cc4-9520-0363fbafb5bb	2026-09-14	TARDE	11	9bf7d50c-378c-58f7-ba1a-0dccafffc54c	Bolacha doce	302	279	23	12	SINTETICO
00b2c4f4-5d20-46a4-addb-0ecc8d508c75	2026-09-14	TARDE	11	6ce7a969-7c2b-5a21-b072-594a4412ab8b	Arroz branco	28	24	4	1	SINTETICO
5d5d945d-4cb6-4c3c-8483-8b746d308ca1	2026-09-14	TARDE	11	2f723cf1-ddd6-58e2-881e-3ab45db8cd2d	Feijao carioca	53	50	3	5	SINTETICO
397e4234-4cd3-42b8-bf6b-378d9b3c3b84	2026-09-14	INTEGRAL	12	9bf7d50c-378c-58f7-ba1a-0dccafffc54c	Bolacha doce	5	4	1	0	SINTETICO
96aec289-d8aa-4f64-b293-600bc1dad37e	2026-09-14	INTEGRAL	13	9bf7d50c-378c-58f7-ba1a-0dccafffc54c	Bolacha doce	26	23	3	1	SINTETICO
a72845be-99bb-4d36-b941-c9a5dc30445e	2026-09-14	INTEGRAL	13	eed1d0ec-938c-53ef-94b9-626452f5fbd2	Sopa de legumes	58	54	4	17	SINTETICO
7f798aeb-00d8-4987-97d8-4a4eafac06ca	2026-09-14	INTEGRAL	13	1b450f5b-ecde-5880-ad0a-91ce0920069d	Maca	45	42	3	2	SINTETICO
e590e558-6fee-42cb-9239-bc177e3b8f95	2026-09-14	INTEGRAL	13	0db97b08-9e92-541d-b2d2-1bc810f8fbe8	Iogurte	61	59	2	3	SINTETICO
55c8186c-2cfc-4a56-a05a-0ec75641e887	2026-09-14	INTEGRAL	15	2f723cf1-ddd6-58e2-881e-3ab45db8cd2d	Feijao carioca	63	62	1	4	SINTETICO
73609ec2-1ec4-4018-8def-870a95e1853b	2026-09-14	INTEGRAL	15	f8c11e3f-147e-575c-879e-d8653a2b447f	Chuchu com tempero verde	0	0	0	0	SINTETICO
0aaea159-c68a-4b41-b7a1-dc53668f5354	2026-09-14	INTEGRAL	16	6753aa6f-0f7e-5208-8cd6-9e7a8733ef22	Leite com achocolatado	17	15	2	1	SINTETICO
f53da024-886f-46ed-a649-05d6ccab87b5	2026-09-14	INTEGRAL	18	79ca1872-52e0-59dd-af29-543b793c0860	Macarrao ao sugo	0	0	0	0	SINTETICO
1ce1ed6c-5cbd-43e5-bb29-ffeabf309bb9	2026-09-15	INTEGRAL	1	9bf7d50c-378c-58f7-ba1a-0dccafffc54c	Bolacha doce	85	77	8	3	SINTETICO
ea8295dc-514b-40a8-b729-321e7eb9c10d	2026-09-15	INTEGRAL	2	84f7e794-a400-5d46-9efe-1c8a8f2f711d	Suco de fruta natural	5	4	1	0	SINTETICO
0fae4334-78a1-4c12-b7f4-05d121fd4168	2026-09-15	INTEGRAL	2	153737d9-caa6-55d5-b086-f7e83fdab4d2	Pao com manteiga	42	38	4	2	SINTETICO
af98d1ce-ceb5-4088-9ee5-cbf2963f6f4d	2026-09-15	INTEGRAL	2	add956e1-36ad-584e-b1e4-a4a8db28315f	Banana	152	133	19	7	SINTETICO
037b003d-7b02-4402-ae19-25cf03be5d1c	2026-09-15	INTEGRAL	3	2f723cf1-ddd6-58e2-881e-3ab45db8cd2d	Feijao carioca	343	313	30	33	SINTETICO
c81d9a1f-6345-4e49-bf01-c6c2370bf19c	2026-09-15	INTEGRAL	4	79ca1872-52e0-59dd-af29-543b793c0860	Macarrao ao sugo	41	36	5	5	SINTETICO
68ae904e-bd3a-47ca-bded-19cb071e5c9a	2026-09-15	INTEGRAL	4	21e707b3-6560-583f-a5f2-f307b82911fd	Salada de alface	17	15	2	4	SINTETICO
6a645b47-6e6c-437b-a4b5-31340f961f18	2026-09-15	INTEGRAL	7	0db97b08-9e92-541d-b2d2-1bc810f8fbe8	Iogurte	10	9	1	0	SINTETICO
7639d52f-2af2-43fb-8414-2aa20f70ddf5	2026-09-15	INTEGRAL	8	79ca1872-52e0-59dd-af29-543b793c0860	Macarrao ao sugo	22	20	2	3	SINTETICO
7eff8017-5153-4ee9-880d-b21026c0190b	2026-09-15	INTEGRAL	8	6ce7a969-7c2b-5a21-b072-594a4412ab8b	Arroz branco	15	14	1	1	SINTETICO
9d7ce843-5740-4871-8047-2c457084ec87	2026-09-15	INTEGRAL	11	0db97b08-9e92-541d-b2d2-1bc810f8fbe8	Iogurte	121	107	14	6	SINTETICO
6e694767-ec17-4ed4-b6b7-e56b8f03e152	2026-09-15	INTEGRAL	11	eed1d0ec-938c-53ef-94b9-626452f5fbd2	Sopa de legumes	7	6	1	2	SINTETICO
85abc8c6-ca1c-4a31-9efc-596fe1bb6a61	2026-09-15	INTEGRAL	15	153737d9-caa6-55d5-b086-f7e83fdab4d2	Pao com manteiga	0	0	0	0	SINTETICO
0571e4dd-4d62-4639-9b4e-3081ec9c62b0	2026-09-15	MANHA	16	9bf7d50c-378c-58f7-ba1a-0dccafffc54c	Bolacha doce	1	1	0	0	SINTETICO
54595ec1-c0a8-4a0e-9f5b-b30c4dc324b1	2026-09-15	MANHA	16	eed1d0ec-938c-53ef-94b9-626452f5fbd2	Sopa de legumes	52	49	3	10	SINTETICO
9f06f4ec-126a-4899-acdf-4744ba1bc23b	2026-09-16	TARDE	3	b6f014a3-eaad-57c0-8ee9-24eb9abb819a	Cuscuz	42	39	3	5	SINTETICO
2bc15ccf-6ffd-41f8-ac8b-7124792df982	2026-09-16	TARDE	3	eed1d0ec-938c-53ef-94b9-626452f5fbd2	Sopa de legumes	182	175	7	45	SINTETICO
bff61415-73d3-4d77-8e57-7db248c10f67	2026-09-16	TARDE	3	6753aa6f-0f7e-5208-8cd6-9e7a8733ef22	Leite com achocolatado	555	494	61	28	SINTETICO
c13cf241-2d56-4f53-9428-ba50ec6bc8d8	2026-09-16	TARDE	3	e9939964-7e5f-542e-9526-0c743b00ffb0	Salada de tomate	2	2	0	0	SINTETICO
042efad2-5647-4229-9ac4-ef20627e8312	2026-09-16	TARDE	4	1b450f5b-ecde-5880-ad0a-91ce0920069d	Maca	23	22	1	1	SINTETICO
3e20a4ea-7da8-40d0-8256-0f24134029e0	2026-09-16	TARDE	4	2f723cf1-ddd6-58e2-881e-3ab45db8cd2d	Feijao carioca	26	25	1	3	SINTETICO
97384f6f-9360-4a52-ab2e-e51e6028229f	2026-09-16	INTEGRAL	5	2f723cf1-ddd6-58e2-881e-3ab45db8cd2d	Feijao carioca	15	14	1	2	SINTETICO
f2f0add1-eab3-41b9-b23e-13aa7fa87189	2026-09-16	INTEGRAL	6	2f723cf1-ddd6-58e2-881e-3ab45db8cd2d	Feijao carioca	75	69	6	5	SINTETICO
47416525-4f4d-4d6b-9daa-bcd25574e02b	2026-09-16	INTEGRAL	9	84f7e794-a400-5d46-9efe-1c8a8f2f711d	Suco de fruta natural	2	2	0	0	SINTETICO
c7dad128-0da2-4e05-be34-93eda3c65035	2026-09-16	INTEGRAL	9	1b450f5b-ecde-5880-ad0a-91ce0920069d	Maca	18	16	2	1	SINTETICO
d70c1b6b-f606-4b07-857f-73b20979cfd6	2026-09-16	INTEGRAL	10	add956e1-36ad-584e-b1e4-a4a8db28315f	Banana	11	10	1	1	SINTETICO
21f9da9e-6c07-44aa-a759-8a1965fc852e	2026-09-16	TARDE	11	b6f014a3-eaad-57c0-8ee9-24eb9abb819a	Cuscuz	131	130	1	18	SINTETICO
a9539df6-8c60-4727-a74b-1745cd3e9ae5	2026-09-16	TARDE	11	6753aa6f-0f7e-5208-8cd6-9e7a8733ef22	Leite com achocolatado	89	81	8	5	SINTETICO
d90f5564-5bab-48f7-8215-0a74c3157f56	2026-09-16	TARDE	11	6ce7a969-7c2b-5a21-b072-594a4412ab8b	Arroz branco	102	91	11	7	SINTETICO
8ef2f682-7702-4952-adcc-d8bd56163ea9	2026-09-16	TARDE	11	9bf7d50c-378c-58f7-ba1a-0dccafffc54c	Bolacha doce	26	24	2	1	SINTETICO
2cd0a957-81fd-4d8b-b68c-6d4fd48b11ab	2026-09-16	TARDE	11	add956e1-36ad-584e-b1e4-a4a8db28315f	Banana	32	28	4	1	SINTETICO
e92df421-aaf0-4e18-ae20-5543fff79cf8	2026-09-16	TARDE	11	84f7e794-a400-5d46-9efe-1c8a8f2f711d	Suco de fruta natural	1	1	0	0	SINTETICO
21560e9c-9e76-4ee7-8e9f-dc0fdc1a9c7a	2026-09-16	TARDE	11	0db97b08-9e92-541d-b2d2-1bc810f8fbe8	Iogurte	89	83	6	5	SINTETICO
e0608d36-fa0c-47aa-8335-cbdc909da221	2026-09-16	MANHA	13	6753aa6f-0f7e-5208-8cd6-9e7a8733ef22	Leite com achocolatado	58	52	6	4	SINTETICO
da72253a-1e05-454a-bdfe-f0868be97b67	2026-09-16	MANHA	15	add956e1-36ad-584e-b1e4-a4a8db28315f	Banana	312	284	28	14	SINTETICO
5dad459c-11b8-4da5-bc55-9255e21a2de6	2026-09-16	MANHA	15	84f7e794-a400-5d46-9efe-1c8a8f2f711d	Suco de fruta natural	15	14	1	1	SINTETICO
a8a9c6d4-cbdf-4bac-a902-0d727b96f1b4	2026-09-16	INTEGRAL	16	6753aa6f-0f7e-5208-8cd6-9e7a8733ef22	Leite com achocolatado	36	36	0	2	SINTETICO
ac96c91b-b276-45bf-a799-033863b924ae	2026-09-16	INTEGRAL	17	b6f014a3-eaad-57c0-8ee9-24eb9abb819a	Cuscuz	46	42	4	5	SINTETICO
61b7a211-98d2-4e83-9168-b4dcc8a9796e	2026-09-16	MANHA	18	b6f014a3-eaad-57c0-8ee9-24eb9abb819a	Cuscuz	179	170	9	24	SINTETICO
306a1b1f-2310-4d0c-80af-542157036c3c	2026-09-17	MANHA	1	1b450f5b-ecde-5880-ad0a-91ce0920069d	Maca	57	50	7	3	SINTETICO
105f18c8-55a6-46de-9af6-bc15c9033a6c	2026-09-17	MANHA	1	eed1d0ec-938c-53ef-94b9-626452f5fbd2	Sopa de legumes	91	90	1	19	SINTETICO
cde6d1d0-6298-48ed-b3cd-77332f084888	2026-09-17	MANHA	2	eed1d0ec-938c-53ef-94b9-626452f5fbd2	Sopa de legumes	31	27	4	7	SINTETICO
94ab54b0-2c04-493a-80d1-3ebee638e531	2026-09-17	MANHA	2	1b450f5b-ecde-5880-ad0a-91ce0920069d	Maca	50	44	6	2	SINTETICO
02d48f32-3039-441f-afe4-87e92f15b7a6	2026-09-17	INTEGRAL	3	eed1d0ec-938c-53ef-94b9-626452f5fbd2	Sopa de legumes	26	24	2	9	SINTETICO
828b10e0-2352-4915-9045-8617d92f6a61	2026-09-17	INTEGRAL	3	6ce7a969-7c2b-5a21-b072-594a4412ab8b	Arroz branco	109	100	9	9	SINTETICO
8f088253-f3fc-4cb9-a921-974a7273628c	2026-09-17	INTEGRAL	3	6753aa6f-0f7e-5208-8cd6-9e7a8733ef22	Leite com achocolatado	19	17	2	1	SINTETICO
d2dbe85c-8a99-486e-8a43-3c5bf10fda4e	2026-09-17	INTEGRAL	4	eed1d0ec-938c-53ef-94b9-626452f5fbd2	Sopa de legumes	10	9	1	3	SINTETICO
2260230f-646e-46af-9da6-3ef7a74cd379	2026-09-17	INTEGRAL	6	84f7e794-a400-5d46-9efe-1c8a8f2f711d	Suco de fruta natural	0	0	0	0	SINTETICO
5c3e6d48-606e-4c88-81ee-6c955761c48c	2026-09-17	INTEGRAL	9	9bf7d50c-378c-58f7-ba1a-0dccafffc54c	Bolacha doce	3	3	0	0	SINTETICO
85e1e174-556f-4be7-87fb-dc06aabf0111	2026-09-17	INTEGRAL	9	2f723cf1-ddd6-58e2-881e-3ab45db8cd2d	Feijao carioca	32	28	4	3	SINTETICO
bf735c36-807b-4883-8fa1-cbc224911d75	2026-09-17	INTEGRAL	13	add956e1-36ad-584e-b1e4-a4a8db28315f	Banana	32	29	3	1	SINTETICO
a323cf30-d8dd-4126-a871-d9e4b1e29c03	2026-09-17	INTEGRAL	15	9bf7d50c-378c-58f7-ba1a-0dccafffc54c	Bolacha doce	7	7	0	0	SINTETICO
7e30b070-c70d-4114-ab35-5552ca3f234e	2026-09-17	INTEGRAL	15	153737d9-caa6-55d5-b086-f7e83fdab4d2	Pao com manteiga	383	372	11	27	SINTETICO
28f350e6-55a0-4702-8ec8-d51cc84aaef7	2026-09-17	INTEGRAL	15	b6f014a3-eaad-57c0-8ee9-24eb9abb819a	Cuscuz	52	45	7	5	SINTETICO
01832e8b-0b77-4a2a-bdb8-4774eb51db8f	2026-09-17	MANHA	17	2f723cf1-ddd6-58e2-881e-3ab45db8cd2d	Feijao carioca	36	32	4	3	SINTETICO
9a81fdf8-eddc-4580-a133-33928d69f8f9	2026-09-17	MANHA	17	eed1d0ec-938c-53ef-94b9-626452f5fbd2	Sopa de legumes	48	44	4	13	SINTETICO
456b714f-5390-488a-810d-0d841ce5627c	2026-09-17	MANHA	17	b6f014a3-eaad-57c0-8ee9-24eb9abb819a	Cuscuz	10	10	0	1	SINTETICO
0c693980-33bb-4c84-989a-f6deb7e3f34e	2026-09-17	INTEGRAL	18	6ce7a969-7c2b-5a21-b072-594a4412ab8b	Arroz branco	52	50	2	4	SINTETICO
83336e36-536a-4452-b80b-c186e96595a9	2026-09-17	INTEGRAL	18	79ca1872-52e0-59dd-af29-543b793c0860	Macarrao ao sugo	36	32	4	5	SINTETICO
e2a6fffb-37ee-46e2-8291-69d3f6cc4cd0	2026-09-18	INTEGRAL	1	0db97b08-9e92-541d-b2d2-1bc810f8fbe8	Iogurte	86	78	8	6	SINTETICO
8e6d6c17-9d7a-466c-9d94-e56c65f8c45e	2026-09-18	INTEGRAL	1	6ce7a969-7c2b-5a21-b072-594a4412ab8b	Arroz branco	10	9	1	0	SINTETICO
3c044d9a-fc7f-458b-ad55-c230219ef59f	2026-09-18	INTEGRAL	1	79ca1872-52e0-59dd-af29-543b793c0860	Macarrao ao sugo	54	52	2	9	SINTETICO
d48997dd-8a02-4620-b8d0-ceaa01f1a5de	2026-09-18	INTEGRAL	2	6753aa6f-0f7e-5208-8cd6-9e7a8733ef22	Leite com achocolatado	47	44	3	3	SINTETICO
c233e120-1baa-4d20-8a82-c0283bfe911a	2026-09-18	INTEGRAL	2	1b450f5b-ecde-5880-ad0a-91ce0920069d	Maca	24	22	2	1	SINTETICO
918591db-7eb4-4b55-9663-b40af5015de7	2026-09-18	INTEGRAL	2	2f723cf1-ddd6-58e2-881e-3ab45db8cd2d	Feijao carioca	173	151	22	15	SINTETICO
525bac25-777d-4ef3-be0f-49ff9c96eba3	2026-09-18	INTEGRAL	2	add956e1-36ad-584e-b1e4-a4a8db28315f	Banana	2	2	0	0	SINTETICO
d59d2693-b039-4427-a87b-f8cf66c9e6aa	2026-09-18	INTEGRAL	2	6ce7a969-7c2b-5a21-b072-594a4412ab8b	Arroz branco	250	249	1	14	SINTETICO
96b32345-bfe1-4124-87b7-57b9905805ef	2026-09-18	INTEGRAL	2	79ca1872-52e0-59dd-af29-543b793c0860	Macarrao ao sugo	4	4	0	1	SINTETICO
f76b3245-b5d8-42fe-985f-bb3f8361bbd4	2026-09-18	INTEGRAL	2	b6f014a3-eaad-57c0-8ee9-24eb9abb819a	Cuscuz	0	0	0	0	SINTETICO
5f0cfc07-3e36-47d7-985d-7009b7eb7611	2026-09-18	MANHA	4	0db97b08-9e92-541d-b2d2-1bc810f8fbe8	Iogurte	30	29	1	1	SINTETICO
447b1042-c914-4142-9391-15e134baecb8	2026-09-18	MANHA	4	eed1d0ec-938c-53ef-94b9-626452f5fbd2	Sopa de legumes	401	353	48	112	SINTETICO
a06f71e1-4314-443d-a66b-03902c7a95f0	2026-09-18	INTEGRAL	5	eed1d0ec-938c-53ef-94b9-626452f5fbd2	Sopa de legumes	20	19	1	7	SINTETICO
36d9bf4b-a81a-4b47-a916-a86984f83412	2026-09-18	INTEGRAL	8	1b450f5b-ecde-5880-ad0a-91ce0920069d	Maca	58	51	7	2	SINTETICO
b2f1087e-b7d0-44d7-9e30-d0c269fe517a	2026-09-18	INTEGRAL	8	84f7e794-a400-5d46-9efe-1c8a8f2f711d	Suco de fruta natural	60	52	8	3	SINTETICO
f725edd0-b7cb-474b-b552-8cc4e167949a	2026-09-18	INTEGRAL	8	0db97b08-9e92-541d-b2d2-1bc810f8fbe8	Iogurte	47	43	4	2	SINTETICO
55d52405-6004-4292-9dce-f39881efd839	2026-09-18	MANHA	9	b94bd7bf-252f-5c97-9722-163c6d7e2412	Brocolis	77	72	5	22	SINTETICO
b443e56d-239b-48da-a619-cf537f1f179e	2026-09-18	MANHA	9	0db97b08-9e92-541d-b2d2-1bc810f8fbe8	Iogurte	128	112	16	8	SINTETICO
7d9cca7f-142d-44f1-9293-f842a98c06cd	2026-09-18	MANHA	9	153737d9-caa6-55d5-b086-f7e83fdab4d2	Pao com manteiga	178	166	12	8	SINTETICO
c6376a31-e5ff-4607-b276-8b96540e6c17	2026-09-18	INTEGRAL	11	79ca1872-52e0-59dd-af29-543b793c0860	Macarrao ao sugo	17	16	1	3	SINTETICO
87221993-eb8f-42aa-a164-d73693909e25	2026-09-18	MANHA	12	eed1d0ec-938c-53ef-94b9-626452f5fbd2	Sopa de legumes	46	41	5	15	SINTETICO
f7bcb76a-12d5-4cab-917d-09bca70c6b37	2026-09-18	MANHA	12	b6f014a3-eaad-57c0-8ee9-24eb9abb819a	Cuscuz	2	2	0	0	SINTETICO
be0c6606-4ae6-4170-86e4-714ec894c1c9	2026-09-18	MANHA	12	2f723cf1-ddd6-58e2-881e-3ab45db8cd2d	Feijao carioca	3	3	0	0	SINTETICO
0ca94ab5-2fad-41e6-a0d3-70bd57d07392	2026-09-18	INTEGRAL	13	b6f014a3-eaad-57c0-8ee9-24eb9abb819a	Cuscuz	16	15	1	2	SINTETICO
5337ec5c-9755-4780-a495-b6ad0ab53f86	2026-09-18	INTEGRAL	13	9bf7d50c-378c-58f7-ba1a-0dccafffc54c	Bolacha doce	45	41	4	2	SINTETICO
8c8cc9df-f8a8-478e-a9ef-f38ce5367ab8	2026-09-18	MANHA	14	0db97b08-9e92-541d-b2d2-1bc810f8fbe8	Iogurte	2	2	0	0	SINTETICO
9be06118-c15a-4f64-ad07-1d355448550a	2026-09-18	INTEGRAL	15	0db97b08-9e92-541d-b2d2-1bc810f8fbe8	Iogurte	236	235	1	15	SINTETICO
35b468e7-3fa6-4a5b-ac75-9865a0a751db	2026-09-18	INTEGRAL	15	b94bd7bf-252f-5c97-9722-163c6d7e2412	Brocolis	53	47	6	11	SINTETICO
11d02c93-1bba-4a17-bb73-577936c342ee	2026-09-18	INTEGRAL	16	0db97b08-9e92-541d-b2d2-1bc810f8fbe8	Iogurte	11	10	1	0	SINTETICO
9e1461b5-d427-46df-a55d-6609ca6c9056	2026-09-18	INTEGRAL	16	b6f014a3-eaad-57c0-8ee9-24eb9abb819a	Cuscuz	312	303	9	27	SINTETICO
e5dee1f2-c337-4fb6-9588-d4e7feb329a9	2026-09-18	INTEGRAL	16	add956e1-36ad-584e-b1e4-a4a8db28315f	Banana	33	29	4	1	SINTETICO
f60094a2-9c80-4a5b-bc23-af5feb6235a5	2026-09-18	INTEGRAL	16	84f7e794-a400-5d46-9efe-1c8a8f2f711d	Suco de fruta natural	5	4	1	0	SINTETICO
09762929-f1dc-40fa-a703-04a19635aba7	2026-09-18	INTEGRAL	17	add956e1-36ad-584e-b1e4-a4a8db28315f	Banana	49	47	2	2	SINTETICO
7c3afe67-62ee-47ba-a57b-8f3ab084a75f	2026-09-18	INTEGRAL	17	eed1d0ec-938c-53ef-94b9-626452f5fbd2	Sopa de legumes	17	16	1	6	SINTETICO
23173b87-c301-4ce1-8803-df662118a5a5	2026-09-18	MANHA	18	b6f014a3-eaad-57c0-8ee9-24eb9abb819a	Cuscuz	27	25	2	3	SINTETICO
b9bc4eac-9050-4693-9ad1-d44a5e0e82c2	2026-09-21	TARDE	2	2f723cf1-ddd6-58e2-881e-3ab45db8cd2d	Feijao carioca	112	103	9	11	SINTETICO
044c4daf-5e3a-48e5-9b3f-c695dccbe65c	2026-09-21	INTEGRAL	3	6753aa6f-0f7e-5208-8cd6-9e7a8733ef22	Leite com achocolatado	68	60	8	4	SINTETICO
e1fef4f9-88f5-47b1-ab28-643436438536	2026-09-21	INTEGRAL	3	153737d9-caa6-55d5-b086-f7e83fdab4d2	Pao com manteiga	9	8	1	0	SINTETICO
90e8f785-4c01-40ac-9b1d-b6db2eb52ab0	2026-09-21	INTEGRAL	3	0db97b08-9e92-541d-b2d2-1bc810f8fbe8	Iogurte	72	64	8	4	SINTETICO
19aebb90-bfaa-4280-92bc-a2023eb947c3	2026-09-21	INTEGRAL	3	b6f014a3-eaad-57c0-8ee9-24eb9abb819a	Cuscuz	110	104	6	14	SINTETICO
ea2733d0-8dcd-4a22-9c10-66b95d323e05	2026-09-21	INTEGRAL	3	eed1d0ec-938c-53ef-94b9-626452f5fbd2	Sopa de legumes	52	47	5	18	SINTETICO
b9940475-6354-4ef5-a639-0be52c19c96d	2026-09-21	INTEGRAL	4	6753aa6f-0f7e-5208-8cd6-9e7a8733ef22	Leite com achocolatado	72	65	7	3	SINTETICO
92da57dd-a8eb-41ee-a404-3e384fea2ca9	2026-09-21	INTEGRAL	4	84f7e794-a400-5d46-9efe-1c8a8f2f711d	Suco de fruta natural	99	94	5	4	SINTETICO
500213d5-4971-4c52-aefd-8884d226cea4	2026-09-21	INTEGRAL	6	0db97b08-9e92-541d-b2d2-1bc810f8fbe8	Iogurte	39	38	1	3	SINTETICO
a272bd4a-1b60-48a8-99eb-76e0d9093721	2026-09-21	TARDE	7	9bf7d50c-378c-58f7-ba1a-0dccafffc54c	Bolacha doce	0	0	0	0	SINTETICO
ddf37d0e-aed3-47ce-9fac-18ef9e70c6bf	2026-09-21	TARDE	7	3d6a3f96-fe67-5811-98e8-2381c1ec5a70	Beterraba ralada	216	189	27	67	SINTETICO
dbae766f-5788-453d-8a66-e256a6611ebe	2026-09-21	INTEGRAL	8	6ce7a969-7c2b-5a21-b072-594a4412ab8b	Arroz branco	3	3	0	0	SINTETICO
7a268d32-a100-4185-8d75-370ea9cc4b27	2026-09-21	INTEGRAL	10	add956e1-36ad-584e-b1e4-a4a8db28315f	Banana	2	2	0	0	SINTETICO
47a4395d-0dfc-4a46-8642-3365613711ff	2026-09-21	INTEGRAL	11	153737d9-caa6-55d5-b086-f7e83fdab4d2	Pao com manteiga	21	18	3	1	SINTETICO
760719e8-4617-451e-a5f8-1e8481057be4	2026-09-21	INTEGRAL	12	0db97b08-9e92-541d-b2d2-1bc810f8fbe8	Iogurte	22	19	3	1	SINTETICO
8c99cec1-d6b9-44f7-87ad-cbd84d8d097c	2026-09-21	INTEGRAL	12	1b450f5b-ecde-5880-ad0a-91ce0920069d	Maca	4	4	0	0	SINTETICO
7b8e8042-9690-457b-bbc5-9eca86db7c65	2026-09-21	INTEGRAL	12	153737d9-caa6-55d5-b086-f7e83fdab4d2	Pao com manteiga	222	209	13	14	SINTETICO
1a10d1a8-2252-4fda-a844-c4225d47f481	2026-09-21	INTEGRAL	12	2f723cf1-ddd6-58e2-881e-3ab45db8cd2d	Feijao carioca	284	253	31	28	SINTETICO
77249e14-ce0d-4706-a78a-70300cafee55	2026-09-21	INTEGRAL	12	6753aa6f-0f7e-5208-8cd6-9e7a8733ef22	Leite com achocolatado	3	3	0	0	SINTETICO
9aa210f4-650b-43d2-816e-2e8186e8914f	2026-09-21	MANHA	13	add956e1-36ad-584e-b1e4-a4a8db28315f	Banana	25	22	3	1	SINTETICO
0c1119df-40f8-40ae-95ba-f30a945c970b	2026-09-21	MANHA	13	0db97b08-9e92-541d-b2d2-1bc810f8fbe8	Iogurte	28	25	3	2	SINTETICO
8e9f6950-a5dd-44fe-9d79-7d9367258f98	2026-09-21	TARDE	14	79ca1872-52e0-59dd-af29-543b793c0860	Macarrao ao sugo	56	52	4	6	SINTETICO
2b913f06-aec8-4a9c-8585-3859d8262e4d	2026-09-21	TARDE	14	2f723cf1-ddd6-58e2-881e-3ab45db8cd2d	Feijao carioca	0	0	0	0	SINTETICO
66859b79-17da-4d50-b584-0235ea68bf8d	2026-09-21	INTEGRAL	15	9bf7d50c-378c-58f7-ba1a-0dccafffc54c	Bolacha doce	26	23	3	1	SINTETICO
4d6e7b46-b711-4db6-bb55-d423b9dce5aa	2026-09-21	INTEGRAL	15	153737d9-caa6-55d5-b086-f7e83fdab4d2	Pao com manteiga	303	264	39	16	SINTETICO
9e4cdb11-ba73-418d-a8cf-81dfa8a0e385	2026-09-21	INTEGRAL	15	eed1d0ec-938c-53ef-94b9-626452f5fbd2	Sopa de legumes	33	32	1	8	SINTETICO
4fe9cc54-5067-42d7-8a1a-4573f65477f7	2026-09-21	INTEGRAL	15	add956e1-36ad-584e-b1e4-a4a8db28315f	Banana	215	200	15	6	SINTETICO
1eb68d90-4b91-4946-b72d-7c3c5a8f87fb	2026-09-21	INTEGRAL	15	2f723cf1-ddd6-58e2-881e-3ab45db8cd2d	Feijao carioca	88	78	10	9	SINTETICO
0581d579-6b30-463d-a801-6e25cd86e35c	2026-09-21	INTEGRAL	16	2f723cf1-ddd6-58e2-881e-3ab45db8cd2d	Feijao carioca	13	12	1	1	SINTETICO
d03dd7cb-7907-4f45-b468-41cbe7b730d0	2026-09-21	INTEGRAL	16	84f7e794-a400-5d46-9efe-1c8a8f2f711d	Suco de fruta natural	7	6	1	0	SINTETICO
eb7724ec-8d1d-4127-bd36-3cbf02400c76	2026-09-21	INTEGRAL	16	6ce7a969-7c2b-5a21-b072-594a4412ab8b	Arroz branco	15	14	1	1	SINTETICO
4ee558e7-91aa-419a-b257-61dfb2d3af52	2026-09-21	MANHA	17	eed1d0ec-938c-53ef-94b9-626452f5fbd2	Sopa de legumes	42	40	2	13	SINTETICO
dafdab70-f73a-4f74-9fdb-83a52a0175cc	2026-09-21	INTEGRAL	18	1b450f5b-ecde-5880-ad0a-91ce0920069d	Maca	9	9	0	0	SINTETICO
